,Datetime,PJME_MW,predicted
0,2015-09-24 13:00:00,32002.0,32029.063176720654
1,2015-09-24 14:00:00,32634.0,32673.15094582878
2,2015-09-24 15:00:00,33251.0,33228.8073850647
3,2015-09-24 16:00:00,33741.0,33760.09341479816
4,2015-09-24 17:00:00,34230.0,34191.40125938595
5,2015-09-24 18:00:00,34075.0,34086.62078579703
6,2015-09-24 19:00:00,33200.0,33180.40255365165
7,2015-09-24 20:00:00,33849.0,33869.14803144425
8,2015-09-24 21:00:00,33056.0,33020.18745729821
9,2015-09-24 22:00:00,31012.0,31028.558026905208
10,2015-09-24 23:00:00,28347.0,28367.851913526443
11,2015-09-25 00:00:00,25862.0,25897.71563154923
12,2015-09-23 01:00:00,23402.0,23420.707659103202
13,2015-09-23 02:00:00,22334.0,22336.286428177507
14,2015-09-23 03:00:00,21731.0,21759.41596523553
15,2015-09-23 04:00:00,21438.0,21416.443317692236
16,2015-09-23 05:00:00,21793.0,21810.746648545264
17,2015-09-23 06:00:00,23409.0,23431.45277264537
18,2015-09-23 07:00:00,26198.0,26187.254120108544
19,2015-09-23 08:00:00,27588.0,27636.89665177533
20,2015-09-23 09:00:00,28586.0,28571.608971459646
21,2015-09-23 10:00:00,29367.0,29325.44911693949
22,2015-09-23 11:00:00,30380.0,30360.3474379524
23,2015-09-23 12:00:00,30931.0,30890.94371381099
24,2015-09-23 13:00:00,31402.0,31385.930415748546
25,2015-09-23 14:00:00,32212.0,32174.787288325093
26,2015-09-23 15:00:00,32802.0,32795.95348638592
27,2015-09-23 16:00:00,33323.0,33350.79754705287
28,2015-09-23 17:00:00,33849.0,33805.74430531005
29,2015-09-23 18:00:00,34040.0,34046.31079254689
30,2015-09-23 19:00:00,33160.0,33114.38275839024
31,2015-09-23 20:00:00,33412.0,33450.46091692186
32,2015-09-23 21:00:00,32634.0,32676.13826460818
33,2015-09-23 22:00:00,30409.0,30408.235784359902
34,2015-09-23 23:00:00,27651.0,27677.923116358044
35,2015-09-24 00:00:00,25235.0,25244.29109352741
36,2015-09-22 01:00:00,23214.0,23198.066287799164
37,2015-09-22 02:00:00,22230.0,22204.51407976601
38,2015-09-22 03:00:00,21641.0,21666.859581644483
39,2015-09-22 04:00:00,21431.0,21423.998021765095
40,2015-09-22 05:00:00,21920.0,21962.023845818367
41,2015-09-22 06:00:00,23670.0,23717.569194647866
42,2015-09-22 07:00:00,26916.0,26887.039267062253
43,2015-09-22 08:00:00,28549.0,28555.106330505507
44,2015-09-22 09:00:00,29156.0,29159.693424104356
45,2015-09-22 10:00:00,29757.0,29793.80988616853
46,2015-09-22 11:00:00,30340.0,30359.09849598316
47,2015-09-22 12:00:00,30743.0,30753.73775064849
48,2015-09-22 13:00:00,31061.0,31078.90248719107
49,2015-09-22 14:00:00,31492.0,31480.9457519606
50,2015-09-22 15:00:00,31557.0,31603.029149405396
51,2015-09-22 16:00:00,31570.0,31525.762563960296
52,2015-09-22 17:00:00,31622.0,31574.912898579158
53,2015-09-22 18:00:00,31670.0,31661.558973626124
54,2015-09-22 19:00:00,31386.0,31351.457594737876
55,2015-09-22 20:00:00,32257.0,32261.480032273215
56,2015-09-22 21:00:00,31848.0,31798.900990383045
57,2015-09-22 22:00:00,30020.0,30015.968297476604
58,2015-09-22 23:00:00,27506.0,27485.492456338863
59,2015-09-23 00:00:00,25182.0,25152.236034657548
60,2015-09-21 01:00:00,23255.0,23249.464953781284
61,2015-09-21 02:00:00,22186.0,22221.45489618161
62,2015-09-21 03:00:00,21593.0,21608.539468423474
63,2015-09-21 04:00:00,21389.0,21354.994164985947
64,2015-09-21 05:00:00,21863.0,21862.887305864424
65,2015-09-21 06:00:00,23600.0,23643.16711188162
66,2015-09-21 07:00:00,26670.0,26663.922482263963
67,2015-09-21 08:00:00,28226.0,28223.054623186472
68,2015-09-21 09:00:00,28865.0,28909.135765976822
69,2015-09-21 10:00:00,29447.0,29410.580818298393
70,2015-09-21 11:00:00,30157.0,30180.50414854227
71,2015-09-21 12:00:00,30571.0,30550.91614000707
72,2015-09-21 13:00:00,30870.0,30906.589165879308
73,2015-09-21 14:00:00,31195.0,31150.436248507875
74,2015-09-21 15:00:00,31207.0,31256.040156815663
75,2015-09-21 16:00:00,31100.0,31126.86088199188
76,2015-09-21 17:00:00,31230.0,31208.43329825394
77,2015-09-21 18:00:00,31273.0,31299.08558936831
78,2015-09-21 19:00:00,31388.0,31430.296976484333
79,2015-09-21 20:00:00,32244.0,32205.291739117485
80,2015-09-21 21:00:00,31471.0,31512.357836708765
81,2015-09-21 22:00:00,29685.0,29671.01744231746
82,2015-09-21 23:00:00,27200.0,27150.64593054512
83,2015-09-22 00:00:00,24905.0,24866.242097047158
84,2015-09-20 01:00:00,27424.0,27462.479392958867
85,2015-09-20 02:00:00,25880.0,25928.266646815708
86,2015-09-20 03:00:00,24809.0,24848.53720134927
87,2015-09-20 04:00:00,24114.0,24108.15366318403
88,2015-09-20 05:00:00,23747.0,23793.141010355856
89,2015-09-20 06:00:00,23860.0,23850.685021918838
90,2015-09-20 07:00:00,24256.0,24217.369606926317
91,2015-09-20 08:00:00,24622.0,24606.094149638026
92,2015-09-20 09:00:00,25954.0,26003.842116358926
93,2015-09-20 10:00:00,27156.0,27168.59455987763
94,2015-09-20 11:00:00,28010.0,27993.999871062526
95,2015-09-20 12:00:00,28704.0,28716.41790971696
96,2015-09-20 13:00:00,29352.0,29344.913582954996
97,2015-09-20 14:00:00,30129.0,30083.954859204176
98,2015-09-20 15:00:00,30950.0,30920.11276303126
99,2015-09-20 16:00:00,31677.0,31628.923533804886
100,2015-09-20 17:00:00,32269.0,32244.479222283026
101,2015-09-20 18:00:00,32480.0,32503.956503264944
102,2015-09-20 19:00:00,31944.0,31913.331859439535
103,2015-09-20 20:00:00,32232.0,32234.8056378931
104,2015-09-20 21:00:00,31801.0,31821.160371879694
105,2015-09-20 22:00:00,29828.0,29832.868241739896
106,2015-09-20 23:00:00,27366.0,27317.53705382372
107,2015-09-21 00:00:00,25028.0,25014.334197089072
108,2015-09-19 01:00:00,26468.0,26462.16305008496
109,2015-09-19 02:00:00,24910.0,24894.275335068847
110,2015-09-19 03:00:00,23928.0,23932.626377554876
111,2015-09-19 04:00:00,23265.0,23266.315368127365
112,2015-09-19 05:00:00,23091.0,23059.74502409754
113,2015-09-19 06:00:00,23478.0,23503.197403353053
114,2015-09-19 07:00:00,24415.0,24381.116371415734
115,2015-09-19 08:00:00,25514.0,25509.896537023873
116,2015-09-19 09:00:00,27474.0,27499.630220052026
117,2015-09-19 10:00:00,29286.0,29305.726228642747
118,2015-09-19 11:00:00,30912.0,30905.218588471234
119,2015-09-19 12:00:00,32521.0,32549.892040934385
120,2015-09-19 13:00:00,33953.0,33974.375789581354
121,2015-09-19 14:00:00,35166.0,35154.453591727826
122,2015-09-19 15:00:00,36184.0,36223.551337977115
123,2015-09-19 16:00:00,37020.0,36984.19595216
124,2015-09-19 17:00:00,37619.0,37604.84821215272
125,2015-09-19 18:00:00,37516.0,37535.78096712411
126,2015-09-19 19:00:00,36433.0,36470.29774508998
127,2015-09-19 20:00:00,36289.0,36271.257972961066
128,2015-09-19 21:00:00,35522.0,35528.124239953795
129,2015-09-19 22:00:00,33983.0,33934.18397498308
130,2015-09-19 23:00:00,31856.0,31843.084279576364
131,2015-09-20 00:00:00,29527.0,29510.093500667386
132,2015-09-18 01:00:00,26449.0,26483.2470906414
133,2015-09-18 02:00:00,24858.0,24815.39766905696
134,2015-09-18 03:00:00,23975.0,23931.211457211062
135,2015-09-18 04:00:00,23499.0,23493.270203819426
136,2015-09-18 05:00:00,23699.0,23689.73890041016
137,2015-09-18 06:00:00,25199.0,25165.155993054334
138,2015-09-18 07:00:00,28078.0,28054.334419500916
139,2015-09-18 08:00:00,29642.0,29689.41944866255
140,2015-09-18 09:00:00,31064.0,31065.31825643571
141,2015-09-18 10:00:00,32676.0,32634.785307762224
142,2015-09-18 11:00:00,34305.0,34259.97468224016
143,2015-09-18 12:00:00,35884.0,35838.19378697204
144,2015-09-18 13:00:00,37189.0,37177.90190407947
145,2015-09-18 14:00:00,38542.0,38578.56173730432
146,2015-09-18 15:00:00,39644.0,39677.29165933372
147,2015-09-18 16:00:00,40526.0,40512.78863964584
148,2015-09-18 17:00:00,40958.0,40985.442358487126
149,2015-09-18 18:00:00,40366.0,40391.22484570159
150,2015-09-18 19:00:00,38441.0,38439.29954441275
151,2015-09-18 20:00:00,37494.0,37484.43876619135
152,2015-09-18 21:00:00,36170.0,36138.054862101504
153,2015-09-18 22:00:00,34105.0,34082.877098742516
154,2015-09-18 23:00:00,31463.0,31446.869543612374
155,2015-09-19 00:00:00,28784.0,28815.271783973527
156,2015-09-17 01:00:00,26113.0,26118.29529699233
157,2015-09-17 02:00:00,24572.0,24542.091452691107
158,2015-09-17 03:00:00,23671.0,23630.58276108633
159,2015-09-17 04:00:00,23203.0,23202.666382758034
160,2015-09-17 05:00:00,23455.0,23471.631660147003
161,2015-09-17 06:00:00,25083.0,25114.888361286114
162,2015-09-17 07:00:00,28096.0,28125.731466915426
163,2015-09-17 08:00:00,29534.0,29566.415571854788
164,2015-09-17 09:00:00,30766.0,30760.78473499346
165,2015-09-17 10:00:00,32275.0,32311.565750784346
166,2015-09-17 11:00:00,33862.0,33856.46082509743
167,2015-09-17 12:00:00,35386.0,35352.812129058475
168,2015-09-17 13:00:00,36747.0,36736.73785496393
169,2015-09-17 14:00:00,38195.0,38179.002507748846
170,2015-09-17 15:00:00,39385.0,39374.21768335693
171,2015-09-17 16:00:00,40544.0,40559.86192630542
172,2015-09-17 17:00:00,41350.0,41365.691651684894
173,2015-09-17 18:00:00,41223.0,41195.49015193823
174,2015-09-17 19:00:00,39532.0,39513.59305689192
175,2015-09-17 20:00:00,38849.0,38858.53548969346
176,2015-09-17 21:00:00,37885.0,37843.41284605365
177,2015-09-17 22:00:00,35259.0,35277.866419621685
178,2015-09-17 23:00:00,32074.0,32041.889230528013
179,2015-09-18 00:00:00,28821.0,28856.071113749684
180,2015-09-16 01:00:00,24620.0,24610.158765743377
181,2015-09-16 02:00:00,23345.0,23317.08058664735
182,2015-09-16 03:00:00,22589.0,22605.782040860013
183,2015-09-16 04:00:00,22288.0,22293.403080567165
184,2015-09-16 05:00:00,22622.0,22589.19356280342
185,2015-09-16 06:00:00,24299.0,24331.71610404803
186,2015-09-16 07:00:00,27232.0,27227.328907467025
187,2015-09-16 08:00:00,28827.0,28792.22448647699
188,2015-09-16 09:00:00,29947.0,29976.6181954227
189,2015-09-16 10:00:00,31269.0,31232.34344817285
190,2015-09-16 11:00:00,32799.0,32845.80385017973
191,2015-09-16 12:00:00,34022.0,34016.18098083174
192,2015-09-16 13:00:00,35199.0,35221.82222669343
193,2015-09-16 14:00:00,36682.0,36677.19677297065
194,2015-09-16 15:00:00,37960.0,37928.75626680218
195,2015-09-16 16:00:00,39138.0,39163.81140316329
196,2015-09-16 17:00:00,40102.0,40080.93570212953
197,2015-09-16 18:00:00,40265.0,40283.24178329583
198,2015-09-16 19:00:00,38904.0,38879.73727183965
199,2015-09-16 20:00:00,38320.0,38294.11082779224
200,2015-09-16 21:00:00,37330.0,37325.744561754196
201,2015-09-16 22:00:00,34832.0,34863.6239366634
202,2015-09-16 23:00:00,31511.0,31522.363305200375
203,2015-09-17 00:00:00,28527.0,28483.46688594977
204,2015-09-15 01:00:00,23372.0,23395.386469635792
205,2015-09-15 02:00:00,22232.0,22239.977100125918
206,2015-09-15 03:00:00,21717.0,21729.356552988706
207,2015-09-15 04:00:00,21435.0,21420.357816074273
208,2015-09-15 05:00:00,21882.0,21887.61616510424
209,2015-09-15 06:00:00,23504.0,23491.188869857568
210,2015-09-15 07:00:00,26374.0,26332.150567116132
211,2015-09-15 08:00:00,27919.0,27953.443028049456
212,2015-09-15 09:00:00,28980.0,28997.80267227674
213,2015-09-15 10:00:00,30058.0,30075.043901213066
214,2015-09-15 11:00:00,31043.0,31012.367876460445
215,2015-09-15 12:00:00,31984.0,32000.359656524197
216,2015-09-15 13:00:00,32837.0,32810.203062384535
217,2015-09-15 14:00:00,33780.0,33798.75346871044
218,2015-09-15 15:00:00,34694.0,34677.35304846209
219,2015-09-15 16:00:00,35704.0,35669.75137867356
220,2015-09-15 17:00:00,36570.0,36610.62643499
221,2015-09-15 18:00:00,36868.0,36828.4650324481
222,2015-09-15 19:00:00,35875.0,35901.178781661554
223,2015-09-15 20:00:00,35633.0,35593.177566891514
224,2015-09-15 21:00:00,35005.0,35023.47196430648
225,2015-09-15 22:00:00,32533.0,32494.03855946585
226,2015-09-15 23:00:00,29408.0,29408.882447062057
227,2015-09-16 00:00:00,26707.0,26675.799569185132
228,2015-09-14 01:00:00,22487.0,22523.658158271614
229,2015-09-14 02:00:00,21525.0,21515.148456931183
230,2015-09-14 03:00:00,21053.0,21004.542634950012
231,2015-09-14 04:00:00,20884.0,20896.816125219004
232,2015-09-14 05:00:00,21403.0,21397.513913890896
233,2015-09-14 06:00:00,22995.0,23030.973929709467
234,2015-09-14 07:00:00,25674.0,25667.314417778183
235,2015-09-14 08:00:00,27168.0,27159.114048012474
236,2015-09-14 09:00:00,28174.0,28169.409321521314
237,2015-09-14 10:00:00,29041.0,29076.98540182252
238,2015-09-14 11:00:00,29810.0,29818.682256152653
239,2015-09-14 12:00:00,30273.0,30289.93624202356
240,2015-09-14 13:00:00,30627.0,30649.04108861558
241,2015-09-14 14:00:00,31041.0,31084.751552244066
242,2015-09-14 15:00:00,31463.0,31496.752059263737
243,2015-09-14 16:00:00,31948.0,31990.728426164318
244,2015-09-14 17:00:00,32566.0,32550.330494018428
245,2015-09-14 18:00:00,32871.0,32842.48400421332
246,2015-09-14 19:00:00,32354.0,32324.338951193084
247,2015-09-14 20:00:00,32592.0,32627.780109215066
248,2015-09-14 21:00:00,32219.0,32252.0591230881
249,2015-09-14 22:00:00,30220.0,30235.04116113967
250,2015-09-14 23:00:00,27606.0,27562.294238399354
251,2015-09-15 00:00:00,25174.0,25155.804815738276
252,2015-09-13 01:00:00,25613.0,25636.42012877685
253,2015-09-13 02:00:00,24295.0,24269.856877373553
254,2015-09-13 03:00:00,23337.0,23349.405892077244
255,2015-09-13 04:00:00,22660.0,22664.274122187453
256,2015-09-13 05:00:00,22308.0,22284.267237406028
257,2015-09-13 06:00:00,22451.0,22494.433803083426
258,2015-09-13 07:00:00,22856.0,22831.67390492598
259,2015-09-13 08:00:00,23390.0,23429.47911551443
260,2015-09-13 09:00:00,24904.0,24908.09319191583
261,2015-09-13 10:00:00,26429.0,26388.182801302162
262,2015-09-13 11:00:00,27616.0,27649.362475533813
263,2015-09-13 12:00:00,28413.0,28442.143204421784
264,2015-09-13 13:00:00,29076.0,29109.0974530095
265,2015-09-13 14:00:00,29477.0,29490.814854563923
266,2015-09-13 15:00:00,29389.0,29410.161562632482
267,2015-09-13 16:00:00,29119.0,29159.70579801645
268,2015-09-13 17:00:00,29034.0,28996.769834712122
269,2015-09-13 18:00:00,29208.0,29166.30378443551
270,2015-09-13 19:00:00,28980.0,28942.507563898565
271,2015-09-13 20:00:00,29543.0,29580.007164268525
272,2015-09-13 21:00:00,29578.0,29584.293419582496
273,2015-09-13 22:00:00,28073.0,28040.606528126933
274,2015-09-13 23:00:00,26119.0,26083.171206833988
275,2015-09-14 00:00:00,24111.0,24105.542355536465
276,2015-09-12 01:00:00,26743.0,26774.573405591058
277,2015-09-12 02:00:00,25149.0,25179.51767195616
278,2015-09-12 03:00:00,24108.0,24143.1253068944
279,2015-09-12 04:00:00,23449.0,23475.894473341104
280,2015-09-12 05:00:00,23246.0,23202.161980966466
281,2015-09-12 06:00:00,23646.0,23668.016690423447
282,2015-09-12 07:00:00,24427.0,24428.896129039505
283,2015-09-12 08:00:00,25553.0,25575.641221324622
284,2015-09-12 09:00:00,27671.0,27669.428273963407
285,2015-09-12 10:00:00,29577.0,29575.35390510972
286,2015-09-12 11:00:00,30954.0,30916.613466099046
287,2015-09-12 12:00:00,31842.0,31882.522524163996
288,2015-09-12 13:00:00,32257.0,32244.462175641922
289,2015-09-12 14:00:00,32297.0,32305.237409235033
290,2015-09-12 15:00:00,32102.0,32072.71562664379
291,2015-09-12 16:00:00,31925.0,31911.888889865986
292,2015-09-12 17:00:00,31911.0,31948.057742318448
293,2015-09-12 18:00:00,31973.0,31943.959936521693
294,2015-09-12 19:00:00,31886.0,31856.61056133423
295,2015-09-12 20:00:00,32488.0,32464.04991102675
296,2015-09-12 21:00:00,32331.0,32338.46610879423
297,2015-09-12 22:00:00,31288.0,31290.068822102654
298,2015-09-12 23:00:00,29573.0,29540.53220018879
299,2015-09-13 00:00:00,27495.0,27514.1969020901
300,2015-09-11 01:00:00,27951.0,27991.75400290973
301,2015-09-11 02:00:00,26455.0,26424.882887733227
302,2015-09-11 03:00:00,25563.0,25580.29538254626
303,2015-09-11 04:00:00,25057.0,25065.638459091842
304,2015-09-11 05:00:00,25358.0,25340.893896053996
305,2015-09-11 06:00:00,26907.0,26918.78306186617
306,2015-09-11 07:00:00,29992.0,29962.990888820797
307,2015-09-11 08:00:00,31603.0,31636.395483344197
308,2015-09-11 09:00:00,32755.0,32707.221208651878
309,2015-09-11 10:00:00,33925.0,33931.7062976774
310,2015-09-11 11:00:00,34994.0,34975.87801818794
311,2015-09-11 12:00:00,35935.0,35973.136071992405
312,2015-09-11 13:00:00,36724.0,36723.93662680408
313,2015-09-11 14:00:00,37813.0,37843.24880392709
314,2015-09-11 15:00:00,38671.0,38713.38203448511
315,2015-09-11 16:00:00,39421.0,39404.43495514637
316,2015-09-11 17:00:00,40078.0,40116.03418565714
317,2015-09-11 18:00:00,40037.0,40059.62789280745
318,2015-09-11 19:00:00,38562.0,38522.817439710794
319,2015-09-11 20:00:00,37349.0,37309.39199487713
320,2015-09-11 21:00:00,36458.0,36489.73453908139
321,2015-09-11 22:00:00,34420.0,34416.83160896049
322,2015-09-11 23:00:00,31756.0,31755.515027097008
323,2015-09-12 00:00:00,29089.0,29128.124653871466
324,2015-09-10 01:00:00,34534.0,34574.380333684865
325,2015-09-10 02:00:00,32459.0,32420.270598468665
326,2015-09-10 03:00:00,31061.0,31048.364832294457
327,2015-09-10 04:00:00,30180.0,30219.522676926914
328,2015-09-10 05:00:00,30111.0,30142.985434834398
329,2015-09-10 06:00:00,31743.0,31765.100882103587
330,2015-09-10 07:00:00,35008.0,34968.19672037729
331,2015-09-10 08:00:00,36765.0,36777.11945662059
332,2015-09-10 09:00:00,37656.0,37664.1851401662
333,2015-09-10 10:00:00,38610.0,38576.716706106854
334,2015-09-10 11:00:00,39531.0,39558.38587897339
335,2015-09-10 12:00:00,40126.0,40107.19769849288
336,2015-09-10 13:00:00,40514.0,40526.06257229781
337,2015-09-10 14:00:00,40479.0,40465.18354858064
338,2015-09-10 15:00:00,39809.0,39767.439521310494
339,2015-09-10 16:00:00,39416.0,39418.47948924639
340,2015-09-10 17:00:00,39309.0,39289.664313555564
341,2015-09-10 18:00:00,39113.0,39070.13130033476
342,2015-09-10 19:00:00,38415.0,38384.85089160926
343,2015-09-10 20:00:00,38463.0,38474.88557691909
344,2015-09-10 21:00:00,37994.0,37954.1381999384
345,2015-09-10 22:00:00,35951.0,35909.74663410521
346,2015-09-10 23:00:00,33186.0,33230.40215690309
347,2015-09-11 00:00:00,30212.0,30172.75233791214
348,2015-09-09 01:00:00,34006.0,33993.605972830956
349,2015-09-09 02:00:00,31913.0,31876.34108904835
350,2015-09-09 03:00:00,30585.0,30628.926909224225
351,2015-09-09 04:00:00,29956.0,29954.116139950343
352,2015-09-09 05:00:00,30108.0,30069.11192421138
353,2015-09-09 06:00:00,31996.0,32022.881644242563
354,2015-09-09 07:00:00,35393.0,35421.0786587707
355,2015-09-09 08:00:00,37457.0,37497.11994633417
356,2015-09-09 09:00:00,39288.0,39308.56553869087
357,2015-09-09 10:00:00,41429.0,41384.471627384104
358,2015-09-09 11:00:00,44050.0,44055.0311547103
359,2015-09-09 12:00:00,46774.0,46762.403985873374
360,2015-09-09 13:00:00,49146.0,49170.858105029336
361,2015-09-09 14:00:00,51146.0,51155.092900850585
362,2015-09-09 15:00:00,52149.0,52171.52005207922
363,2015-09-09 16:00:00,52484.0,52452.044391787305
364,2015-09-09 17:00:00,52467.0,52460.70709939345
365,2015-09-09 18:00:00,51751.0,51744.21043269825
366,2015-09-09 19:00:00,50215.0,50263.097461158235
367,2015-09-09 20:00:00,49517.0,49468.911016280326
368,2015-09-09 21:00:00,48457.0,48488.6042942081
369,2015-09-09 22:00:00,45486.0,45445.71116429874
370,2015-09-09 23:00:00,41434.0,41392.03780557341
371,2015-09-10 00:00:00,37644.0,37626.81764931507
372,2015-09-08 01:00:00,30664.0,30684.076689390713
373,2015-09-08 02:00:00,28811.0,28828.844632375705
374,2015-09-08 03:00:00,27588.0,27600.788064412463
375,2015-09-08 04:00:00,27011.0,27038.455110272425
376,2015-09-08 05:00:00,27169.0,27142.23780531997
377,2015-09-08 06:00:00,28878.0,28891.384444484727
378,2015-09-08 07:00:00,31990.0,32003.803754577064
379,2015-09-08 08:00:00,34164.0,34179.43355127951
380,2015-09-08 09:00:00,36520.0,36529.44536350554
381,2015-09-08 10:00:00,39239.0,39211.15228928376
382,2015-09-08 11:00:00,42279.0,42320.429889809544
383,2015-09-08 12:00:00,45249.0,45296.60046285324
384,2015-09-08 13:00:00,47926.0,47944.91867124199
385,2015-09-08 14:00:00,50119.0,50113.407971730725
386,2015-09-08 15:00:00,51525.0,51528.71907748072
387,2015-09-08 16:00:00,52439.0,52399.837151807944
388,2015-09-08 17:00:00,53112.0,53098.33958981126
389,2015-09-08 18:00:00,52946.0,52993.6134353965
390,2015-09-08 19:00:00,51317.0,51321.77222626071
391,2015-09-08 20:00:00,49889.0,49895.062754359016
392,2015-09-08 21:00:00,48638.0,48683.397986902026
393,2015-09-08 22:00:00,45301.0,45339.63541803442
394,2015-09-08 23:00:00,41097.0,41103.8716377804
395,2015-09-09 00:00:00,37198.0,37174.899084898214
396,2015-09-07 01:00:00,26656.0,26617.693141523225
397,2015-09-07 02:00:00,25138.0,25174.365142569477
398,2015-09-07 03:00:00,24101.0,24143.009151651757
399,2015-09-07 04:00:00,23492.0,23491.42849213467
400,2015-09-07 05:00:00,23350.0,23309.45485662064
401,2015-09-07 06:00:00,23802.0,23812.622473053336
402,2015-09-07 07:00:00,24279.0,24265.74613989419
403,2015-09-07 08:00:00,25013.0,24978.78606606474
404,2015-09-07 09:00:00,27241.0,27282.914338963892
405,2015-09-07 10:00:00,30150.0,30123.94490520477
406,2015-09-07 11:00:00,33089.0,33110.11615158462
407,2015-09-07 12:00:00,35706.0,35698.93778593027
408,2015-09-07 13:00:00,38105.0,38137.79208672883
409,2015-09-07 14:00:00,40176.0,40196.083490350946
410,2015-09-07 15:00:00,42057.0,42019.31600296186
411,2015-09-07 16:00:00,43699.0,43693.96117346567
412,2015-09-07 17:00:00,45055.0,45030.97885552758
413,2015-09-07 18:00:00,45594.0,45615.35844715114
414,2015-09-07 19:00:00,44591.0,44595.468882672736
415,2015-09-07 20:00:00,43562.0,43546.01812177678
416,2015-09-07 21:00:00,43105.0,43087.94601469948
417,2015-09-07 22:00:00,40358.0,40319.44869928547
418,2015-09-07 23:00:00,36621.0,36592.38218333679
419,2015-09-08 00:00:00,33263.0,33284.34662475961
420,2015-09-06 01:00:00,26994.0,27004.990448048255
421,2015-09-06 02:00:00,25304.0,25289.559594597784
422,2015-09-06 03:00:00,24147.0,24180.61156056236
423,2015-09-06 04:00:00,23386.0,23384.441285096418
424,2015-09-06 05:00:00,22942.0,22971.443415435533
425,2015-09-06 06:00:00,23001.0,23029.118015099557
426,2015-09-06 07:00:00,23157.0,23191.799895064956
427,2015-09-06 08:00:00,23897.0,23931.97717072153
428,2015-09-06 09:00:00,25933.0,25950.90625986271
429,2015-09-06 10:00:00,28163.0,28187.94234933956
430,2015-09-06 11:00:00,30149.0,30176.690719604765
431,2015-09-06 12:00:00,31959.0,31925.915940022234
432,2015-09-06 13:00:00,33605.0,33585.024482833556
433,2015-09-06 14:00:00,35112.0,35072.42397382655
434,2015-09-06 15:00:00,36477.0,36445.93713624068
435,2015-09-06 16:00:00,37524.0,37551.828725230116
436,2015-09-06 17:00:00,38309.0,38353.711043387535
437,2015-09-06 18:00:00,38475.0,38492.363546673085
438,2015-09-06 19:00:00,37297.0,37335.60477070406
439,2015-09-06 20:00:00,35907.0,35888.7976681941
440,2015-09-06 21:00:00,35219.0,35253.57955803065
441,2015-09-06 22:00:00,33445.0,33428.87859358257
442,2015-09-06 23:00:00,31204.0,31243.416672491196
443,2015-09-07 00:00:00,28828.0,28857.804583817724
444,2015-09-05 01:00:00,30890.0,30938.359718545333
445,2015-09-05 02:00:00,28957.0,28989.72727113763
446,2015-09-05 03:00:00,27706.0,27695.820965860206
447,2015-09-05 04:00:00,26795.0,26756.00797801358
448,2015-09-05 05:00:00,26405.0,26442.42730998923
449,2015-09-05 06:00:00,26618.0,26625.119097353338
450,2015-09-05 07:00:00,27098.0,27133.814154934487
451,2015-09-05 08:00:00,27986.0,27974.712891457566
452,2015-09-05 09:00:00,30077.0,30029.894923346863
453,2015-09-05 10:00:00,32211.0,32166.241658729472
454,2015-09-05 11:00:00,34065.0,34082.04984793991
455,2015-09-05 12:00:00,35546.0,35507.44625711712
456,2015-09-05 13:00:00,36815.0,36839.546199565804
457,2015-09-05 14:00:00,37878.0,37869.944260790566
458,2015-09-05 15:00:00,38730.0,38736.310791763455
459,2015-09-05 16:00:00,39314.0,39344.12133761194
460,2015-09-05 17:00:00,39660.0,39635.30714443031
461,2015-09-05 18:00:00,39456.0,39447.290254818654
462,2015-09-05 19:00:00,38078.0,38100.95573162383
463,2015-09-05 20:00:00,36782.0,36823.84277572299
464,2015-09-05 21:00:00,36195.0,36174.0299761495
465,2015-09-05 22:00:00,34359.0,34371.272294439645
466,2015-09-05 23:00:00,31992.0,32037.121395885944
467,2015-09-06 00:00:00,29324.0,29338.885218904095
468,2015-09-04 01:00:00,33726.0,33765.278910347435
469,2015-09-04 02:00:00,31633.0,31676.972985147684
470,2015-09-04 03:00:00,30251.0,30293.934262242878
471,2015-09-04 04:00:00,29404.0,29429.8477084311
472,2015-09-04 05:00:00,29323.0,29328.209548630282
473,2015-09-04 06:00:00,30715.0,30674.67528378932
474,2015-09-04 07:00:00,33255.0,33227.27061405649
475,2015-09-04 08:00:00,35190.0,35165.576712650116
476,2015-09-04 09:00:00,37549.0,37502.3259572837
477,2015-09-04 10:00:00,40114.0,40074.1923377908
478,2015-09-04 11:00:00,42676.0,42655.47566982783
479,2015-09-04 12:00:00,44906.0,44865.07409422562
480,2015-09-04 13:00:00,46432.0,46398.953500773365
481,2015-09-04 14:00:00,47557.0,47512.44175973759
482,2015-09-04 15:00:00,48173.0,48164.65326495991
483,2015-09-04 16:00:00,48203.0,48235.13272916731
484,2015-09-04 17:00:00,47686.0,47717.22438442032
485,2015-09-04 18:00:00,46565.0,46605.48904295981
486,2015-09-04 19:00:00,44234.0,44258.55995025871
487,2015-09-04 20:00:00,42788.0,42762.4441956709
488,2015-09-04 21:00:00,41819.0,41839.23898964558
489,2015-09-04 22:00:00,39585.0,39610.382189571355
490,2015-09-04 23:00:00,36685.0,36689.31075414411
491,2015-09-05 00:00:00,33615.0,33645.701059628824
492,2015-09-03 01:00:00,32410.0,32367.126584257665
493,2015-09-03 02:00:00,30396.0,30405.47805869052
494,2015-09-03 03:00:00,29027.0,29024.98933800685
495,2015-09-03 04:00:00,28249.0,28279.521181499902
496,2015-09-03 05:00:00,28284.0,28246.79605956359
497,2015-09-03 06:00:00,29936.0,29907.262397664148
498,2015-09-03 07:00:00,32835.0,32840.869196445536
499,2015-09-03 08:00:00,34795.0,34839.72053219541
500,2015-09-03 09:00:00,36904.0,36862.31999021519
501,2015-09-03 10:00:00,39365.0,39389.337702400386
502,2015-09-03 11:00:00,42192.0,42162.539920201
503,2015-09-03 12:00:00,44883.0,44843.544886808486
504,2015-09-03 13:00:00,47137.0,47126.47661138435
505,2015-09-03 14:00:00,49038.0,49046.305283284324
506,2015-09-03 15:00:00,50387.0,50419.70179411721
507,2015-09-03 16:00:00,51110.0,51123.469185074
508,2015-09-03 17:00:00,51601.0,51600.166714292616
509,2015-09-03 18:00:00,51251.0,51229.56673663613
510,2015-09-03 19:00:00,49699.0,49678.25530433316
511,2015-09-03 20:00:00,48513.0,48540.057683126506
512,2015-09-03 21:00:00,47514.0,47475.40596750315
513,2015-09-03 22:00:00,44485.0,44449.647376737164
514,2015-09-03 23:00:00,40560.0,40581.9736378996
515,2015-09-04 00:00:00,36803.0,36849.10420292826
516,2015-09-02 01:00:00,32148.0,32110.023420333306
517,2015-09-02 02:00:00,30120.0,30130.94260828611
518,2015-09-02 03:00:00,28789.0,28762.918838726808
519,2015-09-02 04:00:00,28011.0,27963.575781487252
520,2015-09-02 05:00:00,28115.0,28148.226765606472
521,2015-09-02 06:00:00,29696.0,29696.86046039868
522,2015-09-02 07:00:00,32635.0,32587.38899516944
523,2015-09-02 08:00:00,34519.0,34558.54533020999
524,2015-09-02 09:00:00,36320.0,36323.568524062735
525,2015-09-02 10:00:00,38454.0,38477.70673884061
526,2015-09-02 11:00:00,41009.0,41001.35048110968
527,2015-09-02 12:00:00,43584.0,43552.48832727046
528,2015-09-02 13:00:00,45801.0,45797.55733057937
529,2015-09-02 14:00:00,47864.0,47842.76723504526
530,2015-09-02 15:00:00,49291.0,49270.67354387869
531,2015-09-02 16:00:00,50118.0,50132.38781213058
532,2015-09-02 17:00:00,50450.0,50409.40796550552
533,2015-09-02 18:00:00,50076.0,50065.70145321366
534,2015-09-02 19:00:00,48512.0,48516.66453941192
535,2015-09-02 20:00:00,47125.0,47145.98574724266
536,2015-09-02 21:00:00,46197.0,46210.28992626456
537,2015-09-02 22:00:00,43294.0,43332.62465707106
538,2015-09-02 23:00:00,39238.0,39287.23842825294
539,2015-09-03 00:00:00,35437.0,35480.74234240148
540,2015-09-01 01:00:00,32581.0,32607.415237279853
541,2015-09-01 02:00:00,30537.0,30555.60152548528
542,2015-09-01 03:00:00,29235.0,29188.54316841083
543,2015-09-01 04:00:00,28449.0,28452.349881267677
544,2015-09-01 05:00:00,28510.0,28526.371690113872
545,2015-09-01 06:00:00,30006.0,29997.2940047935
546,2015-09-01 07:00:00,32712.0,32700.47966128246
547,2015-09-01 08:00:00,34704.0,34708.252648316615
548,2015-09-01 09:00:00,36961.0,37001.66399183946
549,2015-09-01 10:00:00,39461.0,39437.09283691247
550,2015-09-01 11:00:00,42268.0,42257.9054821073
551,2015-09-01 12:00:00,44674.0,44689.308780664905
552,2015-09-01 13:00:00,46675.0,46643.600725996606
553,2015-09-01 14:00:00,48364.0,48397.490358051764
554,2015-09-01 15:00:00,49514.0,49530.60672045882
555,2015-09-01 16:00:00,50168.0,50153.226205971645
556,2015-09-01 17:00:00,50622.0,50644.21670048248
557,2015-09-01 18:00:00,50284.0,50261.934653734446
558,2015-09-01 19:00:00,48618.0,48645.44608967349
559,2015-09-01 20:00:00,47175.0,47132.06880530572
560,2015-09-01 21:00:00,46180.0,46172.67519873768
561,2015-09-01 22:00:00,43012.0,42988.16388578631
562,2015-09-01 23:00:00,38885.0,38916.67003873468
563,2015-09-02 00:00:00,35080.0,35105.27470629328
564,2015-08-31 01:00:00,30978.0,31012.18613805612
565,2015-08-31 02:00:00,29336.0,29351.15630421022
566,2015-08-31 03:00:00,28270.0,28299.53224176163
567,2015-08-31 04:00:00,27814.0,27807.87882692485
568,2015-08-31 05:00:00,28185.0,28202.80574161019
569,2015-08-31 06:00:00,29947.0,29900.111766901966
570,2015-08-31 07:00:00,32931.0,32969.07246085395
571,2015-08-31 08:00:00,34894.0,34912.47736512031
572,2015-08-31 09:00:00,36688.0,36724.60964577185
573,2015-08-31 10:00:00,38614.0,38641.08588676194
574,2015-08-31 11:00:00,40985.0,40963.637668094125
575,2015-08-31 12:00:00,43299.0,43276.28802295944
576,2015-08-31 13:00:00,45094.0,45123.96387775735
577,2015-08-31 14:00:00,46584.0,46552.47091918213
578,2015-08-31 15:00:00,47762.0,47723.06612008284
579,2015-08-31 16:00:00,48576.0,48527.50422049946
580,2015-08-31 17:00:00,49331.0,49310.84280459186
581,2015-08-31 18:00:00,49510.0,49469.92650505692
582,2015-08-31 19:00:00,48189.0,48219.16865300968
583,2015-08-31 20:00:00,46751.0,46749.45438309818
584,2015-08-31 21:00:00,46075.0,46050.25152241433
585,2015-08-31 22:00:00,43196.0,43206.20869381918
586,2015-08-31 23:00:00,39239.0,39196.0352419997
587,2015-09-01 00:00:00,35526.0,35548.61212512835
588,2015-08-30 01:00:00,27923.0,27923.139304494147
589,2015-08-30 02:00:00,26241.0,26191.6476369228
590,2015-08-30 03:00:00,25006.0,24987.921715291475
591,2015-08-30 04:00:00,24174.0,24199.01923733893
592,2015-08-30 05:00:00,23778.0,23746.811517048358
593,2015-08-30 06:00:00,23839.0,23885.187725787193
594,2015-08-30 07:00:00,23993.0,24032.662914432112
595,2015-08-30 08:00:00,24892.0,24919.823872879595
596,2015-08-30 09:00:00,27270.0,27227.85483585003
597,2015-08-30 10:00:00,29855.0,29840.383729763336
598,2015-08-30 11:00:00,32392.0,32371.81973451089
599,2015-08-30 12:00:00,34944.0,34907.762531840875
600,2015-08-30 13:00:00,37286.0,37335.96188950868
601,2015-08-30 14:00:00,39290.0,39254.71976349528
602,2015-08-30 15:00:00,40872.0,40853.5327546543
603,2015-08-30 16:00:00,42081.0,42119.01414525677
604,2015-08-30 17:00:00,43017.0,42981.438536079855
605,2015-08-30 18:00:00,43205.0,43201.95279719537
606,2015-08-30 19:00:00,42233.0,42280.569013069944
607,2015-08-30 20:00:00,41658.0,41632.728848296574
608,2015-08-30 21:00:00,41582.0,41602.30582169696
609,2015-08-30 22:00:00,39473.0,39431.003964837575
610,2015-08-30 23:00:00,36486.0,36496.087194124826
611,2015-08-31 00:00:00,33430.0,33413.90495330988
612,2015-08-29 01:00:00,26163.0,26182.956453202725
613,2015-08-29 02:00:00,24636.0,24629.28900054353
614,2015-08-29 03:00:00,23606.0,23585.899864655465
615,2015-08-29 04:00:00,22975.0,22979.60078853342
616,2015-08-29 05:00:00,22755.0,22718.968691292073
617,2015-08-29 06:00:00,23080.0,23111.44319706485
618,2015-08-29 07:00:00,23531.0,23556.07093919816
619,2015-08-29 08:00:00,24691.0,24695.49681715735
620,2015-08-29 09:00:00,26978.0,26964.70483012974
621,2015-08-29 10:00:00,29302.0,29343.522616068927
622,2015-08-29 11:00:00,31375.0,31388.445839999742
623,2015-08-29 12:00:00,33218.0,33196.480013241155
624,2015-08-29 13:00:00,34773.0,34803.67086086892
625,2015-08-29 14:00:00,36224.0,36237.50197017327
626,2015-08-29 15:00:00,37358.0,37320.701261654685
627,2015-08-29 16:00:00,38416.0,38377.42332446087
628,2015-08-29 17:00:00,39257.0,39300.810501943364
629,2015-08-29 18:00:00,39309.0,39287.7911981124
630,2015-08-29 19:00:00,38342.0,38358.34825993214
631,2015-08-29 20:00:00,37055.0,37008.64338730674
632,2015-08-29 21:00:00,36822.0,36827.65019368054
633,2015-08-29 22:00:00,35161.0,35134.112863778435
634,2015-08-29 23:00:00,32808.0,32771.962626935696
635,2015-08-30 00:00:00,30241.0,30268.350312563427
636,2015-08-28 01:00:00,25793.0,25823.954265693956
637,2015-08-28 02:00:00,24413.0,24434.521223386655
638,2015-08-28 03:00:00,23515.0,23466.118684514153
639,2015-08-28 04:00:00,23080.0,23058.490921564327
640,2015-08-28 05:00:00,23331.0,23317.09612664365
641,2015-08-28 06:00:00,24717.0,24736.085022385163
642,2015-08-28 07:00:00,26788.0,26813.55436816761
643,2015-08-28 08:00:00,28685.0,28697.78549220279
644,2015-08-28 09:00:00,30460.0,30488.9088344738
645,2015-08-28 10:00:00,31971.0,31963.729987781946
646,2015-08-28 11:00:00,33394.0,33398.184498983675
647,2015-08-28 12:00:00,34559.0,34515.425017507725
648,2015-08-28 13:00:00,35714.0,35706.716324654546
649,2015-08-28 14:00:00,36686.0,36679.26331134961
650,2015-08-28 15:00:00,37465.0,37476.15201095682
651,2015-08-28 16:00:00,38125.0,38112.78963526783
652,2015-08-28 17:00:00,38708.0,38681.84549870515
653,2015-08-28 18:00:00,38740.0,38713.75962892607
654,2015-08-28 19:00:00,37522.0,37485.38728947345
655,2015-08-28 20:00:00,35972.0,35992.10226500949
656,2015-08-28 21:00:00,35533.0,35545.256838105524
657,2015-08-28 22:00:00,33643.0,33650.92499199405
658,2015-08-28 23:00:00,31126.0,31129.101962926543
659,2015-08-29 00:00:00,28422.0,28408.75374988666
660,2015-08-27 01:00:00,26475.0,26501.871686663075
661,2015-08-27 02:00:00,24955.0,24997.20241650726
662,2015-08-27 03:00:00,24048.0,24041.998918919842
663,2015-08-27 04:00:00,23600.0,23590.90886059469
664,2015-08-27 05:00:00,23783.0,23749.272755708444
665,2015-08-27 06:00:00,25300.0,25317.070880531403
666,2015-08-27 07:00:00,27474.0,27479.80922633778
667,2015-08-27 08:00:00,29332.0,29380.79979962378
668,2015-08-27 09:00:00,31089.0,31097.432316676997
669,2015-08-27 10:00:00,32562.0,32540.86108661949
670,2015-08-27 11:00:00,33905.0,33911.29406617279
671,2015-08-27 12:00:00,34978.0,35026.469523272106
672,2015-08-27 13:00:00,35999.0,36021.333518002415
673,2015-08-27 14:00:00,36974.0,36936.857730876996
674,2015-08-27 15:00:00,37521.0,37505.31626183319
675,2015-08-27 16:00:00,37735.0,37714.86849610526
676,2015-08-27 17:00:00,37819.0,37854.68237789874
677,2015-08-27 18:00:00,37561.0,37572.11628481612
678,2015-08-27 19:00:00,36552.0,36583.01019962327
679,2015-08-27 20:00:00,35528.0,35495.62460534335
680,2015-08-27 21:00:00,35658.0,35698.80349049663
681,2015-08-27 22:00:00,33804.0,33759.83109970956
682,2015-08-27 23:00:00,30909.0,30896.483718712076
683,2015-08-28 00:00:00,28066.0,28017.414904428642
684,2015-08-26 01:00:00,28061.0,28029.427949410696
685,2015-08-26 02:00:00,26304.0,26350.222586583743
686,2015-08-26 03:00:00,25177.0,25134.849533139048
687,2015-08-26 04:00:00,24585.0,24549.54065773716
688,2015-08-26 05:00:00,24772.0,24814.484902624554
689,2015-08-26 06:00:00,26219.0,26240.017456393954
690,2015-08-26 07:00:00,28448.0,28438.69644086417
691,2015-08-26 08:00:00,30233.0,30189.876581738834
692,2015-08-26 09:00:00,31936.0,31964.503895907925
693,2015-08-26 10:00:00,33478.0,33477.27266054757
694,2015-08-26 11:00:00,34858.0,34840.301686632396
695,2015-08-26 12:00:00,36163.0,36149.075042547505
696,2015-08-26 13:00:00,37208.0,37208.52775379745
697,2015-08-26 14:00:00,38413.0,38418.12328230782
698,2015-08-26 15:00:00,39278.0,39309.80987708704
699,2015-08-26 16:00:00,39813.0,39840.170372207
700,2015-08-26 17:00:00,40200.0,40226.70586915202
701,2015-08-26 18:00:00,39984.0,40006.92979863203
702,2015-08-26 19:00:00,38680.0,38705.7786915143
703,2015-08-26 20:00:00,37154.0,37171.76015251949
704,2015-08-26 21:00:00,36875.0,36911.80234733882
705,2015-08-26 22:00:00,34774.0,34779.74542961061
706,2015-08-26 23:00:00,31780.0,31782.084425960642
707,2015-08-27 00:00:00,28800.0,28820.12959786389
708,2015-08-25 01:00:00,31377.0,31343.600597307977
709,2015-08-25 02:00:00,29629.0,29656.695171383504
710,2015-08-25 03:00:00,28404.0,28447.615584321728
711,2015-08-25 04:00:00,27768.0,27747.62599648147
712,2015-08-25 05:00:00,27848.0,27859.10449571785
713,2015-08-25 06:00:00,29260.0,29213.262251360105
714,2015-08-25 07:00:00,31554.0,31580.58228626727
715,2015-08-25 08:00:00,33385.0,33390.96681731861
716,2015-08-25 09:00:00,35422.0,35439.36542846347
717,2015-08-25 10:00:00,37531.0,37495.29927199418
718,2015-08-25 11:00:00,39655.0,39685.94548053608
719,2015-08-25 12:00:00,41299.0,41274.59363373436
720,2015-08-25 13:00:00,42606.0,42624.47922032934
721,2015-08-25 14:00:00,43920.0,43929.31417650302
722,2015-08-25 15:00:00,44763.0,44778.37914461284
723,2015-08-25 16:00:00,45507.0,45462.023728680615
724,2015-08-25 17:00:00,46102.0,46126.185057023125
725,2015-08-25 18:00:00,45911.0,45940.52497285277
726,2015-08-25 19:00:00,44111.0,44108.48158231524
727,2015-08-25 20:00:00,41780.0,41770.886104423706
728,2015-08-25 21:00:00,40737.0,40721.254470395485
729,2015-08-25 22:00:00,37995.0,38037.78819064823
730,2015-08-25 23:00:00,34298.0,34323.50682543415
731,2015-08-26 00:00:00,30745.0,30764.861872723664
732,2015-08-24 01:00:00,27742.0,27784.560662462547
733,2015-08-24 02:00:00,26280.0,26264.876923061922
734,2015-08-24 03:00:00,25329.0,25342.013808581658
735,2015-08-24 04:00:00,24932.0,24950.605683052683
736,2015-08-24 05:00:00,25313.0,25362.622754331776
737,2015-08-24 06:00:00,26844.0,26836.718611440716
738,2015-08-24 07:00:00,29146.0,29136.018105193976
739,2015-08-24 08:00:00,31264.0,31222.44879243106
740,2015-08-24 09:00:00,33332.0,33291.845248474
741,2015-08-24 10:00:00,35424.0,35425.17990605316
742,2015-08-24 11:00:00,37747.0,37714.11819594377
743,2015-08-24 12:00:00,40091.0,40048.2930832257
744,2015-08-24 13:00:00,42464.0,42510.48930050353
745,2015-08-24 14:00:00,44549.0,44594.14173979083
746,2015-08-24 15:00:00,46046.0,46028.5276768349
747,2015-08-24 16:00:00,46904.0,46932.98694069333
748,2015-08-24 17:00:00,47314.0,47351.254905361915
749,2015-08-24 18:00:00,47044.0,47040.4747067784
750,2015-08-24 19:00:00,45548.0,45520.36971057604
751,2015-08-24 20:00:00,43870.0,43832.98048273108
752,2015-08-24 21:00:00,43257.0,43221.08223714251
753,2015-08-24 22:00:00,40846.0,40875.6933154737
754,2015-08-24 23:00:00,37387.0,37375.44158150263
755,2015-08-25 00:00:00,34002.0,34021.350765045056
756,2015-08-23 01:00:00,26219.0,26222.869343438535
757,2015-08-23 02:00:00,24571.0,24560.466838042346
758,2015-08-23 03:00:00,23455.0,23417.381573918425
759,2015-08-23 04:00:00,22824.0,22807.344898762894
760,2015-08-23 05:00:00,22465.0,22499.01739208538
761,2015-08-23 06:00:00,22574.0,22605.139793695856
762,2015-08-23 07:00:00,22603.0,22555.83685919657
763,2015-08-23 08:00:00,23577.0,23541.02765583751
764,2015-08-23 09:00:00,25607.0,25632.590121673325
765,2015-08-23 10:00:00,27877.0,27860.57328963664
766,2015-08-23 11:00:00,29884.0,29898.359106695854
767,2015-08-23 12:00:00,31681.0,31687.267573899404
768,2015-08-23 13:00:00,33315.0,33330.20673153949
769,2015-08-23 14:00:00,34894.0,34849.36965509243
770,2015-08-23 15:00:00,36094.0,36137.11192055302
771,2015-08-23 16:00:00,37162.0,37114.09695497553
772,2015-08-23 17:00:00,38258.0,38208.80324959847
773,2015-08-23 18:00:00,38844.0,38816.61530023889
774,2015-08-23 19:00:00,38429.0,38478.34959194307
775,2015-08-23 20:00:00,37274.0,37231.253243460036
776,2015-08-23 21:00:00,37244.0,37281.45001740107
777,2015-08-23 22:00:00,35564.0,35529.90890704433
778,2015-08-23 23:00:00,32801.0,32761.91032931902
779,2015-08-24 00:00:00,30040.0,30067.89703976191
780,2015-08-22 01:00:00,28864.0,28898.667871455367
781,2015-08-22 02:00:00,26935.0,26964.21828884592
782,2015-08-22 03:00:00,25603.0,25577.102887918776
783,2015-08-22 04:00:00,24664.0,24701.984272606765
784,2015-08-22 05:00:00,24230.0,24187.188543219014
785,2015-08-22 06:00:00,24384.0,24368.197746323905
786,2015-08-22 07:00:00,24670.0,24666.318312572777
787,2015-08-22 08:00:00,25818.0,25774.7735271607
788,2015-08-22 09:00:00,28094.0,28101.98432785486
789,2015-08-22 10:00:00,30268.0,30273.93830170656
790,2015-08-22 11:00:00,31918.0,31967.21825749082
791,2015-08-22 12:00:00,33262.0,33274.166400278795
792,2015-08-22 13:00:00,34381.0,34370.7545676819
793,2015-08-22 14:00:00,35387.0,35416.01848475346
794,2015-08-22 15:00:00,36405.0,36388.49670041736
795,2015-08-22 16:00:00,37317.0,37320.28686543725
796,2015-08-22 17:00:00,38164.0,38119.54696067932
797,2015-08-22 18:00:00,38412.0,38394.26657744661
798,2015-08-22 19:00:00,37551.0,37553.810801475396
799,2015-08-22 20:00:00,35695.0,35715.23118937252
800,2015-08-22 21:00:00,35065.0,35024.90327903705
801,2015-08-22 22:00:00,33377.0,33406.718672914394
802,2015-08-22 23:00:00,30988.0,31028.015898665126
803,2015-08-23 00:00:00,28392.0,28370.10371655611
804,2015-08-21 01:00:00,32749.0,32775.53465807843
805,2015-08-21 02:00:00,30838.0,30806.03484911607
806,2015-08-21 03:00:00,29607.0,29609.34158717567
807,2015-08-21 04:00:00,28931.0,28960.76353650721
808,2015-08-21 05:00:00,28849.0,28837.649168557848
809,2015-08-21 06:00:00,30030.0,29982.63002520388
810,2015-08-21 07:00:00,31933.0,31936.99673752142
811,2015-08-21 08:00:00,33749.0,33783.469987290075
812,2015-08-21 09:00:00,35822.0,35782.832737731456
813,2015-08-21 10:00:00,37598.0,37550.96414021425
814,2015-08-21 11:00:00,39251.0,39281.90407759846
815,2015-08-21 12:00:00,40683.0,40659.71325786714
816,2015-08-21 13:00:00,41862.0,41848.43437057389
817,2015-08-21 14:00:00,43100.0,43058.69820299046
818,2015-08-21 15:00:00,44309.0,44268.66189844245
819,2015-08-21 16:00:00,45164.0,45175.454335691604
820,2015-08-21 17:00:00,45658.0,45663.22296493465
821,2015-08-21 18:00:00,45285.0,45264.240177641426
822,2015-08-21 19:00:00,43466.0,43461.27375562848
823,2015-08-21 20:00:00,41021.0,41009.819776434306
824,2015-08-21 21:00:00,39868.0,39887.50529164213
825,2015-08-21 22:00:00,37727.0,37763.20890248136
826,2015-08-21 23:00:00,34732.0,34758.510241944605
827,2015-08-22 00:00:00,31531.0,31481.44076496682
828,2015-08-20 01:00:00,33831.0,33790.95534611212
829,2015-08-20 02:00:00,32060.0,32052.937678005343
830,2015-08-20 03:00:00,30935.0,30970.17988558811
831,2015-08-20 04:00:00,30460.0,30433.697418807405
832,2015-08-20 05:00:00,30748.0,30785.895208654852
833,2015-08-20 06:00:00,32458.0,32419.001365854114
834,2015-08-20 07:00:00,34994.0,34951.26071238485
835,2015-08-20 08:00:00,37324.0,37365.34196971456
836,2015-08-20 09:00:00,39657.0,39623.19769259967
837,2015-08-20 10:00:00,41757.0,41753.377558163214
838,2015-08-20 11:00:00,43774.0,43756.59570441765
839,2015-08-20 12:00:00,45548.0,45512.76364346649
840,2015-08-20 13:00:00,46689.0,46702.211101496
841,2015-08-20 14:00:00,47341.0,47387.36727141315
842,2015-08-20 15:00:00,47332.0,47347.81094468542
843,2015-08-20 16:00:00,46924.0,46909.36986827773
844,2015-08-20 17:00:00,46676.0,46697.17969558099
845,2015-08-20 18:00:00,45990.0,45954.32481554697
846,2015-08-20 19:00:00,44671.0,44679.00163106934
847,2015-08-20 20:00:00,43624.0,43620.94574461462
848,2015-08-20 21:00:00,43189.0,43174.998357142365
849,2015-08-20 22:00:00,41385.0,41408.95673024294
850,2015-08-20 23:00:00,38414.0,38375.84871454224
851,2015-08-21 00:00:00,35279.0,35282.27904754832
852,2015-08-19 01:00:00,33619.0,33654.43973265534
853,2015-08-19 02:00:00,31786.0,31756.171015569584
854,2015-08-19 03:00:00,30617.0,30593.454124192947
855,2015-08-19 04:00:00,30095.0,30111.06717927718
856,2015-08-19 05:00:00,30264.0,30291.258695839548
857,2015-08-19 06:00:00,31878.0,31856.333560138177
858,2015-08-19 07:00:00,34349.0,34334.98980085368
859,2015-08-19 08:00:00,36774.0,36797.99124828895
860,2015-08-19 09:00:00,39117.0,39095.532366513704
861,2015-08-19 10:00:00,41290.0,41306.62475047065
862,2015-08-19 11:00:00,43672.0,43637.883475080576
863,2015-08-19 12:00:00,45750.0,45741.13104594884
864,2015-08-19 13:00:00,47557.0,47575.867720972325
865,2015-08-19 14:00:00,48855.0,48850.9904556102
866,2015-08-19 15:00:00,49427.0,49378.92373483585
867,2015-08-19 16:00:00,49604.0,49594.63803571045
868,2015-08-19 17:00:00,49259.0,49237.833529088966
869,2015-08-19 18:00:00,48869.0,48829.12821828294
870,2015-08-19 19:00:00,47467.0,47417.91380116487
871,2015-08-19 20:00:00,45782.0,45736.55154015664
872,2015-08-19 21:00:00,45300.0,45344.92476577377
873,2015-08-19 22:00:00,43245.0,43269.98192076782
874,2015-08-19 23:00:00,39914.0,39957.97417129132
875,2015-08-20 00:00:00,36507.0,36468.478389662014
876,2015-08-18 01:00:00,34342.0,34349.05097165983
877,2015-08-18 02:00:00,32141.0,32099.32885650482
878,2015-08-18 03:00:00,30697.0,30649.68063912007
879,2015-08-18 04:00:00,29881.0,29877.628114444025
880,2015-08-18 05:00:00,29798.0,29812.634354729784
881,2015-08-18 06:00:00,31125.0,31081.35623609248
882,2015-08-18 07:00:00,33270.0,33256.5059716727
883,2015-08-18 08:00:00,35635.0,35594.01670015745
884,2015-08-18 09:00:00,37955.0,37941.21036419002
885,2015-08-18 10:00:00,40385.0,40382.179569829554
886,2015-08-18 11:00:00,43110.0,43093.753138532426
887,2015-08-18 12:00:00,45894.0,45901.62490243007
888,2015-08-18 13:00:00,48107.0,48115.45900564237
889,2015-08-18 14:00:00,49781.0,49764.29353327802
890,2015-08-18 15:00:00,50642.0,50630.95984160778
891,2015-08-18 16:00:00,50923.0,50917.106561791225
892,2015-08-18 17:00:00,50967.0,50954.56533065761
893,2015-08-18 18:00:00,50418.0,50444.064766055766
894,2015-08-18 19:00:00,48489.0,48452.99475040156
895,2015-08-18 20:00:00,46566.0,46601.70354299756
896,2015-08-18 21:00:00,45965.0,45948.125101741854
897,2015-08-18 22:00:00,43643.0,43665.396085423985
898,2015-08-18 23:00:00,39983.0,40021.37757950892
899,2015-08-19 00:00:00,36431.0,36469.74527016712
900,2015-08-17 01:00:00,32376.0,32371.236507001453
901,2015-08-17 02:00:00,30304.0,30279.660315790185
902,2015-08-17 03:00:00,29066.0,29076.576042875713
903,2015-08-17 04:00:00,28341.0,28309.396301059096
904,2015-08-17 05:00:00,28458.0,28487.05968721541
905,2015-08-17 06:00:00,29871.0,29892.134489915
906,2015-08-17 07:00:00,31858.0,31887.564052430407
907,2015-08-17 08:00:00,34323.0,34316.325750841526
908,2015-08-17 09:00:00,37128.0,37133.742829989795
909,2015-08-17 10:00:00,40112.0,40072.272663649775
910,2015-08-17 11:00:00,43396.0,43414.76456175996
911,2015-08-17 12:00:00,46544.0,46542.68386805583
912,2015-08-17 13:00:00,49168.0,49168.923830201864
913,2015-08-17 14:00:00,51198.0,51232.699214869164
914,2015-08-17 15:00:00,52323.0,52350.23211095888
915,2015-08-17 16:00:00,52678.0,52681.51925411472
916,2015-08-17 17:00:00,52935.0,52920.51063267908
917,2015-08-17 18:00:00,52614.0,52608.643544206905
918,2015-08-17 19:00:00,51139.0,51124.07636712202
919,2015-08-17 20:00:00,49215.0,49180.16054167075
920,2015-08-17 21:00:00,48327.0,48341.577597481744
921,2015-08-17 22:00:00,45597.0,45616.15150025807
922,2015-08-17 23:00:00,41421.0,41468.121003453816
923,2015-08-18 00:00:00,37491.0,37486.570447579536
924,2015-08-16 01:00:00,30498.0,30547.72924127591
925,2015-08-16 02:00:00,28475.0,28443.70985855058
926,2015-08-16 03:00:00,27027.0,27042.66308329806
927,2015-08-16 04:00:00,26014.0,26063.47686429685
928,2015-08-16 05:00:00,25430.0,25444.032496939035
929,2015-08-16 06:00:00,25331.0,25326.236989582772
930,2015-08-16 07:00:00,25215.0,25216.525230096344
931,2015-08-16 08:00:00,26514.0,26548.551113848363
932,2015-08-16 09:00:00,29264.0,29307.911049578677
933,2015-08-16 10:00:00,32411.0,32406.392653114806
934,2015-08-16 11:00:00,35596.0,35623.23700283475
935,2015-08-16 12:00:00,38734.0,38777.36884198553
936,2015-08-16 13:00:00,41311.0,41289.212057569544
937,2015-08-16 14:00:00,43377.0,43376.316059423334
938,2015-08-16 15:00:00,44800.0,44849.54175549529
939,2015-08-16 16:00:00,45942.0,45927.347856521104
940,2015-08-16 17:00:00,46786.0,46797.96879558777
941,2015-08-16 18:00:00,47115.0,47130.70315557572
942,2015-08-16 19:00:00,46298.0,46263.41484269479
943,2015-08-16 20:00:00,44502.0,44532.66170255445
944,2015-08-16 21:00:00,43882.0,43873.29006092581
945,2015-08-16 22:00:00,41875.0,41875.03234135683
946,2015-08-16 23:00:00,38600.0,38614.28424701678
947,2015-08-17 00:00:00,35228.0,35219.04846943711
948,2015-08-15 01:00:00,29380.0,29362.508246564706
949,2015-08-15 02:00:00,27467.0,27471.643072819115
950,2015-08-15 03:00:00,26091.0,26075.678493418247
951,2015-08-15 04:00:00,25250.0,25243.41297238624
952,2015-08-15 05:00:00,24770.0,24730.840750885312
953,2015-08-15 06:00:00,24987.0,25021.47430613629
954,2015-08-15 07:00:00,25295.0,25286.170722527026
955,2015-08-15 08:00:00,26807.0,26765.27840075382
956,2015-08-15 09:00:00,29633.0,29662.00237508388
957,2015-08-15 10:00:00,32512.0,32463.96253113333
958,2015-08-15 11:00:00,35272.0,35281.93462005611
959,2015-08-15 12:00:00,37721.0,37741.266375972984
960,2015-08-15 13:00:00,39845.0,39814.12104075292
961,2015-08-15 14:00:00,41465.0,41428.125942920844
962,2015-08-15 15:00:00,42904.0,42865.38830275094
963,2015-08-15 16:00:00,44067.0,44116.33299901735
964,2015-08-15 17:00:00,44898.0,44923.50868248904
965,2015-08-15 18:00:00,44932.0,44913.271047036666
966,2015-08-15 19:00:00,43940.0,43923.555767554695
967,2015-08-15 20:00:00,41872.0,41886.86247546369
968,2015-08-15 21:00:00,40880.0,40875.76719585501
969,2015-08-15 22:00:00,39057.0,39034.13401440623
970,2015-08-15 23:00:00,36277.0,36232.70966065674
971,2015-08-16 00:00:00,33226.0,33254.385364498834
972,2015-08-14 01:00:00,27145.0,27183.82258656128
973,2015-08-14 02:00:00,25464.0,25434.595928608054
974,2015-08-14 03:00:00,24448.0,24404.340511421644
975,2015-08-14 04:00:00,23805.0,23766.862550571168
976,2015-08-14 05:00:00,23926.0,23917.42593117362
977,2015-08-14 06:00:00,25166.0,25145.934824722553
978,2015-08-14 07:00:00,26794.0,26751.34578159218
979,2015-08-14 08:00:00,28953.0,28948.486874391823
980,2015-08-14 09:00:00,31212.0,31182.391890288338
981,2015-08-14 10:00:00,33243.0,33199.69485793523
982,2015-08-14 11:00:00,35239.0,35254.79281387512
983,2015-08-14 12:00:00,37043.0,37050.25062924018
984,2015-08-14 13:00:00,38744.0,38776.63978978069
985,2015-08-14 14:00:00,40478.0,40458.22814997153
986,2015-08-14 15:00:00,42110.0,42073.58226773855
987,2015-08-14 16:00:00,43484.0,43470.01607549354
988,2015-08-14 17:00:00,44494.0,44521.87070515584
989,2015-08-14 18:00:00,44703.0,44677.1739355149
990,2015-08-14 19:00:00,43413.0,43388.500084992724
991,2015-08-14 20:00:00,41183.0,41147.75846840223
992,2015-08-14 21:00:00,40136.0,40184.65143618467
993,2015-08-14 22:00:00,38294.0,38340.730982524365
994,2015-08-14 23:00:00,35277.0,35292.80521383756
995,2015-08-15 00:00:00,32193.0,32164.481808428616
996,2015-08-13 01:00:00,28093.0,28119.655633752907
997,2015-08-13 02:00:00,26337.0,26345.39334295997
998,2015-08-13 03:00:00,25256.0,25280.956613856564
999,2015-08-13 04:00:00,24634.0,24670.041036044095
1000,2015-08-13 05:00:00,24748.0,24729.847436727316
1001,2015-08-13 06:00:00,26062.0,26103.369874359185
1002,2015-08-13 07:00:00,27865.0,27904.855832973088
1003,2015-08-13 08:00:00,30135.0,30139.71305011526
1004,2015-08-13 09:00:00,32204.0,32222.45715531883
1005,2015-08-13 10:00:00,34042.0,34033.10358888264
1006,2015-08-13 11:00:00,35691.0,35706.51027404255
1007,2015-08-13 12:00:00,37100.0,37104.89584724202
1008,2015-08-13 13:00:00,38243.0,38225.28198903561
1009,2015-08-13 14:00:00,39270.0,39252.2838561978
1010,2015-08-13 15:00:00,40088.0,40103.166607404695
1011,2015-08-13 16:00:00,40885.0,40930.6628030434
1012,2015-08-13 17:00:00,41567.0,41537.15482805335
1013,2015-08-13 18:00:00,41653.0,41642.25366528956
1014,2015-08-13 19:00:00,40478.0,40508.570919130085
1015,2015-08-13 20:00:00,38504.0,38466.301147388665
1016,2015-08-13 21:00:00,37645.0,37694.416679047776
1017,2015-08-13 22:00:00,35836.0,35853.813857527464
1018,2015-08-13 23:00:00,32693.0,32734.080046596264
1019,2015-08-14 00:00:00,29667.0,29700.80535433677
1020,2015-08-12 01:00:00,29568.0,29595.71349355464
1021,2015-08-12 02:00:00,27714.0,27667.290106028955
1022,2015-08-12 03:00:00,26565.0,26555.64961155882
1023,2015-08-12 04:00:00,25870.0,25840.186239467082
1024,2015-08-12 05:00:00,25874.0,25911.13333276176
1025,2015-08-12 06:00:00,27151.0,27169.028626679847
1026,2015-08-12 07:00:00,29093.0,29053.707331182264
1027,2015-08-12 08:00:00,31415.0,31400.95977500656
1028,2015-08-12 09:00:00,33567.0,33523.93081692343
1029,2015-08-12 10:00:00,35353.0,35376.99966283079
1030,2015-08-12 11:00:00,37047.0,37038.83179756323
1031,2015-08-12 12:00:00,38480.0,38453.437126921985
1032,2015-08-12 13:00:00,39445.0,39446.76905873654
1033,2015-08-12 14:00:00,40197.0,40151.20444347947
1034,2015-08-12 15:00:00,41251.0,41226.729461328796
1035,2015-08-12 16:00:00,42229.0,42196.53042144618
1036,2015-08-12 17:00:00,42922.0,42965.064366035265
1037,2015-08-12 18:00:00,43029.0,43016.71074060227
1038,2015-08-12 19:00:00,41766.0,41774.44729664013
1039,2015-08-12 20:00:00,39770.0,39770.29419508328
1040,2015-08-12 21:00:00,38852.0,38867.92048739774
1041,2015-08-12 22:00:00,37161.0,37138.91160308659
1042,2015-08-12 23:00:00,33938.0,33900.07795793435
1043,2015-08-13 00:00:00,30718.0,30676.145160606055
1044,2015-08-11 01:00:00,28663.0,28632.33969642513
1045,2015-08-11 02:00:00,27349.0,27347.28295529686
1046,2015-08-11 03:00:00,26496.0,26469.602738610487
1047,2015-08-11 04:00:00,26098.0,26091.400207870807
1048,2015-08-11 05:00:00,26498.0,26450.930255303534
1049,2015-08-11 06:00:00,28123.0,28135.755109769456
1050,2015-08-11 07:00:00,30679.0,30716.816159886814
1051,2015-08-11 08:00:00,32785.0,32739.75899399809
1052,2015-08-11 09:00:00,34399.0,34370.80397663988
1053,2015-08-11 10:00:00,35797.0,35778.777040904635
1054,2015-08-11 11:00:00,37360.0,37338.72405742298
1055,2015-08-11 12:00:00,38489.0,38443.03851544856
1056,2015-08-11 13:00:00,39506.0,39466.657847475566
1057,2015-08-11 14:00:00,40763.0,40804.24617890214
1058,2015-08-11 15:00:00,41769.0,41790.136180181864
1059,2015-08-11 16:00:00,42323.0,42368.843807224206
1060,2015-08-11 17:00:00,42835.0,42829.04621069354
1061,2015-08-11 18:00:00,42728.0,42765.90331356209
1062,2015-08-11 19:00:00,41785.0,41816.653920757424
1063,2015-08-11 20:00:00,40344.0,40381.49410555098
1064,2015-08-11 21:00:00,39869.0,39822.91541609695
1065,2015-08-11 22:00:00,38427.0,38442.25156567896
1066,2015-08-11 23:00:00,35371.0,35377.66289424426
1067,2015-08-12 00:00:00,32214.0,32218.521575807914
1068,2015-08-10 01:00:00,28425.0,28425.4383966375
1069,2015-08-10 02:00:00,26927.0,26956.59765441592
1070,2015-08-10 03:00:00,26020.0,26066.805692651033
1071,2015-08-10 04:00:00,25605.0,25637.89188325554
1072,2015-08-10 05:00:00,25969.0,26006.039537352055
1073,2015-08-10 06:00:00,27465.0,27463.390270523912
1074,2015-08-10 07:00:00,29530.0,29549.06092702738
1075,2015-08-10 08:00:00,31840.0,31831.556433257774
1076,2015-08-10 09:00:00,33724.0,33710.02861443806
1077,2015-08-10 10:00:00,35167.0,35206.52813986032
1078,2015-08-10 11:00:00,36586.0,36626.521125757106
1079,2015-08-10 12:00:00,37412.0,37430.22201922917
1080,2015-08-10 13:00:00,37946.0,37979.78421896028
1081,2015-08-10 14:00:00,38442.0,38428.036373493225
1082,2015-08-10 15:00:00,38626.0,38619.376062989286
1083,2015-08-10 16:00:00,38545.0,38577.10162920324
1084,2015-08-10 17:00:00,38227.0,38216.80502802706
1085,2015-08-10 18:00:00,37940.0,37893.99676192092
1086,2015-08-10 19:00:00,37167.0,37152.32983491495
1087,2015-08-10 20:00:00,36712.0,36701.82303041468
1088,2015-08-10 21:00:00,36983.0,36948.46362003395
1089,2015-08-10 22:00:00,35859.0,35843.41242849405
1090,2015-08-10 23:00:00,33334.0,33377.44220150002
1091,2015-08-11 00:00:00,30822.0,30857.85331039016
1092,2015-08-09 01:00:00,27307.0,27301.592396100452
1093,2015-08-09 02:00:00,25687.0,25707.98895698897
1094,2015-08-09 03:00:00,24583.0,24548.18499619019
1095,2015-08-09 04:00:00,23870.0,23895.25508593137
1096,2015-08-09 05:00:00,23559.0,23556.57847699644
1097,2015-08-09 06:00:00,23638.0,23660.25682120309
1098,2015-08-09 07:00:00,23620.0,23634.40232549432
1099,2015-08-09 08:00:00,24825.0,24798.276460794954
1100,2015-08-09 09:00:00,27102.0,27135.46915717221
1101,2015-08-09 10:00:00,29466.0,29473.21766235168
1102,2015-08-09 11:00:00,31598.0,31626.419741251375
1103,2015-08-09 12:00:00,33585.0,33544.398634552
1104,2015-08-09 13:00:00,35372.0,35383.53503393155
1105,2015-08-09 14:00:00,36680.0,36659.1884019521
1106,2015-08-09 15:00:00,37578.0,37614.08953675702
1107,2015-08-09 16:00:00,38150.0,38194.95059661275
1108,2015-08-09 17:00:00,38687.0,38642.58276356096
1109,2015-08-09 18:00:00,38945.0,38967.42828964599
1110,2015-08-09 19:00:00,38351.0,38311.297781628105
1111,2015-08-09 20:00:00,37054.0,37089.750736638816
1112,2015-08-09 21:00:00,36903.0,36865.45243321867
1113,2015-08-09 22:00:00,35863.0,35832.50068725492
1114,2015-08-09 23:00:00,33461.0,33436.162016220405
1115,2015-08-10 00:00:00,30719.0,30741.78326865594
1116,2015-08-08 01:00:00,28106.0,28085.253445605835
1117,2015-08-08 02:00:00,26342.0,26351.60848594197
1118,2015-08-08 03:00:00,25138.0,25145.194266718478
1119,2015-08-08 04:00:00,24356.0,24346.226161964423
1120,2015-08-08 05:00:00,24018.0,24021.94895646246
1121,2015-08-08 06:00:00,24229.0,24190.819181376173
1122,2015-08-08 07:00:00,24526.0,24563.617425172888
1123,2015-08-08 08:00:00,26065.0,26035.707663971774
1124,2015-08-08 09:00:00,28444.0,28482.02266228136
1125,2015-08-08 10:00:00,30781.0,30782.8737439455
1126,2015-08-08 11:00:00,32682.0,32693.393591780103
1127,2015-08-08 12:00:00,34122.0,34097.7297028209
1128,2015-08-08 13:00:00,35256.0,35228.23294630593
1129,2015-08-08 14:00:00,36155.0,36154.07029679303
1130,2015-08-08 15:00:00,36760.0,36736.73593931149
1131,2015-08-08 16:00:00,37157.0,37149.31390319179
1132,2015-08-08 17:00:00,37400.0,37394.02199453252
1133,2015-08-08 18:00:00,37372.0,37349.09173246313
1134,2015-08-08 19:00:00,36706.0,36685.172998380694
1135,2015-08-08 20:00:00,35474.0,35521.290941049585
1136,2015-08-08 21:00:00,35103.0,35111.74552495434
1137,2015-08-08 22:00:00,34180.0,34213.18746200181
1138,2015-08-08 23:00:00,32010.0,31964.57422847997
1139,2015-08-09 00:00:00,29580.0,29530.19246180369
1140,2015-08-07 01:00:00,29128.0,29129.910238530276
1141,2015-08-07 02:00:00,27373.0,27405.680530423717
1142,2015-08-07 03:00:00,26233.0,26244.091883707988
1143,2015-08-07 04:00:00,25643.0,25654.88296863274
1144,2015-08-07 05:00:00,25727.0,25690.93584170983
1145,2015-08-07 06:00:00,26972.0,27019.856747866004
1146,2015-08-07 07:00:00,28660.0,28662.970062542296
1147,2015-08-07 08:00:00,30757.0,30717.26018231734
1148,2015-08-07 09:00:00,32643.0,32634.419729475827
1149,2015-08-07 10:00:00,34327.0,34284.19711807096
1150,2015-08-07 11:00:00,35972.0,35963.81402660695
1151,2015-08-07 12:00:00,37200.0,37221.1561795739
1152,2015-08-07 13:00:00,38136.0,38118.35261684669
1153,2015-08-07 14:00:00,39167.0,39148.310226227964
1154,2015-08-07 15:00:00,40107.0,40108.43392348753
1155,2015-08-07 16:00:00,40812.0,40811.84859470812
1156,2015-08-07 17:00:00,41249.0,41245.71426852137
1157,2015-08-07 18:00:00,41072.0,41073.68443470811
1158,2015-08-07 19:00:00,39875.0,39829.79591504548
1159,2015-08-07 20:00:00,38124.0,38121.426671963374
1160,2015-08-07 21:00:00,37316.0,37365.20107509597
1161,2015-08-07 22:00:00,36094.0,36120.43355666516
1162,2015-08-07 23:00:00,33474.0,33452.756918583786
1163,2015-08-08 00:00:00,30618.0,30635.77139544463
1164,2015-08-06 01:00:00,29952.0,29934.99025576487
1165,2015-08-06 02:00:00,27934.0,27903.151412251613
1166,2015-08-06 03:00:00,26659.0,26686.355172842337
1167,2015-08-06 04:00:00,25846.0,25816.958633914153
1168,2015-08-06 05:00:00,25898.0,25933.86259674205
1169,2015-08-06 06:00:00,27079.0,27067.040961572195
1170,2015-08-06 07:00:00,28784.0,28809.684341918353
1171,2015-08-06 08:00:00,30991.0,30966.959651275778
1172,2015-08-06 09:00:00,32856.0,32871.27352109526
1173,2015-08-06 10:00:00,34577.0,34548.25317703607
1174,2015-08-06 11:00:00,36367.0,36319.18344763288
1175,2015-08-06 12:00:00,37918.0,37949.46041657134
1176,2015-08-06 13:00:00,39249.0,39284.61627166194
1177,2015-08-06 14:00:00,40500.0,40538.057419539364
1178,2015-08-06 15:00:00,41414.0,41367.62975053194
1179,2015-08-06 16:00:00,41956.0,41982.09218215128
1180,2015-08-06 17:00:00,41920.0,41953.5870408958
1181,2015-08-06 18:00:00,41430.0,41411.16981303214
1182,2015-08-06 19:00:00,39990.0,39987.04512988867
1183,2015-08-06 20:00:00,38804.0,38794.79151496177
1184,2015-08-06 21:00:00,38748.0,38742.01023389731
1185,2015-08-06 22:00:00,37330.0,37364.67041886398
1186,2015-08-06 23:00:00,34552.0,34543.78687515174
1187,2015-08-07 00:00:00,31695.0,31675.236380313483
1188,2015-08-05 01:00:00,31693.0,31656.03831880871
1189,2015-08-05 02:00:00,29575.0,29592.483931589046
1190,2015-08-05 03:00:00,28200.0,28158.420393370758
1191,2015-08-05 04:00:00,27373.0,27329.118225686037
1192,2015-08-05 05:00:00,27383.0,27401.157928716875
1193,2015-08-05 06:00:00,28568.0,28587.42889489382
1194,2015-08-05 07:00:00,30417.0,30386.90800465278
1195,2015-08-05 08:00:00,32406.0,32451.718463940044
1196,2015-08-05 09:00:00,34468.0,34496.781400209766
1197,2015-08-05 10:00:00,36726.0,36744.64280426545
1198,2015-08-05 11:00:00,39074.0,39099.43475693457
1199,2015-08-05 12:00:00,41139.0,41130.188698493104
1200,2015-08-05 13:00:00,42854.0,42849.56424816859
1201,2015-08-05 14:00:00,44215.0,44252.02148788037
1202,2015-08-05 15:00:00,45295.0,45247.541901653145
1203,2015-08-05 16:00:00,46131.0,46161.24211553181
1204,2015-08-05 17:00:00,46767.0,46761.75685454697
1205,2015-08-05 18:00:00,46729.0,46725.39684845015
1206,2015-08-05 19:00:00,45356.0,45338.569963104994
1207,2015-08-05 20:00:00,43174.0,43184.7072037409
1208,2015-08-05 21:00:00,41826.0,41843.56733551346
1209,2015-08-05 22:00:00,39983.0,39949.07536415294
1210,2015-08-05 23:00:00,36488.0,36494.571687706804
1211,2015-08-06 00:00:00,32806.0,32802.4911862694
1212,2015-08-04 01:00:00,33888.0,33916.19086688788
1213,2015-08-04 02:00:00,31851.0,31855.528729249287
1214,2015-08-04 03:00:00,30418.0,30410.957321230744
1215,2015-08-04 04:00:00,29480.0,29482.893105838863
1216,2015-08-04 05:00:00,29353.0,29352.056750587864
1217,2015-08-04 06:00:00,30519.0,30562.517785362208
1218,2015-08-04 07:00:00,32346.0,32327.188774587525
1219,2015-08-04 08:00:00,34454.0,34407.734895387664
1220,2015-08-04 09:00:00,36939.0,36955.19967541971
1221,2015-08-04 10:00:00,39663.0,39673.38431208328
1222,2015-08-04 11:00:00,42421.0,42461.996930958834
1223,2015-08-04 12:00:00,44699.0,44660.74766173636
1224,2015-08-04 13:00:00,46560.0,46562.2645620905
1225,2015-08-04 14:00:00,48037.0,48002.07710500308
1226,2015-08-04 15:00:00,49039.0,49034.570896971505
1227,2015-08-04 16:00:00,49770.0,49799.936968098256
1228,2015-08-04 17:00:00,50324.0,50359.738803627755
1229,2015-08-04 18:00:00,50156.0,50189.38603603355
1230,2015-08-04 19:00:00,48609.0,48613.74048335023
1231,2015-08-04 20:00:00,46225.0,46238.39601234981
1232,2015-08-04 21:00:00,44510.0,44515.15645376961
1233,2015-08-04 22:00:00,42467.0,42473.12357788679
1234,2015-08-04 23:00:00,38646.0,38684.51508885227
1235,2015-08-05 00:00:00,34829.0,34799.92728948691
1236,2015-08-03 01:00:00,30290.0,30283.876588040406
1237,2015-08-03 02:00:00,28490.0,28501.0062850224
1238,2015-08-03 03:00:00,27348.0,27374.535214846
1239,2015-08-03 04:00:00,26805.0,26831.188972342563
1240,2015-08-03 05:00:00,26996.0,26957.724835531495
1241,2015-08-03 06:00:00,28272.0,28244.190996538226
1242,2015-08-03 07:00:00,30140.0,30181.15182138103
1243,2015-08-03 08:00:00,33052.0,33037.7519288797
1244,2015-08-03 09:00:00,35871.0,35821.27126419283
1245,2015-08-03 10:00:00,38510.0,38479.97970684133
1246,2015-08-03 11:00:00,41057.0,41103.95520976645
1247,2015-08-03 12:00:00,43286.0,43266.97485662888
1248,2015-08-03 13:00:00,45183.0,45194.37145488868
1249,2015-08-03 14:00:00,47007.0,47029.66499001888
1250,2015-08-03 15:00:00,48299.0,48313.65828362742
1251,2015-08-03 16:00:00,49274.0,49261.756618675594
1252,2015-08-03 17:00:00,49864.0,49857.041511535936
1253,2015-08-03 18:00:00,49781.0,49814.798531265165
1254,2015-08-03 19:00:00,48790.0,48806.27851314179
1255,2015-08-03 20:00:00,46942.0,46894.34352732706
1256,2015-08-03 21:00:00,45730.0,45700.34575855218
1257,2015-08-03 22:00:00,43954.0,43932.62979383366
1258,2015-08-03 23:00:00,40390.0,40376.548670156306
1259,2015-08-04 00:00:00,36825.0,36832.68937233946
1260,2015-08-02 01:00:00,29676.0,29662.65105963724
1261,2015-08-02 02:00:00,27713.0,27745.501191638992
1262,2015-08-02 03:00:00,26295.0,26292.383557883702
1263,2015-08-02 04:00:00,25277.0,25277.21787670523
1264,2015-08-02 05:00:00,24703.0,24695.738918514664
1265,2015-08-02 06:00:00,24525.0,24506.046635039253
1266,2015-08-02 07:00:00,24387.0,24409.480011898475
1267,2015-08-02 08:00:00,25925.0,25897.956298664936
1268,2015-08-02 09:00:00,28527.0,28545.94898143515
1269,2015-08-02 10:00:00,31313.0,31315.970614962087
1270,2015-08-02 11:00:00,33948.0,33908.22632345566
1271,2015-08-02 12:00:00,36228.0,36179.796724654996
1272,2015-08-02 13:00:00,38097.0,38063.94436216382
1273,2015-08-02 14:00:00,39581.0,39607.10208856986
1274,2015-08-02 15:00:00,40865.0,40853.45975622719
1275,2015-08-02 16:00:00,42018.0,42048.48765095891
1276,2015-08-02 17:00:00,42969.0,42969.19058152709
1277,2015-08-02 18:00:00,43525.0,43478.27466283242
1278,2015-08-02 19:00:00,43015.0,43049.60983748024
1279,2015-08-02 20:00:00,41451.0,41494.62634356333
1280,2015-08-02 21:00:00,40339.0,40296.421520230826
1281,2015-08-02 22:00:00,39057.0,39027.83506681186
1282,2015-08-02 23:00:00,36074.0,36095.555292026445
1283,2015-08-03 00:00:00,32928.0,32977.71755425614
1284,2015-08-01 01:00:00,31344.0,31381.630372381693
1285,2015-08-01 02:00:00,29267.0,29226.89478609942
1286,2015-08-01 03:00:00,27875.0,27885.72370942799
1287,2015-08-01 04:00:00,26988.0,27004.520370151513
1288,2015-08-01 05:00:00,26536.0,26549.083208792075
1289,2015-08-01 06:00:00,26626.0,26632.80602646117
1290,2015-08-01 07:00:00,26867.0,26846.22038985417
1291,2015-08-01 08:00:00,28780.0,28796.85061670661
1292,2015-08-01 09:00:00,31777.0,31799.845126596152
1293,2015-08-01 10:00:00,34596.0,34603.576620065585
1294,2015-08-01 11:00:00,36893.0,36892.71555264848
1295,2015-08-01 12:00:00,38868.0,38839.90305485037
1296,2015-08-01 13:00:00,40546.0,40550.4724032999
1297,2015-08-01 14:00:00,41596.0,41558.825046653576
1298,2015-08-01 15:00:00,42341.0,42298.27159914878
1299,2015-08-01 16:00:00,43011.0,43038.78511956911
1300,2015-08-01 17:00:00,43535.0,43552.6272632292
1301,2015-08-01 18:00:00,43555.0,43569.903221001834
1302,2015-08-01 19:00:00,42653.0,42695.81277245888
1303,2015-08-01 20:00:00,40835.0,40823.07727162711
1304,2015-08-01 21:00:00,39416.0,39405.97320215077
1305,2015-08-01 22:00:00,38044.0,38035.37469045733
1306,2015-08-01 23:00:00,35290.0,35286.52830906765
1307,2015-08-02 00:00:00,32327.0,32328.284298920604
1308,2015-07-31 01:00:00,33101.0,33128.80174320902
1309,2015-07-31 02:00:00,30860.0,30831.77033102587
1310,2015-07-31 03:00:00,29325.0,29318.408443862947
1311,2015-07-31 04:00:00,28212.0,28212.51273668766
1312,2015-07-31 05:00:00,27965.0,27931.91176734985
1313,2015-07-31 06:00:00,28820.0,28840.194272129287
1314,2015-07-31 07:00:00,30373.0,30328.627074151136
1315,2015-07-31 08:00:00,33094.0,33102.5912498381
1316,2015-07-31 09:00:00,35864.0,35834.21421602239
1317,2015-07-31 10:00:00,38203.0,38153.84682608009
1318,2015-07-31 11:00:00,40585.0,40566.577163211805
1319,2015-07-31 12:00:00,42542.0,42534.91406805134
1320,2015-07-31 13:00:00,44052.0,44083.73011795486
1321,2015-07-31 14:00:00,45408.0,45398.78456543015
1322,2015-07-31 15:00:00,46543.0,46584.543556716955
1323,2015-07-31 16:00:00,47540.0,47574.25388001724
1324,2015-07-31 17:00:00,48229.0,48198.27376045058
1325,2015-07-31 18:00:00,48335.0,48300.57173131386
1326,2015-07-31 19:00:00,47039.0,47013.38420254446
1327,2015-07-31 20:00:00,44601.0,44586.968189325795
1328,2015-07-31 21:00:00,42472.0,42480.34805685366
1329,2015-07-31 22:00:00,40698.0,40660.408150176016
1330,2015-07-31 23:00:00,37515.0,37518.20412841608
1331,2015-08-01 00:00:00,34191.0,34199.07732325101
1332,2015-07-30 01:00:00,36385.0,36401.089024257664
1333,2015-07-30 02:00:00,34353.0,34358.00920503741
1334,2015-07-30 03:00:00,32901.0,32933.51716704474
1335,2015-07-30 04:00:00,31988.0,32002.159044124885
1336,2015-07-30 05:00:00,32013.0,32055.455154806594
1337,2015-07-30 06:00:00,33403.0,33423.09240999429
1338,2015-07-30 07:00:00,35610.0,35603.611021685174
1339,2015-07-30 08:00:00,38303.0,38273.96845788295
1340,2015-07-30 09:00:00,40690.0,40641.052070834274
1341,2015-07-30 10:00:00,43119.0,43078.04028375793
1342,2015-07-30 11:00:00,45565.0,45533.96757410319
1343,2015-07-30 12:00:00,47557.0,47528.644135239396
1344,2015-07-30 13:00:00,49007.0,49031.20440813505
1345,2015-07-30 14:00:00,50083.0,50071.605579806914
1346,2015-07-30 15:00:00,49351.0,49333.45394822671
1347,2015-07-30 16:00:00,48224.0,48179.236755379694
1348,2015-07-30 17:00:00,47065.0,47068.86605463227
1349,2015-07-30 18:00:00,46766.0,46777.290888134055
1350,2015-07-30 19:00:00,46129.0,46166.785741600535
1351,2015-07-30 20:00:00,44792.0,44792.284205685624
1352,2015-07-30 21:00:00,43891.0,43841.772016129304
1353,2015-07-30 22:00:00,42768.0,42724.527875775784
1354,2015-07-30 23:00:00,39537.0,39514.1005338988
1355,2015-07-31 00:00:00,36060.0,36023.918558358884
1356,2015-07-29 01:00:00,34779.0,34806.05874091395
1357,2015-07-29 02:00:00,32471.0,32431.78569811229
1358,2015-07-29 03:00:00,30883.0,30849.078348273837
1359,2015-07-29 04:00:00,29955.0,29971.678736367856
1360,2015-07-29 05:00:00,29887.0,29860.9628368495
1361,2015-07-29 06:00:00,31086.0,31132.90809909687
1362,2015-07-29 07:00:00,33087.0,33123.31876978715
1363,2015-07-29 08:00:00,36110.0,36134.45401717583
1364,2015-07-29 09:00:00,39055.0,39039.31364683168
1365,2015-07-29 10:00:00,42081.0,42036.677997430226
1366,2015-07-29 11:00:00,45183.0,45166.64009582855
1367,2015-07-29 12:00:00,47671.0,47658.67298601458
1368,2015-07-29 13:00:00,49459.0,49421.7432810903
1369,2015-07-29 14:00:00,50731.0,50693.06408043258
1370,2015-07-29 15:00:00,51554.0,51570.81083300081
1371,2015-07-29 16:00:00,51933.0,51906.24024254933
1372,2015-07-29 17:00:00,52242.0,52259.80107046878
1373,2015-07-29 18:00:00,52232.0,52236.8301347796
1374,2015-07-29 19:00:00,51505.0,51545.1463849826
1375,2015-07-29 20:00:00,49882.0,49911.71698777045
1376,2015-07-29 21:00:00,48709.0,48674.13720326593
1377,2015-07-29 22:00:00,46994.0,47005.01615477634
1378,2015-07-29 23:00:00,43306.0,43321.312674935216
1379,2015-07-30 00:00:00,39607.0,39643.20544973349
1380,2015-07-28 01:00:00,32811.0,32825.095676264
1381,2015-07-28 02:00:00,30767.0,30731.071421754255
1382,2015-07-28 03:00:00,29407.0,29382.844922884582
1383,2015-07-28 04:00:00,28624.0,28637.75989537604
1384,2015-07-28 05:00:00,28662.0,28703.194237439366
1385,2015-07-28 06:00:00,30022.0,30061.152896681033
1386,2015-07-28 07:00:00,32146.0,32131.918614070877
1387,2015-07-28 08:00:00,35058.0,35091.067330972044
1388,2015-07-28 09:00:00,37877.0,37878.12878980093
1389,2015-07-28 10:00:00,40713.0,40709.43427730222
1390,2015-07-28 11:00:00,43705.0,43690.08871369211
1391,2015-07-28 12:00:00,46184.0,46201.82027941643
1392,2015-07-28 13:00:00,48092.0,48101.95976131593
1393,2015-07-28 14:00:00,49713.0,49700.46638355379
1394,2015-07-28 15:00:00,50884.0,50910.283818713615
1395,2015-07-28 16:00:00,51596.0,51583.934548079706
1396,2015-07-28 17:00:00,52175.0,52183.43872943494
1397,2015-07-28 18:00:00,52280.0,52269.23829100899
1398,2015-07-28 19:00:00,51296.0,51257.68766659629
1399,2015-07-28 20:00:00,49322.0,49288.1194375657
1400,2015-07-28 21:00:00,47752.0,47767.673887230936
1401,2015-07-28 22:00:00,45776.0,45807.122338919224
1402,2015-07-28 23:00:00,41929.0,41925.846296449876
1403,2015-07-29 00:00:00,38009.0,37991.55871911257
1404,2015-07-27 01:00:00,32128.0,32111.64974813475
1405,2015-07-27 02:00:00,30287.0,30296.7647296541
1406,2015-07-27 03:00:00,29075.0,29071.768944689127
1407,2015-07-27 04:00:00,28444.0,28394.0738705524
1408,2015-07-27 05:00:00,28650.0,28677.147197472623
1409,2015-07-27 06:00:00,29969.0,29933.231793782477
1410,2015-07-27 07:00:00,31926.0,31943.4810081595
1411,2015-07-27 08:00:00,34161.0,34145.42139117449
1412,2015-07-27 09:00:00,36175.0,36182.800258626565
1413,2015-07-27 10:00:00,37998.0,38033.511737648674
1414,2015-07-27 11:00:00,40171.0,40136.42725967413
1415,2015-07-27 12:00:00,42047.0,42074.76352070369
1416,2015-07-27 13:00:00,43808.0,43761.83084497848
1417,2015-07-27 14:00:00,45280.0,45322.13685806594
1418,2015-07-27 15:00:00,46278.0,46248.158653125145
1419,2015-07-27 16:00:00,46923.0,46952.441369441985
1420,2015-07-27 17:00:00,47306.0,47262.72204932382
1421,2015-07-27 18:00:00,47496.0,47478.704842088584
1422,2015-07-27 19:00:00,46638.0,46651.35473952532
1423,2015-07-27 20:00:00,45069.0,45084.88246734527
1424,2015-07-27 21:00:00,44032.0,44051.88095933197
1425,2015-07-27 22:00:00,42672.0,42657.085907522
1426,2015-07-27 23:00:00,39292.0,39308.60082278874
1427,2015-07-28 00:00:00,35790.0,35782.85014352627
1428,2015-07-26 01:00:00,29851.0,29857.591992174675
1429,2015-07-26 02:00:00,27961.0,27965.722648980172
1430,2015-07-26 03:00:00,26601.0,26567.81398661617
1431,2015-07-26 04:00:00,25686.0,25720.65982596671
1432,2015-07-26 05:00:00,25186.0,25222.714114510894
1433,2015-07-26 06:00:00,25105.0,25075.372536058996
1434,2015-07-26 07:00:00,25082.0,25073.653348734588
1435,2015-07-26 08:00:00,26619.0,26615.487577040596
1436,2015-07-26 09:00:00,29369.0,29373.89220167913
1437,2015-07-26 10:00:00,32476.0,32428.227260507414
1438,2015-07-26 11:00:00,35392.0,35417.88151345854
1439,2015-07-26 12:00:00,38021.0,38057.195830742436
1440,2015-07-26 13:00:00,40256.0,40220.21938777799
1441,2015-07-26 14:00:00,42098.0,42137.66289517716
1442,2015-07-26 15:00:00,43385.0,43420.09122164103
1443,2015-07-26 16:00:00,44351.0,44355.22567499971
1444,2015-07-26 17:00:00,45022.0,44999.47317100623
1445,2015-07-26 18:00:00,45174.0,45144.74896742804
1446,2015-07-26 19:00:00,44229.0,44227.912544286235
1447,2015-07-26 20:00:00,42718.0,42718.72041461107
1448,2015-07-26 21:00:00,42023.0,42038.18683454465
1449,2015-07-26 22:00:00,40872.0,40902.163745479236
1450,2015-07-26 23:00:00,37927.0,37970.44998699649
1451,2015-07-27 00:00:00,34795.0,34824.62808938632
1452,2015-07-25 01:00:00,28435.0,28475.90453225361
1453,2015-07-25 02:00:00,26566.0,26565.936849942
1454,2015-07-25 03:00:00,25277.0,25230.8884593919
1455,2015-07-25 04:00:00,24447.0,24402.183018050662
1456,2015-07-25 05:00:00,24095.0,24071.848752566482
1457,2015-07-25 06:00:00,24137.0,24148.398621695495
1458,2015-07-25 07:00:00,24459.0,24442.52241500468
1459,2015-07-25 08:00:00,26279.0,26245.61437045948
1460,2015-07-25 09:00:00,29036.0,29071.049509671237
1461,2015-07-25 10:00:00,31757.0,31805.499477190293
1462,2015-07-25 11:00:00,34270.0,34221.664152669415
1463,2015-07-25 12:00:00,36329.0,36287.94240923903
1464,2015-07-25 13:00:00,37869.0,37868.93387554619
1465,2015-07-25 14:00:00,39130.0,39113.76672478328
1466,2015-07-25 15:00:00,40232.0,40260.2151214392
1467,2015-07-25 16:00:00,41106.0,41121.43022039704
1468,2015-07-25 17:00:00,41783.0,41739.851036552536
1469,2015-07-25 18:00:00,41970.0,41974.48832108719
1470,2015-07-25 19:00:00,41252.0,41235.65325451614
1471,2015-07-25 20:00:00,39665.0,39711.51126233059
1472,2015-07-25 21:00:00,38450.0,38447.52790488316
1473,2015-07-25 22:00:00,37487.0,37529.76637093163
1474,2015-07-25 23:00:00,35101.0,35054.01745905408
1475,2015-07-26 00:00:00,32381.0,32341.327466643008
1476,2015-07-24 01:00:00,28079.0,28067.626903794433
1477,2015-07-24 02:00:00,26378.0,26416.695670585555
1478,2015-07-24 03:00:00,25278.0,25282.460407943025
1479,2015-07-24 04:00:00,24679.0,24711.414052488224
1480,2015-07-24 05:00:00,24755.0,24733.352963359484
1481,2015-07-24 06:00:00,25874.0,25835.1494302976
1482,2015-07-24 07:00:00,27571.0,27545.6038820752
1483,2015-07-24 08:00:00,30184.0,30198.530341111775
1484,2015-07-24 09:00:00,32469.0,32506.141709921467
1485,2015-07-24 10:00:00,34361.0,34356.499932818435
1486,2015-07-24 11:00:00,36148.0,36117.36155300845
1487,2015-07-24 12:00:00,37524.0,37537.76120459119
1488,2015-07-24 13:00:00,38690.0,38659.69339712286
1489,2015-07-24 14:00:00,39854.0,39861.028770225836
1490,2015-07-24 15:00:00,40949.0,40909.22917226859
1491,2015-07-24 16:00:00,41937.0,41968.11350681407
1492,2015-07-24 17:00:00,42690.0,42720.51666566984
1493,2015-07-24 18:00:00,42851.0,42855.12554980397
1494,2015-07-24 19:00:00,41895.0,41848.81826062183
1495,2015-07-24 20:00:00,39920.0,39898.01854161322
1496,2015-07-24 21:00:00,38239.0,38202.8284851264
1497,2015-07-24 22:00:00,36961.0,36963.3455838068
1498,2015-07-24 23:00:00,34138.0,34098.17343022709
1499,2015-07-25 00:00:00,31077.0,31113.972650595304
1500,2015-07-23 01:00:00,28744.0,28779.016428837724
1501,2015-07-23 02:00:00,26911.0,26876.609807483565
1502,2015-07-23 03:00:00,25730.0,25749.48880350069
1503,2015-07-23 04:00:00,25026.0,25045.650328828753
1504,2015-07-23 05:00:00,25095.0,25084.675439607043
1505,2015-07-23 06:00:00,26270.0,26235.299909191315
1506,2015-07-23 07:00:00,28095.0,28058.210772225684
1507,2015-07-23 08:00:00,30556.0,30579.947595148424
1508,2015-07-23 09:00:00,32689.0,32661.01774138571
1509,2015-07-23 10:00:00,34465.0,34475.34537578449
1510,2015-07-23 11:00:00,36225.0,36261.58816165383
1511,2015-07-23 12:00:00,37571.0,37580.30994382004
1512,2015-07-23 13:00:00,38784.0,38831.39623410984
1513,2015-07-23 14:00:00,39996.0,40010.550189282876
1514,2015-07-23 15:00:00,40893.0,40874.46031134312
1515,2015-07-23 16:00:00,41755.0,41790.2467331766
1516,2015-07-23 17:00:00,42554.0,42535.09123712701
1517,2015-07-23 18:00:00,42832.0,42879.157037952195
1518,2015-07-23 19:00:00,41888.0,41885.77319450608
1519,2015-07-23 20:00:00,40096.0,40141.32470682623
1520,2015-07-23 21:00:00,38518.0,38486.35982371215
1521,2015-07-23 22:00:00,37149.0,37100.13985052296
1522,2015-07-23 23:00:00,34036.0,34005.61312959586
1523,2015-07-24 00:00:00,30740.0,30699.83683680869
1524,2015-07-22 01:00:00,32045.0,32068.395602240325
1525,2015-07-22 02:00:00,29733.0,29709.454565517746
1526,2015-07-22 03:00:00,28213.0,28226.947418945627
1527,2015-07-22 04:00:00,27216.0,27232.865704016862
1528,2015-07-22 05:00:00,27044.0,27062.824534041327
1529,2015-07-22 06:00:00,27937.0,27970.260812126275
1530,2015-07-22 07:00:00,29668.0,29632.89658543924
1531,2015-07-22 08:00:00,32209.0,32164.04640314461
1532,2015-07-22 09:00:00,34218.0,34170.97051310375
1533,2015-07-22 10:00:00,35953.0,35913.379000383065
1534,2015-07-22 11:00:00,37502.0,37489.918553593816
1535,2015-07-22 12:00:00,38988.0,39034.73759386811
1536,2015-07-22 13:00:00,40135.0,40120.32250977875
1537,2015-07-22 14:00:00,41336.0,41331.29229291033
1538,2015-07-22 15:00:00,42284.0,42315.43967200939
1539,2015-07-22 16:00:00,43040.0,43081.85980194195
1540,2015-07-22 17:00:00,43680.0,43727.14415031622
1541,2015-07-22 18:00:00,43836.0,43868.645122466834
1542,2015-07-22 19:00:00,42788.0,42788.2516058048
1543,2015-07-22 20:00:00,40772.0,40744.94764478359
1544,2015-07-22 21:00:00,39221.0,39230.83669561516
1545,2015-07-22 22:00:00,37988.0,37957.67950467571
1546,2015-07-22 23:00:00,34773.0,34728.57247322492
1547,2015-07-23 00:00:00,31443.0,31484.935393514268
1548,2015-07-21 01:00:00,37733.0,37731.4790305916
1549,2015-07-21 02:00:00,35369.0,35369.82402238871
1550,2015-07-21 03:00:00,33787.0,33797.92190260639
1551,2015-07-21 04:00:00,32895.0,32890.1408557439
1552,2015-07-21 05:00:00,32684.0,32678.443046490123
1553,2015-07-21 06:00:00,33828.0,33869.514531756446
1554,2015-07-21 07:00:00,35954.0,35985.654612896
1555,2015-07-21 08:00:00,38297.0,38268.25921984507
1556,2015-07-21 09:00:00,40299.0,40278.17776292205
1557,2015-07-21 10:00:00,42194.0,42210.06226401294
1558,2015-07-21 11:00:00,44109.0,44116.10919190205
1559,2015-07-21 12:00:00,45407.0,45433.6159353771
1560,2015-07-21 13:00:00,46273.0,46295.76326213855
1561,2015-07-21 14:00:00,47092.0,47112.85472124462
1562,2015-07-21 15:00:00,48070.0,48108.02179108805
1563,2015-07-21 16:00:00,48942.0,48968.655309421534
1564,2015-07-21 17:00:00,49359.0,49333.28473885398
1565,2015-07-21 18:00:00,49217.0,49254.28371990202
1566,2015-07-21 19:00:00,48515.0,48498.55322051344
1567,2015-07-21 20:00:00,46591.0,46632.08944844681
1568,2015-07-21 21:00:00,44580.0,44612.426996471775
1569,2015-07-21 22:00:00,42634.0,42591.408538955606
1570,2015-07-21 23:00:00,38942.0,38969.12806145993
1571,2015-07-22 00:00:00,35171.0,35171.01141137921
1572,2015-07-20 01:00:00,38236.0,38283.71127582525
1573,2015-07-20 02:00:00,36172.0,36167.841893600904
1574,2015-07-20 03:00:00,34630.0,34586.70077477228
1575,2015-07-20 04:00:00,33807.0,33786.31365630728
1576,2015-07-20 05:00:00,33774.0,33767.02094239851
1577,2015-07-20 06:00:00,35004.0,35013.19176779904
1578,2015-07-20 07:00:00,36859.0,36824.210578397004
1579,2015-07-20 08:00:00,39464.0,39465.50826272686
1580,2015-07-20 09:00:00,42325.0,42323.34728020897
1581,2015-07-20 10:00:00,44881.0,44914.66625578379
1582,2015-07-20 11:00:00,47547.0,47527.24029108153
1583,2015-07-20 12:00:00,49814.0,49808.95174439739
1584,2015-07-20 13:00:00,51854.0,51842.86126636496
1585,2015-07-20 14:00:00,53384.0,53397.22313707591
1586,2015-07-20 15:00:00,54358.0,54391.618898467175
1587,2015-07-20 16:00:00,54774.0,54791.56241324382
1588,2015-07-20 17:00:00,55129.0,55125.504899571606
1589,2015-07-20 18:00:00,55102.0,55115.78296950518
1590,2015-07-20 19:00:00,54329.0,54311.224396231235
1591,2015-07-20 20:00:00,52583.0,52547.40998417636
1592,2015-07-20 21:00:00,50989.0,50970.97179244476
1593,2015-07-20 22:00:00,49514.0,49508.368956593346
1594,2015-07-20 23:00:00,45216.0,45209.92649330026
1595,2015-07-21 00:00:00,41145.0,41168.76012424774
1596,2015-07-19 01:00:00,33190.0,33233.63453609124
1597,2015-07-19 02:00:00,31141.0,31129.895940259026
1598,2015-07-19 03:00:00,29641.0,29599.64485187731
1599,2015-07-19 04:00:00,28597.0,28550.34131848188
1600,2015-07-19 05:00:00,27977.0,27927.395277049825
1601,2015-07-19 06:00:00,27673.0,27716.810015174633
1602,2015-07-19 07:00:00,27848.0,27897.56333513418
1603,2015-07-19 08:00:00,29766.0,29721.138407755636
1604,2015-07-19 09:00:00,33230.0,33215.820870392665
1605,2015-07-19 10:00:00,37049.0,37065.93451372953
1606,2015-07-19 11:00:00,40785.0,40752.89453991417
1607,2015-07-19 12:00:00,43996.0,44005.44371882052
1608,2015-07-19 13:00:00,46317.0,46348.361735983955
1609,2015-07-19 14:00:00,47951.0,47986.80864297115
1610,2015-07-19 15:00:00,49139.0,49159.642067716195
1611,2015-07-19 16:00:00,50093.0,50051.176417728224
1612,2015-07-19 17:00:00,50892.0,50876.83957845765
1613,2015-07-19 18:00:00,51232.0,51278.73427767711
1614,2015-07-19 19:00:00,50767.0,50736.27550632417
1615,2015-07-19 20:00:00,49418.0,49413.39260735714
1616,2015-07-19 21:00:00,48455.0,48438.417693465584
1617,2015-07-19 22:00:00,47391.0,47361.553828469296
1618,2015-07-19 23:00:00,44386.0,44368.353608755206
1619,2015-07-20 00:00:00,40994.0,40962.95186738339
1620,2015-07-18 01:00:00,29537.0,29574.725335411164
1621,2015-07-18 02:00:00,27948.0,27915.44432837487
1622,2015-07-18 03:00:00,26854.0,26866.354416839466
1623,2015-07-18 04:00:00,26227.0,26271.23156128111
1624,2015-07-18 05:00:00,26061.0,26106.26457076279
1625,2015-07-18 06:00:00,26460.0,26470.042466804338
1626,2015-07-18 07:00:00,27006.0,26983.089592326898
1627,2015-07-18 08:00:00,28711.0,28685.78978113177
1628,2015-07-18 09:00:00,31336.0,31360.747067943186
1629,2015-07-18 10:00:00,33634.0,33682.07073247871
1630,2015-07-18 11:00:00,35197.0,35154.75949789512
1631,2015-07-18 12:00:00,36734.0,36762.94685813654
1632,2015-07-18 13:00:00,37894.0,37856.298537956514
1633,2015-07-18 14:00:00,39120.0,39099.81853470971
1634,2015-07-18 15:00:00,40802.0,40808.66236519806
1635,2015-07-18 16:00:00,42758.0,42737.72246973231
1636,2015-07-18 17:00:00,44330.0,44345.02611749467
1637,2015-07-18 18:00:00,45063.0,45054.71958746215
1638,2015-07-18 19:00:00,44597.0,44568.91137330678
1639,2015-07-18 20:00:00,43144.0,43147.09307478544
1640,2015-07-18 21:00:00,42120.0,42072.40097351584
1641,2015-07-18 22:00:00,41149.0,41173.107834991235
1642,2015-07-18 23:00:00,38642.0,38644.22888661055
1643,2015-07-19 00:00:00,35908.0,35952.6700317995
1644,2015-07-17 01:00:00,27348.0,27308.278946922
1645,2015-07-17 02:00:00,25635.0,25658.229223822844
1646,2015-07-17 03:00:00,24688.0,24668.095039395386
1647,2015-07-17 04:00:00,24162.0,24149.314868334466
1648,2015-07-17 05:00:00,24397.0,24381.84867222874
1649,2015-07-17 06:00:00,25542.0,25527.802191785882
1650,2015-07-17 07:00:00,27362.0,27355.08349530771
1651,2015-07-17 08:00:00,29922.0,29874.100485091887
1652,2015-07-17 09:00:00,32069.0,32103.675735666286
1653,2015-07-17 10:00:00,33892.0,33930.179594267196
1654,2015-07-17 11:00:00,35593.0,35546.95565349295
1655,2015-07-17 12:00:00,36860.0,36887.60031935909
1656,2015-07-17 13:00:00,37987.0,37944.22726097057
1657,2015-07-17 14:00:00,38739.0,38769.78135982846
1658,2015-07-17 15:00:00,39354.0,39365.29877218223
1659,2015-07-17 16:00:00,39870.0,39850.63527616711
1660,2015-07-17 17:00:00,40386.0,40397.38825989735
1661,2015-07-17 18:00:00,40459.0,40459.664610397565
1662,2015-07-17 19:00:00,39334.0,39347.575482481174
1663,2015-07-17 20:00:00,37723.0,37720.53717779986
1664,2015-07-17 21:00:00,37136.0,37163.28745916576
1665,2015-07-17 22:00:00,36555.0,36509.52695373918
1666,2015-07-17 23:00:00,34337.0,34321.428230869446
1667,2015-07-18 00:00:00,31849.0,31854.928674808667
1668,2015-07-16 01:00:00,27758.0,27766.82430310681
1669,2015-07-16 02:00:00,25945.0,25911.954498698396
1670,2015-07-16 03:00:00,24811.0,24768.452960449773
1671,2015-07-16 04:00:00,24142.0,24094.09786204569
1672,2015-07-16 05:00:00,24227.0,24218.301362473627
1673,2015-07-16 06:00:00,25416.0,25399.038717669133
1674,2015-07-16 07:00:00,27080.0,27086.78079933574
1675,2015-07-16 08:00:00,29351.0,29345.951483523724
1676,2015-07-16 09:00:00,31012.0,31001.406805489674
1677,2015-07-16 10:00:00,32348.0,32382.33205930453
1678,2015-07-16 11:00:00,33690.0,33702.151614890936
1679,2015-07-16 12:00:00,34798.0,34812.61007304197
1680,2015-07-16 13:00:00,35862.0,35850.1826381782
1681,2015-07-16 14:00:00,37071.0,37098.68443161142
1682,2015-07-16 15:00:00,38069.0,38034.20875711648
1683,2015-07-16 16:00:00,39102.0,39092.20007294231
1684,2015-07-16 17:00:00,40040.0,39994.71739050686
1685,2015-07-16 18:00:00,40604.0,40565.543735286476
1686,2015-07-16 19:00:00,39917.0,39875.15258562303
1687,2015-07-16 20:00:00,38310.0,38304.14361315712
1688,2015-07-16 21:00:00,36970.0,36989.7324357254
1689,2015-07-16 22:00:00,36031.0,36012.26967106493
1690,2015-07-16 23:00:00,33140.0,33092.661106172374
1691,2015-07-17 00:00:00,29984.0,30004.72083925114
1692,2015-07-15 01:00:00,32713.0,32683.74330671679
1693,2015-07-15 02:00:00,30681.0,30703.267468781283
1694,2015-07-15 03:00:00,29239.0,29189.735462496148
1695,2015-07-15 04:00:00,28471.0,28452.234210117804
1696,2015-07-15 05:00:00,28477.0,28489.123074641575
1697,2015-07-15 06:00:00,29677.0,29714.115077046605
1698,2015-07-15 07:00:00,31795.0,31820.412844257262
1699,2015-07-15 08:00:00,34387.0,34381.961971993485
1700,2015-07-15 09:00:00,36116.0,36137.85148028491
1701,2015-07-15 10:00:00,37417.0,37420.7541407286
1702,2015-07-15 11:00:00,38507.0,38538.33955560578
1703,2015-07-15 12:00:00,38973.0,39000.20655495542
1704,2015-07-15 13:00:00,39419.0,39466.58521690469
1705,2015-07-15 14:00:00,40171.0,40131.49380676427
1706,2015-07-15 15:00:00,40870.0,40854.07049066854
1707,2015-07-15 16:00:00,41461.0,41430.23768054849
1708,2015-07-15 17:00:00,41975.0,41988.0768083582
1709,2015-07-15 18:00:00,41907.0,41923.40276978999
1710,2015-07-15 19:00:00,40768.0,40738.381068391885
1711,2015-07-15 20:00:00,39115.0,39107.1552600029
1712,2015-07-15 21:00:00,37823.0,37833.21502225529
1713,2015-07-15 22:00:00,36817.0,36832.89532016327
1714,2015-07-15 23:00:00,33845.0,33805.26469844125
1715,2015-07-16 00:00:00,30507.0,30549.107282800454
1716,2015-07-14 01:00:00,30870.0,30823.40831150366
1717,2015-07-14 02:00:00,29079.0,29126.29424035528
1718,2015-07-14 03:00:00,28017.0,27998.632582021877
1719,2015-07-14 04:00:00,27361.0,27342.634557272842
1720,2015-07-14 05:00:00,27628.0,27622.602599547365
1721,2015-07-14 06:00:00,29003.0,29022.495835989605
1722,2015-07-14 07:00:00,31355.0,31320.96017836848
1723,2015-07-14 08:00:00,34069.0,34044.49847799958
1724,2015-07-14 09:00:00,36030.0,36076.157268478906
1725,2015-07-14 10:00:00,37854.0,37891.684214358225
1726,2015-07-14 11:00:00,39556.0,39527.23916847981
1727,2015-07-14 12:00:00,40978.0,40985.301143523415
1728,2015-07-14 13:00:00,42188.0,42158.36017505148
1729,2015-07-14 14:00:00,43344.0,43349.006125760076
1730,2015-07-14 15:00:00,44222.0,44208.577329501284
1731,2015-07-14 16:00:00,45297.0,45283.2424739889
1732,2015-07-14 17:00:00,46450.0,46463.50698517642
1733,2015-07-14 18:00:00,47036.0,47011.184084816705
1734,2015-07-14 19:00:00,46179.0,46169.42596051949
1735,2015-07-14 20:00:00,44717.0,44759.52588494034
1736,2015-07-14 21:00:00,43640.0,43665.5364799325
1737,2015-07-14 22:00:00,42452.0,42440.328344328234
1738,2015-07-14 23:00:00,39402.0,39375.026186562165
1739,2015-07-15 00:00:00,35707.0,35722.90116303009
1740,2015-07-13 01:00:00,30082.0,30112.76896856125
1741,2015-07-13 02:00:00,28307.0,28343.076468128915
1742,2015-07-13 03:00:00,27117.0,27123.428127986957
1743,2015-07-13 04:00:00,26527.0,26528.67998570119
1744,2015-07-13 05:00:00,26754.0,26775.964240133304
1745,2015-07-13 06:00:00,28025.0,27992.576683370575
1746,2015-07-13 07:00:00,30045.0,30080.21389353539
1747,2015-07-13 08:00:00,32868.0,32825.39235044895
1748,2015-07-13 09:00:00,35322.0,35332.3016900713
1749,2015-07-13 10:00:00,37653.0,37661.9693514079
1750,2015-07-13 11:00:00,40000.0,39981.07023151888
1751,2015-07-13 12:00:00,41945.0,41898.546285736455
1752,2015-07-13 13:00:00,43383.0,43404.78548722322
1753,2015-07-13 14:00:00,44574.0,44526.4174123152
1754,2015-07-13 15:00:00,45296.0,45263.9611680589
1755,2015-07-13 16:00:00,45747.0,45751.42368279638
1756,2015-07-13 17:00:00,45881.0,45924.99830318609
1757,2015-07-13 18:00:00,45518.0,45474.5933508719
1758,2015-07-13 19:00:00,44248.0,44255.878693628845
1759,2015-07-13 20:00:00,42478.0,42460.889303484255
1760,2015-07-13 21:00:00,41273.0,41289.94179714517
1761,2015-07-13 22:00:00,40078.0,40123.29088157741
1762,2015-07-13 23:00:00,36944.0,36920.859031565575
1763,2015-07-14 00:00:00,33655.0,33700.59269850485
1764,2015-07-12 01:00:00,29051.0,29088.062630091725
1765,2015-07-12 02:00:00,27057.0,27067.70559158321
1766,2015-07-12 03:00:00,25742.0,25767.82366720885
1767,2015-07-12 04:00:00,24761.0,24797.488800433468
1768,2015-07-12 05:00:00,24238.0,24268.346863195813
1769,2015-07-12 06:00:00,23894.0,23876.670768564367
1770,2015-07-12 07:00:00,23952.0,23983.26040768416
1771,2015-07-12 08:00:00,25552.0,25533.35188412202
1772,2015-07-12 09:00:00,28140.0,28176.70792923399
1773,2015-07-12 10:00:00,30848.0,30823.54660506403
1774,2015-07-12 11:00:00,33530.0,33537.226085946575
1775,2015-07-12 12:00:00,35882.0,35901.292364454166
1776,2015-07-12 13:00:00,37682.0,37674.579123058225
1777,2015-07-12 14:00:00,39065.0,39093.29724953325
1778,2015-07-12 15:00:00,40116.0,40158.53559050232
1779,2015-07-12 16:00:00,40877.0,40845.62530940667
1780,2015-07-12 17:00:00,41437.0,41390.34426516701
1781,2015-07-12 18:00:00,41637.0,41649.65164169237
1782,2015-07-12 19:00:00,41121.0,41131.21868625845
1783,2015-07-12 20:00:00,39928.0,39912.130445368326
1784,2015-07-12 21:00:00,39195.0,39223.54629766264
1785,2015-07-12 22:00:00,38471.0,38503.614254870015
1786,2015-07-12 23:00:00,35792.0,35775.19856803159
1787,2015-07-13 00:00:00,32834.0,32852.22724995993
1788,2015-07-11 01:00:00,29947.0,29961.20250716499
1789,2015-07-11 02:00:00,27983.0,27967.264417475722
1790,2015-07-11 03:00:00,26736.0,26782.914825655924
1791,2015-07-11 04:00:00,25925.0,25909.6402251268
1792,2015-07-11 05:00:00,25443.0,25455.028402330405
1793,2015-07-11 06:00:00,25389.0,25377.012641264333
1794,2015-07-11 07:00:00,25740.0,25691.18330277042
1795,2015-07-11 08:00:00,27257.0,27216.163849476707
1796,2015-07-11 09:00:00,29500.0,29473.231633186195
1797,2015-07-11 10:00:00,31919.0,31950.216818671342
1798,2015-07-11 11:00:00,34257.0,34251.206485152594
1799,2015-07-11 12:00:00,36157.0,36165.86236642754
1800,2015-07-11 13:00:00,37563.0,37607.38565726025
1801,2015-07-11 14:00:00,38517.0,38481.702371169755
1802,2015-07-11 15:00:00,39400.0,39436.18193696255
1803,2015-07-11 16:00:00,40263.0,40250.9236007963
1804,2015-07-11 17:00:00,41123.0,41106.74800023629
1805,2015-07-11 18:00:00,41527.0,41539.55282909357
1806,2015-07-11 19:00:00,41017.0,41056.86385505539
1807,2015-07-11 20:00:00,39463.0,39447.85359124239
1808,2015-07-11 21:00:00,37853.0,37879.14082411877
1809,2015-07-11 22:00:00,37052.0,37003.92420845256
1810,2015-07-11 23:00:00,34483.0,34495.3101612368
1811,2015-07-12 00:00:00,31599.0,31612.05586694939
1812,2015-07-10 01:00:00,32207.0,32212.606052027317
1813,2015-07-10 02:00:00,30337.0,30380.782262426143
1814,2015-07-10 03:00:00,29071.0,29114.85912799711
1815,2015-07-10 04:00:00,28257.0,28241.20608768073
1816,2015-07-10 05:00:00,28059.0,28054.636425231565
1817,2015-07-10 06:00:00,28793.0,28822.237555037864
1818,2015-07-10 07:00:00,30457.0,30491.391140086827
1819,2015-07-10 08:00:00,33025.0,33016.79688048369
1820,2015-07-10 09:00:00,34921.0,34905.902659294334
1821,2015-07-10 10:00:00,36539.0,36571.06165297611
1822,2015-07-10 11:00:00,38009.0,37996.68694883953
1823,2015-07-10 12:00:00,39231.0,39221.52321926026
1824,2015-07-10 13:00:00,40260.0,40223.55304311056
1825,2015-07-10 14:00:00,41297.0,41301.294913754195
1826,2015-07-10 15:00:00,42220.0,42202.64480654516
1827,2015-07-10 16:00:00,43317.0,43326.06067294229
1828,2015-07-10 17:00:00,44194.0,44188.82090674641
1829,2015-07-10 18:00:00,44511.0,44535.81364627636
1830,2015-07-10 19:00:00,43313.0,43290.77728722072
1831,2015-07-10 20:00:00,41285.0,41252.19995588073
1832,2015-07-10 21:00:00,39594.0,39614.29597607744
1833,2015-07-10 22:00:00,38642.0,38630.41272028802
1834,2015-07-10 23:00:00,35751.0,35757.36035750359
1835,2015-07-11 00:00:00,32659.0,32703.106873590114
1836,2015-07-09 01:00:00,32495.0,32493.40936949782
1837,2015-07-09 02:00:00,30513.0,30478.23921292467
1838,2015-07-09 03:00:00,29247.0,29239.670351319048
1839,2015-07-09 04:00:00,28587.0,28584.85309758323
1840,2015-07-09 05:00:00,28754.0,28780.597841087794
1841,2015-07-09 06:00:00,30099.0,30068.518825549665
1842,2015-07-09 07:00:00,32269.0,32253.690176734333
1843,2015-07-09 08:00:00,34603.0,34558.00283195644
1844,2015-07-09 09:00:00,36544.0,36564.19779314082
1845,2015-07-09 10:00:00,38007.0,38031.393234389965
1846,2015-07-09 11:00:00,39495.0,39490.719136880274
1847,2015-07-09 12:00:00,41016.0,41019.82686586643
1848,2015-07-09 13:00:00,42484.0,42508.98138382317
1849,2015-07-09 14:00:00,43909.0,43885.830143047395
1850,2015-07-09 15:00:00,44928.0,44938.69652858904
1851,2015-07-09 16:00:00,45690.0,45736.39193476849
1852,2015-07-09 17:00:00,46364.0,46379.79678184122
1853,2015-07-09 18:00:00,46470.0,46427.81101367214
1854,2015-07-09 19:00:00,45289.0,45268.026006939624
1855,2015-07-09 20:00:00,43621.0,43622.91266057633
1856,2015-07-09 21:00:00,42231.0,42188.26707666846
1857,2015-07-09 22:00:00,40802.0,40819.65698118813
1858,2015-07-09 23:00:00,37955.0,37970.421219927295
1859,2015-07-10 00:00:00,34874.0,34911.632369062696
1860,2015-07-08 01:00:00,33858.0,33857.99927881542
1861,2015-07-08 02:00:00,31733.0,31752.21385497665
1862,2015-07-08 03:00:00,30388.0,30356.201820865306
1863,2015-07-08 04:00:00,29675.0,29625.286969268935
1864,2015-07-08 05:00:00,29849.0,29816.225399436025
1865,2015-07-08 06:00:00,31205.0,31161.2214598307
1866,2015-07-08 07:00:00,33508.0,33500.77180248593
1867,2015-07-08 08:00:00,36304.0,36300.830333726364
1868,2015-07-08 09:00:00,38381.0,38395.44726975097
1869,2015-07-08 10:00:00,40044.0,40008.07718664219
1870,2015-07-08 11:00:00,42100.0,42071.47160974962
1871,2015-07-08 12:00:00,44124.0,44153.832616255764
1872,2015-07-08 13:00:00,45762.0,45769.65224947792
1873,2015-07-08 14:00:00,47065.0,47017.93635936845
1874,2015-07-08 15:00:00,47731.0,47765.84046723239
1875,2015-07-08 16:00:00,47579.0,47591.98055982244
1876,2015-07-08 17:00:00,47151.0,47119.66391064365
1877,2015-07-08 18:00:00,46606.0,46581.206574125696
1878,2015-07-08 19:00:00,45399.0,45404.35474138252
1879,2015-07-08 20:00:00,44026.0,44032.0801181526
1880,2015-07-08 21:00:00,43141.0,43171.518866394035
1881,2015-07-08 22:00:00,42131.0,42116.85826381733
1882,2015-07-08 23:00:00,38925.0,38929.930314655256
1883,2015-07-09 00:00:00,35384.0,35392.25379784982
1884,2015-07-07 01:00:00,31559.0,31564.867641772667
1885,2015-07-07 02:00:00,29818.0,29775.29058453777
1886,2015-07-07 03:00:00,28663.0,28654.12528744339
1887,2015-07-07 04:00:00,28145.0,28128.88841212893
1888,2015-07-07 05:00:00,28342.0,28391.277771823927
1889,2015-07-07 06:00:00,29719.0,29715.568856348764
1890,2015-07-07 07:00:00,32146.0,32139.522787569054
1891,2015-07-07 08:00:00,35115.0,35113.36875664226
1892,2015-07-07 09:00:00,37516.0,37557.92825819694
1893,2015-07-07 10:00:00,39885.0,39896.145385463446
1894,2015-07-07 11:00:00,42466.0,42454.91433874881
1895,2015-07-07 12:00:00,44508.0,44549.25773965507
1896,2015-07-07 13:00:00,46088.0,46130.984294156704
1897,2015-07-07 14:00:00,47590.0,47566.43127338652
1898,2015-07-07 15:00:00,48722.0,48711.3396092154
1899,2015-07-07 16:00:00,49534.0,49580.64586700484
1900,2015-07-07 17:00:00,50038.0,50042.10486888622
1901,2015-07-07 18:00:00,50036.0,50029.174507769065
1902,2015-07-07 19:00:00,48843.0,48812.54045352755
1903,2015-07-07 20:00:00,46988.0,46976.44388397446
1904,2015-07-07 21:00:00,45572.0,45585.12347247209
1905,2015-07-07 22:00:00,44255.0,44208.870114739046
1906,2015-07-07 23:00:00,40613.0,40571.33062867796
1907,2015-07-08 00:00:00,36902.0,36852.53764050238
1908,2015-07-06 01:00:00,28505.0,28476.892733452358
1909,2015-07-06 02:00:00,26904.0,26872.299279886603
1910,2015-07-06 03:00:00,25879.0,25914.080768096253
1911,2015-07-06 04:00:00,25515.0,25483.52380226118
1912,2015-07-06 05:00:00,25807.0,25823.118102586363
1913,2015-07-06 06:00:00,27211.0,27172.835913400537
1914,2015-07-06 07:00:00,29302.0,29311.3559770269
1915,2015-07-06 08:00:00,31939.0,31932.562015170384
1916,2015-07-06 09:00:00,34399.0,34389.8668115727
1917,2015-07-06 10:00:00,36643.0,36678.65618926846
1918,2015-07-06 11:00:00,38715.0,38681.7719466799
1919,2015-07-06 12:00:00,40447.0,40456.52181582728
1920,2015-07-06 13:00:00,41938.0,41970.186405589004
1921,2015-07-06 14:00:00,43167.0,43188.38968224944
1922,2015-07-06 15:00:00,44335.0,44383.3345821145
1923,2015-07-06 16:00:00,45071.0,45021.21058764693
1924,2015-07-06 17:00:00,45610.0,45648.4359314517
1925,2015-07-06 18:00:00,45701.0,45712.34513562538
1926,2015-07-06 19:00:00,44687.0,44637.24845306541
1927,2015-07-06 20:00:00,42990.0,42986.54938213735
1928,2015-07-06 21:00:00,41665.0,41691.7437377139
1929,2015-07-06 22:00:00,40544.0,40512.25466951108
1930,2015-07-06 23:00:00,37623.0,37640.84771815124
1931,2015-07-07 00:00:00,34278.0,34241.96684203321
1932,2015-07-05 01:00:00,25176.0,25206.345243878965
1933,2015-07-05 02:00:00,23812.0,23818.846336832125
1934,2015-07-05 03:00:00,22850.0,22803.38866526655
1935,2015-07-05 04:00:00,22255.0,22214.087570749194
1936,2015-07-05 05:00:00,21989.0,22025.386504966904
1937,2015-07-05 06:00:00,21860.0,21813.30014170558
1938,2015-07-05 07:00:00,21959.0,21938.854259889427
1939,2015-07-05 08:00:00,23211.0,23217.691188757508
1940,2015-07-05 09:00:00,25295.0,25266.343978037563
1941,2015-07-05 10:00:00,27536.0,27508.423216573523
1942,2015-07-05 11:00:00,29582.0,29609.603401165077
1943,2015-07-05 12:00:00,31538.0,31517.099458431207
1944,2015-07-05 13:00:00,33081.0,33034.85829494763
1945,2015-07-05 14:00:00,34451.0,34473.11218000063
1946,2015-07-05 15:00:00,35633.0,35678.436595837484
1947,2015-07-05 16:00:00,36821.0,36854.19339766092
1948,2015-07-05 17:00:00,37835.0,37839.85620294751
1949,2015-07-05 18:00:00,38438.0,38430.488375304085
1950,2015-07-05 19:00:00,37993.0,38035.516517088785
1951,2015-07-05 20:00:00,36867.0,36893.62254383182
1952,2015-07-05 21:00:00,36339.0,36346.0657241235
1953,2015-07-05 22:00:00,35923.0,35960.98223189135
1954,2015-07-05 23:00:00,33723.0,33733.17123634778
1955,2015-07-06 00:00:00,30960.0,31007.35046676021
1956,2015-07-04 01:00:00,26956.0,26991.82904782951
1957,2015-07-04 02:00:00,25368.0,25373.04452306955
1958,2015-07-04 03:00:00,24331.0,24373.283620961516
1959,2015-07-04 04:00:00,23644.0,23628.243895368407
1960,2015-07-04 05:00:00,23414.0,23434.09270213571
1961,2015-07-04 06:00:00,23482.0,23449.127560280474
1962,2015-07-04 07:00:00,23593.0,23632.536491505834
1963,2015-07-04 08:00:00,24705.0,24679.805014988862
1964,2015-07-04 09:00:00,26591.0,26635.90325116267
1965,2015-07-04 10:00:00,28542.0,28493.699145734747
1966,2015-07-04 11:00:00,29919.0,29937.18368967364
1967,2015-07-04 12:00:00,30834.0,30799.005616970157
1968,2015-07-04 13:00:00,31236.0,31263.08114721854
1969,2015-07-04 14:00:00,31240.0,31239.190593029354
1970,2015-07-04 15:00:00,31167.0,31207.965025256417
1971,2015-07-04 16:00:00,31226.0,31247.50692097145
1972,2015-07-04 17:00:00,31315.0,31341.82659886485
1973,2015-07-04 18:00:00,31152.0,31114.047936918018
1974,2015-07-04 19:00:00,30549.0,30508.65612103373
1975,2015-07-04 20:00:00,29733.0,29768.05577051867
1976,2015-07-04 21:00:00,29404.0,29376.577384358254
1977,2015-07-04 22:00:00,29000.0,29036.694182607916
1978,2015-07-04 23:00:00,28274.0,28238.253813747764
1979,2015-07-05 00:00:00,26961.0,26941.845128065383
1980,2015-07-03 01:00:00,26015.0,26057.873872926022
1981,2015-07-03 02:00:00,24406.0,24439.97178330815
1982,2015-07-03 03:00:00,23363.0,23318.424264390553
1983,2015-07-03 04:00:00,22734.0,22728.809751028515
1984,2015-07-03 05:00:00,22588.0,22628.98678421436
1985,2015-07-03 06:00:00,22859.0,22810.47578421251
1986,2015-07-03 07:00:00,23520.0,23480.731948676814
1987,2015-07-03 08:00:00,25154.0,25168.519588504554
1988,2015-07-03 09:00:00,27094.0,27054.49834829023
1989,2015-07-03 10:00:00,29067.0,29061.88382511404
1990,2015-07-03 11:00:00,30852.0,30852.782278191688
1991,2015-07-03 12:00:00,32282.0,32318.025406350705
1992,2015-07-03 13:00:00,33524.0,33569.739082028704
1993,2015-07-03 14:00:00,34697.0,34698.22309479475
1994,2015-07-03 15:00:00,35618.0,35619.0360321705
1995,2015-07-03 16:00:00,36433.0,36455.679533848954
1996,2015-07-03 17:00:00,36880.0,36849.25066166481
1997,2015-07-03 18:00:00,36751.0,36795.085854063975
1998,2015-07-03 19:00:00,35660.0,35610.11989244532
1999,2015-07-03 20:00:00,34351.0,34301.17938700723
2000,2015-07-03 21:00:00,33752.0,33764.56663618034
2001,2015-07-03 22:00:00,33236.0,33220.14846922808
2002,2015-07-03 23:00:00,31454.0,31443.811524029807
2003,2015-07-04 00:00:00,29208.0,29180.14371758573
2004,2015-07-02 01:00:00,28845.0,28835.780239741525
2005,2015-07-02 02:00:00,26875.0,26907.798314342268
2006,2015-07-02 03:00:00,25573.0,25592.924944819028
2007,2015-07-02 04:00:00,24859.0,24818.465375584306
2008,2015-07-02 05:00:00,24874.0,24829.667983864714
2009,2015-07-02 06:00:00,25941.0,25941.619279747687
2010,2015-07-02 07:00:00,27912.0,27935.016096336636
2011,2015-07-02 08:00:00,30211.0,30227.44890690964
2012,2015-07-02 09:00:00,31955.0,31991.411469370658
2013,2015-07-02 10:00:00,33271.0,33234.32646178587
2014,2015-07-02 11:00:00,34472.0,34482.57526368778
2015,2015-07-02 12:00:00,35292.0,35318.601454733
2016,2015-07-02 13:00:00,35792.0,35835.784078803015
2017,2015-07-02 14:00:00,36164.0,36124.08830373847
2018,2015-07-02 15:00:00,36172.0,36145.96418507218
2019,2015-07-02 16:00:00,35980.0,35965.459143216285
2020,2015-07-02 17:00:00,35802.0,35806.0750425052
2021,2015-07-02 18:00:00,35621.0,35611.86121944064
2022,2015-07-02 19:00:00,34889.0,34925.11172840152
2023,2015-07-02 20:00:00,34003.0,34048.0526937882
2024,2015-07-02 21:00:00,33718.0,33675.00786562722
2025,2015-07-02 22:00:00,33161.0,33180.968063230765
2026,2015-07-02 23:00:00,30938.0,30899.427331874882
2027,2015-07-03 00:00:00,28307.0,28346.795515393685
2028,2015-07-01 01:00:00,29444.0,29408.20985434452
2029,2015-07-01 02:00:00,27546.0,27595.151120854902
2030,2015-07-01 03:00:00,26361.0,26353.775021193433
2031,2015-07-01 04:00:00,25686.0,25674.193688265077
2032,2015-07-01 05:00:00,25657.0,25665.628048435974
2033,2015-07-01 06:00:00,26825.0,26814.435643649234
2034,2015-07-01 07:00:00,28806.0,28779.469360667903
2035,2015-07-01 08:00:00,31172.0,31184.914384419422
2036,2015-07-01 09:00:00,33237.0,33259.83635985601
2037,2015-07-01 10:00:00,35092.0,35136.53216052026
2038,2015-07-01 11:00:00,36836.0,36826.91186075791
2039,2015-07-01 12:00:00,38453.0,38473.577293553026
2040,2015-07-01 13:00:00,39845.0,39878.36035165419
2041,2015-07-01 14:00:00,41240.0,41273.1383815868
2042,2015-07-01 15:00:00,42172.0,42125.42701385798
2043,2015-07-01 16:00:00,42991.0,42976.57023200322
2044,2015-07-01 17:00:00,43512.0,43463.341835916624
2045,2015-07-01 18:00:00,43503.0,43508.90799207256
2046,2015-07-01 19:00:00,42330.0,42366.50904261004
2047,2015-07-01 20:00:00,40573.0,40604.491803353834
2048,2015-07-01 21:00:00,39210.0,39241.12495727064
2049,2015-07-01 22:00:00,38353.0,38338.18359978375
2050,2015-07-01 23:00:00,35247.0,35201.63296548207
2051,2015-07-02 00:00:00,31808.0,31775.241772165373
2052,2015-06-30 01:00:00,26634.0,26651.069135900816
2053,2015-06-30 02:00:00,25068.0,25031.384279446705
2054,2015-06-30 03:00:00,24110.0,24072.532836775372
2055,2015-06-30 04:00:00,23706.0,23691.36752391127
2056,2015-06-30 05:00:00,24008.0,23967.453482792953
2057,2015-06-30 06:00:00,25261.0,25243.97841421451
2058,2015-06-30 07:00:00,27543.0,27589.969265372478
2059,2015-06-30 08:00:00,30182.0,30133.995110878477
2060,2015-06-30 09:00:00,32199.0,32232.054280721837
2061,2015-06-30 10:00:00,33855.0,33904.362166301435
2062,2015-06-30 11:00:00,35529.0,35522.640527411764
2063,2015-06-30 12:00:00,37138.0,37182.30553687431
2064,2015-06-30 13:00:00,38537.0,38513.114486847735
2065,2015-06-30 14:00:00,39974.0,40022.22973012492
2066,2015-06-30 15:00:00,40919.0,40955.15513109432
2067,2015-06-30 16:00:00,41508.0,41546.469757004284
2068,2015-06-30 17:00:00,41683.0,41646.03983588148
2069,2015-06-30 18:00:00,41562.0,41599.00624178454
2070,2015-06-30 19:00:00,40526.0,40570.18229906707
2071,2015-06-30 20:00:00,39284.0,39315.90479791
2072,2015-06-30 21:00:00,38575.0,38534.13640232471
2073,2015-06-30 22:00:00,37816.0,37774.47766324055
2074,2015-06-30 23:00:00,35097.0,35082.76059936266
2075,2015-07-01 00:00:00,32040.0,32060.492566730885
2076,2015-06-29 01:00:00,24520.0,24471.245282816715
2077,2015-06-29 02:00:00,23142.0,23187.064574619697
2078,2015-06-29 03:00:00,22338.0,22340.544926611343
2079,2015-06-29 04:00:00,21983.0,21968.837244268358
2080,2015-06-29 05:00:00,22321.0,22327.122892919055
2081,2015-06-29 06:00:00,23398.0,23419.57861966738
2082,2015-06-29 07:00:00,25507.0,25484.32790877325
2083,2015-06-29 08:00:00,27942.0,27921.112364722787
2084,2015-06-29 09:00:00,29717.0,29713.817684991234
2085,2015-06-29 10:00:00,31146.0,31162.99307265602
2086,2015-06-29 11:00:00,32391.0,32411.63703349218
2087,2015-06-29 12:00:00,33403.0,33385.405663942365
2088,2015-06-29 13:00:00,34210.0,34192.24915594482
2089,2015-06-29 14:00:00,35104.0,35102.71087461731
2090,2015-06-29 15:00:00,35908.0,35912.19217005994
2091,2015-06-29 16:00:00,36610.0,36624.94141349393
2092,2015-06-29 17:00:00,37269.0,37280.77096816999
2093,2015-06-29 18:00:00,37942.0,37929.25178840067
2094,2015-06-29 19:00:00,37636.0,37615.68867902665
2095,2015-06-29 20:00:00,36578.0,36558.792119113124
2096,2015-06-29 21:00:00,35551.0,35565.54010577035
2097,2015-06-29 22:00:00,34844.0,34837.314755438136
2098,2015-06-29 23:00:00,32113.0,32076.434936229674
2099,2015-06-30 00:00:00,29043.0,28993.592305912625
2100,2015-06-28 01:00:00,23948.0,23900.96773640657
2101,2015-06-28 02:00:00,22898.0,22934.751634709904
2102,2015-06-28 03:00:00,22202.0,22197.782721138046
2103,2015-06-28 04:00:00,21739.0,21754.742720399307
2104,2015-06-28 05:00:00,21632.0,21674.903749612884
2105,2015-06-28 06:00:00,21713.0,21675.627985407635
2106,2015-06-28 07:00:00,21853.0,21847.761589538226
2107,2015-06-28 08:00:00,23054.0,23057.906739687864
2108,2015-06-28 09:00:00,24891.0,24925.153490723376
2109,2015-06-28 10:00:00,26645.0,26694.371842462162
2110,2015-06-28 11:00:00,28005.0,28026.167848665784
2111,2015-06-28 12:00:00,28829.0,28843.183410299356
2112,2015-06-28 13:00:00,29351.0,29393.031252937388
2113,2015-06-28 14:00:00,29703.0,29736.73809129501
2114,2015-06-28 15:00:00,29966.0,30002.504416454456
2115,2015-06-28 16:00:00,30319.0,30269.270572467038
2116,2015-06-28 17:00:00,30709.0,30710.44320915365
2117,2015-06-28 18:00:00,30996.0,31024.27285673853
2118,2015-06-28 19:00:00,30778.0,30746.14571224757
2119,2015-06-28 20:00:00,30568.0,30593.145229160305
2120,2015-06-28 21:00:00,30648.0,30598.91601516524
2121,2015-06-28 22:00:00,30609.0,30616.516669112476
2122,2015-06-28 23:00:00,28872.0,28907.132811999334
2123,2015-06-29 00:00:00,26544.0,26537.134835822533
2124,2015-06-27 01:00:00,27763.0,27786.9452527716
2125,2015-06-27 02:00:00,26076.0,26079.039866991086
2126,2015-06-27 03:00:00,24908.0,24922.729097842028
2127,2015-06-27 04:00:00,24195.0,24196.66679158755
2128,2015-06-27 05:00:00,23963.0,23960.58367432659
2129,2015-06-27 06:00:00,24178.0,24212.162657961322
2130,2015-06-27 07:00:00,24699.0,24658.27431855891
2131,2015-06-27 08:00:00,25930.0,25938.465128535103
2132,2015-06-27 09:00:00,27628.0,27589.48104877978
2133,2015-06-27 10:00:00,29192.0,29198.28079116451
2134,2015-06-27 11:00:00,30174.0,30220.35960426817
2135,2015-06-27 12:00:00,30500.0,30455.70978910113
2136,2015-06-27 13:00:00,30388.0,30380.20068031964
2137,2015-06-27 14:00:00,29946.0,29976.19712002761
2138,2015-06-27 15:00:00,29542.0,29528.969156837033
2139,2015-06-27 16:00:00,29246.0,29248.0314767464
2140,2015-06-27 17:00:00,29164.0,29125.470780688145
2141,2015-06-27 18:00:00,29222.0,29194.30732752394
2142,2015-06-27 19:00:00,29099.0,29117.642520545076
2143,2015-06-27 20:00:00,28896.0,28928.85875540146
2144,2015-06-27 21:00:00,28964.0,28978.64563496659
2145,2015-06-27 22:00:00,28590.0,28623.692087947857
2146,2015-06-27 23:00:00,27212.0,27222.56574671742
2147,2015-06-28 00:00:00,25510.0,25541.02082089354
2148,2015-06-26 01:00:00,27583.0,27631.288680093694
2149,2015-06-26 02:00:00,26032.0,25990.282473413794
2150,2015-06-26 03:00:00,25117.0,25114.96496301297
2151,2015-06-26 04:00:00,24669.0,24637.98926663527
2152,2015-06-26 05:00:00,24871.0,24867.52285476146
2153,2015-06-26 06:00:00,26062.0,26061.958674483187
2154,2015-06-26 07:00:00,28036.0,28048.192127620576
2155,2015-06-26 08:00:00,30279.0,30272.92979869832
2156,2015-06-26 09:00:00,32133.0,32115.47124277622
2157,2015-06-26 10:00:00,33649.0,33603.316829539246
2158,2015-06-26 11:00:00,35141.0,35094.4793533703
2159,2015-06-26 12:00:00,36211.0,36178.5008351796
2160,2015-06-26 13:00:00,37172.0,37166.89864097217
2161,2015-06-26 14:00:00,38058.0,38049.751603625795
2162,2015-06-26 15:00:00,38668.0,38637.06954939723
2163,2015-06-26 16:00:00,39276.0,39308.23395717797
2164,2015-06-26 17:00:00,39638.0,39656.349321166184
2165,2015-06-26 18:00:00,39565.0,39549.31649815841
2166,2015-06-26 19:00:00,38542.0,38571.6967552011
2167,2015-06-26 20:00:00,37096.0,37144.92459055415
2168,2015-06-26 21:00:00,35989.0,35963.50424237783
2169,2015-06-26 22:00:00,35385.0,35371.25899058371
2170,2015-06-26 23:00:00,32998.0,33047.28982521122
2171,2015-06-27 00:00:00,30215.0,30178.78825713054
2172,2015-06-25 01:00:00,28315.0,28272.71877633262
2173,2015-06-25 02:00:00,26453.0,26455.099116030793
2174,2015-06-25 03:00:00,25301.0,25297.842910281764
2175,2015-06-25 04:00:00,24628.0,24585.828874697912
2176,2015-06-25 05:00:00,24777.0,24756.003602302128
2177,2015-06-25 06:00:00,25707.0,25698.893666325446
2178,2015-06-25 07:00:00,27821.0,27853.220962156363
2179,2015-06-25 08:00:00,30570.0,30590.78423541539
2180,2015-06-25 09:00:00,32883.0,32924.45266384595
2181,2015-06-25 10:00:00,34758.0,34741.24999369681
2182,2015-06-25 11:00:00,36575.0,36555.93784225005
2183,2015-06-25 12:00:00,38148.0,38144.31817007778
2184,2015-06-25 13:00:00,39288.0,39238.75281369071
2185,2015-06-25 14:00:00,40168.0,40138.73200880819
2186,2015-06-25 15:00:00,40602.0,40573.14711102161
2187,2015-06-25 16:00:00,40624.0,40580.10900331094
2188,2015-06-25 17:00:00,40332.0,40327.51306897237
2189,2015-06-25 18:00:00,39710.0,39750.552020530675
2190,2015-06-25 19:00:00,38588.0,38538.40304165345
2191,2015-06-25 20:00:00,37519.0,37531.84146667123
2192,2015-06-25 21:00:00,37039.0,37076.933271784685
2193,2015-06-25 22:00:00,35904.0,35864.752110261994
2194,2015-06-25 23:00:00,33068.0,33109.72582831279
2195,2015-06-26 00:00:00,30068.0,30099.852164346477
2196,2015-06-24 01:00:00,30526.0,30497.457134491386
2197,2015-06-24 02:00:00,28606.0,28646.534357559416
2198,2015-06-24 03:00:00,27247.0,27277.401578624886
2199,2015-06-24 04:00:00,26296.0,26257.138909293546
2200,2015-06-24 05:00:00,26080.0,26113.05994473553
2201,2015-06-24 06:00:00,26843.0,26847.218293869937
2202,2015-06-24 07:00:00,28959.0,28990.595990850125
2203,2015-06-24 08:00:00,31575.0,31586.76649968664
2204,2015-06-24 09:00:00,33523.0,33512.185700848146
2205,2015-06-24 10:00:00,35082.0,35092.11404695325
2206,2015-06-24 11:00:00,36745.0,36758.618074066355
2207,2015-06-24 12:00:00,37992.0,38018.62061475869
2208,2015-06-24 13:00:00,39115.0,39148.068175853776
2209,2015-06-24 14:00:00,40267.0,40283.3210668878
2210,2015-06-24 15:00:00,41241.0,41289.964820906804
2211,2015-06-24 16:00:00,42252.0,42279.855093884726
2212,2015-06-24 17:00:00,43041.0,43082.07649988388
2213,2015-06-24 18:00:00,43267.0,43248.949433336464
2214,2015-06-24 19:00:00,42429.0,42410.62274321126
2215,2015-06-24 20:00:00,40718.0,40704.23350762163
2216,2015-06-24 21:00:00,38897.0,38890.97162893397
2217,2015-06-24 22:00:00,37823.0,37869.14001350271
2218,2015-06-24 23:00:00,34699.0,34656.35312193423
2219,2015-06-25 00:00:00,31166.0,31165.84435796936
2220,2015-06-23 01:00:00,33038.0,33004.11605216268
2221,2015-06-23 02:00:00,31035.0,31066.08933654192
2222,2015-06-23 03:00:00,29789.0,29742.114426801098
2223,2015-06-23 04:00:00,29163.0,29158.514425716556
2224,2015-06-23 05:00:00,29408.0,29397.474102292625
2225,2015-06-23 06:00:00,30631.0,30590.218099000078
2226,2015-06-23 07:00:00,33301.0,33288.671895026164
2227,2015-06-23 08:00:00,36646.0,36676.90304980257
2228,2015-06-23 09:00:00,39554.0,39517.74746533743
2229,2015-06-23 10:00:00,42228.0,42276.350575630204
2230,2015-06-23 11:00:00,45035.0,44990.84543451302
2231,2015-06-23 12:00:00,47415.0,47393.910277315736
2232,2015-06-23 13:00:00,48959.0,48986.489911419776
2233,2015-06-23 14:00:00,50416.0,50401.75212828445
2234,2015-06-23 15:00:00,51471.0,51469.03534894046
2235,2015-06-23 16:00:00,52080.0,52048.66585114303
2236,2015-06-23 17:00:00,52144.0,52165.549588215625
2237,2015-06-23 18:00:00,50970.0,50937.95416129105
2238,2015-06-23 19:00:00,46439.0,46473.87310970845
2239,2015-06-23 20:00:00,43578.0,43581.949954529606
2240,2015-06-23 21:00:00,41466.0,41470.81568289756
2241,2015-06-23 22:00:00,39667.0,39710.35115922421
2242,2015-06-23 23:00:00,36624.0,36651.299958125455
2243,2015-06-24 00:00:00,33402.0,33426.31394864679
2244,2015-06-22 01:00:00,32303.0,32338.804016621092
2245,2015-06-22 02:00:00,30252.0,30211.18172838051
2246,2015-06-22 03:00:00,28889.0,28911.604436294714
2247,2015-06-22 04:00:00,28119.0,28092.32079131025
2248,2015-06-22 05:00:00,28054.0,28032.094634072877
2249,2015-06-22 06:00:00,28895.0,28846.514613723146
2250,2015-06-22 07:00:00,31212.0,31251.372106324558
2251,2015-06-22 08:00:00,34546.0,34569.911293210804
2252,2015-06-22 09:00:00,37188.0,37151.92871311355
2253,2015-06-22 10:00:00,39343.0,39325.79232033158
2254,2015-06-22 11:00:00,41571.0,41568.99328670637
2255,2015-06-22 12:00:00,43207.0,43206.39107822427
2256,2015-06-22 13:00:00,44654.0,44663.565394074365
2257,2015-06-22 14:00:00,46182.0,46179.218370972856
2258,2015-06-22 15:00:00,47460.0,47474.86453156688
2259,2015-06-22 16:00:00,48418.0,48456.387079597946
2260,2015-06-22 17:00:00,49171.0,49160.807255522064
2261,2015-06-22 18:00:00,49397.0,49434.67109193908
2262,2015-06-22 19:00:00,48550.0,48521.9610216002
2263,2015-06-22 20:00:00,46787.0,46749.138132506225
2264,2015-06-22 21:00:00,45088.0,45061.940129661154
2265,2015-06-22 22:00:00,43561.0,43531.65926550283
2266,2015-06-22 23:00:00,39861.0,39909.50790834496
2267,2015-06-23 00:00:00,36000.0,35988.10537264449
2268,2015-06-21 01:00:00,28725.0,28740.147326893468
2269,2015-06-21 02:00:00,27239.0,27258.60526529884
2270,2015-06-21 03:00:00,26245.0,26239.520862273126
2271,2015-06-21 04:00:00,25585.0,25557.357173478824
2272,2015-06-21 05:00:00,25313.0,25306.80980134887
2273,2015-06-21 06:00:00,25444.0,25441.376088630645
2274,2015-06-21 07:00:00,25739.0,25784.400768992055
2275,2015-06-21 08:00:00,27105.0,27111.86237050361
2276,2015-06-21 09:00:00,29686.0,29732.987260534104
2277,2015-06-21 10:00:00,32543.0,32550.671264902463
2278,2015-06-21 11:00:00,34961.0,34925.499801560756
2279,2015-06-21 12:00:00,36960.0,36948.4376638225
2280,2015-06-21 13:00:00,38631.0,38660.23133259374
2281,2015-06-21 14:00:00,39964.0,39956.16222678751
2282,2015-06-21 15:00:00,41228.0,41187.97338448416
2283,2015-06-21 16:00:00,42484.0,42443.607616058805
2284,2015-06-21 17:00:00,43700.0,43673.70647560581
2285,2015-06-21 18:00:00,44327.0,44333.477178365545
2286,2015-06-21 19:00:00,43754.0,43787.01549770997
2287,2015-06-21 20:00:00,42701.0,42704.37127488369
2288,2015-06-21 21:00:00,41714.0,41738.60803866728
2289,2015-06-21 22:00:00,41230.0,41244.55931035555
2290,2015-06-21 23:00:00,38573.0,38575.409918514306
2291,2015-06-22 00:00:00,35258.0,35229.4807927292
2292,2015-06-20 01:00:00,30190.0,30228.316853968863
2293,2015-06-20 02:00:00,28212.0,28189.571539714696
2294,2015-06-20 03:00:00,26867.0,26842.281992995544
2295,2015-06-20 04:00:00,25999.0,25974.779762450424
2296,2015-06-20 05:00:00,25602.0,25561.568544835794
2297,2015-06-20 06:00:00,25649.0,25648.865404090462
2298,2015-06-20 07:00:00,26079.0,26061.753028770952
2299,2015-06-20 08:00:00,27518.0,27520.194198106157
2300,2015-06-20 09:00:00,29536.0,29531.31153811393
2301,2015-06-20 10:00:00,31619.0,31620.979180581668
2302,2015-06-20 11:00:00,33372.0,33351.76533518877
2303,2015-06-20 12:00:00,34653.0,34684.51381130261
2304,2015-06-20 13:00:00,35705.0,35708.419300091635
2305,2015-06-20 14:00:00,36479.0,36449.843466895894
2306,2015-06-20 15:00:00,37136.0,37176.18037002508
2307,2015-06-20 16:00:00,37508.0,37468.945510083366
2308,2015-06-20 17:00:00,37647.0,37670.34344809016
2309,2015-06-20 18:00:00,37558.0,37575.844840477075
2310,2015-06-20 19:00:00,37034.0,36991.28589225702
2311,2015-06-20 20:00:00,36310.0,36350.15076153455
2312,2015-06-20 21:00:00,36020.0,36001.63124217818
2313,2015-06-20 22:00:00,34971.0,34995.08950156146
2314,2015-06-20 23:00:00,33075.0,33052.70015858508
2315,2015-06-21 00:00:00,30849.0,30851.569174314754
2316,2015-06-19 01:00:00,28093.0,28140.233361381208
2317,2015-06-19 02:00:00,26679.0,26690.07764098682
2318,2015-06-19 03:00:00,25781.0,25760.632276146047
2319,2015-06-19 04:00:00,25356.0,25351.837714640773
2320,2015-06-19 05:00:00,25631.0,25648.604115108148
2321,2015-06-19 06:00:00,26891.0,26885.518889551604
2322,2015-06-19 07:00:00,29167.0,29208.074856236537
2323,2015-06-19 08:00:00,31930.0,31966.74607363965
2324,2015-06-19 09:00:00,34060.0,34024.68101769605
2325,2015-06-19 10:00:00,36086.0,36114.49408940634
2326,2015-06-19 11:00:00,38159.0,38203.24149119588
2327,2015-06-19 12:00:00,39813.0,39794.6908224375
2328,2015-06-19 13:00:00,41101.0,41074.821971395446
2329,2015-06-19 14:00:00,42273.0,42223.95887463069
2330,2015-06-19 15:00:00,43124.0,43085.56574355447
2331,2015-06-19 16:00:00,43842.0,43888.09130709583
2332,2015-06-19 17:00:00,44342.0,44331.11216277375
2333,2015-06-19 18:00:00,44083.0,44071.734153945865
2334,2015-06-19 19:00:00,42727.0,42703.66789179948
2335,2015-06-19 20:00:00,40839.0,40805.40589106841
2336,2015-06-19 21:00:00,39769.0,39769.87901909483
2337,2015-06-19 22:00:00,38872.0,38894.31876565843
2338,2015-06-19 23:00:00,36154.0,36159.07953336012
2339,2015-06-20 00:00:00,33004.0,32957.54502369519
2340,2015-06-18 01:00:00,28200.0,28230.346964096367
2341,2015-06-18 02:00:00,26674.0,26717.15941516943
2342,2015-06-18 03:00:00,25731.0,25725.03767408074
2343,2015-06-18 04:00:00,25293.0,25279.646455279966
2344,2015-06-18 05:00:00,25537.0,25509.9854010556
2345,2015-06-18 06:00:00,27080.0,27060.18702998373
2346,2015-06-18 07:00:00,29503.0,29517.444750758983
2347,2015-06-18 08:00:00,31721.0,31748.014612786286
2348,2015-06-18 09:00:00,33084.0,33067.221573634735
2349,2015-06-18 10:00:00,34043.0,34026.96726233779
2350,2015-06-18 11:00:00,35155.0,35150.110131970236
2351,2015-06-18 12:00:00,35961.0,35928.02027765197
2352,2015-06-18 13:00:00,36519.0,36561.72081881771
2353,2015-06-18 14:00:00,37244.0,37264.54560684534
2354,2015-06-18 15:00:00,37669.0,37662.35834282744
2355,2015-06-18 16:00:00,38071.0,38033.227251188895
2356,2015-06-18 17:00:00,38032.0,38066.88255482247
2357,2015-06-18 18:00:00,37566.0,37564.37143449768
2358,2015-06-18 19:00:00,36887.0,36916.68828840523
2359,2015-06-18 20:00:00,36176.0,36129.339408725085
2360,2015-06-18 21:00:00,36010.0,35987.3654096282
2361,2015-06-18 22:00:00,35463.0,35475.20953766914
2362,2015-06-18 23:00:00,33093.0,33091.792332122764
2363,2015-06-19 00:00:00,30382.0,30361.507197797662
2364,2015-06-17 01:00:00,31105.0,31075.11302374758
2365,2015-06-17 02:00:00,28976.0,28956.18133291505
2366,2015-06-17 03:00:00,27567.0,27591.23394008768
2367,2015-06-17 04:00:00,26738.0,26706.37073505013
2368,2015-06-17 05:00:00,26711.0,26720.38132076422
2369,2015-06-17 06:00:00,27599.0,27591.368083343266
2370,2015-06-17 07:00:00,30134.0,30160.303790386075
2371,2015-06-17 08:00:00,33141.0,33111.161852261896
2372,2015-06-17 09:00:00,35191.0,35168.00895762368
2373,2015-06-17 10:00:00,36892.0,36881.86875319089
2374,2015-06-17 11:00:00,38438.0,38404.657560870604
2375,2015-06-17 12:00:00,39820.0,39816.11947721447
2376,2015-06-17 13:00:00,40985.0,40976.60508081502
2377,2015-06-17 14:00:00,42045.0,42094.008554428074
2378,2015-06-17 15:00:00,42487.0,42496.38637092781
2379,2015-06-17 16:00:00,42472.0,42428.94620251071
2380,2015-06-17 17:00:00,41900.0,41895.994164751704
2381,2015-06-17 18:00:00,40675.0,40712.850153074316
2382,2015-06-17 19:00:00,39046.0,39082.67675873892
2383,2015-06-17 20:00:00,37743.0,37789.180521987095
2384,2015-06-17 21:00:00,37341.0,37380.423086685325
2385,2015-06-17 22:00:00,36484.0,36451.629970151436
2386,2015-06-17 23:00:00,33691.0,33641.35702744931
2387,2015-06-18 00:00:00,30628.0,30639.625268923613
2388,2015-06-16 01:00:00,31800.0,31820.244436683995
2389,2015-06-16 02:00:00,29903.0,29866.12121500011
2390,2015-06-16 03:00:00,28660.0,28626.683529919817
2391,2015-06-16 04:00:00,28088.0,28134.30765633887
2392,2015-06-16 05:00:00,28233.0,28277.383325474526
2393,2015-06-16 06:00:00,29689.0,29654.69715486997
2394,2015-06-16 07:00:00,32409.0,32383.700840426667
2395,2015-06-16 08:00:00,35500.0,35539.211366202195
2396,2015-06-16 09:00:00,37693.0,37686.49933306334
2397,2015-06-16 10:00:00,39852.0,39881.80726258613
2398,2015-06-16 11:00:00,41953.0,41942.59860307593
2399,2015-06-16 12:00:00,43616.0,43639.63829153081
2400,2015-06-16 13:00:00,44785.0,44774.68258030534
2401,2015-06-16 14:00:00,45994.0,46033.917909492455
2402,2015-06-16 15:00:00,46629.0,46611.55726790386
2403,2015-06-16 16:00:00,47466.0,47468.31181319941
2404,2015-06-16 17:00:00,48212.0,48214.17559077272
2405,2015-06-16 18:00:00,48042.0,48056.887137861726
2406,2015-06-16 19:00:00,46792.0,46772.67000445632
2407,2015-06-16 20:00:00,44964.0,44978.266050726495
2408,2015-06-16 21:00:00,43203.0,43167.10358195444
2409,2015-06-16 22:00:00,41908.0,41947.361352331216
2410,2015-06-16 23:00:00,38179.0,38143.41734875611
2411,2015-06-17 00:00:00,34305.0,34339.029493477836
2412,2015-06-15 01:00:00,30546.0,30565.314806938382
2413,2015-06-15 02:00:00,28892.0,28876.106707251747
2414,2015-06-15 03:00:00,27999.0,27981.74332379285
2415,2015-06-15 04:00:00,27644.0,27690.604507408225
2416,2015-06-15 05:00:00,28066.0,28035.498386222367
2417,2015-06-15 06:00:00,29743.0,29765.295876543303
2418,2015-06-15 07:00:00,32472.0,32440.368230025637
2419,2015-06-15 08:00:00,35304.0,35344.53975206205
2420,2015-06-15 09:00:00,37237.0,37261.19390049014
2421,2015-06-15 10:00:00,38991.0,39034.27046885139
2422,2015-06-15 11:00:00,40682.0,40719.91077126179
2423,2015-06-15 12:00:00,42232.0,42236.949888363284
2424,2015-06-15 13:00:00,43755.0,43720.22291092879
2425,2015-06-15 14:00:00,45396.0,45368.14595140398
2426,2015-06-15 15:00:00,46810.0,46780.18178738525
2427,2015-06-15 16:00:00,47622.0,47594.06394427248
2428,2015-06-15 17:00:00,48232.0,48229.64141450809
2429,2015-06-15 18:00:00,47919.0,47955.77934744794
2430,2015-06-15 19:00:00,46499.0,46451.31146050717
2431,2015-06-15 20:00:00,44763.0,44736.84804065942
2432,2015-06-15 21:00:00,43551.0,43560.68029810997
2433,2015-06-15 22:00:00,41990.0,42026.53234812578
2434,2015-06-15 23:00:00,38427.0,38406.748038682395
2435,2015-06-16 00:00:00,34715.0,34703.25271591868
2436,2015-06-14 01:00:00,30680.0,30667.34254097145
2437,2015-06-14 02:00:00,28747.0,28726.36936629299
2438,2015-06-14 03:00:00,27370.0,27389.87626275087
2439,2015-06-14 04:00:00,26395.0,26410.581472245067
2440,2015-06-14 05:00:00,25894.0,25928.327501001007
2441,2015-06-14 06:00:00,25618.0,25659.75773801692
2442,2015-06-14 07:00:00,25863.0,25903.04757980922
2443,2015-06-14 08:00:00,27718.0,27722.016083787872
2444,2015-06-14 09:00:00,30743.0,30711.56974624245
2445,2015-06-14 10:00:00,33856.0,33828.2162049539
2446,2015-06-14 11:00:00,36641.0,36650.02537984609
2447,2015-06-14 12:00:00,38881.0,38922.839818498425
2448,2015-06-14 13:00:00,40687.0,40690.04314355647
2449,2015-06-14 14:00:00,42059.0,42102.572854476675
2450,2015-06-14 15:00:00,43152.0,43128.22500179189
2451,2015-06-14 16:00:00,43863.0,43821.63467777551
2452,2015-06-14 17:00:00,44255.0,44284.62904060841
2453,2015-06-14 18:00:00,43764.0,43801.93835819396
2454,2015-06-14 19:00:00,42511.0,42505.80812565865
2455,2015-06-14 20:00:00,41178.0,41138.2444217678
2456,2015-06-14 21:00:00,40436.0,40390.23272945287
2457,2015-06-14 22:00:00,39117.0,39073.25579155958
2458,2015-06-14 23:00:00,36157.0,36150.911445958314
2459,2015-06-15 00:00:00,33018.0,32991.48149909386
2460,2015-06-13 01:00:00,34476.0,34472.19232365068
2461,2015-06-13 02:00:00,32286.0,32284.848950246935
2462,2015-06-13 03:00:00,30607.0,30602.80928520754
2463,2015-06-13 04:00:00,29372.0,29383.992240699063
2464,2015-06-13 05:00:00,28647.0,28664.94037852756
2465,2015-06-13 06:00:00,28408.0,28397.594539578964
2466,2015-06-13 07:00:00,28991.0,28974.703171216806
2467,2015-06-13 08:00:00,31359.0,31345.840128443688
2468,2015-06-13 09:00:00,34322.0,34279.01815300637
2469,2015-06-13 10:00:00,36599.0,36581.16307528946
2470,2015-06-13 11:00:00,38235.0,38204.99126461765
2471,2015-06-13 12:00:00,39343.0,39322.08401720636
2472,2015-06-13 13:00:00,40188.0,40209.43971007076
2473,2015-06-13 14:00:00,40907.0,40955.85384346761
2474,2015-06-13 15:00:00,41704.0,41746.35529670093
2475,2015-06-13 16:00:00,42330.0,42362.16253145274
2476,2015-06-13 17:00:00,42806.0,42829.71970667272
2477,2015-06-13 18:00:00,42924.0,42968.49376492011
2478,2015-06-13 19:00:00,42162.0,42187.20418458034
2479,2015-06-13 20:00:00,40605.0,40602.095467046434
2480,2015-06-13 21:00:00,39478.0,39488.1361925717
2481,2015-06-13 22:00:00,38660.0,38640.57849710904
2482,2015-06-13 23:00:00,36211.0,36161.330833778695
2483,2015-06-14 00:00:00,33359.0,33344.36128943317
2484,2015-06-12 01:00:00,33875.0,33865.4829851602
2485,2015-06-12 02:00:00,31577.0,31600.30921575883
2486,2015-06-12 03:00:00,29992.0,30027.922050402292
2487,2015-06-12 04:00:00,29066.0,29112.26547178694
2488,2015-06-12 05:00:00,28985.0,28970.179175335626
2489,2015-06-12 06:00:00,30001.0,30046.73969363651
2490,2015-06-12 07:00:00,32633.0,32662.938555669356
2491,2015-06-12 08:00:00,35868.0,35821.08443777357
2492,2015-06-12 09:00:00,38608.0,38617.52608470368
2493,2015-06-12 10:00:00,41226.0,41212.56417997751
2494,2015-06-12 11:00:00,43909.0,43862.40112092549
2495,2015-06-12 12:00:00,46158.0,46161.15030828643
2496,2015-06-12 13:00:00,47884.0,47892.481708088635
2497,2015-06-12 14:00:00,49432.0,49407.22307548316
2498,2015-06-12 15:00:00,50559.0,50602.98797509579
2499,2015-06-12 16:00:00,51151.0,51162.04542371697
2500,2015-06-12 17:00:00,51267.0,51234.596365337056
2501,2015-06-12 18:00:00,50564.0,50586.125685903506
2502,2015-06-12 19:00:00,48651.0,48650.91395536342
2503,2015-06-12 20:00:00,46529.0,46526.32340454204
2504,2015-06-12 21:00:00,45341.0,45374.4533262784
2505,2015-06-12 22:00:00,44107.0,44070.81797984582
2506,2015-06-12 23:00:00,40985.0,40984.098673817214
2507,2015-06-13 00:00:00,37574.0,37602.076305461625
2508,2015-06-11 01:00:00,28539.0,28555.038843885923
2509,2015-06-11 02:00:00,26791.0,26741.541365745252
2510,2015-06-11 03:00:00,25694.0,25722.745059214427
2511,2015-06-11 04:00:00,25232.0,25276.467191483578
2512,2015-06-11 05:00:00,25359.0,25379.466883484176
2513,2015-06-11 06:00:00,26907.0,26944.590092489456
2514,2015-06-11 07:00:00,29593.0,29579.081171896116
2515,2015-06-11 08:00:00,32596.0,32581.060314579154
2516,2015-06-11 09:00:00,34937.0,34919.08645300538
2517,2015-06-11 10:00:00,37255.0,37278.4969426951
2518,2015-06-11 11:00:00,39638.0,39682.206595665455
2519,2015-06-11 12:00:00,42136.0,42174.54007713128
2520,2015-06-11 13:00:00,44128.0,44093.02139007231
2521,2015-06-11 14:00:00,46031.0,46043.610773498454
2522,2015-06-11 15:00:00,47279.0,47328.59582795273
2523,2015-06-11 16:00:00,48698.0,48677.536841744586
2524,2015-06-11 17:00:00,49684.0,49697.47847930149
2525,2015-06-11 18:00:00,49865.0,49905.66238302153
2526,2015-06-11 19:00:00,48732.0,48771.954814011086
2527,2015-06-11 20:00:00,47187.0,47169.14752822266
2528,2015-06-11 21:00:00,46075.0,46034.39249149319
2529,2015-06-11 22:00:00,44715.0,44729.60089590709
2530,2015-06-11 23:00:00,41045.0,41089.69674980768
2531,2015-06-12 00:00:00,37143.0,37143.79837278591
2532,2015-06-10 01:00:00,27112.0,27107.770739463507
2533,2015-06-10 02:00:00,25368.0,25404.39484072973
2534,2015-06-10 03:00:00,24283.0,24275.459667907424
2535,2015-06-10 04:00:00,23757.0,23775.092870433295
2536,2015-06-10 05:00:00,23857.0,23845.864235773824
2537,2015-06-10 06:00:00,25118.0,25105.713749287326
2538,2015-06-10 07:00:00,27650.0,27618.78075653415
2539,2015-06-10 08:00:00,30351.0,30309.845167030282
2540,2015-06-10 09:00:00,32219.0,32257.5160675914
2541,2015-06-10 10:00:00,33829.0,33797.12198242361
2542,2015-06-10 11:00:00,35364.0,35320.22184021862
2543,2015-06-10 12:00:00,36821.0,36829.23081089533
2544,2015-06-10 13:00:00,37950.0,37954.59967483082
2545,2015-06-10 14:00:00,39278.0,39284.775670330586
2546,2015-06-10 15:00:00,40249.0,40245.81048881005
2547,2015-06-10 16:00:00,41253.0,41217.19363522181
2548,2015-06-10 17:00:00,42092.0,42044.09148330996
2549,2015-06-10 18:00:00,42271.0,42225.64139272244
2550,2015-06-10 19:00:00,41202.0,41246.31471458354
2551,2015-06-10 20:00:00,39633.0,39636.185425872616
2552,2015-06-10 21:00:00,38706.0,38695.97209354833
2553,2015-06-10 22:00:00,37950.0,37941.08318161568
2554,2015-06-10 23:00:00,34766.0,34781.21953481916
2555,2015-06-11 00:00:00,31186.0,31173.666277759417
2556,2015-06-09 01:00:00,27440.0,27469.645906648442
2557,2015-06-09 02:00:00,25800.0,25775.99429172687
2558,2015-06-09 03:00:00,25005.0,24991.725912948154
2559,2015-06-09 04:00:00,24593.0,24636.499681569076
2560,2015-06-09 05:00:00,24875.0,24851.028367419796
2561,2015-06-09 06:00:00,26521.0,26537.158589737766
2562,2015-06-09 07:00:00,29274.0,29260.45672761232
2563,2015-06-09 08:00:00,31906.0,31903.11971140516
2564,2015-06-09 09:00:00,33417.0,33371.518828604814
2565,2015-06-09 10:00:00,34695.0,34661.72338900068
2566,2015-06-09 11:00:00,36101.0,36061.191278415856
2567,2015-06-09 12:00:00,37335.0,37369.471514773104
2568,2015-06-09 13:00:00,38371.0,38417.16912582225
2569,2015-06-09 14:00:00,39360.0,39316.7974614313
2570,2015-06-09 15:00:00,39990.0,39947.68457701943
2571,2015-06-09 16:00:00,40639.0,40644.21689419865
2572,2015-06-09 17:00:00,41300.0,41300.40349247756
2573,2015-06-09 18:00:00,41209.0,41224.05721327794
2574,2015-06-09 19:00:00,40108.0,40131.680583549656
2575,2015-06-09 20:00:00,38567.0,38596.72194656894
2576,2015-06-09 21:00:00,37583.0,37547.90833802451
2577,2015-06-09 22:00:00,36573.0,36526.78357292375
2578,2015-06-09 23:00:00,33352.0,33390.91588726643
2579,2015-06-10 00:00:00,29888.0,29884.95408937138
2580,2015-06-08 01:00:00,23627.0,23674.124432652097
2581,2015-06-08 02:00:00,22497.0,22500.276948520233
2582,2015-06-08 03:00:00,21902.0,21903.002737550072
2583,2015-06-08 04:00:00,21732.0,21744.29793589128
2584,2015-06-08 05:00:00,22176.0,22143.01439815424
2585,2015-06-08 06:00:00,23737.0,23712.404050503865
2586,2015-06-08 07:00:00,26291.0,26331.58064597237
2587,2015-06-08 08:00:00,28720.0,28691.232774998884
2588,2015-06-08 09:00:00,30324.0,30297.297083198333
2589,2015-06-08 10:00:00,31495.0,31495.998416268085
2590,2015-06-08 11:00:00,32660.0,32674.115135355616
2591,2015-06-08 12:00:00,33754.0,33704.090386661475
2592,2015-06-08 13:00:00,34961.0,34956.6781190591
2593,2015-06-08 14:00:00,36486.0,36475.901312556074
2594,2015-06-08 15:00:00,37850.0,37886.56191925432
2595,2015-06-08 16:00:00,39345.0,39378.96974670366
2596,2015-06-08 17:00:00,40608.0,40648.592345200865
2597,2015-06-08 18:00:00,40872.0,40906.2050610487
2598,2015-06-08 19:00:00,39907.0,39935.671136365716
2599,2015-06-08 20:00:00,38598.0,38633.90049607908
2600,2015-06-08 21:00:00,37803.0,37770.48065244339
2601,2015-06-08 22:00:00,35940.0,35924.08490916843
2602,2015-06-08 23:00:00,32892.0,32910.361832496994
2603,2015-06-09 00:00:00,29756.0,29798.31309585678
2604,2015-06-07 01:00:00,23438.0,23454.690876602395
2605,2015-06-07 02:00:00,22121.0,22091.794890441102
2606,2015-06-07 03:00:00,21222.0,21266.466506381956
2607,2015-06-07 04:00:00,20698.0,20724.034180393333
2608,2015-06-07 05:00:00,20493.0,20514.654375615442
2609,2015-06-07 06:00:00,20341.0,20367.250661731112
2610,2015-06-07 07:00:00,20599.0,20614.91446908495
2611,2015-06-07 08:00:00,21829.0,21781.211258376115
2612,2015-06-07 09:00:00,23621.0,23596.361825963933
2613,2015-06-07 10:00:00,25149.0,25194.657183995965
2614,2015-06-07 11:00:00,26294.0,26272.86042800899
2615,2015-06-07 12:00:00,27227.0,27254.162648448866
2616,2015-06-07 13:00:00,27862.0,27854.448397040913
2617,2015-06-07 14:00:00,28304.0,28344.752771585125
2618,2015-06-07 15:00:00,28752.0,28757.76690545767
2619,2015-06-07 16:00:00,29134.0,29147.188599685458
2620,2015-06-07 17:00:00,29689.0,29662.96251675021
2621,2015-06-07 18:00:00,30235.0,30190.75234064431
2622,2015-06-07 19:00:00,30233.0,30258.655629348497
2623,2015-06-07 20:00:00,29817.0,29773.764328949735
2624,2015-06-07 21:00:00,30001.0,30023.179819131914
2625,2015-06-07 22:00:00,29838.0,29843.549286196183
2626,2015-06-07 23:00:00,27791.0,27823.002371295686
2627,2015-06-08 00:00:00,25532.0,25502.577308947417
2628,2015-06-06 01:00:00,24058.0,24062.15296219336
2629,2015-06-06 02:00:00,22628.0,22639.417138735065
2630,2015-06-06 03:00:00,21919.0,21876.42977933268
2631,2015-06-06 04:00:00,21492.0,21515.89406838753
2632,2015-06-06 05:00:00,21418.0,21406.902943521447
2633,2015-06-06 06:00:00,21744.0,21706.891408937918
2634,2015-06-06 07:00:00,22317.0,22305.70649332905
2635,2015-06-06 08:00:00,23875.0,23834.830148571666
2636,2015-06-06 09:00:00,25860.0,25898.799587303747
2637,2015-06-06 10:00:00,27533.0,27528.675990071566
2638,2015-06-06 11:00:00,28731.0,28694.80280620538
2639,2015-06-06 12:00:00,29291.0,29266.209567772778
2640,2015-06-06 13:00:00,29572.0,29594.464910336625
2641,2015-06-06 14:00:00,29694.0,29722.608816717515
2642,2015-06-06 15:00:00,29741.0,29695.131639516716
2643,2015-06-06 16:00:00,30040.0,29995.988020739056
2644,2015-06-06 17:00:00,30565.0,30606.718517122245
2645,2015-06-06 18:00:00,31028.0,31011.098222788944
2646,2015-06-06 19:00:00,30775.0,30744.332386746835
2647,2015-06-06 20:00:00,30078.0,30040.305763170323
2648,2015-06-06 21:00:00,29759.0,29756.595747808413
2649,2015-06-06 22:00:00,29555.0,29582.105269443793
2650,2015-06-06 23:00:00,27758.0,27760.111776755446
2651,2015-06-07 00:00:00,25486.0,25438.06736796239
2652,2015-06-05 01:00:00,22987.0,22985.390496599415
2653,2015-06-05 02:00:00,21927.0,21908.165707722892
2654,2015-06-05 03:00:00,21361.0,21379.285917017198
2655,2015-06-05 04:00:00,21208.0,21210.350896839293
2656,2015-06-05 05:00:00,21617.0,21663.533714993442
2657,2015-06-05 06:00:00,23096.0,23105.81641540369
2658,2015-06-05 07:00:00,25612.0,25625.248096610656
2659,2015-06-05 08:00:00,27747.0,27749.02307733586
2660,2015-06-05 09:00:00,28859.0,28840.100548729148
2661,2015-06-05 10:00:00,29547.0,29560.060315791747
2662,2015-06-05 11:00:00,29965.0,29948.291163323847
2663,2015-06-05 12:00:00,30180.0,30201.734814763448
2664,2015-06-05 13:00:00,30171.0,30144.684643730412
2665,2015-06-05 14:00:00,30371.0,30357.76613683117
2666,2015-06-05 15:00:00,30514.0,30522.36483265428
2667,2015-06-05 16:00:00,30805.0,30817.849170238846
2668,2015-06-05 17:00:00,31150.0,31166.861286125815
2669,2015-06-05 18:00:00,31224.0,31244.031646871354
2670,2015-06-05 19:00:00,30794.0,30775.830637722378
2671,2015-06-05 20:00:00,30349.0,30388.257640763477
2672,2015-06-05 21:00:00,30578.0,30530.993360825447
2673,2015-06-05 22:00:00,30336.0,30304.842993801834
2674,2015-06-05 23:00:00,28293.0,28250.01408195676
2675,2015-06-06 00:00:00,26009.0,26026.15369723857
2676,2015-06-04 01:00:00,23007.0,22984.366523647524
2677,2015-06-04 02:00:00,22044.0,22013.915350725387
2678,2015-06-04 03:00:00,21469.0,21467.066748757363
2679,2015-06-04 04:00:00,21262.0,21273.904752174712
2680,2015-06-04 05:00:00,21688.0,21699.92460892538
2681,2015-06-04 06:00:00,23230.0,23235.745252944624
2682,2015-06-04 07:00:00,25882.0,25931.198636001973
2683,2015-06-04 08:00:00,27958.0,27994.021477715512
2684,2015-06-04 09:00:00,28947.0,28920.88602051165
2685,2015-06-04 10:00:00,29358.0,29383.87162596516
2686,2015-06-04 11:00:00,29764.0,29770.92972219798
2687,2015-06-04 12:00:00,29926.0,29883.05190488424
2688,2015-06-04 13:00:00,29947.0,29901.958108492272
2689,2015-06-04 14:00:00,30113.0,30142.961905284523
2690,2015-06-04 15:00:00,30147.0,30151.499068967594
2691,2015-06-04 16:00:00,30039.0,30046.132488885454
2692,2015-06-04 17:00:00,30052.0,30035.626905487276
2693,2015-06-04 18:00:00,29867.0,29910.0348071125
2694,2015-06-04 19:00:00,29464.0,29485.33477822504
2695,2015-06-04 20:00:00,29181.0,29223.777249523926
2696,2015-06-04 21:00:00,29771.0,29730.926725741592
2697,2015-06-04 22:00:00,29298.0,29306.372934936142
2698,2015-06-04 23:00:00,27119.0,27132.75272498276
2699,2015-06-05 00:00:00,24724.0,24686.599332275928
2700,2015-06-03 01:00:00,22929.0,22913.62649881037
2701,2015-06-03 02:00:00,21997.0,21968.480434719815
2702,2015-06-03 03:00:00,21466.0,21514.445897558242
2703,2015-06-03 04:00:00,21281.0,21285.341519115198
2704,2015-06-03 05:00:00,21757.0,21738.526091297903
2705,2015-06-03 06:00:00,23353.0,23369.44966520453
2706,2015-06-03 07:00:00,25983.0,25998.954762042526
2707,2015-06-03 08:00:00,27954.0,27938.73303759425
2708,2015-06-03 09:00:00,28849.0,28898.39228589844
2709,2015-06-03 10:00:00,29282.0,29312.8961582489
2710,2015-06-03 11:00:00,29573.0,29563.031816978142
2711,2015-06-03 12:00:00,29773.0,29789.005934429697
2712,2015-06-03 13:00:00,29761.0,29782.05396227289
2713,2015-06-03 14:00:00,29815.0,29782.38165196631
2714,2015-06-03 15:00:00,29742.0,29779.81591721275
2715,2015-06-03 16:00:00,29819.0,29851.603780990037
2716,2015-06-03 17:00:00,30014.0,30039.567493071543
2717,2015-06-03 18:00:00,30078.0,30050.267606104313
2718,2015-06-03 19:00:00,29638.0,29601.62498148074
2719,2015-06-03 20:00:00,29297.0,29265.054808371024
2720,2015-06-03 21:00:00,29831.0,29790.301880925796
2721,2015-06-03 22:00:00,29484.0,29528.029082996814
2722,2015-06-03 23:00:00,27239.0,27274.149444959374
2723,2015-06-04 00:00:00,24835.0,24794.077946687892
2724,2015-06-02 01:00:00,24626.0,24643.7970706006
2725,2015-06-02 02:00:00,23590.0,23564.55873502408
2726,2015-06-02 03:00:00,22931.0,22882.727365331193
2727,2015-06-02 04:00:00,22615.0,22594.23921375274
2728,2015-06-02 05:00:00,22874.0,22868.003006931278
2729,2015-06-02 06:00:00,24476.0,24428.00381586209
2730,2015-06-02 07:00:00,27011.0,26993.372003082783
2731,2015-06-02 08:00:00,28923.0,28943.035262928875
2732,2015-06-02 09:00:00,29798.0,29770.842845903448
2733,2015-06-02 10:00:00,30231.0,30229.48929753258
2734,2015-06-02 11:00:00,30586.0,30624.758091303647
2735,2015-06-02 12:00:00,30640.0,30592.8390983209
2736,2015-06-02 13:00:00,30563.0,30591.563714559972
2737,2015-06-02 14:00:00,30547.0,30535.38928236362
2738,2015-06-02 15:00:00,30234.0,30238.11498910361
2739,2015-06-02 16:00:00,30050.0,30023.08717276614
2740,2015-06-02 17:00:00,30118.0,30125.89484606604
2741,2015-06-02 18:00:00,30207.0,30230.069964952654
2742,2015-06-02 19:00:00,29968.0,29938.153792967743
2743,2015-06-02 20:00:00,29821.0,29805.326881776637
2744,2015-06-02 21:00:00,30017.0,30023.737899770786
2745,2015-06-02 22:00:00,29124.0,29115.678099692523
2746,2015-06-02 23:00:00,26872.0,26851.315287788882
2747,2015-06-03 00:00:00,24581.0,24576.168743289687
2748,2015-06-01 01:00:00,28144.0,28123.08277671806
2749,2015-06-01 02:00:00,26528.0,26508.18735833748
2750,2015-06-01 03:00:00,25505.0,25516.063367729326
2751,2015-06-01 04:00:00,25010.0,25007.70652716717
2752,2015-06-01 05:00:00,25330.0,25347.707222464353
2753,2015-06-01 06:00:00,26968.0,27001.74449989708
2754,2015-06-01 07:00:00,29725.0,29769.29653286289
2755,2015-06-01 08:00:00,32078.0,32043.135133078027
2756,2015-06-01 09:00:00,33369.0,33381.61903451864
2757,2015-06-01 10:00:00,34520.0,34528.23995382612
2758,2015-06-01 11:00:00,35599.0,35635.69452562077
2759,2015-06-01 12:00:00,36435.0,36474.588990511584
2760,2015-06-01 13:00:00,37127.0,37153.05025915153
2761,2015-06-01 14:00:00,37785.0,37794.54618290151
2762,2015-06-01 15:00:00,37865.0,37834.926279978565
2763,2015-06-01 16:00:00,37730.0,37707.66383973893
2764,2015-06-01 17:00:00,37165.0,37175.276708880294
2765,2015-06-01 18:00:00,36543.0,36506.934376429395
2766,2015-06-01 19:00:00,35403.0,35371.39641734106
2767,2015-06-01 20:00:00,34411.0,34452.14322696087
2768,2015-06-01 21:00:00,33865.0,33910.63120086692
2769,2015-06-01 22:00:00,32255.0,32205.523470492717
2770,2015-06-01 23:00:00,29498.0,29534.248192785308
2771,2015-06-02 00:00:00,26720.0,26763.801357416512
2772,2015-05-31 01:00:00,28695.0,28697.573947156452
2773,2015-05-31 02:00:00,26849.0,26843.890050880957
2774,2015-05-31 03:00:00,25609.0,25650.879949632155
2775,2015-05-31 04:00:00,24746.0,24696.753315673675
2776,2015-05-31 05:00:00,24348.0,24382.048583624673
2777,2015-05-31 06:00:00,24152.0,24131.657606604305
2778,2015-05-31 07:00:00,24421.0,24435.11622060432
2779,2015-05-31 08:00:00,26086.0,26068.31980283578
2780,2015-05-31 09:00:00,28727.0,28729.294474103917
2781,2015-05-31 10:00:00,31455.0,31485.831716223907
2782,2015-05-31 11:00:00,33937.0,33905.12689576744
2783,2015-05-31 12:00:00,36231.0,36247.39186190254
2784,2015-05-31 13:00:00,38079.0,38118.83368355372
2785,2015-05-31 14:00:00,39608.0,39648.1051708549
2786,2015-05-31 15:00:00,40578.0,40617.412093700885
2787,2015-05-31 16:00:00,41135.0,41136.84634350955
2788,2015-05-31 17:00:00,41210.0,41236.7701253233
2789,2015-05-31 18:00:00,40876.0,40870.68577452934
2790,2015-05-31 19:00:00,39930.0,39926.0163387177
2791,2015-05-31 20:00:00,38685.0,38663.38542716166
2792,2015-05-31 21:00:00,38237.0,38215.52274688159
2793,2015-05-31 22:00:00,36806.0,36759.78243219651
2794,2015-05-31 23:00:00,33886.0,33889.147162390684
2795,2015-06-01 00:00:00,30817.0,30797.87609144092
2796,2015-05-30 01:00:00,28441.0,28409.768643295974
2797,2015-05-30 02:00:00,26611.0,26573.17128187762
2798,2015-05-30 03:00:00,25410.0,25394.699882995745
2799,2015-05-30 04:00:00,24682.0,24721.901056200655
2800,2015-05-30 05:00:00,24335.0,24336.640157545367
2801,2015-05-30 06:00:00,24418.0,24423.69359734471
2802,2015-05-30 07:00:00,25055.0,25010.43278801231
2803,2015-05-30 08:00:00,27094.0,27095.98463415299
2804,2015-05-30 09:00:00,29695.0,29711.761174095664
2805,2015-05-30 10:00:00,32186.0,32151.07152198595
2806,2015-05-30 11:00:00,34512.0,34560.35537959817
2807,2015-05-30 12:00:00,36489.0,36530.511448778794
2808,2015-05-30 13:00:00,38030.0,38079.310226182366
2809,2015-05-30 14:00:00,39122.0,39108.03169804885
2810,2015-05-30 15:00:00,39912.0,39944.229915612144
2811,2015-05-30 16:00:00,40540.0,40522.873571657154
2812,2015-05-30 17:00:00,40975.0,40999.912957366185
2813,2015-05-30 18:00:00,40933.0,40977.7829782645
2814,2015-05-30 19:00:00,39974.0,39939.50206162932
2815,2015-05-30 20:00:00,38310.0,38274.031987227136
2816,2015-05-30 21:00:00,37327.0,37287.440449375645
2817,2015-05-30 22:00:00,36459.0,36488.83507642811
2818,2015-05-30 23:00:00,33975.0,33991.66336051003
2819,2015-05-31 00:00:00,31227.0,31229.23151586337
2820,2015-05-29 01:00:00,28798.0,28825.39126539637
2821,2015-05-29 02:00:00,26795.0,26829.992317778488
2822,2015-05-29 03:00:00,25493.0,25537.95284295796
2823,2015-05-29 04:00:00,24874.0,24844.12510496157
2824,2015-05-29 05:00:00,24911.0,24905.16766263583
2825,2015-05-29 06:00:00,26090.0,26132.301334176598
2826,2015-05-29 07:00:00,28574.0,28570.13237084976
2827,2015-05-29 08:00:00,31177.0,31175.765502401577
2828,2015-05-29 09:00:00,32757.0,32801.2445230697
2829,2015-05-29 10:00:00,34173.0,34196.46762954956
2830,2015-05-29 11:00:00,35535.0,35540.20481591867
2831,2015-05-29 12:00:00,36827.0,36812.72861986524
2832,2015-05-29 13:00:00,38075.0,38116.5349468867
2833,2015-05-29 14:00:00,39627.0,39577.89385032948
2834,2015-05-29 15:00:00,41000.0,40982.100619808305
2835,2015-05-29 16:00:00,42357.0,42401.60731579518
2836,2015-05-29 17:00:00,43236.0,43235.82037968748
2837,2015-05-29 18:00:00,43085.0,43097.38546330826
2838,2015-05-29 19:00:00,41425.0,41428.261559720726
2839,2015-05-29 20:00:00,39247.0,39236.73607047323
2840,2015-05-29 21:00:00,38093.0,38109.52824394537
2841,2015-05-29 22:00:00,37008.0,37034.64747268552
2842,2015-05-29 23:00:00,34123.0,34109.442638183384
2843,2015-05-30 00:00:00,31118.0,31127.052144870537
2844,2015-05-28 01:00:00,28714.0,28672.2758144931
2845,2015-05-28 02:00:00,26990.0,26994.759791475888
2846,2015-05-28 03:00:00,25915.0,25939.774963153668
2847,2015-05-28 04:00:00,25361.0,25369.524383991764
2848,2015-05-28 05:00:00,25592.0,25629.844763001634
2849,2015-05-28 06:00:00,27155.0,27133.619318720594
2850,2015-05-28 07:00:00,30046.0,30045.175606990855
2851,2015-05-28 08:00:00,32815.0,32773.74799528078
2852,2015-05-28 09:00:00,34595.0,34615.0020912562
2853,2015-05-28 10:00:00,36254.0,36248.2891511605
2854,2015-05-28 11:00:00,38099.0,38102.03654744836
2855,2015-05-28 12:00:00,39885.0,39847.83946631401
2856,2015-05-28 13:00:00,41492.0,41541.73518258795
2857,2015-05-28 14:00:00,43064.0,43091.1920026605
2858,2015-05-28 15:00:00,44182.0,44172.0629773301
2859,2015-05-28 16:00:00,44836.0,44842.99597173854
2860,2015-05-28 17:00:00,45000.0,45011.87171385552
2861,2015-05-28 18:00:00,44511.0,44557.07660308321
2862,2015-05-28 19:00:00,43224.0,43250.83886101162
2863,2015-05-28 20:00:00,41661.0,41645.966681910024
2864,2015-05-28 21:00:00,40769.0,40816.77057083553
2865,2015-05-28 22:00:00,39373.0,39353.17963078338
2866,2015-05-28 23:00:00,35610.0,35617.694606513855
2867,2015-05-29 00:00:00,31781.0,31801.06676785452
2868,2015-05-27 01:00:00,29349.0,29326.11257923917
2869,2015-05-27 02:00:00,27486.0,27531.63610946763
2870,2015-05-27 03:00:00,26351.0,26322.610990226374
2871,2015-05-27 04:00:00,25793.0,25787.17732239006
2872,2015-05-27 05:00:00,26002.0,25969.987330164688
2873,2015-05-27 06:00:00,27636.0,27673.49875387729
2874,2015-05-27 07:00:00,30634.0,30606.160122008307
2875,2015-05-27 08:00:00,33400.0,33353.47414332015
2876,2015-05-27 09:00:00,35139.0,35092.89404025304
2877,2015-05-27 10:00:00,36441.0,36432.37533753659
2878,2015-05-27 11:00:00,37907.0,37909.27776086213
2879,2015-05-27 12:00:00,39463.0,39417.16386317241
2880,2015-05-27 13:00:00,41034.0,40993.286534643485
2881,2015-05-27 14:00:00,42510.0,42469.74629544934
2882,2015-05-27 15:00:00,43446.0,43462.85012848319
2883,2015-05-27 16:00:00,43838.0,43817.98150205072
2884,2015-05-27 17:00:00,43591.0,43597.25726533509
2885,2015-05-27 18:00:00,43005.0,42962.36959710747
2886,2015-05-27 19:00:00,41305.0,41344.21155602807
2887,2015-05-27 20:00:00,39821.0,39801.44332684231
2888,2015-05-27 21:00:00,39236.0,39263.8200723537
2889,2015-05-27 22:00:00,38109.0,38141.670307084365
2890,2015-05-27 23:00:00,34837.0,34885.79086373459
2891,2015-05-28 00:00:00,31381.0,31405.103890386574
2892,2015-05-26 01:00:00,25578.0,25572.280554809233
2893,2015-05-26 02:00:00,24009.0,23974.262781639325
2894,2015-05-26 03:00:00,23105.0,23059.78722288841
2895,2015-05-26 04:00:00,22583.0,22621.625981724672
2896,2015-05-26 05:00:00,22870.0,22864.66633918877
2897,2015-05-26 06:00:00,24321.0,24345.996368015538
2898,2015-05-26 07:00:00,27196.0,27195.633048066076
2899,2015-05-26 08:00:00,30070.0,30107.9664477158
2900,2015-05-26 09:00:00,32077.0,32101.966534247505
2901,2015-05-26 10:00:00,33845.0,33803.54577593471
2902,2015-05-26 11:00:00,35739.0,35764.21469056416
2903,2015-05-26 12:00:00,37508.0,37484.68141487416
2904,2015-05-26 13:00:00,39008.0,39035.30562115461
2905,2015-05-26 14:00:00,40663.0,40707.85150012508
2906,2015-05-26 15:00:00,41965.0,42008.013220899695
2907,2015-05-26 16:00:00,43091.0,43053.5000232464
2908,2015-05-26 17:00:00,43844.0,43799.467223920656
2909,2015-05-26 18:00:00,43954.0,43981.69816399166
2910,2015-05-26 19:00:00,43119.0,43139.99617122643
2911,2015-05-26 20:00:00,41734.0,41701.617247702015
2912,2015-05-26 21:00:00,41085.0,41103.4567333371
2913,2015-05-26 22:00:00,39629.0,39580.5487865894
2914,2015-05-26 23:00:00,36011.0,36024.11620848425
2915,2015-05-27 00:00:00,32307.0,32340.230555590115
2916,2015-05-25 01:00:00,22839.0,22853.183900090557
2917,2015-05-25 02:00:00,21610.0,21566.539642073934
2918,2015-05-25 03:00:00,20843.0,20892.097237066493
2919,2015-05-25 04:00:00,20442.0,20427.60914791332
2920,2015-05-25 05:00:00,20460.0,20448.04781915554
2921,2015-05-25 06:00:00,20698.0,20656.475133730804
2922,2015-05-25 07:00:00,21019.0,20985.711768166195
2923,2015-05-25 08:00:00,22357.0,22334.11757935154
2924,2015-05-25 09:00:00,24292.0,24321.920236953
2925,2015-05-25 10:00:00,26353.0,26372.174880781942
2926,2015-05-25 11:00:00,28211.0,28219.364882976413
2927,2015-05-25 12:00:00,29830.0,29866.389321454884
2928,2015-05-25 13:00:00,31153.0,31202.780519001306
2929,2015-05-25 14:00:00,32081.0,32069.477445821598
2930,2015-05-25 15:00:00,32955.0,32944.122342799135
2931,2015-05-25 16:00:00,33851.0,33874.60893755328
2932,2015-05-25 17:00:00,34698.0,34712.43488277075
2933,2015-05-25 18:00:00,35367.0,35318.33934479004
2934,2015-05-25 19:00:00,35012.0,35027.54273047345
2935,2015-05-25 20:00:00,34333.0,34354.96083899632
2936,2015-05-25 21:00:00,34431.0,34479.59365920754
2937,2015-05-25 22:00:00,33859.0,33867.67710026454
2938,2015-05-25 23:00:00,30872.0,30890.44178110941
2939,2015-05-26 00:00:00,27985.0,28013.874770527455
2940,2015-05-24 01:00:00,21370.0,21329.59596205674
2941,2015-05-24 02:00:00,20300.0,20323.465217590885
2942,2015-05-24 03:00:00,19790.0,19794.68657139087
2943,2015-05-24 04:00:00,19563.0,19523.007558293073
2944,2015-05-24 05:00:00,19510.0,19526.98808430641
2945,2015-05-24 06:00:00,19524.0,19497.450427468768
2946,2015-05-24 07:00:00,19761.0,19764.7897853401
2947,2015-05-24 08:00:00,20786.0,20764.096020971592
2948,2015-05-24 09:00:00,22252.0,22212.453637697003
2949,2015-05-24 10:00:00,23446.0,23421.086441730087
2950,2015-05-24 11:00:00,24247.0,24240.880662210824
2951,2015-05-24 12:00:00,24922.0,24921.412885867245
2952,2015-05-24 13:00:00,25364.0,25328.848091929984
2953,2015-05-24 14:00:00,25777.0,25759.097862433275
2954,2015-05-24 15:00:00,26187.0,26222.939064338658
2955,2015-05-24 16:00:00,26775.0,26816.03821318439
2956,2015-05-24 17:00:00,27589.0,27592.51820865307
2957,2015-05-24 18:00:00,28257.0,28256.03616080813
2958,2015-05-24 19:00:00,28186.0,28194.140912465507
2959,2015-05-24 20:00:00,27814.0,27785.45694558866
2960,2015-05-24 21:00:00,28177.0,28226.357114908962
2961,2015-05-24 22:00:00,28123.0,28147.527272097235
2962,2015-05-24 23:00:00,26630.0,26603.874587943956
2963,2015-05-25 00:00:00,24744.0,24721.214640730243
2964,2015-05-23 01:00:00,22231.0,22245.841238756468
2965,2015-05-23 02:00:00,21079.0,21061.28465291899
2966,2015-05-23 03:00:00,20404.0,20389.531677197956
2967,2015-05-23 04:00:00,20022.0,20050.094267016026
2968,2015-05-23 05:00:00,20051.0,20027.69270496853
2969,2015-05-23 06:00:00,20296.0,20316.52411965292
2970,2015-05-23 07:00:00,20791.0,20834.488486343038
2971,2015-05-23 08:00:00,21930.0,21892.413515699824
2972,2015-05-23 09:00:00,23291.0,23255.42841946591
2973,2015-05-23 10:00:00,24217.0,24261.28731008118
2974,2015-05-23 11:00:00,24575.0,24545.35192572359
2975,2015-05-23 12:00:00,24669.0,24621.090083159874
2976,2015-05-23 13:00:00,24577.0,24613.85079160201
2977,2015-05-23 14:00:00,24424.0,24402.230288699848
2978,2015-05-23 15:00:00,24308.0,24287.83539350618
2979,2015-05-23 16:00:00,24514.0,24486.692114618512
2980,2015-05-23 17:00:00,24983.0,25024.76668981385
2981,2015-05-23 18:00:00,25443.0,25470.441864700097
2982,2015-05-23 19:00:00,25638.0,25647.6792455976
2983,2015-05-23 20:00:00,25537.0,25532.325831567574
2984,2015-05-23 21:00:00,26114.0,26078.353011876028
2985,2015-05-23 22:00:00,26112.0,26154.598677051716
2986,2015-05-23 23:00:00,24697.0,24721.966359715916
2987,2015-05-24 00:00:00,22932.0,22909.88835379712
2988,2015-05-22 01:00:00,22688.0,22732.74960654407
2989,2015-05-22 02:00:00,21722.0,21765.51909411649
2990,2015-05-22 03:00:00,21240.0,21255.95188273129
2991,2015-05-22 04:00:00,21085.0,21133.500355705157
2992,2015-05-22 05:00:00,21538.0,21506.72482454808
2993,2015-05-22 06:00:00,22975.0,22998.13903595877
2994,2015-05-22 07:00:00,25398.0,25363.217611363176
2995,2015-05-22 08:00:00,27227.0,27246.169120801438
2996,2015-05-22 09:00:00,28013.0,28054.985181970882
2997,2015-05-22 10:00:00,28373.0,28376.60975615336
2998,2015-05-22 11:00:00,28730.0,28756.30666375268
2999,2015-05-22 12:00:00,28885.0,28849.312172861046
3000,2015-05-22 13:00:00,28959.0,28972.319457038975
3001,2015-05-22 14:00:00,29140.0,29096.31918961323
3002,2015-05-22 15:00:00,29106.0,29059.689787617524
3003,2015-05-22 16:00:00,29008.0,29021.406258263614
3004,2015-05-22 17:00:00,29002.0,29009.280858016617
3005,2015-05-22 18:00:00,29003.0,28985.92511418543
3006,2015-05-22 19:00:00,28455.0,28456.292961017774
3007,2015-05-22 20:00:00,27947.0,27965.434015010316
3008,2015-05-22 21:00:00,28372.0,28386.472781770775
3009,2015-05-22 22:00:00,28111.0,28068.363251145114
3010,2015-05-22 23:00:00,26204.0,26221.811932147146
3011,2015-05-23 00:00:00,24015.0,24030.95330792736
3012,2015-05-21 01:00:00,22810.0,22826.96139916684
3013,2015-05-21 02:00:00,21777.0,21811.7353261349
3014,2015-05-21 03:00:00,21258.0,21265.67026426863
3015,2015-05-21 04:00:00,21054.0,21097.790085818637
3016,2015-05-21 05:00:00,21500.0,21548.000927963014
3017,2015-05-21 06:00:00,23045.0,23070.184383180713
3018,2015-05-21 07:00:00,25713.0,25698.86817538076
3019,2015-05-21 08:00:00,27739.0,27703.30984156096
3020,2015-05-21 09:00:00,28715.0,28747.01399190282
3021,2015-05-21 10:00:00,29233.0,29197.66323359344
3022,2015-05-21 11:00:00,29624.0,29588.616942202625
3023,2015-05-21 12:00:00,29604.0,29645.904255612444
3024,2015-05-21 13:00:00,29549.0,29554.987267430293
3025,2015-05-21 14:00:00,29584.0,29563.33329732635
3026,2015-05-21 15:00:00,29252.0,29298.298388560088
3027,2015-05-21 16:00:00,29051.0,29071.733068498434
3028,2015-05-21 17:00:00,29055.0,29058.484450920285
3029,2015-05-21 18:00:00,29192.0,29174.94802547721
3030,2015-05-21 19:00:00,28998.0,29015.661653138934
3031,2015-05-21 20:00:00,29016.0,29039.08951676547
3032,2015-05-21 21:00:00,29584.0,29605.211018041042
3033,2015-05-21 22:00:00,28756.0,28725.53376488157
3034,2015-05-21 23:00:00,26541.0,26560.724423696498
3035,2015-05-22 00:00:00,24289.0,24297.144687563516
3036,2015-05-20 01:00:00,26785.0,26820.007624192305
3037,2015-05-20 02:00:00,24810.0,24822.47688010047
3038,2015-05-20 03:00:00,23557.0,23521.627668164194
3039,2015-05-20 04:00:00,22918.0,22899.853271613083
3040,2015-05-20 05:00:00,22998.0,23022.381766527327
3041,2015-05-20 06:00:00,24196.0,24219.996178150577
3042,2015-05-20 07:00:00,26597.0,26569.271478943025
3043,2015-05-20 08:00:00,28613.0,28598.459331693248
3044,2015-05-20 09:00:00,29479.0,29430.53196415421
3045,2015-05-20 10:00:00,29880.0,29863.170454815485
3046,2015-05-20 11:00:00,30216.0,30168.633901749352
3047,2015-05-20 12:00:00,30305.0,30342.28707077214
3048,2015-05-20 13:00:00,30192.0,30208.66472443242
3049,2015-05-20 14:00:00,30310.0,30356.914777047765
3050,2015-05-20 15:00:00,30408.0,30447.192424034805
3051,2015-05-20 16:00:00,30483.0,30493.347528191982
3052,2015-05-20 17:00:00,30618.0,30618.29286633723
3053,2015-05-20 18:00:00,30649.0,30687.372449073468
3054,2015-05-20 19:00:00,30066.0,30045.84150871068
3055,2015-05-20 20:00:00,29573.0,29545.351824084024
3056,2015-05-20 21:00:00,30180.0,30171.002111815927
3057,2015-05-20 22:00:00,29598.0,29553.31978453762
3058,2015-05-20 23:00:00,27142.0,27122.197182491
3059,2015-05-21 00:00:00,24631.0,24589.368032668903
3060,2015-05-19 01:00:00,25507.0,25462.266093704206
3061,2015-05-19 02:00:00,24208.0,24213.133981582756
3062,2015-05-19 03:00:00,23402.0,23422.81652139362
3063,2015-05-19 04:00:00,23087.0,23090.667452042813
3064,2015-05-19 05:00:00,23494.0,23451.057737656574
3065,2015-05-19 06:00:00,25123.0,25112.496935079744
3066,2015-05-19 07:00:00,28021.0,27982.095143539147
3067,2015-05-19 08:00:00,30308.0,30323.00636449567
3068,2015-05-19 09:00:00,31331.0,31363.64064689039
3069,2015-05-19 10:00:00,32308.0,32269.670572260842
3070,2015-05-19 11:00:00,33165.0,33121.685276550554
3071,2015-05-19 12:00:00,34114.0,34104.595194153626
3072,2015-05-19 13:00:00,34798.0,34778.34736765167
3073,2015-05-19 14:00:00,35717.0,35693.06898507983
3074,2015-05-19 15:00:00,36796.0,36767.139613595384
3075,2015-05-19 16:00:00,38089.0,38070.692501664154
3076,2015-05-19 17:00:00,39345.0,39391.53744363852
3077,2015-05-19 18:00:00,39992.0,40027.76709444815
3078,2015-05-19 19:00:00,39473.0,39483.1357089353
3079,2015-05-19 20:00:00,38379.0,38409.04745605632
3080,2015-05-19 21:00:00,37912.0,37863.47355377529
3081,2015-05-19 22:00:00,36639.0,36600.14553187211
3082,2015-05-19 23:00:00,33162.0,33141.246154606386
3083,2015-05-20 00:00:00,29718.0,29732.38989998124
3084,2015-05-18 01:00:00,26929.0,26967.341398760465
3085,2015-05-18 02:00:00,25400.0,25373.1140158487
3086,2015-05-18 03:00:00,24450.0,24413.920245658453
3087,2015-05-18 04:00:00,24056.0,24090.791935343408
3088,2015-05-18 05:00:00,24486.0,24476.913564422128
3089,2015-05-18 06:00:00,26194.0,26213.950844017145
3090,2015-05-18 07:00:00,29109.0,29113.80287180948
3091,2015-05-18 08:00:00,31826.0,31793.59114028492
3092,2015-05-18 09:00:00,33698.0,33718.0575317601
3093,2015-05-18 10:00:00,35480.0,35472.07781861441
3094,2015-05-18 11:00:00,37144.0,37122.77485381706
3095,2015-05-18 12:00:00,38215.0,38255.26982850742
3096,2015-05-18 13:00:00,38645.0,38595.59858222805
3097,2015-05-18 14:00:00,38838.0,38828.48697319847
3098,2015-05-18 15:00:00,38735.0,38715.051199432266
3099,2015-05-18 16:00:00,38619.0,38574.44794908867
3100,2015-05-18 17:00:00,38548.0,38506.04232696695
3101,2015-05-18 18:00:00,37879.0,37846.228689391355
3102,2015-05-18 19:00:00,36637.0,36637.49997266689
3103,2015-05-18 20:00:00,35786.0,35764.26435534014
3104,2015-05-18 21:00:00,35547.0,35580.78590119957
3105,2015-05-18 22:00:00,33787.0,33760.99759006003
3106,2015-05-18 23:00:00,30697.0,30719.02211984559
3107,2015-05-19 00:00:00,27688.0,27659.03766765663
3108,2015-05-17 01:00:00,24949.0,24903.255256277425
3109,2015-05-17 02:00:00,23642.0,23618.46217252742
3110,2015-05-17 03:00:00,22711.0,22744.75685256441
3111,2015-05-17 04:00:00,22154.0,22112.22511432743
3112,2015-05-17 05:00:00,22028.0,22012.449566283776
3113,2015-05-17 06:00:00,22052.0,22002.80168148871
3114,2015-05-17 07:00:00,22242.0,22255.024457018182
3115,2015-05-17 08:00:00,23544.0,23588.27597847265
3116,2015-05-17 09:00:00,25610.0,25598.43661763264
3117,2015-05-17 10:00:00,27551.0,27558.691793277485
3118,2015-05-17 11:00:00,29229.0,29224.22845066089
3119,2015-05-17 12:00:00,30741.0,30788.33307398887
3120,2015-05-17 13:00:00,31929.0,31952.5998661656
3121,2015-05-17 14:00:00,32791.0,32745.42230016857
3122,2015-05-17 15:00:00,33539.0,33499.872466603294
3123,2015-05-17 16:00:00,34298.0,34295.04808320613
3124,2015-05-17 17:00:00,35295.0,35308.17459292764
3125,2015-05-17 18:00:00,35855.0,35834.039588884225
3126,2015-05-17 19:00:00,35858.0,35875.46447096483
3127,2015-05-17 20:00:00,35463.0,35470.65253961775
3128,2015-05-17 21:00:00,35757.0,35750.50925779242
3129,2015-05-17 22:00:00,34911.0,34919.22970258211
3130,2015-05-17 23:00:00,32229.0,32270.64635295518
3131,2015-05-18 00:00:00,29324.0,29298.320413873967
3132,2015-05-16 01:00:00,22798.0,22827.121193363622
3133,2015-05-16 02:00:00,21600.0,21551.195715627953
3134,2015-05-16 03:00:00,20955.0,20913.479832577617
3135,2015-05-16 04:00:00,20560.0,20604.968552782073
3136,2015-05-16 05:00:00,20546.0,20565.772866484247
3137,2015-05-16 06:00:00,20977.0,20990.331720874754
3138,2015-05-16 07:00:00,21527.0,21510.40552677734
3139,2015-05-16 08:00:00,23116.0,23084.433717991677
3140,2015-05-16 09:00:00,25111.0,25098.991607252094
3141,2015-05-16 10:00:00,26570.0,26579.839019291005
3142,2015-05-16 11:00:00,27732.0,27745.438185136707
3143,2015-05-16 12:00:00,28701.0,28667.955066486174
3144,2015-05-16 13:00:00,29641.0,29635.55019202483
3145,2015-05-16 14:00:00,30460.0,30466.675846947954
3146,2015-05-16 15:00:00,31339.0,31384.99608094339
3147,2015-05-16 16:00:00,32308.0,32312.942310458548
3148,2015-05-16 17:00:00,32854.0,32862.05994101077
3149,2015-05-16 18:00:00,32815.0,32841.518868473126
3150,2015-05-16 19:00:00,32204.0,32195.891194575113
3151,2015-05-16 20:00:00,31796.0,31784.386784110586
3152,2015-05-16 21:00:00,31890.0,31899.09092084329
3153,2015-05-16 22:00:00,30943.0,30971.33078105846
3154,2015-05-16 23:00:00,29116.0,29129.75817163497
3155,2015-05-17 00:00:00,26964.0,26932.613114955122
3156,2015-05-15 01:00:00,22459.0,22448.770028070176
3157,2015-05-15 02:00:00,21427.0,21428.259679832918
3158,2015-05-15 03:00:00,20922.0,20924.37443846831
3159,2015-05-15 04:00:00,20697.0,20680.95951389488
3160,2015-05-15 05:00:00,21178.0,21180.24146422291
3161,2015-05-15 06:00:00,22790.0,22807.297539195733
3162,2015-05-15 07:00:00,25306.0,25302.79727131753
3163,2015-05-15 08:00:00,27277.0,27272.134736364223
3164,2015-05-15 09:00:00,28270.0,28300.15828246495
3165,2015-05-15 10:00:00,28837.0,28862.683802820964
3166,2015-05-15 11:00:00,29186.0,29178.240495317605
3167,2015-05-15 12:00:00,29358.0,29407.60133420451
3168,2015-05-15 13:00:00,29439.0,29395.647098736754
3169,2015-05-15 14:00:00,29824.0,29806.599573690706
3170,2015-05-15 15:00:00,29987.0,29940.683050443335
3171,2015-05-15 16:00:00,30248.0,30281.946938238863
3172,2015-05-15 17:00:00,30517.0,30542.563022630122
3173,2015-05-15 18:00:00,30348.0,30366.36766019804
3174,2015-05-15 19:00:00,29552.0,29523.447222323208
3175,2015-05-15 20:00:00,29007.0,29027.7718848332
3176,2015-05-15 21:00:00,29490.0,29475.531175746473
3177,2015-05-15 22:00:00,28886.0,28922.856950181264
3178,2015-05-15 23:00:00,26839.0,26808.95016448939
3179,2015-05-16 00:00:00,24654.0,24625.784076207045
3180,2015-05-14 01:00:00,22488.0,22534.058629034495
3181,2015-05-14 02:00:00,21503.0,21504.702014775965
3182,2015-05-14 03:00:00,20964.0,20958.638573982997
3183,2015-05-14 04:00:00,20846.0,20831.17487038769
3184,2015-05-14 05:00:00,21316.0,21349.121252080575
3185,2015-05-14 06:00:00,22911.0,22896.270754761408
3186,2015-05-14 07:00:00,25523.0,25508.615697063626
3187,2015-05-14 08:00:00,27405.0,27367.33341507238
3188,2015-05-14 09:00:00,28012.0,28014.072638438523
3189,2015-05-14 10:00:00,28371.0,28413.37499910166
3190,2015-05-14 11:00:00,28742.0,28787.753922935866
3191,2015-05-14 12:00:00,28935.0,28984.551554196052
3192,2015-05-14 13:00:00,29047.0,29044.307053864224
3193,2015-05-14 14:00:00,29276.0,29303.49480833836
3194,2015-05-14 15:00:00,29311.0,29316.25347322854
3195,2015-05-14 16:00:00,29480.0,29484.795774625498
3196,2015-05-14 17:00:00,29849.0,29879.624091071448
3197,2015-05-14 18:00:00,30102.0,30135.53579786972
3198,2015-05-14 19:00:00,29653.0,29604.97932544164
3199,2015-05-14 20:00:00,29237.0,29281.278985423887
3200,2015-05-14 21:00:00,30072.0,30104.29835316063
3201,2015-05-14 22:00:00,29315.0,29337.110876429506
3202,2015-05-14 23:00:00,26620.0,26655.203237272122
3203,2015-05-15 00:00:00,24310.0,24313.72632579692
3204,2015-05-13 01:00:00,25701.0,25728.32635213231
3205,2015-05-13 02:00:00,24018.0,24027.864900425622
3206,2015-05-13 03:00:00,22939.0,22943.293072398403
3207,2015-05-13 04:00:00,22392.0,22363.16077223205
3208,2015-05-13 05:00:00,22515.0,22549.741502963498
3209,2015-05-13 06:00:00,23873.0,23911.387101661618
3210,2015-05-13 07:00:00,26376.0,26423.11926244543
3211,2015-05-13 08:00:00,28345.0,28307.04386659356
3212,2015-05-13 09:00:00,29193.0,29172.15741944639
3213,2015-05-13 10:00:00,29623.0,29641.540567956195
3214,2015-05-13 11:00:00,29975.0,30010.522934952034
3215,2015-05-13 12:00:00,30050.0,30075.130417533775
3216,2015-05-13 13:00:00,30004.0,29999.55920995818
3217,2015-05-13 14:00:00,30055.0,30077.597739886627
3218,2015-05-13 15:00:00,30041.0,29998.212490649745
3219,2015-05-13 16:00:00,30108.0,30124.253844741826
3220,2015-05-13 17:00:00,30215.0,30165.801286130918
3221,2015-05-13 18:00:00,30124.0,30078.75487707365
3222,2015-05-13 19:00:00,29637.0,29662.72955581393
3223,2015-05-13 20:00:00,29349.0,29346.762704550863
3224,2015-05-13 21:00:00,30063.0,30018.95509840871
3225,2015-05-13 22:00:00,29127.0,29125.1861194267
3226,2015-05-13 23:00:00,26671.0,26627.275433047053
3227,2015-05-14 00:00:00,24272.0,24256.60322432117
3228,2015-05-12 01:00:00,27208.0,27173.737260553113
3229,2015-05-12 02:00:00,25656.0,25627.93724653919
3230,2015-05-12 03:00:00,24830.0,24799.56056041831
3231,2015-05-12 04:00:00,24339.0,24326.176792495567
3232,2015-05-12 05:00:00,24558.0,24518.790831673316
3233,2015-05-12 06:00:00,26179.0,26181.773644994002
3234,2015-05-12 07:00:00,29082.0,29072.710101375375
3235,2015-05-12 08:00:00,31741.0,31774.986504342007
3236,2015-05-12 09:00:00,33252.0,33284.59250922705
3237,2015-05-12 10:00:00,34790.0,34822.427778224075
3238,2015-05-12 11:00:00,36420.0,36416.96392761347
3239,2015-05-12 12:00:00,37526.0,37505.07886087763
3240,2015-05-12 13:00:00,38341.0,38332.540127409964
3241,2015-05-12 14:00:00,39256.0,39274.737173868474
3242,2015-05-12 15:00:00,39797.0,39799.978635648244
3243,2015-05-12 16:00:00,40284.0,40296.430410506815
3244,2015-05-12 17:00:00,40621.0,40640.3717738616
3245,2015-05-12 18:00:00,40453.0,40494.836329494254
3246,2015-05-12 19:00:00,39409.0,39453.39758329498
3247,2015-05-12 20:00:00,37966.0,38000.0469998514
3248,2015-05-12 21:00:00,37682.0,37638.5061496511
3249,2015-05-12 22:00:00,36056.0,36103.93350046453
3250,2015-05-12 23:00:00,32288.0,32308.363072617027
3251,2015-05-13 00:00:00,28455.0,28474.339214912605
3252,2015-05-11 01:00:00,26235.0,26187.310598220938
3253,2015-05-11 02:00:00,24912.0,24909.93999212953
3254,2015-05-11 03:00:00,24045.0,24057.649968951566
3255,2015-05-11 04:00:00,23765.0,23742.85094038504
3256,2015-05-11 05:00:00,24185.0,24143.324003278845
3257,2015-05-11 06:00:00,25972.0,25975.2444861125
3258,2015-05-11 07:00:00,28921.0,28915.62945582452
3259,2015-05-11 08:00:00,31474.0,31428.40803241386
3260,2015-05-11 09:00:00,32830.0,32831.941809659154
3261,2015-05-11 10:00:00,33992.0,33952.77168367886
3262,2015-05-11 11:00:00,35367.0,35359.45507755274
3263,2015-05-11 12:00:00,36699.0,36676.041291023874
3264,2015-05-11 13:00:00,37786.0,37833.04708113778
3265,2015-05-11 14:00:00,38815.0,38768.47332368777
3266,2015-05-11 15:00:00,39335.0,39341.0023236091
3267,2015-05-11 16:00:00,39543.0,39508.192032210594
3268,2015-05-11 17:00:00,39574.0,39555.92941115713
3269,2015-05-11 18:00:00,39546.0,39514.39009715308
3270,2015-05-11 19:00:00,38890.0,38939.514687971234
3271,2015-05-11 20:00:00,37926.0,37879.23620671132
3272,2015-05-11 21:00:00,37963.0,37967.135645914066
3273,2015-05-11 22:00:00,36570.0,36580.80427146584
3274,2015-05-11 23:00:00,33122.0,33149.21678956955
3275,2015-05-12 00:00:00,29749.0,29761.59835163318
3276,2015-05-10 01:00:00,23990.0,23963.134690678373
3277,2015-05-10 02:00:00,22695.0,22704.803888299684
3278,2015-05-10 03:00:00,21849.0,21896.496687667535
3279,2015-05-10 04:00:00,21330.0,21364.845176860475
3280,2015-05-10 05:00:00,21188.0,21183.34971138552
3281,2015-05-10 06:00:00,21422.0,21419.740821777377
3282,2015-05-10 07:00:00,21690.0,21653.290839762234
3283,2015-05-10 08:00:00,22943.0,22949.992512283596
3284,2015-05-10 09:00:00,24856.0,24834.024339299645
3285,2015-05-10 10:00:00,26544.0,26504.81142554247
3286,2015-05-10 11:00:00,27800.0,27797.420940541426
3287,2015-05-10 12:00:00,28929.0,28883.507128402216
3288,2015-05-10 13:00:00,29854.0,29816.01317434299
3289,2015-05-10 14:00:00,30531.0,30502.904398587394
3290,2015-05-10 15:00:00,31382.0,31431.06346168792
3291,2015-05-10 16:00:00,32136.0,32166.848160027028
3292,2015-05-10 17:00:00,32995.0,32999.17583363657
3293,2015-05-10 18:00:00,33537.0,33510.25653842314
3294,2015-05-10 19:00:00,33519.0,33520.89198888498
3295,2015-05-10 20:00:00,33157.0,33171.89970860781
3296,2015-05-10 21:00:00,34061.0,34011.45639170225
3297,2015-05-10 22:00:00,33599.0,33647.78936040816
3298,2015-05-10 23:00:00,31239.0,31251.67810005281
3299,2015-05-11 00:00:00,28443.0,28491.82464745679
3300,2015-05-09 01:00:00,24475.0,24471.906579309813
3301,2015-05-09 02:00:00,22974.0,22986.35073505623
3302,2015-05-09 03:00:00,21991.0,21987.146074221844
3303,2015-05-09 04:00:00,21475.0,21425.948364277727
3304,2015-05-09 05:00:00,21401.0,21435.98917160953
3305,2015-05-09 06:00:00,21832.0,21826.90016105024
3306,2015-05-09 07:00:00,22437.0,22434.093619192678
3307,2015-05-09 08:00:00,23906.0,23891.996413935292
3308,2015-05-09 09:00:00,25745.0,25738.265646753902
3309,2015-05-09 10:00:00,27064.0,27086.555071663504
3310,2015-05-09 11:00:00,27798.0,27818.062448135915
3311,2015-05-09 12:00:00,28164.0,28194.837895567645
3312,2015-05-09 13:00:00,28279.0,28326.466706917632
3313,2015-05-09 14:00:00,28401.0,28390.116523252294
3314,2015-05-09 15:00:00,28663.0,28646.895951786253
3315,2015-05-09 16:00:00,29171.0,29170.352506477673
3316,2015-05-09 17:00:00,29713.0,29678.438956247763
3317,2015-05-09 18:00:00,30094.0,30119.802961202862
3318,2015-05-09 19:00:00,30004.0,30012.113792509313
3319,2015-05-09 20:00:00,29649.0,29620.134072633697
3320,2015-05-09 21:00:00,30334.0,30370.403505200564
3321,2015-05-09 22:00:00,29832.0,29843.906251738972
3322,2015-05-09 23:00:00,28065.0,28018.40393203254
3323,2015-05-10 00:00:00,25926.0,25895.651688871592
3324,2015-05-08 01:00:00,23955.0,23994.10934871926
3325,2015-05-08 02:00:00,22658.0,22646.104555641166
3326,2015-05-08 03:00:00,21861.0,21909.435158572756
3327,2015-05-08 04:00:00,21551.0,21553.975228696094
3328,2015-05-08 05:00:00,21842.0,21812.791514692246
3329,2015-05-08 06:00:00,23315.0,23324.389455985656
3330,2015-05-08 07:00:00,25890.0,25850.235093851366
3331,2015-05-08 08:00:00,28099.0,28129.751471750005
3332,2015-05-08 09:00:00,29435.0,29447.784020910127
3333,2015-05-08 10:00:00,30447.0,30493.394661979495
3334,2015-05-08 11:00:00,31536.0,31555.01077906925
3335,2015-05-08 12:00:00,32541.0,32495.915035566548
3336,2015-05-08 13:00:00,33447.0,33444.642824053524
3337,2015-05-08 14:00:00,34392.0,34395.13102423894
3338,2015-05-08 15:00:00,34867.0,34908.677596581205
3339,2015-05-08 16:00:00,35373.0,35366.246679155665
3340,2015-05-08 17:00:00,35887.0,35896.35135727652
3341,2015-05-08 18:00:00,35819.0,35787.595610469034
3342,2015-05-08 19:00:00,34717.0,34691.46261407933
3343,2015-05-08 20:00:00,33388.0,33392.85867645184
3344,2015-05-08 21:00:00,33241.0,33260.69845637682
3345,2015-05-08 22:00:00,32121.0,32114.5460700921
3346,2015-05-08 23:00:00,29531.0,29524.26685647155
3347,2015-05-09 00:00:00,26751.0,26726.599428703976
3348,2015-05-07 01:00:00,23319.0,23338.813076562157
3349,2015-05-07 02:00:00,22057.0,22007.54728757108
3350,2015-05-07 03:00:00,21467.0,21468.27686403081
3351,2015-05-07 04:00:00,21189.0,21139.356475503166
3352,2015-05-07 05:00:00,21543.0,21552.34679098255
3353,2015-05-07 06:00:00,23244.0,23197.090649159134
3354,2015-05-07 07:00:00,25943.0,25987.006707989764
3355,2015-05-07 08:00:00,28036.0,28033.79537622212
3356,2015-05-07 09:00:00,28824.0,28842.40227313788
3357,2015-05-07 10:00:00,29518.0,29553.359847456508
3358,2015-05-07 11:00:00,30287.0,30260.542211414468
3359,2015-05-07 12:00:00,30819.0,30823.005390213468
3360,2015-05-07 13:00:00,31453.0,31489.344958424088
3361,2015-05-07 14:00:00,32168.0,32171.777360800923
3362,2015-05-07 15:00:00,32687.0,32676.27724962046
3363,2015-05-07 16:00:00,33135.0,33121.88698076137
3364,2015-05-07 17:00:00,33628.0,33616.41083600922
3365,2015-05-07 18:00:00,33793.0,33804.54312883345
3366,2015-05-07 19:00:00,33191.0,33145.56611455178
3367,2015-05-07 20:00:00,32514.0,32505.53828745822
3368,2015-05-07 21:00:00,32864.0,32870.05891287468
3369,2015-05-07 22:00:00,31747.0,31775.638078743366
3370,2015-05-07 23:00:00,28748.0,28750.999374560797
3371,2015-05-08 00:00:00,25794.0,25836.61727351145
3372,2015-05-06 01:00:00,24933.0,24927.37729923704
3373,2015-05-06 02:00:00,23623.0,23638.079415115633
3374,2015-05-06 03:00:00,22795.0,22746.758111279418
3375,2015-05-06 04:00:00,22368.0,22341.844806739053
3376,2015-05-06 05:00:00,22723.0,22754.545734639858
3377,2015-05-06 06:00:00,24384.0,24392.62150551551
3378,2015-05-06 07:00:00,27232.0,27276.61730610306
3379,2015-05-06 08:00:00,29253.0,29278.28764373163
3380,2015-05-06 09:00:00,30202.0,30196.966385825028
3381,2015-05-06 10:00:00,30734.0,30761.871126807837
3382,2015-05-06 11:00:00,31255.0,31251.7786781624
3383,2015-05-06 12:00:00,31656.0,31639.01688714216
3384,2015-05-06 13:00:00,31985.0,31939.709607198296
3385,2015-05-06 14:00:00,32236.0,32272.562336381987
3386,2015-05-06 15:00:00,32267.0,32258.894173588946
3387,2015-05-06 16:00:00,32423.0,32441.517028502443
3388,2015-05-06 17:00:00,32522.0,32487.305948529764
3389,2015-05-06 18:00:00,32218.0,32250.896235695174
3390,2015-05-06 19:00:00,31493.0,31525.42004460387
3391,2015-05-06 20:00:00,31203.0,31201.214759624978
3392,2015-05-06 21:00:00,31734.0,31751.21447081077
3393,2015-05-06 22:00:00,30613.0,30615.14538418828
3394,2015-05-06 23:00:00,27898.0,27903.226597206904
3395,2015-05-07 00:00:00,25162.0,25200.880156718875
3396,2015-05-05 01:00:00,23835.0,23881.69157313406
3397,2015-05-05 02:00:00,22636.0,22622.749894310335
3398,2015-05-05 03:00:00,21893.0,21876.173312624378
3399,2015-05-05 04:00:00,21572.0,21552.38074360795
3400,2015-05-05 05:00:00,21900.0,21927.07587938092
3401,2015-05-05 06:00:00,23521.0,23543.289745963062
3402,2015-05-05 07:00:00,26262.0,26216.380007604927
3403,2015-05-05 08:00:00,28452.0,28410.844089070575
3404,2015-05-05 09:00:00,29545.0,29559.620490030647
3405,2015-05-05 10:00:00,30462.0,30439.495862422395
3406,2015-05-05 11:00:00,31443.0,31402.158031606494
3407,2015-05-05 12:00:00,32144.0,32135.36637118026
3408,2015-05-05 13:00:00,32644.0,32681.748282926248
3409,2015-05-05 14:00:00,33411.0,33397.631178351345
3410,2015-05-05 15:00:00,33959.0,33978.56300387834
3411,2015-05-05 16:00:00,34360.0,34400.057486957616
3412,2015-05-05 17:00:00,34674.0,34640.93130813439
3413,2015-05-05 18:00:00,34586.0,34596.97017318419
3414,2015-05-05 19:00:00,33883.0,33923.765924207786
3415,2015-05-05 20:00:00,33575.0,33544.34130943891
3416,2015-05-05 21:00:00,34138.0,34186.87126137884
3417,2015-05-05 22:00:00,32738.0,32724.508352984692
3418,2015-05-05 23:00:00,29804.0,29775.752581020442
3419,2015-05-06 00:00:00,27018.0,27051.78194514833
3420,2015-05-04 01:00:00,21646.0,21642.79089853213
3421,2015-05-04 02:00:00,20722.0,20739.067817945503
3422,2015-05-04 03:00:00,20227.0,20225.960721407555
3423,2015-05-04 04:00:00,20065.0,20079.352779793768
3424,2015-05-04 05:00:00,20663.0,20616.53688149969
3425,2015-05-04 06:00:00,22418.0,22403.01802265325
3426,2015-05-04 07:00:00,25147.0,25162.731185930203
3427,2015-05-04 08:00:00,27262.0,27247.07805820453
3428,2015-05-04 09:00:00,28276.0,28303.57546200943
3429,2015-05-04 10:00:00,28971.0,29017.088450893167
3430,2015-05-04 11:00:00,29854.0,29807.741144785556
3431,2015-05-04 12:00:00,30616.0,30651.531815524504
3432,2015-05-04 13:00:00,31135.0,31101.906401749675
3433,2015-05-04 14:00:00,31605.0,31646.733709421456
3434,2015-05-04 15:00:00,31791.0,31835.679274609844
3435,2015-05-04 16:00:00,32113.0,32119.91796046172
3436,2015-05-04 17:00:00,32468.0,32465.901212148812
3437,2015-05-04 18:00:00,32725.0,32750.84998953091
3438,2015-05-04 19:00:00,32295.0,32336.802151186108
3439,2015-05-04 20:00:00,31990.0,31963.244607206234
3440,2015-05-04 21:00:00,32793.0,32781.24414418035
3441,2015-05-04 22:00:00,31601.0,31592.753599490487
3442,2015-05-04 23:00:00,28741.0,28775.582124721474
3443,2015-05-05 00:00:00,25877.0,25840.69170210043
3444,2015-05-03 01:00:00,21149.0,21161.30441822562
3445,2015-05-03 02:00:00,20342.0,20327.094130353784
3446,2015-05-03 03:00:00,19794.0,19832.55141253543
3447,2015-05-03 04:00:00,19479.0,19462.979087845237
3448,2015-05-03 05:00:00,19491.0,19538.794628482676
3449,2015-05-03 06:00:00,19823.0,19774.56321090139
3450,2015-05-03 07:00:00,20103.0,20076.95536226967
3451,2015-05-03 08:00:00,21052.0,21047.73209132434
3452,2015-05-03 09:00:00,22320.0,22295.63245829842
3453,2015-05-03 10:00:00,23211.0,23234.73935111404
3454,2015-05-03 11:00:00,23800.0,23831.45514690691
3455,2015-05-03 12:00:00,24231.0,24250.750799454225
3456,2015-05-03 13:00:00,24526.0,24573.039848330893
3457,2015-05-03 14:00:00,24716.0,24711.603800153604
3458,2015-05-03 15:00:00,24890.0,24937.976979537685
3459,2015-05-03 16:00:00,25201.0,25163.46106304499
3460,2015-05-03 17:00:00,25801.0,25835.594465425303
3461,2015-05-03 18:00:00,26466.0,26419.84412888578
3462,2015-05-03 19:00:00,26740.0,26743.191656642837
3463,2015-05-03 20:00:00,27054.0,27052.447161287706
3464,2015-05-03 21:00:00,28390.0,28425.62996167323
3465,2015-05-03 22:00:00,27564.0,27584.073244022897
3466,2015-05-03 23:00:00,25491.0,25485.105652024664
3467,2015-05-04 00:00:00,23272.0,23311.56715540147
3468,2015-05-02 01:00:00,22123.0,22161.586939715853
3469,2015-05-02 02:00:00,21247.0,21199.473183332808
3470,2015-05-02 03:00:00,20728.0,20765.101857922335
3471,2015-05-02 04:00:00,20560.0,20562.65853566507
3472,2015-05-02 05:00:00,20727.0,20760.89608326645
3473,2015-05-02 06:00:00,21402.0,21370.132359604617
3474,2015-05-02 07:00:00,22073.0,22038.109551937927
3475,2015-05-02 08:00:00,23270.0,23292.220314570295
3476,2015-05-02 09:00:00,24347.0,24324.53576951901
3477,2015-05-02 10:00:00,24897.0,24902.884055150527
3478,2015-05-02 11:00:00,25027.0,25045.881553879444
3479,2015-05-02 12:00:00,25025.0,25036.040750897297
3480,2015-05-02 13:00:00,24899.0,24918.896547341075
3481,2015-05-02 14:00:00,24727.0,24739.035728277504
3482,2015-05-02 15:00:00,24668.0,24655.912803116476
3483,2015-05-02 16:00:00,24690.0,24649.049441567273
3484,2015-05-02 17:00:00,24797.0,24832.53451479566
3485,2015-05-02 18:00:00,24974.0,25008.60082198881
3486,2015-05-02 19:00:00,25057.0,25007.567906253513
3487,2015-05-02 20:00:00,25331.0,25365.086549762003
3488,2015-05-02 21:00:00,26488.0,26453.098880607467
3489,2015-05-02 22:00:00,25970.0,25953.286260306395
3490,2015-05-02 23:00:00,24389.0,24380.334864170316
3491,2015-05-03 00:00:00,22638.0,22655.96308488782
3492,2015-05-01 01:00:00,22106.0,22065.241548527305
3493,2015-05-01 02:00:00,21209.0,21241.664558921348
3494,2015-05-01 03:00:00,20759.0,20803.2747786287
3495,2015-05-01 04:00:00,20620.0,20665.269586863134
3496,2015-05-01 05:00:00,21169.0,21128.183800151895
3497,2015-05-01 06:00:00,22907.0,22948.938025357023
3498,2015-05-01 07:00:00,25689.0,25695.78288970415
3499,2015-05-01 08:00:00,27580.0,27602.692856258334
3500,2015-05-01 09:00:00,28102.0,28145.059670649924
3501,2015-05-01 10:00:00,28333.0,28349.099545659144
3502,2015-05-01 11:00:00,28473.0,28468.67394456793
3503,2015-05-01 12:00:00,28333.0,28335.511183336963
3504,2015-05-01 13:00:00,28108.0,28126.450347903916
3505,2015-05-01 14:00:00,27969.0,28013.469890125587
3506,2015-05-01 15:00:00,27704.0,27742.98086980624
3507,2015-05-01 16:00:00,27519.0,27526.7067255316
3508,2015-05-01 17:00:00,27494.0,27465.101026907792
3509,2015-05-01 18:00:00,27513.0,27497.672912468464
3510,2015-05-01 19:00:00,27279.0,27265.18074982599
3511,2015-05-01 20:00:00,27505.0,27483.917403398533
3512,2015-05-01 21:00:00,28312.0,28336.674558410166
3513,2015-05-01 22:00:00,27540.0,27573.5987601628
3514,2015-05-01 23:00:00,25779.0,25760.98308941765
3515,2015-05-02 00:00:00,23753.0,23787.612598654825
3516,2015-04-30 01:00:00,22185.0,22208.443740787967
3517,2015-04-30 02:00:00,21204.0,21198.111647963455
3518,2015-04-30 03:00:00,20668.0,20687.86630299109
3519,2015-04-30 04:00:00,20560.0,20586.933831128426
3520,2015-04-30 05:00:00,21125.0,21131.103110426986
3521,2015-04-30 06:00:00,22878.0,22872.311338927648
3522,2015-04-30 07:00:00,25703.0,25663.171444692194
3523,2015-04-30 08:00:00,27572.0,27522.136967111946
3524,2015-04-30 09:00:00,28119.0,28162.725131058265
3525,2015-04-30 10:00:00,28215.0,28191.74847791115
3526,2015-04-30 11:00:00,28570.0,28586.29840205835
3527,2015-04-30 12:00:00,28636.0,28680.336115850132
3528,2015-04-30 13:00:00,28672.0,28703.829127837907
3529,2015-04-30 14:00:00,28751.0,28713.258280424936
3530,2015-04-30 15:00:00,28598.0,28628.191245044534
3531,2015-04-30 16:00:00,28554.0,28576.6393098976
3532,2015-04-30 17:00:00,28522.0,28504.93971026872
3533,2015-04-30 18:00:00,28457.0,28475.960179835067
3534,2015-04-30 19:00:00,28143.0,28175.588722564986
3535,2015-04-30 20:00:00,28527.0,28506.14219088697
3536,2015-04-30 21:00:00,29480.0,29516.90292746808
3537,2015-04-30 22:00:00,28341.0,28298.881438406406
3538,2015-04-30 23:00:00,26064.0,26066.745445423127
3539,2015-05-01 00:00:00,23802.0,23775.321965646053
3540,2015-04-29 01:00:00,22262.0,22284.80104945351
3541,2015-04-29 02:00:00,21400.0,21367.48659914283
3542,2015-04-29 03:00:00,21014.0,20998.14537891721
3543,2015-04-29 04:00:00,21006.0,20968.738575679472
3544,2015-04-29 05:00:00,21613.0,21644.19147389555
3545,2015-04-29 06:00:00,23605.0,23568.227478399123
3546,2015-04-29 07:00:00,26489.0,26511.315160598773
3547,2015-04-29 08:00:00,28206.0,28226.723021795722
3548,2015-04-29 09:00:00,28359.0,28323.23683871616
3549,2015-04-29 10:00:00,28430.0,28436.605107635172
3550,2015-04-29 11:00:00,28608.0,28607.68793183125
3551,2015-04-29 12:00:00,28779.0,28788.45045689825
3552,2015-04-29 13:00:00,28829.0,28872.722763251353
3553,2015-04-29 14:00:00,28930.0,28888.053702243535
3554,2015-04-29 15:00:00,28855.0,28887.050373037233
3555,2015-04-29 16:00:00,28808.0,28844.21074619474
3556,2015-04-29 17:00:00,28976.0,28938.627409032924
3557,2015-04-29 18:00:00,29090.0,29105.610613835917
3558,2015-04-29 19:00:00,28898.0,28918.212314788914
3559,2015-04-29 20:00:00,28909.0,28913.86662825182
3560,2015-04-29 21:00:00,30082.0,30082.292995829233
3561,2015-04-29 22:00:00,28918.0,28899.781842612523
3562,2015-04-29 23:00:00,26449.0,26467.90815862629
3563,2015-04-30 00:00:00,23929.0,23907.554665805565
3564,2015-04-28 01:00:00,23232.0,23228.00231870371
3565,2015-04-28 02:00:00,22400.0,22435.736916731705
3566,2015-04-28 03:00:00,21985.0,21943.954001310627
3567,2015-04-28 04:00:00,21925.0,21927.837025696892
3568,2015-04-28 05:00:00,22636.0,22634.6074060521
3569,2015-04-28 06:00:00,24783.0,24770.848139808695
3570,2015-04-28 07:00:00,27577.0,27586.75296928383
3571,2015-04-28 08:00:00,28970.0,28921.562650170647
3572,2015-04-28 09:00:00,28850.0,28849.24695749502
3573,2015-04-28 10:00:00,28655.0,28653.569054043175
3574,2015-04-28 11:00:00,28678.0,28679.61122916423
3575,2015-04-28 12:00:00,28512.0,28483.244025631713
3576,2015-04-28 13:00:00,28449.0,28419.759650057094
3577,2015-04-28 14:00:00,28498.0,28512.72025582624
3578,2015-04-28 15:00:00,28173.0,28132.272750588996
3579,2015-04-28 16:00:00,27988.0,27968.592152257777
3580,2015-04-28 17:00:00,28065.0,28098.081592653558
3581,2015-04-28 18:00:00,28267.0,28227.37637708132
3582,2015-04-28 19:00:00,28129.0,28125.80659893527
3583,2015-04-28 20:00:00,28436.0,28452.863074779452
3584,2015-04-28 21:00:00,29740.0,29704.16443610477
3585,2015-04-28 22:00:00,28694.0,28675.24628640465
3586,2015-04-28 23:00:00,26230.0,26235.875618079823
3587,2015-04-29 00:00:00,23971.0,23953.722785489674
3588,2015-04-27 01:00:00,22177.0,22137.993777791777
3589,2015-04-27 02:00:00,21546.0,21519.24063620914
3590,2015-04-27 03:00:00,21369.0,21329.9415345015
3591,2015-04-27 04:00:00,21518.0,21566.35557130458
3592,2015-04-27 05:00:00,22348.0,22321.564860381306
3593,2015-04-27 06:00:00,24502.0,24505.05539706304
3594,2015-04-27 07:00:00,27730.0,27722.85219099684
3595,2015-04-27 08:00:00,29516.0,29522.9513596416
3596,2015-04-27 09:00:00,29705.0,29704.80911119868
3597,2015-04-27 10:00:00,29455.0,29477.716184066845
3598,2015-04-27 11:00:00,29203.0,29240.30138970482
3599,2015-04-27 12:00:00,28925.0,28903.529938728967
3600,2015-04-27 13:00:00,29034.0,29002.36067655243
3601,2015-04-27 14:00:00,29109.0,29157.43398476809
3602,2015-04-27 15:00:00,28751.0,28787.60724599353
3603,2015-04-27 16:00:00,28420.0,28406.39182862963
3604,2015-04-27 17:00:00,28456.0,28495.4786806573
3605,2015-04-27 18:00:00,28691.0,28708.054631135303
3606,2015-04-27 19:00:00,28910.0,28903.742064001075
3607,2015-04-27 20:00:00,29508.0,29545.342195194604
3608,2015-04-27 21:00:00,30550.0,30567.52827186332
3609,2015-04-27 22:00:00,29379.0,29411.64512228573
3610,2015-04-27 23:00:00,27015.0,27006.77597430523
3611,2015-04-28 00:00:00,24780.0,24809.871545278384
3612,2015-04-26 01:00:00,22998.0,22984.692693919405
3613,2015-04-26 02:00:00,22239.0,22262.50790865007
3614,2015-04-26 03:00:00,21814.0,21807.553054184624
3615,2015-04-26 04:00:00,21633.0,21623.519460481773
3616,2015-04-26 05:00:00,21828.0,21857.663294887152
3617,2015-04-26 06:00:00,22365.0,22327.503678154393
3618,2015-04-26 07:00:00,22907.0,22949.82090214906
3619,2015-04-26 08:00:00,23706.0,23706.868073230617
3620,2015-04-26 09:00:00,24484.0,24497.607439874104
3621,2015-04-26 10:00:00,24673.0,24663.526149285997
3622,2015-04-26 11:00:00,24575.0,24589.587464947926
3623,2015-04-26 12:00:00,24447.0,24467.985144980987
3624,2015-04-26 13:00:00,24280.0,24316.8477335497
3625,2015-04-26 14:00:00,24058.0,24093.43787145874
3626,2015-04-26 15:00:00,23872.0,23857.78147000404
3627,2015-04-26 16:00:00,23897.0,23908.58528709731
3628,2015-04-26 17:00:00,24308.0,24336.057729839296
3629,2015-04-26 18:00:00,24831.0,24857.48634901019
3630,2015-04-26 19:00:00,25271.0,25310.093144889557
3631,2015-04-26 20:00:00,26085.0,26118.19435395305
3632,2015-04-26 21:00:00,27642.0,27663.785592622116
3633,2015-04-26 22:00:00,27021.0,27045.88552349145
3634,2015-04-26 23:00:00,25247.0,25277.744375642153
3635,2015-04-27 00:00:00,23394.0,23427.788851065237
3636,2015-04-25 01:00:00,24368.0,24353.26690287368
3637,2015-04-25 02:00:00,23632.0,23660.18107338362
3638,2015-04-25 03:00:00,23323.0,23367.92089863074
3639,2015-04-25 04:00:00,23255.0,23228.296338827113
3640,2015-04-25 05:00:00,23633.0,23587.823495839853
3641,2015-04-25 06:00:00,24441.0,24398.23962914594
3642,2015-04-25 07:00:00,25272.0,25243.67181803738
3643,2015-04-25 08:00:00,26359.0,26400.97903666104
3644,2015-04-25 09:00:00,27407.0,27369.67960838835
3645,2015-04-25 10:00:00,27925.0,27949.760304435582
3646,2015-04-25 11:00:00,27695.0,27731.70438311189
3647,2015-04-25 12:00:00,27190.0,27227.752102188377
3648,2015-04-25 13:00:00,26432.0,26423.674858491122
3649,2015-04-25 14:00:00,25688.0,25687.52617349823
3650,2015-04-25 15:00:00,25019.0,25001.324885566442
3651,2015-04-25 16:00:00,24772.0,24736.73443898768
3652,2015-04-25 17:00:00,24900.0,24871.21712748734
3653,2015-04-25 18:00:00,25200.0,25163.4785142072
3654,2015-04-25 19:00:00,25642.0,25632.752226816727
3655,2015-04-25 20:00:00,26511.0,26478.034558339885
3656,2015-04-25 21:00:00,27747.0,27737.340076264725
3657,2015-04-25 22:00:00,27215.0,27250.118912874
3658,2015-04-25 23:00:00,25938.0,25953.451562817707
3659,2015-04-26 00:00:00,24377.0,24393.275178009564
3660,2015-04-24 01:00:00,25055.0,25086.186607728752
3661,2015-04-24 02:00:00,24289.0,24243.119350730696
3662,2015-04-24 03:00:00,23979.0,24008.451089477705
3663,2015-04-24 04:00:00,24045.0,24014.634884214127
3664,2015-04-24 05:00:00,24795.0,24779.59269046028
3665,2015-04-24 06:00:00,26938.0,26918.804282355402
3666,2015-04-24 07:00:00,30099.0,30059.565554790523
3667,2015-04-24 08:00:00,31772.0,31739.370992096774
3668,2015-04-24 09:00:00,31715.0,31760.63471968932
3669,2015-04-24 10:00:00,31116.0,31126.02722567988
3670,2015-04-24 11:00:00,30586.0,30583.39717612945
3671,2015-04-24 12:00:00,30033.0,30058.77947825246
3672,2015-04-24 13:00:00,29395.0,29426.373937571127
3673,2015-04-24 14:00:00,28955.0,28916.026285390555
3674,2015-04-24 15:00:00,28339.0,28363.09054154641
3675,2015-04-24 16:00:00,27922.0,27965.23965384882
3676,2015-04-24 17:00:00,27805.0,27813.54360817692
3677,2015-04-24 18:00:00,27833.0,27844.4156951488
3678,2015-04-24 19:00:00,27806.0,27843.04072901023
3679,2015-04-24 20:00:00,28307.0,28324.948255939187
3680,2015-04-24 21:00:00,29778.0,29827.526751166268
3681,2015-04-24 22:00:00,29224.0,29202.26936360231
3682,2015-04-24 23:00:00,27630.0,27664.548057793432
3683,2015-04-25 00:00:00,25832.0,25843.24092208772
3684,2015-04-23 01:00:00,23237.0,23223.573554058596
3685,2015-04-23 02:00:00,22490.0,22528.30596705909
3686,2015-04-23 03:00:00,22111.0,22160.624625611
3687,2015-04-23 04:00:00,22170.0,22125.78493688255
3688,2015-04-23 05:00:00,22903.0,22945.55227566663
3689,2015-04-23 06:00:00,25092.0,25062.31110026274
3690,2015-04-23 07:00:00,28278.0,28248.51880219065
3691,2015-04-23 08:00:00,29869.0,29823.17560919376
3692,2015-04-23 09:00:00,29884.0,29926.218773392167
3693,2015-04-23 10:00:00,29820.0,29845.93980389484
3694,2015-04-23 11:00:00,29963.0,29918.344918720595
3695,2015-04-23 12:00:00,30026.0,30039.353520940207
3696,2015-04-23 13:00:00,29788.0,29750.013443941843
3697,2015-04-23 14:00:00,29658.0,29683.140522145222
3698,2015-04-23 15:00:00,29477.0,29467.90538429544
3699,2015-04-23 16:00:00,29462.0,29417.177683362963
3700,2015-04-23 17:00:00,29737.0,29769.940744904874
3701,2015-04-23 18:00:00,30244.0,30251.241327475338
3702,2015-04-23 19:00:00,30523.0,30550.286817863664
3703,2015-04-23 20:00:00,31256.0,31273.453085106692
3704,2015-04-23 21:00:00,32298.0,32291.43961747051
3705,2015-04-23 22:00:00,31103.0,31122.866645953505
3706,2015-04-23 23:00:00,28782.0,28733.475346091356
3707,2015-04-24 00:00:00,26652.0,26635.9737558982
3708,2015-04-22 01:00:00,22333.0,22360.78533960269
3709,2015-04-22 02:00:00,21547.0,21573.30619068137
3710,2015-04-22 03:00:00,21175.0,21213.740936720966
3711,2015-04-22 04:00:00,21118.0,21129.10455203582
3712,2015-04-22 05:00:00,21746.0,21790.21968020942
3713,2015-04-22 06:00:00,23811.0,23816.7712206616
3714,2015-04-22 07:00:00,26887.0,26887.04540067076
3715,2015-04-22 08:00:00,28450.0,28419.72166089607
3716,2015-04-22 09:00:00,28609.0,28636.883641917466
3717,2015-04-22 10:00:00,28573.0,28592.2057154871
3718,2015-04-22 11:00:00,28652.0,28648.076068466144
3719,2015-04-22 12:00:00,28625.0,28583.710874810477
3720,2015-04-22 13:00:00,28630.0,28592.570238078453
3721,2015-04-22 14:00:00,28897.0,28858.44611959542
3722,2015-04-22 15:00:00,29038.0,29025.55993080892
3723,2015-04-22 16:00:00,28917.0,28882.89775740468
3724,2015-04-22 17:00:00,28911.0,28947.08420992632
3725,2015-04-22 18:00:00,29156.0,29195.934612048266
3726,2015-04-22 19:00:00,29036.0,29071.67690646257
3727,2015-04-22 20:00:00,29332.0,29342.885493843532
3728,2015-04-22 21:00:00,30248.0,30257.63553984767
3729,2015-04-22 22:00:00,29190.0,29229.092408647582
3730,2015-04-22 23:00:00,26857.0,26847.63081606638
3731,2015-04-23 00:00:00,24696.0,24652.23443191909
3732,2015-04-21 01:00:00,22626.0,22623.039315711518
3733,2015-04-21 02:00:00,21667.0,21672.371046263106
3734,2015-04-21 03:00:00,21085.0,21089.945214498017
3735,2015-04-21 04:00:00,20954.0,20919.900407951107
3736,2015-04-21 05:00:00,21380.0,21408.34129733286
3737,2015-04-21 06:00:00,23170.0,23193.196690927125
3738,2015-04-21 07:00:00,26257.0,26229.98529337308
3739,2015-04-21 08:00:00,27941.0,27946.12292797272
3740,2015-04-21 09:00:00,28456.0,28485.032820868684
3741,2015-04-21 10:00:00,28345.0,28295.76846229742
3742,2015-04-21 11:00:00,28296.0,28273.515480679056
3743,2015-04-21 12:00:00,28301.0,28298.20378677534
3744,2015-04-21 13:00:00,28080.0,28114.503160022407
3745,2015-04-21 14:00:00,28070.0,28099.896726987055
3746,2015-04-21 15:00:00,27892.0,27857.099252394786
3747,2015-04-21 16:00:00,27806.0,27802.27418937455
3748,2015-04-21 17:00:00,28026.0,28006.463670917372
3749,2015-04-21 18:00:00,28264.0,28254.14336595689
3750,2015-04-21 19:00:00,28187.0,28191.062481179735
3751,2015-04-21 20:00:00,28682.0,28681.93405641541
3752,2015-04-21 21:00:00,29937.0,29901.15746394333
3753,2015-04-21 22:00:00,28679.0,28641.168812270847
3754,2015-04-21 23:00:00,26290.0,26253.02689068431
3755,2015-04-22 00:00:00,23909.0,23943.128828294157
3756,2015-04-20 01:00:00,21652.0,21603.993535489055
3757,2015-04-20 02:00:00,20872.0,20842.240463359136
3758,2015-04-20 03:00:00,20616.0,20661.58917781177
3759,2015-04-20 04:00:00,20690.0,20646.602133323293
3760,2015-04-20 05:00:00,21345.0,21298.63214478122
3761,2015-04-20 06:00:00,23340.0,23328.732932474253
3762,2015-04-20 07:00:00,26802.0,26767.120056282012
3763,2015-04-20 08:00:00,28894.0,28900.576355005785
3764,2015-04-20 09:00:00,29772.0,29755.85809759177
3765,2015-04-20 10:00:00,30209.0,30179.896941261577
3766,2015-04-20 11:00:00,30502.0,30551.86017164718
3767,2015-04-20 12:00:00,30486.0,30470.110412246268
3768,2015-04-20 13:00:00,30346.0,30360.10064486396
3769,2015-04-20 14:00:00,30274.0,30311.41130398056
3770,2015-04-20 15:00:00,30076.0,30118.238715319836
3771,2015-04-20 16:00:00,29993.0,29984.012730327893
3772,2015-04-20 17:00:00,30086.0,30133.615625796607
3773,2015-04-20 18:00:00,30295.0,30317.456531839853
3774,2015-04-20 19:00:00,30249.0,30257.327575131636
3775,2015-04-20 20:00:00,30430.0,30449.32793327116
3776,2015-04-20 21:00:00,30990.0,30976.013777314507
3777,2015-04-20 22:00:00,29299.0,29291.440538370633
3778,2015-04-20 23:00:00,26747.0,26755.626905376237
3779,2015-04-21 00:00:00,24266.0,24248.683412942708
3780,2015-04-19 01:00:00,21742.0,21768.88117415554
3781,2015-04-19 02:00:00,20614.0,20589.108680062793
3782,2015-04-19 03:00:00,19915.0,19944.68055098088
3783,2015-04-19 04:00:00,19521.0,19486.215733778437
3784,2015-04-19 05:00:00,19450.0,19421.73908677717
3785,2015-04-19 06:00:00,19752.0,19777.309392053125
3786,2015-04-19 07:00:00,20077.0,20053.314156103817
3787,2015-04-19 08:00:00,20983.0,21012.539425190796
3788,2015-04-19 09:00:00,22331.0,22359.38699966561
3789,2015-04-19 10:00:00,23277.0,23252.73012392226
3790,2015-04-19 11:00:00,23680.0,23637.308101612794
3791,2015-04-19 12:00:00,23803.0,23769.636058128566
3792,2015-04-19 13:00:00,23808.0,23833.25267284676
3793,2015-04-19 14:00:00,23697.0,23731.699420549456
3794,2015-04-19 15:00:00,23583.0,23571.30555120808
3795,2015-04-19 16:00:00,23785.0,23751.421883124025
3796,2015-04-19 17:00:00,24261.0,24218.546974939076
3797,2015-04-19 18:00:00,25015.0,24986.58160251921
3798,2015-04-19 19:00:00,25640.0,25687.968486094578
3799,2015-04-19 20:00:00,26784.0,26751.027301663045
3800,2015-04-19 21:00:00,27628.0,27586.616700531948
3801,2015-04-19 22:00:00,26514.0,26542.5473522934
3802,2015-04-19 23:00:00,24709.0,24720.541149541656
3803,2015-04-20 00:00:00,22891.0,22894.48213507723
3804,2015-04-18 01:00:00,22361.0,22355.78525519567
3805,2015-04-18 02:00:00,21235.0,21255.184128751407
3806,2015-04-18 03:00:00,20619.0,20638.83549936135
3807,2015-04-18 04:00:00,20212.0,20204.442590717943
3808,2015-04-18 05:00:00,20283.0,20256.42278450314
3809,2015-04-18 06:00:00,20842.0,20876.126345602708
3810,2015-04-18 07:00:00,21590.0,21556.46223026008
3811,2015-04-18 08:00:00,22858.0,22861.400631352586
3812,2015-04-18 09:00:00,24322.0,24341.26741155481
3813,2015-04-18 10:00:00,25257.0,25270.887696499656
3814,2015-04-18 11:00:00,25656.0,25667.879433053684
3815,2015-04-18 12:00:00,25839.0,25855.250619514605
3816,2015-04-18 13:00:00,25781.0,25818.565491647554
3817,2015-04-18 14:00:00,25649.0,25635.53925709864
3818,2015-04-18 15:00:00,25551.0,25563.743650665598
3819,2015-04-18 16:00:00,25660.0,25679.69666807822
3820,2015-04-18 17:00:00,26064.0,26073.032655354018
3821,2015-04-18 18:00:00,26503.0,26543.30026421471
3822,2015-04-18 19:00:00,26497.0,26512.477876181794
3823,2015-04-18 20:00:00,26832.0,26824.44290778166
3824,2015-04-18 21:00:00,27852.0,27886.55871011442
3825,2015-04-18 22:00:00,26969.0,26967.9567997646
3826,2015-04-18 23:00:00,25354.0,25357.016327390436
3827,2015-04-19 00:00:00,23437.0,23445.227950402226
3828,2015-04-17 01:00:00,22405.0,22387.27846871379
3829,2015-04-17 02:00:00,21509.0,21531.253983259507
3830,2015-04-17 03:00:00,21031.0,20990.812618711327
3831,2015-04-17 04:00:00,20915.0,20951.88492015915
3832,2015-04-17 05:00:00,21429.0,21454.45377522552
3833,2015-04-17 06:00:00,23211.0,23196.363180194596
3834,2015-04-17 07:00:00,26423.0,26395.63931050272
3835,2015-04-17 08:00:00,28261.0,28249.789794553137
3836,2015-04-17 09:00:00,29023.0,29053.50525774819
3837,2015-04-17 10:00:00,29393.0,29346.15707931424
3838,2015-04-17 11:00:00,29566.0,29562.792425689226
3839,2015-04-17 12:00:00,29502.0,29477.411021287087
3840,2015-04-17 13:00:00,29357.0,29394.495139992003
3841,2015-04-17 14:00:00,29271.0,29262.384157389515
3842,2015-04-17 15:00:00,28923.0,28942.78983278806
3843,2015-04-17 16:00:00,28729.0,28714.789249033314
3844,2015-04-17 17:00:00,28783.0,28765.96996681711
3845,2015-04-17 18:00:00,28563.0,28545.587287416914
3846,2015-04-17 19:00:00,28194.0,28211.817461116596
3847,2015-04-17 20:00:00,28433.0,28479.42408935725
3848,2015-04-17 21:00:00,29280.0,29250.814475389783
3849,2015-04-17 22:00:00,28271.0,28285.390123466666
3850,2015-04-17 23:00:00,26303.0,26279.54344325612
3851,2015-04-18 00:00:00,24124.0,24128.935005234136
3852,2015-04-16 01:00:00,22787.0,22791.159885066714
3853,2015-04-16 02:00:00,21892.0,21887.004601936205
3854,2015-04-16 03:00:00,21598.0,21597.864414750216
3855,2015-04-16 04:00:00,21589.0,21627.023114814645
3856,2015-04-16 05:00:00,22245.0,22203.860452519435
3857,2015-04-16 06:00:00,24355.0,24388.028314102216
3858,2015-04-16 07:00:00,27625.0,27621.231333128602
3859,2015-04-16 08:00:00,29284.0,29267.359403569993
3860,2015-04-16 09:00:00,29214.0,29181.714597443908
3861,2015-04-16 10:00:00,28857.0,28888.480645858996
3862,2015-04-16 11:00:00,28719.0,28728.20422315361
3863,2015-04-16 12:00:00,28494.0,28516.837572090677
3864,2015-04-16 13:00:00,28249.0,28230.496325656495
3865,2015-04-16 14:00:00,28191.0,28180.295926229177
3866,2015-04-16 15:00:00,28027.0,28068.36437288252
3867,2015-04-16 16:00:00,27964.0,28010.11822854374
3868,2015-04-16 17:00:00,28017.0,28040.98421789663
3869,2015-04-16 18:00:00,28155.0,28179.942601529005
3870,2015-04-16 19:00:00,28155.0,28174.440027706994
3871,2015-04-16 20:00:00,28990.0,28998.720993614057
3872,2015-04-16 21:00:00,29966.0,29975.507832993935
3873,2015-04-16 22:00:00,28661.0,28707.380289036395
3874,2015-04-16 23:00:00,26296.0,26321.091152677163
3875,2015-04-17 00:00:00,24014.0,24029.534129609645
3876,2015-04-15 01:00:00,22859.0,22827.906960287924
3877,2015-04-15 02:00:00,21995.0,22042.707397476057
3878,2015-04-15 03:00:00,21632.0,21634.029336972402
3879,2015-04-15 04:00:00,21616.0,21660.371322974617
3880,2015-04-15 05:00:00,22288.0,22309.35575375715
3881,2015-04-15 06:00:00,24368.0,24322.008083929457
3882,2015-04-15 07:00:00,27652.0,27655.899549975496
3883,2015-04-15 08:00:00,29098.0,29137.26821186053
3884,2015-04-15 09:00:00,29146.0,29101.178068550842
3885,2015-04-15 10:00:00,28980.0,29016.67275503265
3886,2015-04-15 11:00:00,28827.0,28838.3391292221
3887,2015-04-15 12:00:00,28688.0,28642.452726202053
3888,2015-04-15 13:00:00,28382.0,28369.35983306687
3889,2015-04-15 14:00:00,28216.0,28169.0170594244
3890,2015-04-15 15:00:00,27998.0,27948.171629775636
3891,2015-04-15 16:00:00,27869.0,27908.64251295112
3892,2015-04-15 17:00:00,28025.0,28049.857830087705
3893,2015-04-15 18:00:00,28192.0,28170.94720071495
3894,2015-04-15 19:00:00,28119.0,28080.371053057344
3895,2015-04-15 20:00:00,28979.0,28934.44325820069
3896,2015-04-15 21:00:00,30116.0,30157.722233071716
3897,2015-04-15 22:00:00,28879.0,28891.55568521927
3898,2015-04-15 23:00:00,26507.0,26473.05588876649
3899,2015-04-16 00:00:00,24304.0,24322.146196344795
3900,2015-04-14 01:00:00,22246.0,22295.889071613256
3901,2015-04-14 02:00:00,21319.0,21347.802742039075
3902,2015-04-14 03:00:00,20813.0,20807.65323069883
3903,2015-04-14 04:00:00,20700.0,20731.417667061443
3904,2015-04-14 05:00:00,21212.0,21236.430668191042
3905,2015-04-14 06:00:00,23033.0,22991.865319779397
3906,2015-04-14 07:00:00,26397.0,26439.569662530517
3907,2015-04-14 08:00:00,28384.0,28422.410324793975
3908,2015-04-14 09:00:00,29178.0,29187.055952300663
3909,2015-04-14 10:00:00,29537.0,29537.814920570858
3910,2015-04-14 11:00:00,29878.0,29850.77413760641
3911,2015-04-14 12:00:00,29772.0,29805.445788961
3912,2015-04-14 13:00:00,29473.0,29466.188640958033
3913,2015-04-14 14:00:00,29282.0,29289.930669121117
3914,2015-04-14 15:00:00,28997.0,28964.00874849722
3915,2015-04-14 16:00:00,28778.0,28749.382275819044
3916,2015-04-14 17:00:00,28914.0,28962.52013242243
3917,2015-04-14 18:00:00,29253.0,29252.39999698974
3918,2015-04-14 19:00:00,29431.0,29462.574287840343
3919,2015-04-14 20:00:00,30130.0,30162.973000253543
3920,2015-04-14 21:00:00,30465.0,30513.151033059195
3921,2015-04-14 22:00:00,29050.0,29098.29040154843
3922,2015-04-14 23:00:00,26657.0,26652.69554181914
3923,2015-04-15 00:00:00,24393.0,24438.03203775182
3924,2015-04-13 01:00:00,22050.0,22036.545441948307
3925,2015-04-13 02:00:00,21427.0,21437.763912686667
3926,2015-04-13 03:00:00,21164.0,21196.17124299655
3927,2015-04-13 04:00:00,21344.0,21385.378653734533
3928,2015-04-13 05:00:00,22146.0,22148.383922422523
3929,2015-04-13 06:00:00,24337.0,24328.785945811458
3930,2015-04-13 07:00:00,27835.0,27857.851805363982
3931,2015-04-13 08:00:00,29539.0,29534.592756836482
3932,2015-04-13 09:00:00,29632.0,29649.180142936293
3933,2015-04-13 10:00:00,29165.0,29195.421890789235
3934,2015-04-13 11:00:00,29000.0,29034.112726772157
3935,2015-04-13 12:00:00,28767.0,28742.43140416825
3936,2015-04-13 13:00:00,28535.0,28542.145812103965
3937,2015-04-13 14:00:00,28503.0,28455.503426334573
3938,2015-04-13 15:00:00,28395.0,28424.775621160134
3939,2015-04-13 16:00:00,28421.0,28383.50951730075
3940,2015-04-13 17:00:00,28488.0,28525.168450050125
3941,2015-04-13 18:00:00,28620.0,28610.680960487156
3942,2015-04-13 19:00:00,28476.0,28442.726827782306
3943,2015-04-13 20:00:00,29173.0,29202.581491439974
3944,2015-04-13 21:00:00,30295.0,30265.028638703345
3945,2015-04-13 22:00:00,28742.0,28731.441467367506
3946,2015-04-13 23:00:00,26369.0,26375.687619621676
3947,2015-04-14 00:00:00,23952.0,23938.00299385377
3948,2015-04-12 01:00:00,23066.0,23033.902874247447
3949,2015-04-12 02:00:00,22372.0,22362.609379603942
3950,2015-04-12 03:00:00,22103.0,22067.424437058846
3951,2015-04-12 04:00:00,22076.0,22097.915546259526
3952,2015-04-12 05:00:00,22390.0,22357.15049643188
3953,2015-04-12 06:00:00,23178.0,23176.23825363704
3954,2015-04-12 07:00:00,24122.0,24128.037825369487
3955,2015-04-12 08:00:00,24812.0,24856.5066939354
3956,2015-04-12 09:00:00,25247.0,25204.82583541009
3957,2015-04-12 10:00:00,25261.0,25304.04552750186
3958,2015-04-12 11:00:00,25103.0,25073.82263573253
3959,2015-04-12 12:00:00,24786.0,24820.093626463975
3960,2015-04-12 13:00:00,24440.0,24399.049525417766
3961,2015-04-12 14:00:00,24066.0,24114.870237728246
3962,2015-04-12 15:00:00,23755.0,23785.763275288882
3963,2015-04-12 16:00:00,23710.0,23666.295109934796
3964,2015-04-12 17:00:00,24057.0,24028.411104343202
3965,2015-04-12 18:00:00,24708.0,24712.854499311776
3966,2015-04-12 19:00:00,25228.0,25230.35720111404
3967,2015-04-12 20:00:00,26535.0,26547.92692029561
3968,2015-04-12 21:00:00,28074.0,28070.35066771584
3969,2015-04-12 22:00:00,27057.0,27080.416430579626
3970,2015-04-12 23:00:00,25304.0,25288.848560374634
3971,2015-04-13 00:00:00,23385.0,23352.638683678437
3972,2015-04-11 01:00:00,23728.0,23681.377948502002
3973,2015-04-11 02:00:00,22743.0,22725.476561279247
3974,2015-04-11 03:00:00,22276.0,22268.687883261064
3975,2015-04-11 04:00:00,22029.0,22044.90687148023
3976,2015-04-11 05:00:00,22248.0,22278.645634622404
3977,2015-04-11 06:00:00,23000.0,22974.00628016039
3978,2015-04-11 07:00:00,24053.0,24052.32025742693
3979,2015-04-11 08:00:00,25079.0,25052.373387224547
3980,2015-04-11 09:00:00,25947.0,25992.11653487299
3981,2015-04-11 10:00:00,26327.0,26341.75467568286
3982,2015-04-11 11:00:00,26322.0,26339.7902400716
3983,2015-04-11 12:00:00,26023.0,26026.122414935693
3984,2015-04-11 13:00:00,25559.0,25537.18297689651
3985,2015-04-11 14:00:00,24966.0,24936.042988093923
3986,2015-04-11 15:00:00,24464.0,24479.6645514083
3987,2015-04-11 16:00:00,24193.0,24235.170718498997
3988,2015-04-11 17:00:00,24284.0,24255.289369702277
3989,2015-04-11 18:00:00,24651.0,24658.176433437344
3990,2015-04-11 19:00:00,25039.0,25041.9324971797
3991,2015-04-11 20:00:00,26049.0,26063.165309642995
3992,2015-04-11 21:00:00,27485.0,27493.778994325447
3993,2015-04-11 22:00:00,26943.0,26920.27946067322
3994,2015-04-11 23:00:00,25785.0,25804.144169171886
3995,2015-04-12 00:00:00,24333.0,24310.265981327975
3996,2015-04-10 01:00:00,26208.0,26223.29936797693
3997,2015-04-10 02:00:00,25240.0,25219.993335309635
3998,2015-04-10 03:00:00,24753.0,24711.242274374614
3999,2015-04-10 04:00:00,24694.0,24656.72233051605
4000,2015-04-10 05:00:00,25232.0,25265.409624743774
4001,2015-04-10 06:00:00,27062.0,27024.13552611188
4002,2015-04-10 07:00:00,30258.0,30241.051322073246
4003,2015-04-10 08:00:00,31865.0,31843.76417514348
4004,2015-04-10 09:00:00,32447.0,32402.78597091211
4005,2015-04-10 10:00:00,32455.0,32464.951953337262
4006,2015-04-10 11:00:00,32296.0,32325.878547087614
4007,2015-04-10 12:00:00,31941.0,31990.23297869321
4008,2015-04-10 13:00:00,31488.0,31531.603208497974
4009,2015-04-10 14:00:00,31068.0,31022.932611167365
4010,2015-04-10 15:00:00,30483.0,30458.750869855423
4011,2015-04-10 16:00:00,30015.0,30006.211826153
4012,2015-04-10 17:00:00,29759.0,29796.501434736318
4013,2015-04-10 18:00:00,29718.0,29704.00847783507
4014,2015-04-10 19:00:00,29352.0,29359.031234391776
4015,2015-04-10 20:00:00,29685.0,29700.95929975456
4016,2015-04-10 21:00:00,30185.0,30164.79587365711
4017,2015-04-10 22:00:00,29187.0,29195.194054421365
4018,2015-04-10 23:00:00,27327.0,27282.08855053964
4019,2015-04-11 00:00:00,25390.0,25388.01832840712
4020,2015-04-09 01:00:00,25900.0,25887.8535738551
4021,2015-04-09 02:00:00,24997.0,24982.575459738102
4022,2015-04-09 03:00:00,24559.0,24532.489289931105
4023,2015-04-09 04:00:00,24510.0,24541.773423603398
4024,2015-04-09 05:00:00,25198.0,25236.192300455903
4025,2015-04-09 06:00:00,27201.0,27239.812847677174
4026,2015-04-09 07:00:00,30591.0,30580.610698382858
4027,2015-04-09 08:00:00,32373.0,32348.91612980064
4028,2015-04-09 09:00:00,32898.0,32857.841229257414
4029,2015-04-09 10:00:00,33082.0,33099.24076692894
4030,2015-04-09 11:00:00,33285.0,33268.01677650917
4031,2015-04-09 12:00:00,33148.0,33125.66662651847
4032,2015-04-09 13:00:00,32809.0,32796.143812000446
4033,2015-04-09 14:00:00,32613.0,32618.47236785335
4034,2015-04-09 15:00:00,32204.0,32170.192526266033
4035,2015-04-09 16:00:00,32049.0,32095.133754910228
4036,2015-04-09 17:00:00,32209.0,32232.261409454055
4037,2015-04-09 18:00:00,32707.0,32661.678566354407
4038,2015-04-09 19:00:00,33012.0,32992.678778561094
4039,2015-04-09 20:00:00,33843.0,33798.02724371688
4040,2015-04-09 21:00:00,33755.0,33727.948919937015
4041,2015-04-09 22:00:00,32363.0,32341.659088990556
4042,2015-04-09 23:00:00,30060.0,30081.79797279347
4043,2015-04-10 00:00:00,27846.0,27867.873985548627
4044,2015-04-08 01:00:00,23296.0,23250.532530863216
4045,2015-04-08 02:00:00,22494.0,22502.81276468377
4046,2015-04-08 03:00:00,22110.0,22156.091063119253
4047,2015-04-08 04:00:00,22096.0,22108.836504529776
4048,2015-04-08 05:00:00,22803.0,22849.054732574525
4049,2015-04-08 06:00:00,24772.0,24760.05591169698
4050,2015-04-08 07:00:00,28176.0,28171.97782911522
4051,2015-04-08 08:00:00,30202.0,30201.548651199646
4052,2015-04-08 09:00:00,31093.0,31135.3947094705
4053,2015-04-08 10:00:00,31554.0,31542.02810528498
4054,2015-04-08 11:00:00,31911.0,31959.341840836696
4055,2015-04-08 12:00:00,31925.0,31929.312603514343
4056,2015-04-08 13:00:00,31748.0,31719.812072253368
4057,2015-04-08 14:00:00,31758.0,31718.36880485972
4058,2015-04-08 15:00:00,31549.0,31516.287275020088
4059,2015-04-08 16:00:00,31457.0,31410.92827429205
4060,2015-04-08 17:00:00,31767.0,31786.2310253265
4061,2015-04-08 18:00:00,32338.0,32339.690418007733
4062,2015-04-08 19:00:00,32733.0,32756.79238925561
4063,2015-04-08 20:00:00,33462.0,33490.226212167574
4064,2015-04-08 21:00:00,33476.0,33519.13631547191
4065,2015-04-08 22:00:00,31986.0,31947.69983276888
4066,2015-04-08 23:00:00,29762.0,29730.610324411886
4067,2015-04-09 00:00:00,27481.0,27485.827432154332
4068,2015-04-07 01:00:00,22683.0,22645.95243128852
4069,2015-04-07 02:00:00,21733.0,21692.272172650522
4070,2015-04-07 03:00:00,21243.0,21259.633759884724
4071,2015-04-07 04:00:00,21095.0,21117.471151576854
4072,2015-04-07 05:00:00,21658.0,21692.340049289473
4073,2015-04-07 06:00:00,23425.0,23466.574667838468
4074,2015-04-07 07:00:00,26446.0,26440.24994446546
4075,2015-04-07 08:00:00,28250.0,28297.98743382097
4076,2015-04-07 09:00:00,28986.0,28939.78869927026
4077,2015-04-07 10:00:00,29242.0,29279.012762201728
4078,2015-04-07 11:00:00,29633.0,29615.147585807033
4079,2015-04-07 12:00:00,29647.0,29689.171450212805
4080,2015-04-07 13:00:00,29359.0,29331.260438702313
4081,2015-04-07 14:00:00,29281.0,29305.099365444785
4082,2015-04-07 15:00:00,29247.0,29239.54567760313
4083,2015-04-07 16:00:00,29136.0,29124.146484002573
4084,2015-04-07 17:00:00,29422.0,29377.94194512863
4085,2015-04-07 18:00:00,29839.0,29859.591172671742
4086,2015-04-07 19:00:00,30003.0,29970.535276029663
4087,2015-04-07 20:00:00,30681.0,30677.29931681908
4088,2015-04-07 21:00:00,30647.0,30611.13081141694
4089,2015-04-07 22:00:00,29224.0,29234.4477818132
4090,2015-04-07 23:00:00,27002.0,26975.106123471945
4091,2015-04-08 00:00:00,24797.0,24806.439653083125
4092,2015-04-06 01:00:00,22493.0,22537.661578038267
4093,2015-04-06 02:00:00,21973.0,22015.091850038356
4094,2015-04-06 03:00:00,21898.0,21868.0464359109
4095,2015-04-06 04:00:00,22134.0,22093.918560946033
4096,2015-04-06 05:00:00,23003.0,22957.266110233555
4097,2015-04-06 06:00:00,25142.0,25174.85046196766
4098,2015-04-06 07:00:00,28159.0,28133.930758225943
4099,2015-04-06 08:00:00,29868.0,29846.393736435588
4100,2015-04-06 09:00:00,30119.0,30091.624527834887
4101,2015-04-06 10:00:00,29675.0,29709.008395522196
4102,2015-04-06 11:00:00,29288.0,29335.89019954063
4103,2015-04-06 12:00:00,28936.0,28961.518665093005
4104,2015-04-06 13:00:00,28597.0,28629.35778604692
4105,2015-04-06 14:00:00,28347.0,28359.050046051932
4106,2015-04-06 15:00:00,28032.0,28034.877490839648
4107,2015-04-06 16:00:00,27786.0,27808.15780047905
4108,2015-04-06 17:00:00,27854.0,27807.576287880624
4109,2015-04-06 18:00:00,28112.0,28068.14005256034
4110,2015-04-06 19:00:00,28157.0,28175.727348857617
4111,2015-04-06 20:00:00,29299.0,29282.506996458706
4112,2015-04-06 21:00:00,30124.0,30122.883435644828
4113,2015-04-06 22:00:00,28715.0,28743.19925636599
4114,2015-04-06 23:00:00,26579.0,26586.71579084069
4115,2015-04-07 00:00:00,24386.0,24416.526187466305
4116,2015-04-05 01:00:00,23945.0,23936.915524217064
4117,2015-04-05 02:00:00,23130.0,23108.742335297153
4118,2015-04-05 03:00:00,22732.0,22705.483690888388
4119,2015-04-05 04:00:00,22647.0,22610.16809510732
4120,2015-04-05 05:00:00,22883.0,22836.679652227394
4121,2015-04-05 06:00:00,23592.0,23547.31490156834
4122,2015-04-05 07:00:00,24563.0,24540.099882713283
4123,2015-04-05 08:00:00,25400.0,25377.841259434455
4124,2015-04-05 09:00:00,26106.0,26094.17845290332
4125,2015-04-05 10:00:00,26328.0,26337.16173712395
4126,2015-04-05 11:00:00,25870.0,25895.929953513205
4127,2015-04-05 12:00:00,25403.0,25372.770500805877
4128,2015-04-05 13:00:00,24968.0,24993.9248176599
4129,2015-04-05 14:00:00,24473.0,24436.89895277914
4130,2015-04-05 15:00:00,23920.0,23968.86936206899
4131,2015-04-05 16:00:00,23534.0,23512.50337830826
4132,2015-04-05 17:00:00,23330.0,23363.733501470415
4133,2015-04-05 18:00:00,23491.0,23460.046582788917
4134,2015-04-05 19:00:00,24036.0,24081.064278043727
4135,2015-04-05 20:00:00,25550.0,25582.66267852122
4136,2015-04-05 21:00:00,27020.0,27005.938926054703
4137,2015-04-05 22:00:00,26467.0,26459.147172609486
4138,2015-04-05 23:00:00,25160.0,25110.383799352298
4139,2015-04-06 00:00:00,23630.0,23605.143224431296
4140,2015-04-04 01:00:00,22431.0,22409.929645595195
4141,2015-04-04 02:00:00,21426.0,21421.27386989599
4142,2015-04-04 03:00:00,20826.0,20789.904981399515
4143,2015-04-04 04:00:00,20553.0,20550.876688812226
4144,2015-04-04 05:00:00,20597.0,20613.846848541925
4145,2015-04-04 06:00:00,21188.0,21175.12822981433
4146,2015-04-04 07:00:00,22345.0,22318.219527556554
4147,2015-04-04 08:00:00,23485.0,23489.77164869539
4148,2015-04-04 09:00:00,24931.0,24883.90039029603
4149,2015-04-04 10:00:00,25970.0,25954.083745077645
4150,2015-04-04 11:00:00,26378.0,26380.7590242908
4151,2015-04-04 12:00:00,26289.0,26272.584281619853
4152,2015-04-04 13:00:00,25838.0,25822.543142609753
4153,2015-04-04 14:00:00,25201.0,25235.82966626372
4154,2015-04-04 15:00:00,24763.0,24806.399178719515
4155,2015-04-04 16:00:00,24571.0,24603.739264734864
4156,2015-04-04 17:00:00,24752.0,24711.88674500785
4157,2015-04-04 18:00:00,25216.0,25194.9742444381
4158,2015-04-04 19:00:00,25737.0,25758.129436669165
4159,2015-04-04 20:00:00,27121.0,27168.439279500264
4160,2015-04-04 21:00:00,28373.0,28347.22815484701
4161,2015-04-04 22:00:00,27885.0,27924.82104790893
4162,2015-04-04 23:00:00,26802.0,26825.901498716306
4163,2015-04-05 00:00:00,25312.0,25360.345036637955
4164,2015-04-03 01:00:00,23107.0,23066.358548174172
4165,2015-04-03 02:00:00,22105.0,22094.474574819305
4166,2015-04-03 03:00:00,21576.0,21573.81150023345
4167,2015-04-03 04:00:00,21336.0,21353.20826252446
4168,2015-04-03 05:00:00,21673.0,21688.39720362751
4169,2015-04-03 06:00:00,22921.0,22961.634534471425
4170,2015-04-03 07:00:00,24964.0,24997.867312258833
4171,2015-04-03 08:00:00,26348.0,26303.537266891617
4172,2015-04-03 09:00:00,27574.0,27572.654012300987
4173,2015-04-03 10:00:00,28419.0,28409.70612302191
4174,2015-04-03 11:00:00,28906.0,28955.71445865254
4175,2015-04-03 12:00:00,28970.0,28962.72581942445
4176,2015-04-03 13:00:00,28688.0,28706.261914000268
4177,2015-04-03 14:00:00,28413.0,28391.44294331339
4178,2015-04-03 15:00:00,28166.0,28177.462895591736
4179,2015-04-03 16:00:00,27938.0,27908.663308861844
4180,2015-04-03 17:00:00,28008.0,28018.36066556496
4181,2015-04-03 18:00:00,28201.0,28237.8190238588
4182,2015-04-03 19:00:00,27976.0,27927.92377914459
4183,2015-04-03 20:00:00,28398.0,28398.458640953933
4184,2015-04-03 21:00:00,28452.0,28500.23706243564
4185,2015-04-03 22:00:00,27403.0,27368.926252244833
4186,2015-04-03 23:00:00,25818.0,25786.341232804887
4187,2015-04-04 00:00:00,24015.0,24012.082372110155
4188,2015-04-02 01:00:00,26103.0,26140.09931803269
4189,2015-04-02 02:00:00,25473.0,25479.275960943713
4190,2015-04-02 03:00:00,25284.0,25284.870864457058
4191,2015-04-02 04:00:00,25463.0,25421.675705910464
4192,2015-04-02 05:00:00,26330.0,26376.19860145747
4193,2015-04-02 06:00:00,28583.0,28567.71159314797
4194,2015-04-02 07:00:00,31964.0,31939.180715214756
4195,2015-04-02 08:00:00,33274.0,33265.17439447431
4196,2015-04-02 09:00:00,32603.0,32594.418216170583
4197,2015-04-02 10:00:00,31584.0,31579.853310872804
4198,2015-04-02 11:00:00,30781.0,30799.853820187916
4199,2015-04-02 12:00:00,30059.0,30095.794656861446
4200,2015-04-02 13:00:00,29388.0,29343.731288012685
4201,2015-04-02 14:00:00,28937.0,28936.076856466672
4202,2015-04-02 15:00:00,28499.0,28490.397812482606
4203,2015-04-02 16:00:00,28242.0,28193.08801128188
4204,2015-04-02 17:00:00,28363.0,28394.64894509025
4205,2015-04-02 18:00:00,28578.0,28538.43132011207
4206,2015-04-02 19:00:00,28695.0,28656.474800950702
4207,2015-04-02 20:00:00,29772.0,29726.82984180517
4208,2015-04-02 21:00:00,30295.0,30265.042163381448
4209,2015-04-02 22:00:00,29096.0,29063.68162815545
4210,2015-04-02 23:00:00,26957.0,26941.78658360885
4211,2015-04-03 00:00:00,24796.0,24811.927039425103
4212,2015-04-01 01:00:00,26598.0,26553.42942276285
4213,2015-04-01 02:00:00,25983.0,26019.027576017477
4214,2015-04-01 03:00:00,25869.0,25851.657861535656
4215,2015-04-01 04:00:00,26055.0,26065.660733107194
4216,2015-04-01 05:00:00,27019.0,26970.200511221075
4217,2015-04-01 06:00:00,29396.0,29382.580791506836
4218,2015-04-01 07:00:00,33109.0,33059.20509119054
4219,2015-04-01 08:00:00,34574.0,34540.545827357724
4220,2015-04-01 09:00:00,33923.0,33917.78504304713
4221,2015-04-01 10:00:00,32947.0,32950.50874219497
4222,2015-04-01 11:00:00,31955.0,31920.292859972134
4223,2015-04-01 12:00:00,31307.0,31331.521627761565
4224,2015-04-01 13:00:00,30611.0,30579.90036655206
4225,2015-04-01 14:00:00,30077.0,30038.584509215707
4226,2015-04-01 15:00:00,29463.0,29446.342451276116
4227,2015-04-01 16:00:00,29064.0,29069.142866366095
4228,2015-04-01 17:00:00,29079.0,29127.890181641975
4229,2015-04-01 18:00:00,29298.0,29289.871572963515
4230,2015-04-01 19:00:00,29678.0,29670.59964172421
4231,2015-04-01 20:00:00,31086.0,31041.93334701165
4232,2015-04-01 21:00:00,32309.0,32335.58196731593
4233,2015-04-01 22:00:00,31376.0,31344.178300186104
4234,2015-04-01 23:00:00,29465.0,29489.480356454536
4235,2015-04-02 00:00:00,27524.0,27565.061687772995
4236,2015-03-31 01:00:00,25790.0,25816.822076209137
4237,2015-03-31 02:00:00,25128.0,25142.24534204122
4238,2015-03-31 03:00:00,24890.0,24900.391629548863
4239,2015-03-31 04:00:00,25049.0,25044.363289241453
4240,2015-03-31 05:00:00,25926.0,25890.454269511636
4241,2015-03-31 06:00:00,28148.0,28175.883860912174
4242,2015-03-31 07:00:00,31889.0,31886.732227039258
4243,2015-03-31 08:00:00,33345.0,33357.564582313564
4244,2015-03-31 09:00:00,32900.0,32887.40152289134
4245,2015-03-31 10:00:00,32278.0,32248.072271968045
4246,2015-03-31 11:00:00,31802.0,31832.650846378827
4247,2015-03-31 12:00:00,31261.0,31245.23998055738
4248,2015-03-31 13:00:00,30970.0,31006.668002897142
4249,2015-03-31 14:00:00,30970.0,31016.572490252267
4250,2015-03-31 15:00:00,30901.0,30933.998852720702
4251,2015-03-31 16:00:00,30996.0,30958.813804529083
4252,2015-03-31 17:00:00,31289.0,31324.501092735743
4253,2015-03-31 18:00:00,31899.0,31900.935782541324
4254,2015-03-31 19:00:00,32450.0,32424.141160089766
4255,2015-03-31 20:00:00,33514.0,33473.315603362615
4256,2015-03-31 21:00:00,33544.0,33521.85098391299
4257,2015-03-31 22:00:00,32169.0,32132.742708217622
4258,2015-03-31 23:00:00,29938.0,29890.564458220142
4259,2015-04-01 00:00:00,27857.0,27905.77643491141
4260,2015-03-30 01:00:00,27005.0,27038.154224840302
4261,2015-03-30 02:00:00,26318.0,26341.894926309687
4262,2015-03-30 03:00:00,26031.0,26000.30137711933
4263,2015-03-30 04:00:00,26071.0,26023.773643895085
4264,2015-03-30 05:00:00,26882.0,26880.520388257468
4265,2015-03-30 06:00:00,29056.0,29080.169442993632
4266,2015-03-30 07:00:00,32737.0,32783.28373633598
4267,2015-03-30 08:00:00,34591.0,34625.38836886032
4268,2015-03-30 09:00:00,34760.0,34799.35023559946
4269,2015-03-30 10:00:00,34606.0,34579.866274774104
4270,2015-03-30 11:00:00,34258.0,34223.53260176234
4271,2015-03-30 12:00:00,33284.0,33258.778177009335
4272,2015-03-30 13:00:00,32141.0,32104.857947325836
4273,2015-03-30 14:00:00,31406.0,31435.84838237118
4274,2015-03-30 15:00:00,30827.0,30867.304306096583
4275,2015-03-30 16:00:00,30486.0,30466.734202626172
4276,2015-03-30 17:00:00,30407.0,30444.69261829391
4277,2015-03-30 18:00:00,30605.0,30560.503518015892
4278,2015-03-30 19:00:00,30805.0,30822.735653962718
4279,2015-03-30 20:00:00,32225.0,32227.74932098958
4280,2015-03-30 21:00:00,33009.0,32986.67432956198
4281,2015-03-30 22:00:00,31673.0,31699.820109534143
4282,2015-03-30 23:00:00,29444.0,29415.204728144672
4283,2015-03-31 00:00:00,27327.0,27318.614948742757
4284,2015-03-29 01:00:00,29997.0,30017.985933607288
4285,2015-03-29 02:00:00,29284.0,29267.822898114187
4286,2015-03-29 03:00:00,28993.0,29028.536018558974
4287,2015-03-29 04:00:00,28918.0,28954.542701063965
4288,2015-03-29 05:00:00,29222.0,29192.253041972803
4289,2015-03-29 06:00:00,29970.0,29964.03899886651
4290,2015-03-29 07:00:00,31091.0,31084.201264328978
4291,2015-03-29 08:00:00,31854.0,31845.00451353008
4292,2015-03-29 09:00:00,32106.0,32106.19721381863
4293,2015-03-29 10:00:00,31813.0,31770.43663140854
4294,2015-03-29 11:00:00,31137.0,31174.00499953342
4295,2015-03-29 12:00:00,30413.0,30391.991477835312
4296,2015-03-29 13:00:00,29650.0,29600.18123934538
4297,2015-03-29 14:00:00,28772.0,28790.5103932669
4298,2015-03-29 15:00:00,27987.0,28002.047208376087
4299,2015-03-29 16:00:00,27492.0,27540.316221326764
4300,2015-03-29 17:00:00,27506.0,27527.924721440744
4301,2015-03-29 18:00:00,28120.0,28103.270610815627
4302,2015-03-29 19:00:00,29043.0,29088.26175517984
4303,2015-03-29 20:00:00,31250.0,31236.534579926236
4304,2015-03-29 21:00:00,32632.0,32664.12446859076
4305,2015-03-29 22:00:00,31806.0,31789.567406924518
4306,2015-03-29 23:00:00,30164.0,30118.87083134902
4307,2015-03-30 00:00:00,28358.0,28381.378486099435
4308,2015-03-28 01:00:00,26978.0,26963.021093075185
4309,2015-03-28 02:00:00,26256.0,26239.88876990353
4310,2015-03-28 03:00:00,25948.0,25969.58516268665
4311,2015-03-28 04:00:00,25934.0,25916.203786107006
4312,2015-03-28 05:00:00,26307.0,26268.801270421303
4313,2015-03-28 06:00:00,27329.0,27319.45102519056
4314,2015-03-28 07:00:00,28890.0,28922.384403954882
4315,2015-03-28 08:00:00,30422.0,30385.020448800646
4316,2015-03-28 09:00:00,31799.0,31804.448077576384
4317,2015-03-28 10:00:00,32371.0,32334.22592939437
4318,2015-03-28 11:00:00,32387.0,32341.91828484395
4319,2015-03-28 12:00:00,31915.0,31902.87097745653
4320,2015-03-28 13:00:00,31236.0,31251.788331633026
4321,2015-03-28 14:00:00,30621.0,30598.498733319626
4322,2015-03-28 15:00:00,30293.0,30287.573114773742
4323,2015-03-28 16:00:00,30203.0,30202.133092474312
4324,2015-03-28 17:00:00,30463.0,30497.12902813419
4325,2015-03-28 18:00:00,31085.0,31116.897920840536
4326,2015-03-28 19:00:00,31875.0,31825.234720985092
4327,2015-03-28 20:00:00,33641.0,33632.39189942192
4328,2015-03-28 21:00:00,34569.0,34584.609103196
4329,2015-03-28 22:00:00,34010.0,34045.23961705616
4330,2015-03-28 23:00:00,32739.0,32693.88977833178
4331,2015-03-29 00:00:00,31271.0,31283.82483184109
4332,2015-03-27 01:00:00,24597.0,24631.20194975661
4333,2015-03-27 02:00:00,23744.0,23719.507602058336
4334,2015-03-27 03:00:00,23498.0,23468.525633136665
4335,2015-03-27 04:00:00,23584.0,23580.784938760662
4336,2015-03-27 05:00:00,24362.0,24408.257958177353
4337,2015-03-27 06:00:00,26607.0,26626.288639450795
4338,2015-03-27 07:00:00,30340.0,30332.44850464717
4339,2015-03-27 08:00:00,32525.0,32477.086279994415
4340,2015-03-27 09:00:00,33081.0,33086.67258634379
4341,2015-03-27 10:00:00,33271.0,33255.87880017969
4342,2015-03-27 11:00:00,33268.0,33236.571364215306
4343,2015-03-27 12:00:00,32971.0,32971.01481022022
4344,2015-03-27 13:00:00,32726.0,32710.13826339672
4345,2015-03-27 14:00:00,32462.0,32415.872468279194
4346,2015-03-27 15:00:00,32035.0,32057.550602023166
4347,2015-03-27 16:00:00,31481.0,31504.25829199625
4348,2015-03-27 17:00:00,31073.0,31084.883144975873
4349,2015-03-27 18:00:00,31043.0,31077.082065349623
4350,2015-03-27 19:00:00,31212.0,31182.3181543781
4351,2015-03-27 20:00:00,32379.0,32357.620155161414
4352,2015-03-27 21:00:00,32732.0,32727.865578287667
4353,2015-03-27 22:00:00,31851.0,31807.01751839872
4354,2015-03-27 23:00:00,30126.0,30164.354577990816
4355,2015-03-28 00:00:00,28348.0,28347.06286079065
4356,2015-03-26 01:00:00,26837.0,26819.466324227746
4357,2015-03-26 02:00:00,25985.0,25982.796344736304
4358,2015-03-26 03:00:00,25585.0,25567.512982173623
4359,2015-03-26 04:00:00,25603.0,25581.62634204327
4360,2015-03-26 05:00:00,26281.0,26275.801843925703
4361,2015-03-26 06:00:00,28392.0,28390.190467238506
4362,2015-03-26 07:00:00,32044.0,32037.33453933723
4363,2015-03-26 08:00:00,33598.0,33602.79309532062
4364,2015-03-26 09:00:00,33445.0,33473.337900228486
4365,2015-03-26 10:00:00,33184.0,33139.72681916647
4366,2015-03-26 11:00:00,32879.0,32910.15186866125
4367,2015-03-26 12:00:00,32614.0,32586.85343923562
4368,2015-03-26 13:00:00,31998.0,31973.20929165571
4369,2015-03-26 14:00:00,31626.0,31635.946648906684
4370,2015-03-26 15:00:00,31095.0,31142.567130277585
4371,2015-03-26 16:00:00,30748.0,30699.73993335525
4372,2015-03-26 17:00:00,30771.0,30788.31335896143
4373,2015-03-26 18:00:00,30790.0,30809.6897205916
4374,2015-03-26 19:00:00,30865.0,30872.365179600765
4375,2015-03-26 20:00:00,32016.0,31966.96901143962
4376,2015-03-26 21:00:00,32114.0,32124.635179678662
4377,2015-03-26 22:00:00,30564.0,30525.502130905264
4378,2015-03-26 23:00:00,28393.0,28350.80676892574
4379,2015-03-27 00:00:00,26169.0,26188.606158490496
4380,2015-03-25 01:00:00,29229.0,29249.02345556182
4381,2015-03-25 02:00:00,28699.0,28737.991186819367
4382,2015-03-25 03:00:00,28596.0,28546.33804689093
4383,2015-03-25 04:00:00,28909.0,28896.87598541202
4384,2015-03-25 05:00:00,29841.0,29792.22719989553
4385,2015-03-25 06:00:00,32284.0,32270.466254619423
4386,2015-03-25 07:00:00,36240.0,36239.16579383346
4387,2015-03-25 08:00:00,37600.0,37602.972916155006
4388,2015-03-25 09:00:00,36697.0,36682.59327135666
4389,2015-03-25 10:00:00,35650.0,35672.53013681065
4390,2015-03-25 11:00:00,34873.0,34864.55949227512
4391,2015-03-25 12:00:00,34272.0,34273.71265423133
4392,2015-03-25 13:00:00,33974.0,34004.008760098615
4393,2015-03-25 14:00:00,33991.0,33958.43027663344
4394,2015-03-25 15:00:00,33653.0,33635.08952325618
4395,2015-03-25 16:00:00,33474.0,33476.142960066805
4396,2015-03-25 17:00:00,33591.0,33617.76182249649
4397,2015-03-25 18:00:00,34068.0,34060.5355427489
4398,2015-03-25 19:00:00,34335.0,34292.276677227004
4399,2015-03-25 20:00:00,35152.0,35200.88305318721
4400,2015-03-25 21:00:00,34868.0,34888.79107226829
4401,2015-03-25 22:00:00,33291.0,33313.27351359476
4402,2015-03-25 23:00:00,30790.0,30786.51049115215
4403,2015-03-26 00:00:00,28450.0,28454.704005694264
4404,2015-03-24 01:00:00,28307.0,28356.40484437835
4405,2015-03-24 02:00:00,27627.0,27636.511570367744
4406,2015-03-24 03:00:00,27291.0,27262.892946608496
4407,2015-03-24 04:00:00,27426.0,27472.437973971926
4408,2015-03-24 05:00:00,28245.0,28248.776268244612
4409,2015-03-24 06:00:00,30533.0,30485.06733488749
4410,2015-03-24 07:00:00,34516.0,34523.33514779903
4411,2015-03-24 08:00:00,36257.0,36214.04756030062
4412,2015-03-24 09:00:00,36115.0,36117.75883103537
4413,2015-03-24 10:00:00,35756.0,35788.533168386835
4414,2015-03-24 11:00:00,35578.0,35581.886637115225
4415,2015-03-24 12:00:00,35245.0,35232.345333390964
4416,2015-03-24 13:00:00,34720.0,34758.26097508359
4417,2015-03-24 14:00:00,34081.0,34123.75900779296
4418,2015-03-24 15:00:00,33402.0,33386.749098239976
4419,2015-03-24 16:00:00,32646.0,32645.895078397698
4420,2015-03-24 17:00:00,32259.0,32307.292229608975
4421,2015-03-24 18:00:00,32288.0,32255.81008458877
4422,2015-03-24 19:00:00,32879.0,32858.815323600575
4423,2015-03-24 20:00:00,34817.0,34809.84224556745
4424,2015-03-24 21:00:00,35833.0,35793.08882974158
4425,2015-03-24 22:00:00,34734.0,34711.20425685243
4426,2015-03-24 23:00:00,32560.0,32564.46886868546
4427,2015-03-25 00:00:00,30543.0,30515.849806039045
4428,2015-03-23 01:00:00,27273.0,27291.628498540384
4429,2015-03-23 02:00:00,26823.0,26807.767148209557
4430,2015-03-23 03:00:00,26846.0,26804.979493630683
4431,2015-03-23 04:00:00,27242.0,27268.45330248696
4432,2015-03-23 05:00:00,28346.0,28352.7416304177
4433,2015-03-23 06:00:00,30917.0,30949.48692827398
4434,2015-03-23 07:00:00,35088.0,35074.01516171299
4435,2015-03-23 08:00:00,36876.0,36827.93794353723
4436,2015-03-23 09:00:00,36393.0,36347.66884939328
4437,2015-03-23 10:00:00,35352.0,35381.544982187515
4438,2015-03-23 11:00:00,34502.0,34493.06412121128
4439,2015-03-23 12:00:00,33738.0,33785.63857052218
4440,2015-03-23 13:00:00,32865.0,32898.0308371397
4441,2015-03-23 14:00:00,32238.0,32189.612188264407
4442,2015-03-23 15:00:00,31487.0,31523.9980200099
4443,2015-03-23 16:00:00,31110.0,31081.28661738752
4444,2015-03-23 17:00:00,31168.0,31166.6264929429
4445,2015-03-23 18:00:00,31672.0,31672.612134793773
4446,2015-03-23 19:00:00,32564.0,32519.972120215538
4447,2015-03-23 20:00:00,34731.0,34693.56656464221
4448,2015-03-23 21:00:00,35511.0,35503.30474014254
4449,2015-03-23 22:00:00,34244.0,34258.26208765554
4450,2015-03-23 23:00:00,32074.0,32050.441697734033
4451,2015-03-24 00:00:00,29861.0,29863.64009659387
4452,2015-03-22 01:00:00,25636.0,25623.913537859535
4453,2015-03-22 02:00:00,24853.0,24866.036350575247
4454,2015-03-22 03:00:00,24530.0,24522.443730129587
4455,2015-03-22 04:00:00,24466.0,24501.163309992167
4456,2015-03-22 05:00:00,24766.0,24814.374406854957
4457,2015-03-22 06:00:00,25510.0,25551.3051832524
4458,2015-03-22 07:00:00,26732.0,26698.86042354218
4459,2015-03-22 08:00:00,27672.0,27667.717767862378
4460,2015-03-22 09:00:00,28629.0,28624.88177206579
4461,2015-03-22 10:00:00,29020.0,29054.046639174765
4462,2015-03-22 11:00:00,28921.0,28906.718932381962
4463,2015-03-22 12:00:00,28604.0,28608.960186938213
4464,2015-03-22 13:00:00,28166.0,28176.92790032331
4465,2015-03-22 14:00:00,27664.0,27625.15207855972
4466,2015-03-22 15:00:00,27129.0,27134.79611305943
4467,2015-03-22 16:00:00,26932.0,26906.684148835462
4468,2015-03-22 17:00:00,27174.0,27144.661688034146
4469,2015-03-22 18:00:00,27878.0,27853.031558015227
4470,2015-03-22 19:00:00,28898.0,28857.935199866755
4471,2015-03-22 20:00:00,31335.0,31291.973025062194
4472,2015-03-22 21:00:00,32474.0,32488.686636940056
4473,2015-03-22 22:00:00,31585.0,31629.097886388747
4474,2015-03-22 23:00:00,30048.0,30066.799962114408
4475,2015-03-23 00:00:00,28428.0,28409.185560861275
4476,2015-03-21 01:00:00,29344.0,29327.50465949664
4477,2015-03-21 02:00:00,28369.0,28373.138920322413
4478,2015-03-21 03:00:00,27809.0,27845.630187631166
4479,2015-03-21 04:00:00,27656.0,27626.24645503486
4480,2015-03-21 05:00:00,27822.0,27818.851136179404
4481,2015-03-21 06:00:00,28611.0,28610.894672244285
4482,2015-03-21 07:00:00,30051.0,30094.12236222091
4483,2015-03-21 08:00:00,31278.0,31281.615287815777
4484,2015-03-21 09:00:00,32448.0,32476.085867326812
4485,2015-03-21 10:00:00,32776.0,32734.780117989925
4486,2015-03-21 11:00:00,32481.0,32463.692361275935
4487,2015-03-21 12:00:00,31850.0,31861.142345327808
4488,2015-03-21 13:00:00,30801.0,30818.763793192
4489,2015-03-21 14:00:00,29608.0,29646.52121506921
4490,2015-03-21 15:00:00,28797.0,28806.04237448226
4491,2015-03-21 16:00:00,28018.0,27996.957921061814
4492,2015-03-21 17:00:00,27719.0,27722.909523869672
4493,2015-03-21 18:00:00,27852.0,27873.153000929153
4494,2015-03-21 19:00:00,28433.0,28461.43452057178
4495,2015-03-21 20:00:00,29978.0,30022.458427068934
4496,2015-03-21 21:00:00,30456.0,30425.075264266503
4497,2015-03-21 22:00:00,29759.0,29775.094516074074
4498,2015-03-21 23:00:00,28489.0,28459.030875552697
4499,2015-03-22 00:00:00,26944.0,26925.787232898845
4500,2015-03-20 01:00:00,28208.0,28172.276449903144
4501,2015-03-20 02:00:00,27417.0,27444.29937439059
4502,2015-03-20 03:00:00,27048.0,27089.399952047792
4503,2015-03-20 04:00:00,27016.0,26968.992880225112
4504,2015-03-20 05:00:00,27798.0,27829.350803483125
4505,2015-03-20 06:00:00,29881.0,29855.17553831138
4506,2015-03-20 07:00:00,33438.0,33436.696920943476
4507,2015-03-20 08:00:00,35720.0,35744.82191796815
4508,2015-03-20 09:00:00,36200.0,36200.68543220344
4509,2015-03-20 10:00:00,36488.0,36461.12498989032
4510,2015-03-20 11:00:00,36756.0,36796.616570092
4511,2015-03-20 12:00:00,36861.0,36870.35826429242
4512,2015-03-20 13:00:00,36725.0,36768.12555832051
4513,2015-03-20 14:00:00,36648.0,36682.66413379362
4514,2015-03-20 15:00:00,36316.0,36353.65876425546
4515,2015-03-20 16:00:00,36111.0,36097.171273499065
4516,2015-03-20 17:00:00,36138.0,36186.731513056984
4517,2015-03-20 18:00:00,36218.0,36253.23944636929
4518,2015-03-20 19:00:00,36162.0,36145.76069915192
4519,2015-03-20 20:00:00,36817.0,36856.641535745475
4520,2015-03-20 21:00:00,36445.0,36470.52928303213
4521,2015-03-20 22:00:00,35050.0,35072.51370257539
4522,2015-03-20 23:00:00,32998.0,32948.62258304599
4523,2015-03-21 00:00:00,30936.0,30888.256791768352
4524,2015-03-19 01:00:00,28790.0,28809.47925338697
4525,2015-03-19 02:00:00,28180.0,28157.86835448918
4526,2015-03-19 03:00:00,28038.0,27993.851834716712
4527,2015-03-19 04:00:00,28201.0,28179.59510607711
4528,2015-03-19 05:00:00,29086.0,29119.790947443547
4529,2015-03-19 06:00:00,31526.0,31523.061179716133
4530,2015-03-19 07:00:00,35491.0,35502.55792586723
4531,2015-03-19 08:00:00,37156.0,37186.05054142712
4532,2015-03-19 09:00:00,36370.0,36352.337447188445
4533,2015-03-19 10:00:00,35157.0,35108.11459082208
4534,2015-03-19 11:00:00,34270.0,34252.3321085811
4535,2015-03-19 12:00:00,33366.0,33411.66783898808
4536,2015-03-19 13:00:00,32450.0,32448.228498572204
4537,2015-03-19 14:00:00,31786.0,31792.980760377795
4538,2015-03-19 15:00:00,31074.0,31100.042935980106
4539,2015-03-19 16:00:00,30704.0,30665.493337857995
4540,2015-03-19 17:00:00,30841.0,30864.393596683072
4541,2015-03-19 18:00:00,31439.0,31418.77544464474
4542,2015-03-19 19:00:00,32247.0,32235.816149560414
4543,2015-03-19 20:00:00,34219.0,34195.94898641433
4544,2015-03-19 21:00:00,34826.0,34791.354554612684
4545,2015-03-19 22:00:00,33759.0,33745.14613738094
4546,2015-03-19 23:00:00,31753.0,31712.4638948742
4547,2015-03-20 00:00:00,29704.0,29738.477805989696
4548,2015-03-18 01:00:00,27632.0,27612.59463517516
4549,2015-03-18 02:00:00,27205.0,27220.361731832687
4550,2015-03-18 03:00:00,27103.0,27082.669555558645
4551,2015-03-18 04:00:00,27344.0,27315.070404175374
4552,2015-03-18 05:00:00,28247.0,28268.365709839683
4553,2015-03-18 06:00:00,30751.0,30763.400382054013
4554,2015-03-18 07:00:00,34779.0,34750.81049312189
4555,2015-03-18 08:00:00,36586.0,36597.20961483864
4556,2015-03-18 09:00:00,35966.0,35916.50016777395
4557,2015-03-18 10:00:00,35076.0,35043.69146066002
4558,2015-03-18 11:00:00,34428.0,34450.77539783978
4559,2015-03-18 12:00:00,33810.0,33801.01506665262
4560,2015-03-18 13:00:00,33199.0,33169.36288869489
4561,2015-03-18 14:00:00,32631.0,32631.591637702026
4562,2015-03-18 15:00:00,32067.0,32063.521700102014
4563,2015-03-18 16:00:00,31652.0,31665.393629250193
4564,2015-03-18 17:00:00,31670.0,31627.253831994025
4565,2015-03-18 18:00:00,32086.0,32117.93496305256
4566,2015-03-18 19:00:00,32862.0,32817.827677892914
4567,2015-03-18 20:00:00,34925.0,34920.38552745398
4568,2015-03-18 21:00:00,35484.0,35505.04730236683
4569,2015-03-18 22:00:00,34279.0,34263.48110346649
4570,2015-03-18 23:00:00,32328.0,32369.011853004406
4571,2015-03-19 00:00:00,30195.0,30220.523185635568
4572,2015-03-17 01:00:00,25390.0,25382.604806485742
4573,2015-03-17 02:00:00,24507.0,24475.382639377287
4574,2015-03-17 03:00:00,24117.0,24071.343890857042
4575,2015-03-17 04:00:00,24069.0,24099.16643274207
4576,2015-03-17 05:00:00,24792.0,24761.42742458562
4577,2015-03-17 06:00:00,26896.0,26872.967417437885
4578,2015-03-17 07:00:00,30588.0,30539.03783630506
4579,2015-03-17 08:00:00,32555.0,32506.822688496755
4580,2015-03-17 09:00:00,32464.0,32437.0418434168
4581,2015-03-17 10:00:00,32076.0,32113.286848627165
4582,2015-03-17 11:00:00,31391.0,31419.08230484565
4583,2015-03-17 12:00:00,31002.0,31028.987311501245
4584,2015-03-17 13:00:00,30682.0,30714.703477434807
4585,2015-03-17 14:00:00,30267.0,30235.661356892797
4586,2015-03-17 15:00:00,29677.0,29724.906528934345
4587,2015-03-17 16:00:00,29443.0,29416.219263234663
4588,2015-03-17 17:00:00,29521.0,29485.992985093922
4589,2015-03-17 18:00:00,29880.0,29859.4644693699
4590,2015-03-17 19:00:00,30568.0,30571.04533421568
4591,2015-03-17 20:00:00,32685.0,32647.443062040962
4592,2015-03-17 21:00:00,33573.0,33596.86210233842
4593,2015-03-17 22:00:00,32627.0,32614.152668904477
4594,2015-03-17 23:00:00,30694.0,30700.841653561718
4595,2015-03-18 00:00:00,28823.0,28846.42360236501
4596,2015-03-16 01:00:00,27119.0,27159.18937475956
4597,2015-03-16 02:00:00,26429.0,26460.934696672328
4598,2015-03-16 03:00:00,26245.0,26248.746867445225
4599,2015-03-16 04:00:00,26560.0,26609.117289548463
4600,2015-03-16 05:00:00,27549.0,27551.97391880082
4601,2015-03-16 06:00:00,29950.0,29953.59721582608
4602,2015-03-16 07:00:00,33902.0,33867.848819500156
4603,2015-03-16 08:00:00,35745.0,35709.87205361148
4604,2015-03-16 09:00:00,35294.0,35260.87011263155
4605,2015-03-16 10:00:00,34580.0,34589.18213609593
4606,2015-03-16 11:00:00,33782.0,33773.51719134854
4607,2015-03-16 12:00:00,32744.0,32732.588450166444
4608,2015-03-16 13:00:00,31723.0,31685.75582925303
4609,2015-03-16 14:00:00,31026.0,31014.10902117788
4610,2015-03-16 15:00:00,30419.0,30406.798987245675
4611,2015-03-16 16:00:00,30049.0,30061.08143764899
4612,2015-03-16 17:00:00,29916.0,29904.84096991648
4613,2015-03-16 18:00:00,30182.0,30173.87620141519
4614,2015-03-16 19:00:00,30963.0,30940.25429592579
4615,2015-03-16 20:00:00,32823.0,32786.150391193085
4616,2015-03-16 21:00:00,33027.0,33007.001088555444
4617,2015-03-16 22:00:00,31572.0,31526.27653403389
4618,2015-03-16 23:00:00,29242.0,29212.370996868493
4619,2015-03-17 00:00:00,26979.0,26961.49524529812
4620,2015-03-15 01:00:00,25142.0,25106.5646291926
4621,2015-03-15 02:00:00,24295.0,24311.496965535283
4622,2015-03-15 03:00:00,23911.0,23889.076502822903
4623,2015-03-15 04:00:00,23740.0,23751.55275737309
4624,2015-03-15 05:00:00,23896.0,23910.3885612344
4625,2015-03-15 06:00:00,24540.0,24534.728827842315
4626,2015-03-15 07:00:00,25609.0,25603.910644331674
4627,2015-03-15 08:00:00,26797.0,26805.14632624956
4628,2015-03-15 09:00:00,28178.0,28154.245635217183
4629,2015-03-15 10:00:00,29476.0,29428.124496719174
4630,2015-03-15 11:00:00,30078.0,30092.50245979352
4631,2015-03-15 12:00:00,30265.0,30275.85253838154
4632,2015-03-15 13:00:00,30326.0,30323.638106447168
4633,2015-03-15 14:00:00,30065.0,30102.576561050846
4634,2015-03-15 15:00:00,29650.0,29650.862483273926
4635,2015-03-15 16:00:00,29480.0,29460.34946637058
4636,2015-03-15 17:00:00,29776.0,29797.353245376304
4637,2015-03-15 18:00:00,30309.0,30355.240352039644
4638,2015-03-15 19:00:00,31105.0,31128.68788878177
4639,2015-03-15 20:00:00,32995.0,33035.88478840692
4640,2015-03-15 21:00:00,33349.0,33310.271427828666
4641,2015-03-15 22:00:00,32212.0,32174.09863320771
4642,2015-03-15 23:00:00,30382.0,30347.46057062744
4643,2015-03-16 00:00:00,28493.0,28513.285443682194
4644,2015-03-14 01:00:00,26911.0,26899.970706295753
4645,2015-03-14 02:00:00,25948.0,25945.77111290826
4646,2015-03-14 03:00:00,25428.0,25404.192011521758
4647,2015-03-14 04:00:00,25187.0,25210.6105806777
4648,2015-03-14 05:00:00,25289.0,25323.534798256773
4649,2015-03-14 06:00:00,25991.0,25957.021413519553
4650,2015-03-14 07:00:00,27268.0,27237.273412646184
4651,2015-03-14 08:00:00,28730.0,28713.940076645868
4652,2015-03-14 09:00:00,30158.0,30136.016659490528
4653,2015-03-14 10:00:00,31421.0,31424.153659193405
4654,2015-03-14 11:00:00,31961.0,31986.257921137287
4655,2015-03-14 12:00:00,31898.0,31927.32736944558
4656,2015-03-14 13:00:00,31330.0,31300.844968774923
4657,2015-03-14 14:00:00,30547.0,30514.5581854142
4658,2015-03-14 15:00:00,29919.0,29905.369427545007
4659,2015-03-14 16:00:00,29476.0,29440.772396280536
4660,2015-03-14 17:00:00,29514.0,29473.179706570245
4661,2015-03-14 18:00:00,29755.0,29729.258155508873
4662,2015-03-14 19:00:00,29958.0,29947.39437768933
4663,2015-03-14 20:00:00,30739.0,30747.784166578218
4664,2015-03-14 21:00:00,30474.0,30496.327879951183
4665,2015-03-14 22:00:00,29534.0,29506.281150642197
4666,2015-03-14 23:00:00,28193.0,28224.866380303414
4667,2015-03-15 00:00:00,26611.0,26564.367076155675
4668,2015-03-13 01:00:00,27694.0,27688.404599673722
4669,2015-03-13 02:00:00,27063.0,27076.307654591626
4670,2015-03-13 03:00:00,26895.0,26874.12640275985
4671,2015-03-13 04:00:00,27111.0,27129.36919469417
4672,2015-03-13 05:00:00,28037.0,28073.705347530467
4673,2015-03-13 06:00:00,30292.0,30250.9366320492
4674,2015-03-13 07:00:00,34245.0,34246.25604220621
4675,2015-03-13 08:00:00,36321.0,36272.87705031296
4676,2015-03-13 09:00:00,35709.0,35686.9574286195
4677,2015-03-13 10:00:00,34368.0,34331.69402781363
4678,2015-03-13 11:00:00,33466.0,33478.42750048273
4679,2015-03-13 12:00:00,32464.0,32438.868366706378
4680,2015-03-13 13:00:00,31646.0,31624.239816975263
4681,2015-03-13 14:00:00,31186.0,31156.563029201712
4682,2015-03-13 15:00:00,30672.0,30646.380250495356
4683,2015-03-13 16:00:00,30521.0,30493.511021538066
4684,2015-03-13 17:00:00,30802.0,30821.787132091184
4685,2015-03-13 18:00:00,31464.0,31509.581039982586
4686,2015-03-13 19:00:00,32155.0,32154.02314249068
4687,2015-03-13 20:00:00,33355.0,33365.03877957126
4688,2015-03-13 21:00:00,33137.0,33168.81061433878
4689,2015-03-13 22:00:00,32042.0,32039.610614784695
4690,2015-03-13 23:00:00,30360.0,30340.202436773183
4691,2015-03-14 00:00:00,28493.0,28538.097482149296
4692,2015-03-12 01:00:00,25797.0,25837.615655239784
4693,2015-03-12 02:00:00,25087.0,25059.03597628274
4694,2015-03-12 03:00:00,24843.0,24863.30764472429
4695,2015-03-12 04:00:00,25083.0,25097.713953652707
4696,2015-03-12 05:00:00,25851.0,25865.963284965135
4697,2015-03-12 06:00:00,28172.0,28205.060301894337
4698,2015-03-12 07:00:00,32118.0,32135.410562117042
4699,2015-03-12 08:00:00,34210.0,34211.8003843027
4700,2015-03-12 09:00:00,33669.0,33703.60659327136
4701,2015-03-12 10:00:00,32790.0,32766.4840998034
4702,2015-03-12 11:00:00,32169.0,32186.922552188076
4703,2015-03-12 12:00:00,31614.0,31634.152027869146
4704,2015-03-12 13:00:00,30940.0,30977.032021064355
4705,2015-03-12 14:00:00,30546.0,30595.830763686627
4706,2015-03-12 15:00:00,29967.0,29972.755129319703
4707,2015-03-12 16:00:00,29728.0,29726.441392886947
4708,2015-03-12 17:00:00,29828.0,29838.06832308822
4709,2015-03-12 18:00:00,30347.0,30362.867761464382
4710,2015-03-12 19:00:00,31165.0,31186.29842247205
4711,2015-03-12 20:00:00,33350.0,33328.12205617725
4712,2015-03-12 21:00:00,33881.0,33879.70323891442
4713,2015-03-12 22:00:00,32918.0,32905.09205795913
4714,2015-03-12 23:00:00,31020.0,30973.87732827594
4715,2015-03-13 00:00:00,29054.0,29064.952343643115
4716,2015-03-11 01:00:00,26589.0,26626.481452257296
4717,2015-03-11 02:00:00,25603.0,25645.1472702049
4718,2015-03-11 03:00:00,25124.0,25125.742365281752
4719,2015-03-11 04:00:00,25066.0,25092.588457685317
4720,2015-03-11 05:00:00,25614.0,25635.24127404121
4721,2015-03-11 06:00:00,27617.0,27589.889797657303
4722,2015-03-11 07:00:00,31222.0,31178.29105436105
4723,2015-03-11 08:00:00,33334.0,33358.78564049425
4724,2015-03-11 09:00:00,33152.0,33130.26943906387
4725,2015-03-11 10:00:00,32652.0,32656.93824503541
4726,2015-03-11 11:00:00,32257.0,32259.406437635913
4727,2015-03-11 12:00:00,31549.0,31580.787390557634
4728,2015-03-11 13:00:00,30927.0,30941.464566088776
4729,2015-03-11 14:00:00,30419.0,30453.71473133313
4730,2015-03-11 15:00:00,29874.0,29899.223598157776
4731,2015-03-11 16:00:00,29535.0,29584.983131873334
4732,2015-03-11 17:00:00,29665.0,29701.3874968844
4733,2015-03-11 18:00:00,29966.0,29937.107660061603
4734,2015-03-11 19:00:00,30375.0,30421.138891914332
4735,2015-03-11 20:00:00,32182.0,32166.01343086309
4736,2015-03-11 21:00:00,32620.0,32630.784002366687
4737,2015-03-11 22:00:00,31377.0,31421.135072321988
4738,2015-03-11 23:00:00,29372.0,29343.416528461814
4739,2015-03-12 00:00:00,27252.0,27287.729896208315
4740,2015-03-10 01:00:00,27003.0,27048.31526051089
4741,2015-03-10 02:00:00,26425.0,26460.375014778005
4742,2015-03-10 03:00:00,26255.0,26286.917132893243
4743,2015-03-10 04:00:00,26503.0,26479.461436626232
4744,2015-03-10 05:00:00,27423.0,27413.70996598986
4745,2015-03-10 06:00:00,29713.0,29739.033403372607
4746,2015-03-10 07:00:00,33578.0,33539.816541997185
4747,2015-03-10 08:00:00,35663.0,35701.837253131096
4748,2015-03-10 09:00:00,35122.0,35093.02569671838
4749,2015-03-10 10:00:00,34191.0,34197.480668055374
4750,2015-03-10 11:00:00,33543.0,33503.505950625506
4751,2015-03-10 12:00:00,32975.0,32943.518994665
4752,2015-03-10 13:00:00,32232.0,32240.55000615956
4753,2015-03-10 14:00:00,32041.0,32054.46421614803
4754,2015-03-10 15:00:00,31924.0,31900.97515189309
4755,2015-03-10 16:00:00,32030.0,31991.909731493208
4756,2015-03-10 17:00:00,32564.0,32568.955592867092
4757,2015-03-10 18:00:00,33361.0,33395.06378394583
4758,2015-03-10 19:00:00,34069.0,34039.14455915669
4759,2015-03-10 20:00:00,35124.0,35143.15653096511
4760,2015-03-10 21:00:00,34609.0,34597.588106986674
4761,2015-03-10 22:00:00,33046.0,33090.308806322966
4762,2015-03-10 23:00:00,30581.0,30539.257314836326
4763,2015-03-11 00:00:00,28323.0,28276.996835438844
4764,2015-03-09 01:00:00,28099.0,28061.43082619113
4765,2015-03-09 02:00:00,27472.0,27500.244484014664
4766,2015-03-09 03:00:00,27237.0,27279.276973282733
4767,2015-03-09 04:00:00,27328.0,27360.24766452295
4768,2015-03-09 05:00:00,28061.0,28082.78320109319
4769,2015-03-09 06:00:00,30299.0,30254.75846580743
4770,2015-03-09 07:00:00,33899.0,33870.381159057484
4771,2015-03-09 08:00:00,36052.0,36095.53790625954
4772,2015-03-09 09:00:00,35821.0,35833.279306036384
4773,2015-03-09 10:00:00,34915.0,34911.832420745915
4774,2015-03-09 11:00:00,33636.0,33651.23121069451
4775,2015-03-09 12:00:00,32486.0,32453.859376003515
4776,2015-03-09 13:00:00,31507.0,31546.28689621554
4777,2015-03-09 14:00:00,30891.0,30906.630362821707
4778,2015-03-09 15:00:00,30281.0,30278.124447472914
4779,2015-03-09 16:00:00,29843.0,29838.73755902318
4780,2015-03-09 17:00:00,29902.0,29934.237753673737
4781,2015-03-09 18:00:00,30367.0,30347.78685397378
4782,2015-03-09 19:00:00,31129.0,31092.71318012409
4783,2015-03-09 20:00:00,33321.0,33289.56695443622
4784,2015-03-09 21:00:00,33595.0,33553.11359929206
4785,2015-03-09 22:00:00,32465.0,32465.78629269925
4786,2015-03-09 23:00:00,30590.0,30607.72581929956
4787,2015-03-10 00:00:00,28524.0,28567.3985201234
4788,2015-03-08 01:00:00,29399.0,29424.08149740102
4789,2015-03-08 02:00:00,28653.0,28661.31107146439
4790,2015-03-08 04:00:00,28368.0,28404.3953935468
4791,2015-03-08 05:00:00,28392.0,28431.221306020103
4792,2015-03-08 06:00:00,28930.0,28951.23856414991
4793,2015-03-08 07:00:00,29870.0,29825.628459422027
4794,2015-03-08 08:00:00,30725.0,30704.176231387482
4795,2015-03-08 09:00:00,31271.0,31254.618595836873
4796,2015-03-08 10:00:00,31122.0,31171.738141373087
4797,2015-03-08 11:00:00,30597.0,30593.41625762681
4798,2015-03-08 12:00:00,30181.0,30207.18852459782
4799,2015-03-08 13:00:00,29753.0,29784.379727392392
4800,2015-03-08 14:00:00,29263.0,29278.32601189774
4801,2015-03-08 15:00:00,28571.0,28522.82764641413
4802,2015-03-08 16:00:00,28095.0,28046.93494838843
4803,2015-03-08 17:00:00,28143.0,28174.87779165951
4804,2015-03-08 18:00:00,28793.0,28816.923997343136
4805,2015-03-08 19:00:00,29981.0,29984.611652866042
4806,2015-03-08 20:00:00,32636.0,32610.886571647487
4807,2015-03-08 21:00:00,33343.0,33301.67136995602
4808,2015-03-08 22:00:00,32583.0,32549.42683666481
4809,2015-03-08 23:00:00,31060.0,31068.032377440504
4810,2015-03-09 00:00:00,29322.0,29326.58266359108
4811,2015-03-07 01:00:00,35843.0,35887.12669281282
4812,2015-03-07 02:00:00,35356.0,35401.72767180754
4813,2015-03-07 03:00:00,35399.0,35406.60068464239
4814,2015-03-07 04:00:00,35565.0,35599.14326002055
4815,2015-03-07 05:00:00,35992.0,36023.22495161111
4816,2015-03-07 06:00:00,36947.0,36972.237656693454
4817,2015-03-07 07:00:00,37973.0,37966.733801543254
4818,2015-03-07 08:00:00,38626.0,38614.94063133129
4819,2015-03-07 09:00:00,38196.0,38172.41339739582
4820,2015-03-07 10:00:00,37457.0,37500.7095008574
4821,2015-03-07 11:00:00,36413.0,36446.44253499153
4822,2015-03-07 12:00:00,35213.0,35180.711577542665
4823,2015-03-07 13:00:00,34021.0,33996.246309094415
4824,2015-03-07 14:00:00,33089.0,33097.13276010751
4825,2015-03-07 15:00:00,32497.0,32488.35997735444
4826,2015-03-07 16:00:00,32169.0,32140.389764581003
4827,2015-03-07 17:00:00,32319.0,32348.115655172685
4828,2015-03-07 18:00:00,33353.0,33303.15531287245
4829,2015-03-07 19:00:00,35401.0,35385.32765334713
4830,2015-03-07 20:00:00,35568.0,35610.9349912566
4831,2015-03-07 21:00:00,35067.0,35093.076799814655
4832,2015-03-07 22:00:00,34015.0,34005.12849780286
4833,2015-03-07 23:00:00,32464.0,32506.872841858236
4834,2015-03-08 00:00:00,30774.0,30814.080320573183
4835,2015-03-06 01:00:00,34907.0,34862.258372391334
4836,2015-03-06 02:00:00,34632.0,34594.794109728726
4837,2015-03-06 03:00:00,34830.0,34818.723029790475
4838,2015-03-06 04:00:00,35314.0,35356.939765155716
4839,2015-03-06 05:00:00,36429.0,36463.42051697665
4840,2015-03-06 06:00:00,38670.0,38624.77617142009
4841,2015-03-06 07:00:00,41276.0,41277.23309377443
4842,2015-03-06 08:00:00,42385.0,42407.02532954131
4843,2015-03-06 09:00:00,42033.0,42010.592268614375
4844,2015-03-06 10:00:00,41395.0,41417.25244997881
4845,2015-03-06 11:00:00,40735.0,40721.97254883886
4846,2015-03-06 12:00:00,39971.0,39948.405650068074
4847,2015-03-06 13:00:00,39000.0,38989.25648270307
4848,2015-03-06 14:00:00,38144.0,38189.08010002843
4849,2015-03-06 15:00:00,37275.0,37315.52943759321
4850,2015-03-06 16:00:00,36814.0,36855.395128651515
4851,2015-03-06 17:00:00,37068.0,37109.737910845746
4852,2015-03-06 18:00:00,38496.0,38463.827409112724
4853,2015-03-06 19:00:00,40940.0,40979.60613990556
4854,2015-03-06 20:00:00,41259.0,41230.22764357636
4855,2015-03-06 21:00:00,40817.0,40850.813561773146
4856,2015-03-06 22:00:00,39937.0,39941.18988859865
4857,2015-03-06 23:00:00,38416.0,38389.996227754695
4858,2015-03-07 00:00:00,36965.0,36954.852041299266
4859,2015-03-05 01:00:00,29005.0,28998.337818343567
4860,2015-03-05 02:00:00,28286.0,28309.31712512849
4861,2015-03-05 03:00:00,27984.0,27994.60214715478
4862,2015-03-05 04:00:00,28108.0,28139.67821588157
4863,2015-03-05 05:00:00,29075.0,29064.680498739745
4864,2015-03-05 06:00:00,31127.0,31151.359053568554
4865,2015-03-05 07:00:00,33650.0,33679.28045008505
4866,2015-03-05 08:00:00,35389.0,35345.31442833322
4867,2015-03-05 09:00:00,36795.0,36782.56381660883
4868,2015-03-05 10:00:00,38053.0,38091.59894925012
4869,2015-03-05 11:00:00,38961.0,38981.497591842344
4870,2015-03-05 12:00:00,39411.0,39402.84463474202
4871,2015-03-05 13:00:00,39488.0,39456.29742525219
4872,2015-03-05 14:00:00,39306.0,39265.66108369387
4873,2015-03-05 15:00:00,39250.0,39222.935080898314
4874,2015-03-05 16:00:00,39176.0,39150.46924421893
4875,2015-03-05 17:00:00,39678.0,39665.066194585124
4876,2015-03-05 18:00:00,40967.0,40934.69216425633
4877,2015-03-05 19:00:00,42601.0,42565.60475340507
4878,2015-03-05 20:00:00,42231.0,42265.400675622746
4879,2015-03-05 21:00:00,41209.0,41183.953824216915
4880,2015-03-05 22:00:00,39601.0,39607.16053692068
4881,2015-03-05 23:00:00,37579.0,37548.92995480346
4882,2015-03-06 00:00:00,35872.0,35871.17535061401
4883,2015-03-04 01:00:00,31147.0,31124.67120135507
4884,2015-03-04 02:00:00,30128.0,30086.679967811957
4885,2015-03-04 03:00:00,29614.0,29662.217582957393
4886,2015-03-04 04:00:00,29559.0,29554.780611653605
4887,2015-03-04 05:00:00,30215.0,30204.304739828844
4888,2015-03-04 06:00:00,32208.0,32177.91221304302
4889,2015-03-04 07:00:00,35167.0,35166.536588039155
4890,2015-03-04 08:00:00,36558.0,36571.52189854647
4891,2015-03-04 09:00:00,36711.0,36691.46500781187
4892,2015-03-04 10:00:00,36474.0,36472.041840041165
4893,2015-03-04 11:00:00,36236.0,36209.70810450137
4894,2015-03-04 12:00:00,35638.0,35640.771308172356
4895,2015-03-04 13:00:00,34935.0,34963.72144801537
4896,2015-03-04 14:00:00,34679.0,34635.02134461706
4897,2015-03-04 15:00:00,34665.0,34666.783896756526
4898,2015-03-04 16:00:00,34741.0,34730.936308231176
4899,2015-03-04 17:00:00,35218.0,35175.40413415283
4900,2015-03-04 18:00:00,36339.0,36383.05090649104
4901,2015-03-04 19:00:00,37509.0,37484.98429844307
4902,2015-03-04 20:00:00,37066.0,37072.46115349848
4903,2015-03-04 21:00:00,36199.0,36186.26202510787
4904,2015-03-04 22:00:00,34585.0,34562.11327070255
4905,2015-03-04 23:00:00,32480.0,32482.71806506222
4906,2015-03-05 00:00:00,30456.0,30474.902859646347
4907,2015-03-03 01:00:00,32221.0,32249.553520086418
4908,2015-03-03 02:00:00,31764.0,31777.39244750441
4909,2015-03-03 03:00:00,31722.0,31724.629598982847
4910,2015-03-03 04:00:00,32046.0,32073.726164951506
4911,2015-03-03 05:00:00,33000.0,33001.745589978644
4912,2015-03-03 06:00:00,35383.0,35430.42268368984
4913,2015-03-03 07:00:00,38853.0,38855.6740704262
4914,2015-03-03 08:00:00,39907.0,39888.72471445579
4915,2015-03-03 09:00:00,39506.0,39500.63619902007
4916,2015-03-03 10:00:00,38775.0,38773.99900782891
4917,2015-03-03 11:00:00,38352.0,38330.34860877043
4918,2015-03-03 12:00:00,38152.0,38117.87428252692
4919,2015-03-03 13:00:00,38064.0,38057.13834141956
4920,2015-03-03 14:00:00,38299.0,38338.703281963775
4921,2015-03-03 15:00:00,38446.0,38421.553117246454
4922,2015-03-03 16:00:00,38821.0,38807.181866490726
4923,2015-03-03 17:00:00,39793.0,39818.77230152049
4924,2015-03-03 18:00:00,41298.0,41256.227329214045
4925,2015-03-03 19:00:00,42302.0,42334.50705509981
4926,2015-03-03 20:00:00,41657.0,41679.02788184162
4927,2015-03-03 21:00:00,40370.0,40374.97641407563
4928,2015-03-03 22:00:00,38145.0,38115.94787943227
4929,2015-03-03 23:00:00,35315.0,35274.26785611668
4930,2015-03-04 00:00:00,32877.0,32850.17191086639
4931,2015-03-02 01:00:00,31423.0,31449.14952393082
4932,2015-03-02 02:00:00,30683.0,30726.349461903
4933,2015-03-02 03:00:00,30439.0,30462.788819184163
4934,2015-03-02 04:00:00,30580.0,30582.761702172786
4935,2015-03-02 05:00:00,31387.0,31432.068273733734
4936,2015-03-02 06:00:00,33290.0,33322.85673393728
4937,2015-03-02 07:00:00,35972.0,35987.58373208754
4938,2015-03-02 08:00:00,37669.0,37622.790469721636
4939,2015-03-02 09:00:00,38397.0,38375.77335081218
4940,2015-03-02 10:00:00,37606.0,37586.8210091365
4941,2015-03-02 11:00:00,36775.0,36759.72452627957
4942,2015-03-02 12:00:00,36114.0,36102.938565710225
4943,2015-03-02 13:00:00,35452.0,35495.93692721146
4944,2015-03-02 14:00:00,34731.0,34755.18724080994
4945,2015-03-02 15:00:00,34201.0,34220.19349870572
4946,2015-03-02 16:00:00,34078.0,34070.651495881175
4947,2015-03-02 17:00:00,34785.0,34768.75496083014
4948,2015-03-02 18:00:00,36596.0,36557.95781907753
4949,2015-03-02 19:00:00,39306.0,39301.34954735959
4950,2015-03-02 20:00:00,39612.0,39582.53423754757
4951,2015-03-02 21:00:00,39033.0,39022.1010403743
4952,2015-03-02 22:00:00,37633.0,37598.639126052774
4953,2015-03-02 23:00:00,35420.0,35404.39959102135
4954,2015-03-03 00:00:00,33416.0,33370.29793699239
4955,2015-03-01 01:00:00,34415.0,34365.602320095546
4956,2015-03-01 02:00:00,33809.0,33845.99092228814
4957,2015-03-01 03:00:00,33472.0,33486.126410689176
4958,2015-03-01 04:00:00,33154.0,33162.76666541329
4959,2015-03-01 05:00:00,33169.0,33170.379401632796
4960,2015-03-01 06:00:00,33620.0,33642.67291772964
4961,2015-03-01 07:00:00,34283.0,34306.61656050283
4962,2015-03-01 08:00:00,34955.0,34998.52513679431
4963,2015-03-01 09:00:00,36040.0,36014.44105000009
4964,2015-03-01 10:00:00,36908.0,36936.51988098683
4965,2015-03-01 11:00:00,37308.0,37357.11577402258
4966,2015-03-01 12:00:00,37588.0,37540.902185953004
4967,2015-03-01 13:00:00,37822.0,37809.3985425731
4968,2015-03-01 14:00:00,37814.0,37807.603586761
4969,2015-03-01 15:00:00,37683.0,37715.18323316682
4970,2015-03-01 16:00:00,37684.0,37635.37434153649
4971,2015-03-01 17:00:00,38256.0,38265.861953213505
4972,2015-03-01 18:00:00,39562.0,39601.257881001526
4973,2015-03-01 19:00:00,40720.0,40684.76270584525
4974,2015-03-01 20:00:00,40137.0,40098.5573616863
4975,2015-03-01 21:00:00,38911.0,38960.978643870665
4976,2015-03-01 22:00:00,37021.0,37053.5958934699
4977,2015-03-01 23:00:00,34866.0,34885.74185154141
4978,2015-03-02 00:00:00,32791.0,32780.89812325955
4979,2015-02-28 01:00:00,34983.0,35018.39629741689
4980,2015-02-28 02:00:00,34483.0,34525.2773005541
4981,2015-02-28 03:00:00,34385.0,34408.24085480654
4982,2015-02-28 04:00:00,34527.0,34516.809477974646
4983,2015-02-28 05:00:00,35126.0,35134.35371078352
4984,2015-02-28 06:00:00,36336.0,36295.85172629731
4985,2015-02-28 07:00:00,37838.0,37803.80204751076
4986,2015-02-28 08:00:00,38685.0,38713.30373428921
4987,2015-02-28 09:00:00,38878.0,38830.93154721531
4988,2015-02-28 10:00:00,38721.0,38675.91959973024
4989,2015-02-28 11:00:00,37905.0,37905.80234915859
4990,2015-02-28 12:00:00,36588.0,36555.05292762587
4991,2015-02-28 13:00:00,35281.0,35260.37040776508
4992,2015-02-28 14:00:00,34080.0,34069.883142478706
4993,2015-02-28 15:00:00,33385.0,33387.22554006522
4994,2015-02-28 16:00:00,33110.0,33088.35347212773
4995,2015-02-28 17:00:00,33784.0,33782.35464690925
4996,2015-02-28 18:00:00,35525.0,35512.06845791551
4997,2015-02-28 19:00:00,38174.0,38132.1031109578
4998,2015-02-28 20:00:00,38621.0,38657.712738303526
4999,2015-02-28 21:00:00,38502.0,38480.13659032052
5000,2015-02-28 22:00:00,37909.0,37919.93732661473
5001,2015-02-28 23:00:00,36750.0,36756.98002152719
5002,2015-03-01 00:00:00,35471.0,35440.916678234964
5003,2015-02-27 01:00:00,33124.0,33076.99581704304
5004,2015-02-27 02:00:00,32507.0,32542.6931414812
5005,2015-02-27 03:00:00,32283.0,32282.768985547726
5006,2015-02-27 04:00:00,32460.0,32451.446751475272
5007,2015-02-27 05:00:00,33338.0,33364.29105150313
5008,2015-02-27 06:00:00,35557.0,35510.315892171726
5009,2015-02-27 07:00:00,39114.0,39140.521528371835
5010,2015-02-27 08:00:00,40555.0,40545.89144633737
5011,2015-02-27 09:00:00,39999.0,40004.16237053203
5012,2015-02-27 10:00:00,39011.0,39036.24392405465
5013,2015-02-27 11:00:00,38275.0,38279.68105920233
5014,2015-02-27 12:00:00,37349.0,37305.17722234615
5015,2015-02-27 13:00:00,36448.0,36470.86008912297
5016,2015-02-27 14:00:00,35941.0,35969.63416339968
5017,2015-02-27 15:00:00,35454.0,35450.18931580386
5018,2015-02-27 16:00:00,35360.0,35353.90594063172
5019,2015-02-27 17:00:00,36127.0,36102.19255596356
5020,2015-02-27 18:00:00,37870.0,37884.41627574311
5021,2015-02-27 19:00:00,40263.0,40301.19885139891
5022,2015-02-27 20:00:00,40402.0,40417.5968740865
5023,2015-02-27 21:00:00,40044.0,40071.13248890095
5024,2015-02-27 22:00:00,39165.0,39198.745564467135
5025,2015-02-27 23:00:00,37688.0,37660.6144193264
5026,2015-02-28 00:00:00,36154.0,36144.21043341171
5027,2015-02-26 01:00:00,31991.0,31984.595961519368
5028,2015-02-26 02:00:00,31185.0,31190.89003648811
5029,2015-02-26 03:00:00,30871.0,30825.918212133594
5030,2015-02-26 04:00:00,31080.0,31088.840717102266
5031,2015-02-26 05:00:00,32042.0,32000.852148338345
5032,2015-02-26 06:00:00,34369.0,34399.65698912806
5033,2015-02-26 07:00:00,37929.0,37975.30219877281
5034,2015-02-26 08:00:00,39608.0,39586.97590058958
5035,2015-02-26 09:00:00,40065.0,40065.66151248109
5036,2015-02-26 10:00:00,40106.0,40138.31875450068
5037,2015-02-26 11:00:00,39768.0,39749.46540060473
5038,2015-02-26 12:00:00,38688.0,38653.77776933488
5039,2015-02-26 13:00:00,37770.0,37793.90625237019
5040,2015-02-26 14:00:00,37159.0,37178.83616211558
5041,2015-02-26 15:00:00,36972.0,36978.99454606722
5042,2015-02-26 16:00:00,37029.0,37073.44367954339
5043,2015-02-26 17:00:00,37711.0,37756.51223034663
5044,2015-02-26 18:00:00,39259.0,39295.154943038106
5045,2015-02-26 19:00:00,41120.0,41099.30200854186
5046,2015-02-26 20:00:00,40958.0,40930.53659307523
5047,2015-02-26 21:00:00,40377.0,40410.574069429385
5048,2015-02-26 22:00:00,38832.0,38847.13608913487
5049,2015-02-26 23:00:00,36563.0,36552.61260303877
5050,2015-02-27 00:00:00,34504.0,34494.97564765673
5051,2015-02-25 01:00:00,35734.0,35769.33321828885
5052,2015-02-25 02:00:00,35238.0,35204.3247263224
5053,2015-02-25 03:00:00,35237.0,35281.39734097962
5054,2015-02-25 04:00:00,35533.0,35546.32152935116
5055,2015-02-25 05:00:00,36482.0,36511.13577333744
5056,2015-02-25 06:00:00,38784.0,38771.08665544214
5057,2015-02-25 07:00:00,42177.0,42185.68963602587
5058,2015-02-25 08:00:00,42833.0,42857.99904939614
5059,2015-02-25 09:00:00,41318.0,41311.51299722079
5060,2015-02-25 10:00:00,39747.0,39745.793634160626
5061,2015-02-25 11:00:00,38614.0,38622.207982886415
5062,2015-02-25 12:00:00,37582.0,37538.34069909315
5063,2015-02-25 13:00:00,36633.0,36669.3186521358
5064,2015-02-25 14:00:00,35920.0,35956.66779357525
5065,2015-02-25 15:00:00,35354.0,35332.1417672807
5066,2015-02-25 16:00:00,35319.0,35356.98225367722
5067,2015-02-25 17:00:00,36009.0,36033.51948076588
5068,2015-02-25 18:00:00,37843.0,37841.319140785374
5069,2015-02-25 19:00:00,40169.0,40153.77640247281
5070,2015-02-25 20:00:00,40195.0,40184.937892025344
5071,2015-02-25 21:00:00,39558.0,39561.44189154312
5072,2015-02-25 22:00:00,38084.0,38075.25207018916
5073,2015-02-25 23:00:00,35689.0,35681.023832410916
5074,2015-02-26 00:00:00,33534.0,33504.31233736235
5075,2015-02-24 01:00:00,37950.0,37970.781200515616
5076,2015-02-24 02:00:00,37689.0,37699.95915729506
5077,2015-02-24 03:00:00,37872.0,37921.19014870216
5078,2015-02-24 04:00:00,38335.0,38299.124420420245
5079,2015-02-24 05:00:00,39551.0,39512.3738348735
5080,2015-02-24 06:00:00,42019.0,42020.59322991358
5081,2015-02-24 07:00:00,45566.0,45531.199076351004
5082,2015-02-24 08:00:00,46629.0,46640.062115106666
5083,2015-02-24 09:00:00,45064.0,45033.611510866904
5084,2015-02-24 10:00:00,43316.0,43314.2998497871
5085,2015-02-24 11:00:00,42010.0,42021.13114498424
5086,2015-02-24 12:00:00,40701.0,40696.80407890349
5087,2015-02-24 13:00:00,39605.0,39586.99853045972
5088,2015-02-24 14:00:00,38824.0,38852.23160826128
5089,2015-02-24 15:00:00,38224.0,38259.46580243258
5090,2015-02-24 16:00:00,38410.0,38387.804983424656
5091,2015-02-24 17:00:00,39797.0,39828.339373467046
5092,2015-02-24 18:00:00,41938.0,41927.16340198383
5093,2015-02-24 19:00:00,44022.0,44020.76236384925
5094,2015-02-24 20:00:00,43926.0,43899.17496878343
5095,2015-02-24 21:00:00,43026.0,43038.572377576165
5096,2015-02-24 22:00:00,41498.0,41458.092671677696
5097,2015-02-24 23:00:00,39150.0,39159.16375259707
5098,2015-02-25 00:00:00,37069.0,37117.97180818338
5099,2015-02-23 01:00:00,30195.0,30220.346630722262
5100,2015-02-23 02:00:00,29471.0,29510.503930863444
5101,2015-02-23 03:00:00,29334.0,29330.41955401946
5102,2015-02-23 04:00:00,29620.0,29584.210534030233
5103,2015-02-23 05:00:00,30663.0,30641.846189382468
5104,2015-02-23 06:00:00,32988.0,32942.90296742181
5105,2015-02-23 07:00:00,36684.0,36684.1810972427
5106,2015-02-23 08:00:00,38590.0,38604.966687189335
5107,2015-02-23 09:00:00,39463.0,39455.44833059789
5108,2015-02-23 10:00:00,39682.0,39688.32048989836
5109,2015-02-23 11:00:00,39941.0,39923.07022483221
5110,2015-02-23 12:00:00,39582.0,39540.58580939655
5111,2015-02-23 13:00:00,38743.0,38736.19989924422
5112,2015-02-23 14:00:00,38003.0,38007.779779536104
5113,2015-02-23 15:00:00,37627.0,37675.263479308865
5114,2015-02-23 16:00:00,37865.0,37849.72734045924
5115,2015-02-23 17:00:00,39165.0,39182.7769657477
5116,2015-02-23 18:00:00,41434.0,41466.262444116226
5117,2015-02-23 19:00:00,44199.0,44182.5390727709
5118,2015-02-23 20:00:00,44597.0,44639.993123913715
5119,2015-02-23 21:00:00,44218.0,44201.883128716996
5120,2015-02-23 22:00:00,42877.0,42923.980430974785
5121,2015-02-23 23:00:00,40704.0,40654.21569178726
5122,2015-02-24 00:00:00,38930.0,38943.41733233887
5123,2015-02-22 01:00:00,32866.0,32894.99262477501
5124,2015-02-22 02:00:00,31755.0,31733.00604189583
5125,2015-02-22 03:00:00,31266.0,31227.70502737036
5126,2015-02-22 04:00:00,30949.0,30901.43684408842
5127,2015-02-22 05:00:00,30992.0,30949.440693636243
5128,2015-02-22 06:00:00,31408.0,31412.303404276303
5129,2015-02-22 07:00:00,32166.0,32199.91674035456
5130,2015-02-22 08:00:00,32748.0,32704.31308652655
5131,2015-02-22 09:00:00,33974.0,33935.31803779318
5132,2015-02-22 10:00:00,34794.0,34744.51030021141
5133,2015-02-22 11:00:00,34786.0,34764.227739876354
5134,2015-02-22 12:00:00,33831.0,33873.1246386111
5135,2015-02-22 13:00:00,32745.0,32722.62879978633
5136,2015-02-22 14:00:00,31828.0,31822.081444701016
5137,2015-02-22 15:00:00,31028.0,30995.895739575164
5138,2015-02-22 16:00:00,30944.0,30905.628453642676
5139,2015-02-22 17:00:00,31744.0,31712.239444660798
5140,2015-02-22 18:00:00,33887.0,33858.04328340811
5141,2015-02-22 19:00:00,36379.0,36342.02888257803
5142,2015-02-22 20:00:00,36612.0,36641.15530115033
5143,2015-02-22 21:00:00,36208.0,36205.72456383904
5144,2015-02-22 22:00:00,34966.0,34969.97694275615
5145,2015-02-22 23:00:00,33160.0,33147.465057529254
5146,2015-02-23 00:00:00,31356.0,31327.074284085305
5147,2015-02-21 01:00:00,40443.0,40402.390166454235
5148,2015-02-21 02:00:00,39856.0,39813.59257030646
5149,2015-02-21 03:00:00,39510.0,39478.514202574566
5150,2015-02-21 04:00:00,39363.0,39398.01761932986
5151,2015-02-21 05:00:00,39542.0,39513.65451895784
5152,2015-02-21 06:00:00,40253.0,40238.4819591701
5153,2015-02-21 07:00:00,41267.0,41274.275164375016
5154,2015-02-21 08:00:00,41805.0,41806.14131050087
5155,2015-02-21 09:00:00,42143.0,42159.58206297315
5156,2015-02-21 10:00:00,42392.0,42361.43148295511
5157,2015-02-21 11:00:00,42414.0,42416.40489287059
5158,2015-02-21 12:00:00,42193.0,42219.77491594403
5159,2015-02-21 13:00:00,41942.0,41930.750695475435
5160,2015-02-21 14:00:00,41530.0,41577.1894398388
5161,2015-02-21 15:00:00,40995.0,41002.79494328927
5162,2015-02-21 16:00:00,40683.0,40700.48265578187
5163,2015-02-21 17:00:00,41027.0,41022.90877396549
5164,2015-02-21 18:00:00,42067.0,42102.78508439528
5165,2015-02-21 19:00:00,42890.0,42885.14869239967
5166,2015-02-21 20:00:00,42043.0,42087.22803135846
5167,2015-02-21 21:00:00,40515.0,40495.74905429885
5168,2015-02-21 22:00:00,38748.0,38784.58194057521
5169,2015-02-21 23:00:00,36645.0,36658.935317367635
5170,2015-02-22 00:00:00,34644.0,34673.90546694057
5171,2015-02-20 01:00:00,42020.0,41973.77012845929
5172,2015-02-20 02:00:00,41808.0,41785.72796517533
5173,2015-02-20 03:00:00,41760.0,41794.70788538083
5174,2015-02-20 04:00:00,42096.0,42077.83336934225
5175,2015-02-20 05:00:00,43036.0,43057.265535336024
5176,2015-02-20 06:00:00,45055.0,45104.218881458146
5177,2015-02-20 07:00:00,48155.0,48122.71687496687
5178,2015-02-20 08:00:00,49354.0,49345.75459405038
5179,2015-02-20 09:00:00,48918.0,48884.51267107661
5180,2015-02-20 10:00:00,48005.0,47970.42864545109
5181,2015-02-20 11:00:00,46941.0,46954.30428265036
5182,2015-02-20 12:00:00,45694.0,45663.13760367675
5183,2015-02-20 13:00:00,44435.0,44433.265394893715
5184,2015-02-20 14:00:00,43294.0,43341.7941473622
5185,2015-02-20 15:00:00,42274.0,42257.31294820388
5186,2015-02-20 16:00:00,41874.0,41911.36298466854
5187,2015-02-20 17:00:00,42428.0,42417.63650614181
5188,2015-02-20 18:00:00,44394.0,44370.28649106124
5189,2015-02-20 19:00:00,46570.0,46553.62517031158
5190,2015-02-20 20:00:00,46556.0,46518.76864773438
5191,2015-02-20 21:00:00,46217.0,46234.89851559538
5192,2015-02-20 22:00:00,45199.0,45199.90199446862
5193,2015-02-20 23:00:00,43487.0,43498.383046314484
5194,2015-02-21 00:00:00,41782.0,41762.30927777301
5195,2015-02-19 01:00:00,35765.0,35780.34649654097
5196,2015-02-19 02:00:00,35590.0,35556.459888829166
5197,2015-02-19 03:00:00,35763.0,35778.24727160012
5198,2015-02-19 04:00:00,36320.0,36278.113815818426
5199,2015-02-19 05:00:00,37486.0,37476.0273155553
5200,2015-02-19 06:00:00,39977.0,39987.97530487071
5201,2015-02-19 07:00:00,43453.0,43488.53175446092
5202,2015-02-19 08:00:00,44865.0,44896.24150260948
5203,2015-02-19 09:00:00,44419.0,44421.69500770176
5204,2015-02-19 10:00:00,43708.0,43746.337069736815
5205,2015-02-19 11:00:00,42891.0,42891.590296525246
5206,2015-02-19 12:00:00,42383.0,42384.71667156216
5207,2015-02-19 13:00:00,41951.0,41973.055364667736
5208,2015-02-19 14:00:00,41819.0,41856.778232277116
5209,2015-02-19 15:00:00,41908.0,41918.271649629205
5210,2015-02-19 16:00:00,42478.0,42522.41917559197
5211,2015-02-19 17:00:00,43877.0,43850.25860660526
5212,2015-02-19 18:00:00,46348.0,46390.43094290324
5213,2015-02-19 19:00:00,48503.0,48475.16529552412
5214,2015-02-19 20:00:00,48571.0,48573.6415497145
5215,2015-02-19 21:00:00,48058.0,48087.6031796224
5216,2015-02-19 22:00:00,47035.0,47065.15841672968
5217,2015-02-19 23:00:00,44815.0,44792.81592621694
5218,2015-02-20 00:00:00,43087.0,43135.589522029666
5219,2015-02-18 01:00:00,36124.0,36082.060342211946
5220,2015-02-18 02:00:00,35834.0,35787.478274706555
5221,2015-02-18 03:00:00,35968.0,36002.152945904374
5222,2015-02-18 04:00:00,36415.0,36446.90189105754
5223,2015-02-18 05:00:00,37501.0,37522.28174464133
5224,2015-02-18 06:00:00,39872.0,39907.077402411494
5225,2015-02-18 07:00:00,43501.0,43464.75592562273
5226,2015-02-18 08:00:00,44747.0,44706.568754492975
5227,2015-02-18 09:00:00,43614.0,43660.940263311095
5228,2015-02-18 10:00:00,41727.0,41739.423799279255
5229,2015-02-18 11:00:00,40273.0,40314.984674719315
5230,2015-02-18 12:00:00,38988.0,39028.64432242122
5231,2015-02-18 13:00:00,37916.0,37931.31398393695
5232,2015-02-18 14:00:00,37241.0,37253.84745129297
5233,2015-02-18 15:00:00,36802.0,36787.994580397346
5234,2015-02-18 16:00:00,37165.0,37129.9110055952
5235,2015-02-18 17:00:00,38229.0,38247.660495267584
5236,2015-02-18 18:00:00,40451.0,40482.78605699464
5237,2015-02-18 19:00:00,42340.0,42344.46237500375
5238,2015-02-18 20:00:00,42199.0,42154.08691401153
5239,2015-02-18 21:00:00,41799.0,41763.49177056937
5240,2015-02-18 22:00:00,40473.0,40433.19603384152
5241,2015-02-18 23:00:00,38436.0,38451.7831648629
5242,2015-02-19 00:00:00,36708.0,36714.47890871369
5243,2015-02-17 01:00:00,37905.0,37901.65002939437
5244,2015-02-17 02:00:00,37216.0,37220.3408555901
5245,2015-02-17 03:00:00,36940.0,36917.595484235426
5246,2015-02-17 04:00:00,37012.0,37042.472717152166
5247,2015-02-17 05:00:00,37629.0,37611.85452513725
5248,2015-02-17 06:00:00,39198.0,39212.43011938862
5249,2015-02-17 07:00:00,41442.0,41431.0874246632
5250,2015-02-17 08:00:00,42678.0,42635.2166524973
5251,2015-02-17 09:00:00,43214.0,43189.69514244212
5252,2015-02-17 10:00:00,42922.0,42968.509832739546
5253,2015-02-17 11:00:00,42333.0,42302.05371204415
5254,2015-02-17 12:00:00,41331.0,41291.49286935611
5255,2015-02-17 13:00:00,40385.0,40364.1152192227
5256,2015-02-17 14:00:00,39550.0,39587.79259079647
5257,2015-02-17 15:00:00,38835.0,38815.602642432634
5258,2015-02-17 16:00:00,38364.0,38355.738013962924
5259,2015-02-17 17:00:00,38902.0,38883.00769213024
5260,2015-02-17 18:00:00,41085.0,41133.89735627047
5261,2015-02-17 19:00:00,43446.0,43495.98750991413
5262,2015-02-17 20:00:00,43326.0,43324.27727532503
5263,2015-02-17 21:00:00,42590.0,42618.482570956854
5264,2015-02-17 22:00:00,41042.0,41014.00598375664
5265,2015-02-17 23:00:00,38828.0,38815.42951466941
5266,2015-02-18 00:00:00,37134.0,37151.933967142875
5267,2015-02-16 01:00:00,40803.0,40781.63284005652
5268,2015-02-16 02:00:00,40503.0,40475.469874285314
5269,2015-02-16 03:00:00,40445.0,40487.22378819955
5270,2015-02-16 04:00:00,40724.0,40698.42980759017
5271,2015-02-16 05:00:00,41382.0,41337.92778189409
5272,2015-02-16 06:00:00,42990.0,43015.10880139748
5273,2015-02-16 07:00:00,45170.0,45144.32682879288
5274,2015-02-16 08:00:00,46250.0,46245.01841473787
5275,2015-02-16 09:00:00,46670.0,46631.155703396595
5276,2015-02-16 10:00:00,46654.0,46610.85155784067
5277,2015-02-16 11:00:00,46165.0,46161.04456717345
5278,2015-02-16 12:00:00,45257.0,45240.70883422038
5279,2015-02-16 13:00:00,44188.0,44188.5925226932
5280,2015-02-16 14:00:00,43659.0,43705.57832552602
5281,2015-02-16 15:00:00,43439.0,43429.738828624795
5282,2015-02-16 16:00:00,43503.0,43513.26571037429
5283,2015-02-16 17:00:00,44305.0,44264.75953823017
5284,2015-02-16 18:00:00,45968.0,46006.59176049948
5285,2015-02-16 19:00:00,47272.0,47302.58611034444
5286,2015-02-16 20:00:00,46715.0,46717.24070055934
5287,2015-02-16 21:00:00,45683.0,45651.337687427666
5288,2015-02-16 22:00:00,43819.0,43811.59499193877
5289,2015-02-16 23:00:00,41392.0,41371.73839959087
5290,2015-02-17 00:00:00,39212.0,39261.45167553932
5291,2015-02-15 01:00:00,36135.0,36134.08382885334
5292,2015-02-15 02:00:00,36370.0,36362.2233104985
5293,2015-02-15 03:00:00,36678.0,36644.905831610995
5294,2015-02-15 04:00:00,37140.0,37113.910894936955
5295,2015-02-15 05:00:00,37775.0,37796.15877141878
5296,2015-02-15 06:00:00,38823.0,38826.490933257475
5297,2015-02-15 07:00:00,40107.0,40092.80313127047
5298,2015-02-15 08:00:00,41067.0,41046.70136858775
5299,2015-02-15 09:00:00,42005.0,41975.074024624366
5300,2015-02-15 10:00:00,42336.0,42289.38978928563
5301,2015-02-15 11:00:00,42227.0,42274.71499686074
5302,2015-02-15 12:00:00,41908.0,41933.311035091065
5303,2015-02-15 13:00:00,41250.0,41292.7870815114
5304,2015-02-15 14:00:00,40452.0,40443.25508663943
5305,2015-02-15 15:00:00,39833.0,39869.93827503152
5306,2015-02-15 16:00:00,39776.0,39751.624992190984
5307,2015-02-15 17:00:00,40881.0,40881.98348139076
5308,2015-02-15 18:00:00,43379.0,43349.24794398541
5309,2015-02-15 19:00:00,45722.0,45749.03371653358
5310,2015-02-15 20:00:00,45774.0,45773.76020069331
5311,2015-02-15 21:00:00,45333.0,45336.627293839476
5312,2015-02-15 22:00:00,44582.0,44617.945462970354
5313,2015-02-15 23:00:00,43128.0,43151.92174174665
5314,2015-02-16 00:00:00,41832.0,41878.62659567327
5315,2015-02-14 01:00:00,35771.0,35761.533599918264
5316,2015-02-14 02:00:00,34979.0,34975.14547224712
5317,2015-02-14 03:00:00,34554.0,34565.53386857598
5318,2015-02-14 04:00:00,34364.0,34359.33124514942
5319,2015-02-14 05:00:00,34385.0,34376.96153796683
5320,2015-02-14 06:00:00,34868.0,34852.057174192996
5321,2015-02-14 07:00:00,35894.0,35927.18842193271
5322,2015-02-14 08:00:00,36756.0,36759.34893636427
5323,2015-02-14 09:00:00,37967.0,37977.740312917755
5324,2015-02-14 10:00:00,38702.0,38672.40755339176
5325,2015-02-14 11:00:00,38824.0,38799.17764804111
5326,2015-02-14 12:00:00,38510.0,38493.97932084208
5327,2015-02-14 13:00:00,37816.0,37812.53689763082
5328,2015-02-14 14:00:00,36974.0,36928.3927303611
5329,2015-02-14 15:00:00,36228.0,36266.83913615874
5330,2015-02-14 16:00:00,35685.0,35725.371225445306
5331,2015-02-14 17:00:00,36060.0,36076.167992005234
5332,2015-02-14 18:00:00,37529.0,37510.60528341559
5333,2015-02-14 19:00:00,38789.0,38777.53183046623
5334,2015-02-14 20:00:00,38552.0,38575.40509988711
5335,2015-02-14 21:00:00,38185.0,38163.62910054803
5336,2015-02-14 22:00:00,37704.0,37714.89180226131
5337,2015-02-14 23:00:00,37023.0,37063.62710781399
5338,2015-02-15 00:00:00,36420.0,36411.044783205776
5339,2015-02-13 01:00:00,35836.0,35844.70487639629
5340,2015-02-13 02:00:00,35701.0,35743.85897870688
5341,2015-02-13 03:00:00,35906.0,35890.058156590894
5342,2015-02-13 04:00:00,36470.0,36495.963974551305
5343,2015-02-13 05:00:00,37539.0,37564.512185589585
5344,2015-02-13 06:00:00,39907.0,39949.84951938054
5345,2015-02-13 07:00:00,43390.0,43425.858931918316
5346,2015-02-13 08:00:00,44816.0,44840.8828183585
5347,2015-02-13 09:00:00,44175.0,44188.651542810425
5348,2015-02-13 10:00:00,43213.0,43187.11882909982
5349,2015-02-13 11:00:00,42270.0,42287.064867266796
5350,2015-02-13 12:00:00,41283.0,41260.64434661518
5351,2015-02-13 13:00:00,40129.0,40123.00196053562
5352,2015-02-13 14:00:00,39228.0,39248.96986368344
5353,2015-02-13 15:00:00,38375.0,38392.48942476569
5354,2015-02-13 16:00:00,38080.0,38070.11990928865
5355,2015-02-13 17:00:00,38805.0,38773.26756859761
5356,2015-02-13 18:00:00,40847.0,40845.41424540871
5357,2015-02-13 19:00:00,42579.0,42555.99729204723
5358,2015-02-13 20:00:00,42337.0,42312.543447869335
5359,2015-02-13 21:00:00,41853.0,41835.67935854466
5360,2015-02-13 22:00:00,40682.0,40702.623775848566
5361,2015-02-13 23:00:00,38951.0,38950.72858319678
5362,2015-02-14 00:00:00,37096.0,37083.31709768241
5363,2015-02-12 01:00:00,30360.0,30400.059481419517
5364,2015-02-12 02:00:00,29637.0,29657.678067429842
5365,2015-02-12 03:00:00,29345.0,29344.465282733127
5366,2015-02-12 04:00:00,29448.0,29440.128836282922
5367,2015-02-12 05:00:00,30226.0,30257.889683121764
5368,2015-02-12 06:00:00,32422.0,32389.292449392746
5369,2015-02-12 07:00:00,36015.0,36031.41539254371
5370,2015-02-12 08:00:00,37808.0,37760.101529889806
5371,2015-02-12 09:00:00,37678.0,37628.69607130631
5372,2015-02-12 10:00:00,37287.0,37330.178369315814
5373,2015-02-12 11:00:00,36734.0,36735.39885782412
5374,2015-02-12 12:00:00,36371.0,36352.511742556366
5375,2015-02-12 13:00:00,35916.0,35945.46962043051
5376,2015-02-12 14:00:00,35582.0,35630.48280059758
5377,2015-02-12 15:00:00,35294.0,35247.44137914195
5378,2015-02-12 16:00:00,35455.0,35408.79606942465
5379,2015-02-12 17:00:00,36285.0,36320.47820523637
5380,2015-02-12 18:00:00,38594.0,38599.67147997645
5381,2015-02-12 19:00:00,40654.0,40692.27417417421
5382,2015-02-12 20:00:00,40862.0,40881.46430769738
5383,2015-02-12 21:00:00,40852.0,40849.05856515505
5384,2015-02-12 22:00:00,39923.0,39889.13459248152
5385,2015-02-12 23:00:00,38271.0,38259.98611469719
5386,2015-02-13 00:00:00,36724.0,36752.71450925587
5387,2015-02-11 01:00:00,31272.0,31245.391754961616
5388,2015-02-11 02:00:00,30698.0,30719.236649399092
5389,2015-02-11 03:00:00,30641.0,30615.734457912666
5390,2015-02-11 04:00:00,30912.0,30908.353437816302
5391,2015-02-11 05:00:00,31972.0,31930.54320043109
5392,2015-02-11 06:00:00,34453.0,34448.49984587379
5393,2015-02-11 07:00:00,38308.0,38319.27025443091
5394,2015-02-11 08:00:00,39677.0,39683.33180416102
5395,2015-02-11 09:00:00,38706.0,38696.64665143963
5396,2015-02-11 10:00:00,37494.0,37480.96952757373
5397,2015-02-11 11:00:00,36531.0,36508.539875747585
5398,2015-02-11 12:00:00,35567.0,35593.71040657074
5399,2015-02-11 13:00:00,34610.0,34638.263809769225
5400,2015-02-11 14:00:00,34042.0,34040.302754993376
5401,2015-02-11 15:00:00,33466.0,33454.256176489456
5402,2015-02-11 16:00:00,33621.0,33634.742297230274
5403,2015-02-11 17:00:00,34506.0,34511.77323220952
5404,2015-02-11 18:00:00,36742.0,36758.72554664096
5405,2015-02-11 19:00:00,38767.0,38747.601553221066
5406,2015-02-11 20:00:00,38769.0,38797.83495592871
5407,2015-02-11 21:00:00,38194.0,38175.67428108521
5408,2015-02-11 22:00:00,36531.0,36522.87232718747
5409,2015-02-11 23:00:00,34288.0,34251.242272820506
5410,2015-02-12 00:00:00,32043.0,32078.536932229294
5411,2015-02-10 01:00:00,31376.0,31390.4273746371
5412,2015-02-10 02:00:00,30704.0,30677.52870587904
5413,2015-02-10 03:00:00,30439.0,30474.171805380232
5414,2015-02-10 04:00:00,30627.0,30647.4793007982
5415,2015-02-10 05:00:00,31434.0,31428.218025550224
5416,2015-02-10 06:00:00,33622.0,33670.98428312912
5417,2015-02-10 07:00:00,36980.0,36963.7209750061
5418,2015-02-10 08:00:00,38882.0,38841.95495667365
5419,2015-02-10 09:00:00,39330.0,39353.34590483823
5420,2015-02-10 10:00:00,39071.0,39096.70490397772
5421,2015-02-10 11:00:00,38609.0,38564.896510603554
5422,2015-02-10 12:00:00,37897.0,37928.94191220039
5423,2015-02-10 13:00:00,36970.0,36997.59415138735
5424,2015-02-10 14:00:00,36198.0,36240.95963718256
5425,2015-02-10 15:00:00,35497.0,35458.85491225529
5426,2015-02-10 16:00:00,35365.0,35375.08095582809
5427,2015-02-10 17:00:00,35989.0,35960.942254162335
5428,2015-02-10 18:00:00,38058.0,38047.94419530511
5429,2015-02-10 19:00:00,39759.0,39735.50908291024
5430,2015-02-10 20:00:00,39514.0,39508.929770200404
5431,2015-02-10 21:00:00,38857.0,38818.2876328421
5432,2015-02-10 22:00:00,37260.0,37240.35155078593
5433,2015-02-10 23:00:00,34918.0,34875.09187286799
5434,2015-02-11 00:00:00,32751.0,32750.183198805116
5435,2015-02-09 01:00:00,27417.0,27396.668320964818
5436,2015-02-09 02:00:00,26795.0,26804.030855181478
5437,2015-02-09 03:00:00,26649.0,26644.644618142018
5438,2015-02-09 04:00:00,26935.0,26909.385308956767
5439,2015-02-09 05:00:00,28031.0,27991.294021859594
5440,2015-02-09 06:00:00,30395.0,30420.331668840703
5441,2015-02-09 07:00:00,34117.0,34130.313255408575
5442,2015-02-09 08:00:00,36207.0,36160.29299963196
5443,2015-02-09 09:00:00,36690.0,36738.93655599706
5444,2015-02-09 10:00:00,37166.0,37180.24902745976
5445,2015-02-09 11:00:00,37603.0,37573.71807867365
5446,2015-02-09 12:00:00,37822.0,37856.0496873074
5447,2015-02-09 13:00:00,37827.0,37865.210072180664
5448,2015-02-09 14:00:00,37820.0,37827.36853967913
5449,2015-02-09 15:00:00,37698.0,37736.55721978762
5450,2015-02-09 16:00:00,37863.0,37815.91717634233
5451,2015-02-09 17:00:00,38768.0,38812.51667111674
5452,2015-02-09 18:00:00,40578.0,40533.72036140869
5453,2015-02-09 19:00:00,41107.0,41121.23900639604
5454,2015-02-09 20:00:00,40458.0,40442.58946369398
5455,2015-02-09 21:00:00,39406.0,39359.93123514461
5456,2015-02-09 22:00:00,37578.0,37620.92883069352
5457,2015-02-09 23:00:00,35044.0,35007.53576592554
5458,2015-02-10 00:00:00,32804.0,32839.374418742394
5459,2015-02-08 01:00:00,28642.0,28625.0345009016
5460,2015-02-08 02:00:00,27807.0,27831.116400273724
5461,2015-02-08 03:00:00,27356.0,27331.422078980813
5462,2015-02-08 04:00:00,27143.0,27151.343393772764
5463,2015-02-08 05:00:00,27290.0,27319.955380714495
5464,2015-02-08 06:00:00,27894.0,27900.617983033015
5465,2015-02-08 07:00:00,28856.0,28836.655256364298
5466,2015-02-08 08:00:00,29684.0,29657.343573391125
5467,2015-02-08 09:00:00,30762.0,30729.480559678177
5468,2015-02-08 10:00:00,31393.0,31426.881252204326
5469,2015-02-08 11:00:00,31319.0,31330.09426251343
5470,2015-02-08 12:00:00,30953.0,30953.867792475747
5471,2015-02-08 13:00:00,30520.0,30494.958068382875
5472,2015-02-08 14:00:00,29934.0,29927.375324854067
5473,2015-02-08 15:00:00,29678.0,29690.006280835467
5474,2015-02-08 16:00:00,29891.0,29848.188165351206
5475,2015-02-08 17:00:00,30773.0,30759.071493657993
5476,2015-02-08 18:00:00,32866.0,32839.95036517478
5477,2015-02-08 19:00:00,34288.0,34302.65149062622
5478,2015-02-08 20:00:00,34160.0,34170.6269007962
5479,2015-02-08 21:00:00,33529.0,33508.941549464515
5480,2015-02-08 22:00:00,32207.0,32161.163072210686
5481,2015-02-08 23:00:00,30506.0,30474.281275080677
5482,2015-02-09 00:00:00,28728.0,28694.00620755949
5483,2015-02-07 01:00:00,33384.0,33390.839433496236
5484,2015-02-07 02:00:00,32588.0,32554.929145635437
5485,2015-02-07 03:00:00,32238.0,32236.23343542729
5486,2015-02-07 04:00:00,32005.0,32016.45288373232
5487,2015-02-07 05:00:00,31932.0,31969.95655829997
5488,2015-02-07 06:00:00,32608.0,32582.502756297337
5489,2015-02-07 07:00:00,33761.0,33729.59129362493
5490,2015-02-07 08:00:00,34817.0,34784.325383313306
5491,2015-02-07 09:00:00,35886.0,35872.04293095121
5492,2015-02-07 10:00:00,36267.0,36281.918121931856
5493,2015-02-07 11:00:00,36101.0,36118.18624207197
5494,2015-02-07 12:00:00,35074.0,35045.09619006566
5495,2015-02-07 13:00:00,33560.0,33523.12334518608
5496,2015-02-07 14:00:00,32408.0,32402.867793372858
5497,2015-02-07 15:00:00,31729.0,31693.11912819563
5498,2015-02-07 16:00:00,31493.0,31524.292074494973
5499,2015-02-07 17:00:00,32037.0,31995.388144748526
5500,2015-02-07 18:00:00,33997.0,34022.20933221798
5501,2015-02-07 19:00:00,35116.0,35070.26479155178
5502,2015-02-07 20:00:00,34789.0,34819.6984115995
5503,2015-02-07 21:00:00,34173.0,34185.715167558985
5504,2015-02-07 22:00:00,33193.0,33175.23731058583
5505,2015-02-07 23:00:00,31726.0,31716.551849476462
5506,2015-02-08 00:00:00,30071.0,30088.361724055732
5507,2015-02-06 01:00:00,35801.0,35769.56281440013
5508,2015-02-06 02:00:00,35333.0,35372.03206690894
5509,2015-02-06 03:00:00,35307.0,35305.28871341919
5510,2015-02-06 04:00:00,35564.0,35590.01394943947
5511,2015-02-06 05:00:00,36598.0,36598.66960257744
5512,2015-02-06 06:00:00,39048.0,39043.2279228465
5513,2015-02-06 07:00:00,42537.0,42533.96155623576
5514,2015-02-06 08:00:00,44107.0,44093.31247107734
5515,2015-02-06 09:00:00,43006.0,43029.27541956706
5516,2015-02-06 10:00:00,41824.0,41858.61524437416
5517,2015-02-06 11:00:00,41162.0,41197.439666430626
5518,2015-02-06 12:00:00,40323.0,40285.11457139341
5519,2015-02-06 13:00:00,39262.0,39288.13679053506
5520,2015-02-06 14:00:00,38476.0,38445.99546197053
5521,2015-02-06 15:00:00,37857.0,37808.21783450246
5522,2015-02-06 16:00:00,37658.0,37635.54590352793
5523,2015-02-06 17:00:00,38216.0,38195.286859823194
5524,2015-02-06 18:00:00,39908.0,39938.978905408345
5525,2015-02-06 19:00:00,40935.0,40959.23963152428
5526,2015-02-06 20:00:00,40319.0,40277.468457028815
5527,2015-02-06 21:00:00,39840.0,39822.59613077877
5528,2015-02-06 22:00:00,38425.0,38400.12998466802
5529,2015-02-06 23:00:00,36717.0,36726.54551877861
5530,2015-02-07 00:00:00,34882.0,34886.15119732514
5531,2015-02-05 01:00:00,29252.0,29269.89128055772
5532,2015-02-05 02:00:00,28408.0,28449.072983198497
5533,2015-02-05 03:00:00,28080.0,28072.10735575841
5534,2015-02-05 04:00:00,28206.0,28221.592401089947
5535,2015-02-05 05:00:00,29073.0,29114.8352491739
5536,2015-02-05 06:00:00,31417.0,31421.168058443054
5537,2015-02-05 07:00:00,35339.0,35319.828098005026
5538,2015-02-05 08:00:00,37521.0,37511.29001544089
5539,2015-02-05 09:00:00,37899.0,37924.46136566579
5540,2015-02-05 10:00:00,38340.0,38362.0011158106
5541,2015-02-05 11:00:00,38588.0,38612.84154016866
5542,2015-02-05 12:00:00,38141.0,38165.329689027734
5543,2015-02-05 13:00:00,37444.0,37486.045889869
5544,2015-02-05 14:00:00,36980.0,37006.40051458395
5545,2015-02-05 15:00:00,36678.0,36713.543708612306
5546,2015-02-05 16:00:00,37002.0,37009.3711650616
5547,2015-02-05 17:00:00,38365.0,38379.41713867418
5548,2015-02-05 18:00:00,41405.0,41451.771947401925
5549,2015-02-05 19:00:00,43290.0,43327.030087598476
5550,2015-02-05 20:00:00,43219.0,43246.73602406366
5551,2015-02-05 21:00:00,42730.0,42748.55146423444
5552,2015-02-05 22:00:00,41364.0,41349.851823777615
5553,2015-02-05 23:00:00,39159.0,39163.812556375546
5554,2015-02-06 00:00:00,37120.0,37075.512818847295
5555,2015-02-04 01:00:00,33551.0,33542.616674960416
5556,2015-02-04 02:00:00,32864.0,32825.1896417735
5557,2015-02-04 03:00:00,32546.0,32568.863953591153
5558,2015-02-04 04:00:00,32491.0,32530.23176371199
5559,2015-02-04 05:00:00,33126.0,33093.408299568924
5560,2015-02-04 06:00:00,35271.0,35245.568338379984
5561,2015-02-04 07:00:00,38796.0,38831.69809425533
5562,2015-02-04 08:00:00,40142.0,40150.58321753986
5563,2015-02-04 09:00:00,39400.0,39408.830888282515
5564,2015-02-04 10:00:00,38341.0,38347.287636464585
5565,2015-02-04 11:00:00,37343.0,37314.826076072524
5566,2015-02-04 12:00:00,36326.0,36300.33030152004
5567,2015-02-04 13:00:00,35304.0,35348.964311547876
5568,2015-02-04 14:00:00,34594.0,34616.34701521068
5569,2015-02-04 15:00:00,33932.0,33891.043448706536
5570,2015-02-04 16:00:00,33622.0,33594.293827165864
5571,2015-02-04 17:00:00,34462.0,34474.71155211809
5572,2015-02-04 18:00:00,36909.0,36887.34653869239
5573,2015-02-04 19:00:00,38241.0,38216.17336560066
5574,2015-02-04 20:00:00,38038.0,38008.23479930031
5575,2015-02-04 21:00:00,37288.0,37256.57268635366
5576,2015-02-04 22:00:00,35577.0,35588.33305817702
5577,2015-02-04 23:00:00,33150.0,33190.58488238817
5578,2015-02-05 00:00:00,30800.0,30786.113185596954
5579,2015-02-03 01:00:00,34382.0,34344.15086013762
5580,2015-02-03 02:00:00,33845.0,33807.42993426854
5581,2015-02-03 03:00:00,33722.0,33765.368970489864
5582,2015-02-03 04:00:00,33959.0,33961.87354781179
5583,2015-02-03 05:00:00,34923.0,34919.62855106778
5584,2015-02-03 06:00:00,37193.0,37232.07412439501
5585,2015-02-03 07:00:00,40687.0,40687.711293734865
5586,2015-02-03 08:00:00,42160.0,42158.05988928486
5587,2015-02-03 09:00:00,41956.0,41998.66525336024
5588,2015-02-03 10:00:00,41347.0,41344.4459122954
5589,2015-02-03 11:00:00,40553.0,40542.0961075774
5590,2015-02-03 12:00:00,39213.0,39221.166213196666
5591,2015-02-03 13:00:00,37987.0,38034.72315315338
5592,2015-02-03 14:00:00,37235.0,37281.382904260034
5593,2015-02-03 15:00:00,36637.0,36664.56014040221
5594,2015-02-03 16:00:00,36554.0,36553.92808592875
5595,2015-02-03 17:00:00,37580.0,37618.146170836975
5596,2015-02-03 18:00:00,40152.0,40143.938297837914
5597,2015-02-03 19:00:00,41787.0,41801.01430447403
5598,2015-02-03 20:00:00,41699.0,41666.942684363574
5599,2015-02-03 21:00:00,41103.0,41119.12876467619
5600,2015-02-03 22:00:00,39557.0,39534.61059160283
5601,2015-02-03 23:00:00,37206.0,37233.175298165486
5602,2015-02-04 00:00:00,35036.0,35027.40401613139
5603,2015-02-02 01:00:00,29785.0,29774.840978454667
5604,2015-02-02 02:00:00,29032.0,29056.65776474476
5605,2015-02-02 03:00:00,28574.0,28566.53186391699
5606,2015-02-02 04:00:00,28568.0,28589.402135724966
5607,2015-02-02 05:00:00,29189.0,29224.506556054657
5608,2015-02-02 06:00:00,31076.0,31039.687863467912
5609,2015-02-02 07:00:00,33991.0,33988.90229959974
5610,2015-02-02 08:00:00,35850.0,35894.49115298371
5611,2015-02-02 09:00:00,36499.0,36530.21814514362
5612,2015-02-02 10:00:00,36868.0,36915.361226598834
5613,2015-02-02 11:00:00,37094.0,37130.03084567521
5614,2015-02-02 12:00:00,37025.0,37006.021981791906
5615,2015-02-02 13:00:00,36920.0,36887.91526100585
5616,2015-02-02 14:00:00,36926.0,36897.05418044449
5617,2015-02-02 15:00:00,36858.0,36829.68927383229
5618,2015-02-02 16:00:00,36921.0,36878.57363948545
5619,2015-02-02 17:00:00,38265.0,38305.679509297675
5620,2015-02-02 18:00:00,41085.0,41085.25485892881
5621,2015-02-02 19:00:00,42535.0,42495.12711977632
5622,2015-02-02 20:00:00,42465.0,42491.26416068034
5623,2015-02-02 21:00:00,41789.0,41771.56407321013
5624,2015-02-02 22:00:00,40172.0,40129.10375078253
5625,2015-02-02 23:00:00,37764.0,37732.975655765506
5626,2015-02-03 00:00:00,35684.0,35699.75498251635
5627,2015-02-01 01:00:00,33664.0,33693.40062955977
5628,2015-02-01 02:00:00,32938.0,32913.36767105463
5629,2015-02-01 03:00:00,32518.0,32525.7058270825
5630,2015-02-01 04:00:00,32305.0,32255.087255781258
5631,2015-02-01 05:00:00,32271.0,32248.83874706069
5632,2015-02-01 06:00:00,32612.0,32580.163382184153
5633,2015-02-01 07:00:00,33391.0,33348.654622464936
5634,2015-02-01 08:00:00,34029.0,34027.389529841035
5635,2015-02-01 09:00:00,34829.0,34842.10155148322
5636,2015-02-01 10:00:00,34945.0,34899.637635365674
5637,2015-02-01 11:00:00,34557.0,34520.789117919536
5638,2015-02-01 12:00:00,34138.0,34181.229117876144
5639,2015-02-01 13:00:00,33884.0,33856.31128431681
5640,2015-02-01 14:00:00,33622.0,33647.9987746554
5641,2015-02-01 15:00:00,33439.0,33463.77349949924
5642,2015-02-01 16:00:00,33606.0,33588.15825023761
5643,2015-02-01 17:00:00,34721.0,34691.411689924666
5644,2015-02-01 18:00:00,36833.0,36807.39505536157
5645,2015-02-01 19:00:00,36892.0,36898.58989669836
5646,2015-02-01 20:00:00,35840.0,35828.115902041995
5647,2015-02-01 21:00:00,35100.0,35099.55653582354
5648,2015-02-01 22:00:00,34117.0,34148.16124831637
5649,2015-02-01 23:00:00,32918.0,32918.229638479635
5650,2015-02-02 00:00:00,31270.0,31319.52289257385
5651,2015-01-31 01:00:00,35201.0,35217.58338038175
5652,2015-01-31 02:00:00,34743.0,34713.72476581252
5653,2015-01-31 03:00:00,34615.0,34614.95187821233
5654,2015-01-31 04:00:00,34679.0,34710.34177219636
5655,2015-01-31 05:00:00,35187.0,35158.83015348895
5656,2015-01-31 06:00:00,36204.0,36226.94221386436
5657,2015-01-31 07:00:00,37604.0,37557.344903419085
5658,2015-01-31 08:00:00,38772.0,38816.263383139994
5659,2015-01-31 09:00:00,39481.0,39497.33617494145
5660,2015-01-31 10:00:00,39465.0,39431.25703042016
5661,2015-01-31 11:00:00,38847.0,38884.42946993784
5662,2015-01-31 12:00:00,37963.0,37921.1820680889
5663,2015-01-31 13:00:00,36894.0,36884.59289636462
5664,2015-01-31 14:00:00,35849.0,35872.694933959945
5665,2015-01-31 15:00:00,35083.0,35126.74066273632
5666,2015-01-31 16:00:00,34901.0,34885.88102668392
5667,2015-01-31 17:00:00,35788.0,35821.05112309634
5668,2015-01-31 18:00:00,38269.0,38238.67522576653
5669,2015-01-31 19:00:00,39556.0,39509.511036916476
5670,2015-01-31 20:00:00,39385.0,39337.87609832925
5671,2015-01-31 21:00:00,38875.0,38890.81704912144
5672,2015-01-31 22:00:00,37902.0,37867.420730593556
5673,2015-01-31 23:00:00,36455.0,36410.03243103897
5674,2015-02-01 00:00:00,34941.0,34988.67475258316
5675,2015-01-30 01:00:00,30939.0,30913.201226832967
5676,2015-01-30 02:00:00,29969.0,29965.255448297954
5677,2015-01-30 03:00:00,29473.0,29484.308113911993
5678,2015-01-30 04:00:00,29456.0,29420.445603662432
5679,2015-01-30 05:00:00,30143.0,30128.716886068865
5680,2015-01-30 06:00:00,32200.0,32214.770684476847
5681,2015-01-30 07:00:00,35729.0,35742.97617174746
5682,2015-01-30 08:00:00,37522.0,37556.20573087367
5683,2015-01-30 09:00:00,37388.0,37381.742243275476
5684,2015-01-30 10:00:00,36941.0,36979.98276255529
5685,2015-01-30 11:00:00,36501.0,36519.219273552524
5686,2015-01-30 12:00:00,36075.0,36081.210519490145
5687,2015-01-30 13:00:00,35833.0,35794.713682606045
5688,2015-01-30 14:00:00,35566.0,35573.470391214294
5689,2015-01-30 15:00:00,35217.0,35226.46720178063
5690,2015-01-30 16:00:00,35422.0,35447.88043828606
5691,2015-01-30 17:00:00,36574.0,36595.913906748356
5692,2015-01-30 18:00:00,39313.0,39315.998017934595
5693,2015-01-30 19:00:00,40692.0,40701.28291713897
5694,2015-01-30 20:00:00,40589.0,40616.23427120347
5695,2015-01-30 21:00:00,40248.0,40233.14402621368
5696,2015-01-30 22:00:00,39334.0,39297.49711156005
5697,2015-01-30 23:00:00,37814.0,37851.42993805026
5698,2015-01-31 00:00:00,36358.0,36404.50187752209
5699,2015-01-29 01:00:00,33389.0,33381.93048387341
5700,2015-01-29 02:00:00,32923.0,32972.03097892777
5701,2015-01-29 03:00:00,32915.0,32897.26949148337
5702,2015-01-29 04:00:00,33327.0,33283.657409409076
5703,2015-01-29 05:00:00,34517.0,34524.245958118874
5704,2015-01-29 06:00:00,37111.0,37147.8200684547
5705,2015-01-29 07:00:00,41094.0,41105.74818182364
5706,2015-01-29 08:00:00,42498.0,42448.942714824356
5707,2015-01-29 09:00:00,41369.0,41320.183268141656
5708,2015-01-29 10:00:00,40267.0,40289.435107286445
5709,2015-01-29 11:00:00,39443.0,39477.534299571416
5710,2015-01-29 12:00:00,38747.0,38722.30367091228
5711,2015-01-29 13:00:00,38237.0,38234.01310567626
5712,2015-01-29 14:00:00,37990.0,38036.10909004875
5713,2015-01-29 15:00:00,37762.0,37758.05740836099
5714,2015-01-29 16:00:00,37961.0,37924.5814099408
5715,2015-01-29 17:00:00,38877.0,38918.16530066719
5716,2015-01-29 18:00:00,40928.0,40927.51676691944
5717,2015-01-29 19:00:00,41303.0,41287.430694204886
5718,2015-01-29 20:00:00,40729.0,40688.7432722406
5719,2015-01-29 21:00:00,39652.0,39647.82682970758
5720,2015-01-29 22:00:00,37707.0,37733.96727690606
5721,2015-01-29 23:00:00,35041.0,35062.718434343806
5722,2015-01-30 00:00:00,32641.0,32640.65876503096
5723,2015-01-28 01:00:00,33364.0,33385.95353460262
5724,2015-01-28 02:00:00,32950.0,32935.076056838116
5725,2015-01-28 03:00:00,32907.0,32930.52682025302
5726,2015-01-28 04:00:00,33297.0,33255.573415825034
5727,2015-01-28 05:00:00,34356.0,34325.92340334149
5728,2015-01-28 06:00:00,36848.0,36885.772332213295
5729,2015-01-28 07:00:00,40758.0,40737.365540696424
5730,2015-01-28 08:00:00,42314.0,42284.594139446766
5731,2015-01-28 09:00:00,41511.0,41469.90025881351
5732,2015-01-28 10:00:00,40396.0,40385.295499439635
5733,2015-01-28 11:00:00,39420.0,39376.69820750093
5734,2015-01-28 12:00:00,38442.0,38441.698045995494
5735,2015-01-28 13:00:00,37530.0,37571.920473696664
5736,2015-01-28 14:00:00,36894.0,36922.71343451951
5737,2015-01-28 15:00:00,36285.0,36239.0673769664
5738,2015-01-28 16:00:00,36290.0,36269.97581641049
5739,2015-01-28 17:00:00,37381.0,37349.764428296796
5740,2015-01-28 18:00:00,40287.0,40243.69398551536
5741,2015-01-28 19:00:00,41594.0,41554.86405479797
5742,2015-01-28 20:00:00,41283.0,41323.81443725629
5743,2015-01-28 21:00:00,40651.0,40632.00832150638
5744,2015-01-28 22:00:00,39058.0,39047.22238762286
5745,2015-01-28 23:00:00,36813.0,36811.57008683217
5746,2015-01-29 00:00:00,34681.0,34705.49290981477
5747,2015-01-27 01:00:00,31918.0,31947.837047408557
5748,2015-01-27 02:00:00,31246.0,31292.37295428719
5749,2015-01-27 03:00:00,30930.0,30901.067807061412
5750,2015-01-27 04:00:00,30997.0,30977.10661784755
5751,2015-01-27 05:00:00,31715.0,31696.296071521487
5752,2015-01-27 06:00:00,33477.0,33471.52587933097
5753,2015-01-27 07:00:00,35878.0,35908.740435142376
5754,2015-01-27 08:00:00,37342.0,37315.945608553106
5755,2015-01-27 09:00:00,38099.0,38127.2921766563
5756,2015-01-27 10:00:00,38360.0,38330.40400183785
5757,2015-01-27 11:00:00,38320.0,38341.014761719736
5758,2015-01-27 12:00:00,37925.0,37954.90013198497
5759,2015-01-27 13:00:00,37360.0,37395.37837408145
5760,2015-01-27 14:00:00,36890.0,36891.02855414406
5761,2015-01-27 15:00:00,36396.0,36378.87149866389
5762,2015-01-27 16:00:00,36436.0,36463.238423333474
5763,2015-01-27 17:00:00,37543.0,37525.091645716035
5764,2015-01-27 18:00:00,40432.0,40396.80887761814
5765,2015-01-27 19:00:00,41420.0,41453.468644869565
5766,2015-01-27 20:00:00,40960.0,40951.124092975704
5767,2015-01-27 21:00:00,40143.0,40150.08337663416
5768,2015-01-27 22:00:00,38544.0,38585.8444046402
5769,2015-01-27 23:00:00,36454.0,36417.579662123426
5770,2015-01-28 00:00:00,34524.0,34529.71838964456
5771,2015-01-26 01:00:00,28259.0,28264.87645916481
5772,2015-01-26 02:00:00,27770.0,27806.189130579827
5773,2015-01-26 03:00:00,27688.0,27672.125897232367
5774,2015-01-26 04:00:00,28051.0,28041.12140896539
5775,2015-01-26 05:00:00,29253.0,29254.929316184476
5776,2015-01-26 06:00:00,31746.0,31712.71999822448
5777,2015-01-26 07:00:00,35360.0,35357.06613944327
5778,2015-01-26 08:00:00,37700.0,37693.60817942303
5779,2015-01-26 09:00:00,38278.0,38247.73944750166
5780,2015-01-26 10:00:00,38786.0,38819.302251879766
5781,2015-01-26 11:00:00,39037.0,39030.10337617208
5782,2015-01-26 12:00:00,39043.0,39023.606591051845
5783,2015-01-26 13:00:00,39081.0,39044.03742366022
5784,2015-01-26 14:00:00,39241.0,39199.97477943703
5785,2015-01-26 15:00:00,38994.0,39040.022689339
5786,2015-01-26 16:00:00,38902.0,38951.5153438057
5787,2015-01-26 17:00:00,39612.0,39651.792538380316
5788,2015-01-26 18:00:00,41776.0,41771.86314321405
5789,2015-01-26 19:00:00,42000.0,42030.79157598121
5790,2015-01-26 20:00:00,41025.0,41058.428219859125
5791,2015-01-26 21:00:00,39673.0,39652.98092106406
5792,2015-01-26 22:00:00,37804.0,37812.60290501689
5793,2015-01-26 23:00:00,35561.0,35606.682201675874
5794,2015-01-27 00:00:00,33466.0,33444.00678001993
5795,2015-01-25 01:00:00,28954.0,28970.288637419857
5796,2015-01-25 02:00:00,27945.0,27961.254112514744
5797,2015-01-25 03:00:00,27417.0,27412.267065183856
5798,2015-01-25 04:00:00,27214.0,27213.032885525274
5799,2015-01-25 05:00:00,27375.0,27370.638251229004
5800,2015-01-25 06:00:00,28001.0,28003.107692301495
5801,2015-01-25 07:00:00,28911.0,28875.877779599516
5802,2015-01-25 08:00:00,29832.0,29861.474711199502
5803,2015-01-25 09:00:00,30836.0,30852.107511278093
5804,2015-01-25 10:00:00,31219.0,31266.382227329123
5805,2015-01-25 11:00:00,31211.0,31185.564318907313
5806,2015-01-25 12:00:00,31056.0,31020.596824307428
5807,2015-01-25 13:00:00,30574.0,30558.25540658625
5808,2015-01-25 14:00:00,30112.0,30112.97414031485
5809,2015-01-25 15:00:00,29821.0,29791.50095544343
5810,2015-01-25 16:00:00,30141.0,30137.060103107193
5811,2015-01-25 17:00:00,31356.0,31370.261324771436
5812,2015-01-25 18:00:00,34089.0,34044.61712951254
5813,2015-01-25 19:00:00,34990.0,35015.802986318464
5814,2015-01-25 20:00:00,34726.0,34769.9711280663
5815,2015-01-25 21:00:00,34095.0,34071.82482149232
5816,2015-01-25 22:00:00,32840.0,32867.6222371652
5817,2015-01-25 23:00:00,31181.0,31172.79342612335
5818,2015-01-26 00:00:00,29504.0,29520.4432661898
5819,2015-01-24 01:00:00,29768.0,29792.301607008012
5820,2015-01-24 02:00:00,29003.0,28982.497364929102
5821,2015-01-24 03:00:00,28529.0,28557.73975953966
5822,2015-01-24 04:00:00,28325.0,28285.511133524178
5823,2015-01-24 05:00:00,28418.0,28466.672484775823
5824,2015-01-24 06:00:00,29096.0,29079.702498496135
5825,2015-01-24 07:00:00,30267.0,30239.38027652775
5826,2015-01-24 08:00:00,31467.0,31430.86540456927
5827,2015-01-24 09:00:00,32704.0,32735.218212533237
5828,2015-01-24 10:00:00,33939.0,33947.589037335005
5829,2015-01-24 11:00:00,34683.0,34728.16702970454
5830,2015-01-24 12:00:00,34903.0,34917.76783904656
5831,2015-01-24 13:00:00,34474.0,34458.059298471846
5832,2015-01-24 14:00:00,33877.0,33910.641253400856
5833,2015-01-24 15:00:00,33375.0,33353.12350412368
5834,2015-01-24 16:00:00,33184.0,33163.08406853803
5835,2015-01-24 17:00:00,33557.0,33509.82800893554
5836,2015-01-24 18:00:00,35515.0,35490.202268912704
5837,2015-01-24 19:00:00,36162.0,36138.14342183044
5838,2015-01-24 20:00:00,35679.0,35658.752150759894
5839,2015-01-24 21:00:00,34918.0,34904.86285993526
5840,2015-01-24 22:00:00,33760.0,33767.667398282014
5841,2015-01-24 23:00:00,32184.0,32155.639102013152
5842,2015-01-25 00:00:00,30411.0,30424.67610170481
5843,2015-01-23 01:00:00,30197.0,30160.331505932274
5844,2015-01-23 02:00:00,29577.0,29620.091089795147
5845,2015-01-23 03:00:00,29456.0,29408.61102354863
5846,2015-01-23 04:00:00,29766.0,29806.81978890348
5847,2015-01-23 05:00:00,30799.0,30803.720025964718
5848,2015-01-23 06:00:00,33312.0,33333.00453452462
5849,2015-01-23 07:00:00,37246.0,37225.83427308884
5850,2015-01-23 08:00:00,39155.0,39122.37987849045
5851,2015-01-23 09:00:00,38457.0,38501.72947088465
5852,2015-01-23 10:00:00,37148.0,37142.100381774675
5853,2015-01-23 11:00:00,35984.0,35982.05129013563
5854,2015-01-23 12:00:00,35084.0,35132.567840431635
5855,2015-01-23 13:00:00,34203.0,34186.60687989824
5856,2015-01-23 14:00:00,33790.0,33750.01916020005
5857,2015-01-23 15:00:00,33620.0,33628.691422286305
5858,2015-01-23 16:00:00,34101.0,34106.48075810196
5859,2015-01-23 17:00:00,35269.0,35296.31043679123
5860,2015-01-23 18:00:00,37288.0,37333.507809550436
5861,2015-01-23 19:00:00,37480.0,37460.76743767229
5862,2015-01-23 20:00:00,36850.0,36872.179644752054
5863,2015-01-23 21:00:00,36019.0,36012.4503072873
5864,2015-01-23 22:00:00,34719.0,34747.377278961
5865,2015-01-23 23:00:00,32980.0,32946.42769626212
5866,2015-01-24 00:00:00,31203.0,31203.085641716414
5867,2015-01-22 01:00:00,30739.0,30696.718692786922
5868,2015-01-22 02:00:00,29904.0,29910.117452920236
5869,2015-01-22 03:00:00,29549.0,29515.897360922478
5870,2015-01-22 04:00:00,29619.0,29665.004506971647
5871,2015-01-22 05:00:00,30360.0,30365.43303316016
5872,2015-01-22 06:00:00,32605.0,32607.93745882884
5873,2015-01-22 07:00:00,36153.0,36200.23307236854
5874,2015-01-22 08:00:00,38079.0,38078.84152867767
5875,2015-01-22 09:00:00,38074.0,38091.67264640446
5876,2015-01-22 10:00:00,37807.0,37761.668152898026
5877,2015-01-22 11:00:00,37329.0,37349.83388155935
5878,2015-01-22 12:00:00,36547.0,36507.43103737853
5879,2015-01-22 13:00:00,35681.0,35709.02346294802
5880,2015-01-22 14:00:00,34986.0,35023.68458325453
5881,2015-01-22 15:00:00,34576.0,34557.546786856445
5882,2015-01-22 16:00:00,34686.0,34723.81300140506
5883,2015-01-22 17:00:00,35701.0,35699.26367415561
5884,2015-01-22 18:00:00,38078.0,38085.157608118614
5885,2015-01-22 19:00:00,38689.0,38680.09828710863
5886,2015-01-22 20:00:00,38313.0,38310.65421274622
5887,2015-01-22 21:00:00,37606.0,37646.82708970171
5888,2015-01-22 22:00:00,36100.0,36144.729440317344
5889,2015-01-22 23:00:00,33792.0,33786.586894209155
5890,2015-01-23 00:00:00,31730.0,31731.43614727662
5891,2015-01-21 01:00:00,30144.0,30105.617498354673
5892,2015-01-21 02:00:00,29576.0,29558.56211439024
5893,2015-01-21 03:00:00,29454.0,29455.323717891788
5894,2015-01-21 04:00:00,29734.0,29704.258275009786
5895,2015-01-21 05:00:00,30797.0,30804.653326403542
5896,2015-01-21 06:00:00,33196.0,33214.5283233843
5897,2015-01-21 07:00:00,36988.0,37002.99600454817
5898,2015-01-21 08:00:00,38777.0,38771.25124929883
5899,2015-01-21 09:00:00,38499.0,38525.931912056025
5900,2015-01-21 10:00:00,38155.0,38136.95224107913
5901,2015-01-21 11:00:00,37940.0,37936.92769344161
5902,2015-01-21 12:00:00,37770.0,37747.01548882638
5903,2015-01-21 13:00:00,37503.0,37513.362859006564
5904,2015-01-21 14:00:00,37585.0,37579.07070332486
5905,2015-01-21 15:00:00,37599.0,37570.711274654954
5906,2015-01-21 16:00:00,37810.0,37790.81849548609
5907,2015-01-21 17:00:00,38834.0,38811.946807684726
5908,2015-01-21 18:00:00,41005.0,41046.09127196543
5909,2015-01-21 19:00:00,41200.0,41202.19542754458
5910,2015-01-21 20:00:00,40433.0,40448.265583846216
5911,2015-01-21 21:00:00,39300.0,39343.47337737019
5912,2015-01-21 22:00:00,37294.0,37262.2217795269
5913,2015-01-21 23:00:00,34610.0,34653.68937571977
5914,2015-01-22 00:00:00,32297.0,32300.96372099187
5915,2015-01-20 01:00:00,29256.0,29291.621420925327
5916,2015-01-20 02:00:00,28593.0,28559.79955549004
5917,2015-01-20 03:00:00,28418.0,28395.293587921213
5918,2015-01-20 04:00:00,28710.0,28679.41710295774
5919,2015-01-20 05:00:00,29705.0,29720.342178373783
5920,2015-01-20 06:00:00,32243.0,32207.07614025459
5921,2015-01-20 07:00:00,36028.0,36057.25225513933
5922,2015-01-20 08:00:00,37770.0,37745.04362911642
5923,2015-01-20 09:00:00,37351.0,37326.54754619795
5924,2015-01-20 10:00:00,36466.0,36444.1121296391
5925,2015-01-20 11:00:00,35511.0,35535.638809545
5926,2015-01-20 12:00:00,34871.0,34913.421595160966
5927,2015-01-20 13:00:00,34360.0,34400.75100141605
5928,2015-01-20 14:00:00,34202.0,34162.125422101075
5929,2015-01-20 15:00:00,34028.0,34004.24369033087
5930,2015-01-20 16:00:00,34404.0,34421.21819659233
5931,2015-01-20 17:00:00,35647.0,35658.855064075775
5932,2015-01-20 18:00:00,37819.0,37804.002906490554
5933,2015-01-20 19:00:00,38402.0,38438.28433234146
5934,2015-01-20 20:00:00,38066.0,38029.04662751185
5935,2015-01-20 21:00:00,37432.0,37445.90318780852
5936,2015-01-20 22:00:00,35944.0,35921.308447569136
5937,2015-01-20 23:00:00,33673.0,33675.717462205175
5938,2015-01-21 00:00:00,31606.0,31594.74865704492
5939,2015-01-19 01:00:00,28841.0,28888.973509942763
5940,2015-01-19 02:00:00,28228.0,28226.66922737746
5941,2015-01-19 03:00:00,28063.0,28110.60933927894
5942,2015-01-19 04:00:00,28128.0,28103.50209167104
5943,2015-01-19 05:00:00,28757.0,28783.794093228153
5944,2015-01-19 06:00:00,30301.0,30322.70581251923
5945,2015-01-19 07:00:00,32595.0,32629.76452874621
5946,2015-01-19 08:00:00,34216.0,34235.3607463759
5947,2015-01-19 09:00:00,35028.0,35046.23590981206
5948,2015-01-19 10:00:00,35439.0,35455.070775727865
5949,2015-01-19 11:00:00,35218.0,35266.50515720764
5950,2015-01-19 12:00:00,34888.0,34860.809777607785
5951,2015-01-19 13:00:00,34656.0,34609.01136848594
5952,2015-01-19 14:00:00,34770.0,34787.79708644339
5953,2015-01-19 15:00:00,34588.0,34555.23377699855
5954,2015-01-19 16:00:00,34580.0,34597.9383930161
5955,2015-01-19 17:00:00,35487.0,35468.96854108297
5956,2015-01-19 18:00:00,37775.0,37729.33517174065
5957,2015-01-19 19:00:00,38095.0,38121.97679922241
5958,2015-01-19 20:00:00,37650.0,37605.164817483885
5959,2015-01-19 21:00:00,36839.0,36811.4138315635
5960,2015-01-19 22:00:00,35161.0,35144.640863379514
5961,2015-01-19 23:00:00,32860.0,32823.2749450581
5962,2015-01-20 00:00:00,30715.0,30756.356916089313
5963,2015-01-18 01:00:00,30964.0,30976.18364909168
5964,2015-01-18 02:00:00,30102.0,30139.539594680642
5965,2015-01-18 03:00:00,29570.0,29588.20520629576
5966,2015-01-18 04:00:00,29299.0,29348.194540600365
5967,2015-01-18 05:00:00,29251.0,29253.515279886065
5968,2015-01-18 06:00:00,29521.0,29476.37632412953
5969,2015-01-18 07:00:00,30221.0,30187.08586443577
5970,2015-01-18 08:00:00,31150.0,31158.843266196873
5971,2015-01-18 09:00:00,32258.0,32242.772853905764
5972,2015-01-18 10:00:00,33505.0,33466.28928009653
5973,2015-01-18 11:00:00,34304.0,34277.813974191864
5974,2015-01-18 12:00:00,34697.0,34694.45707303675
5975,2015-01-18 13:00:00,34804.0,34805.818187021636
5976,2015-01-18 14:00:00,34532.0,34575.45812588034
5977,2015-01-18 15:00:00,34117.0,34076.06792483068
5978,2015-01-18 16:00:00,33870.0,33855.78074501674
5979,2015-01-18 17:00:00,34348.0,34348.604921139115
5980,2015-01-18 18:00:00,35708.0,35669.32675809722
5981,2015-01-18 19:00:00,35736.0,35754.78020232767
5982,2015-01-18 20:00:00,35326.0,35327.50280913173
5983,2015-01-18 21:00:00,34507.0,34502.95119176984
5984,2015-01-18 22:00:00,33267.0,33282.60805738321
5985,2015-01-18 23:00:00,31717.0,31695.7814691044
5986,2015-01-19 00:00:00,30083.0,30066.93271016826
5987,2015-01-17 01:00:00,32064.0,32030.269849832082
5988,2015-01-17 02:00:00,31446.0,31448.372596837096
5989,2015-01-17 03:00:00,31266.0,31253.24087537492
5990,2015-01-17 04:00:00,31419.0,31395.033086392574
5991,2015-01-17 05:00:00,31912.0,31874.474220775435
5992,2015-01-17 06:00:00,33024.0,32976.32252042652
5993,2015-01-17 07:00:00,34666.0,34635.335227144125
5994,2015-01-17 08:00:00,35991.0,35965.74261968264
5995,2015-01-17 09:00:00,36823.0,36821.54363067486
5996,2015-01-17 10:00:00,36760.0,36734.099662345776
5997,2015-01-17 11:00:00,36076.0,36107.765349366746
5998,2015-01-17 12:00:00,35156.0,35153.41288901285
5999,2015-01-17 13:00:00,34066.0,34078.38107643167
6000,2015-01-17 14:00:00,33075.0,33045.793834447904
6001,2015-01-17 15:00:00,32595.0,32586.612812897434
6002,2015-01-17 16:00:00,32830.0,32840.27773569645
6003,2015-01-17 17:00:00,34156.0,34137.10458879324
6004,2015-01-17 18:00:00,36920.0,36903.6197408906
6005,2015-01-17 19:00:00,37630.0,37660.74251835419
6006,2015-01-17 20:00:00,37328.0,37361.718137032345
6007,2015-01-17 21:00:00,36686.0,36689.294093242184
6008,2015-01-17 22:00:00,35631.0,35670.64107553091
6009,2015-01-17 23:00:00,34074.0,34097.66820029963
6010,2015-01-18 00:00:00,32366.0,32321.53015858893
6011,2015-01-16 01:00:00,31770.0,31775.947344701814
6012,2015-01-16 02:00:00,31082.0,31101.779329740686
6013,2015-01-16 03:00:00,30843.0,30847.088483152853
6014,2015-01-16 04:00:00,30899.0,30932.19758503178
6015,2015-01-16 05:00:00,31711.0,31691.08371298681
6016,2015-01-16 06:00:00,33924.0,33880.54791331474
6017,2015-01-16 07:00:00,37448.0,37461.36205287851
6018,2015-01-16 08:00:00,38974.0,38997.08006130458
6019,2015-01-16 09:00:00,38291.0,38317.52538682912
6020,2015-01-16 10:00:00,37067.0,37018.10605234356
6021,2015-01-16 11:00:00,36188.0,36205.337824832495
6022,2015-01-16 12:00:00,35585.0,35537.07277843022
6023,2015-01-16 13:00:00,35032.0,35059.4786016608
6024,2015-01-16 14:00:00,34699.0,34719.31051406316
6025,2015-01-16 15:00:00,34508.0,34514.741390364194
6026,2015-01-16 16:00:00,34749.0,34749.63244059755
6027,2015-01-16 17:00:00,35984.0,36005.51078630503
6028,2015-01-16 18:00:00,38580.0,38535.7195308357
6029,2015-01-16 19:00:00,39007.0,39040.218936732155
6030,2015-01-16 20:00:00,38526.0,38496.12261879051
6031,2015-01-16 21:00:00,37933.0,37930.77888631258
6032,2015-01-16 22:00:00,36837.0,36835.67994247408
6033,2015-01-16 23:00:00,35182.0,35209.712353304116
6034,2015-01-17 00:00:00,33455.0,33424.299107040024
6035,2015-01-15 01:00:00,32014.0,31993.974973893906
6036,2015-01-15 02:00:00,31245.0,31261.310796063273
6037,2015-01-15 03:00:00,30838.0,30829.277174131203
6038,2015-01-15 04:00:00,30941.0,30920.886362305624
6039,2015-01-15 05:00:00,31836.0,31848.142322247324
6040,2015-01-15 06:00:00,34136.0,34094.65721902564
6041,2015-01-15 07:00:00,37784.0,37812.977857191894
6042,2015-01-15 08:00:00,39681.0,39683.47492172343
6043,2015-01-15 09:00:00,39342.0,39312.60205093087
6044,2015-01-15 10:00:00,38721.0,38711.85159173006
6045,2015-01-15 11:00:00,37895.0,37858.10768012782
6046,2015-01-15 12:00:00,37062.0,37073.658111292934
6047,2015-01-15 13:00:00,36317.0,36333.93006313184
6048,2015-01-15 14:00:00,35717.0,35707.528592810064
6049,2015-01-15 15:00:00,35237.0,35220.969048824765
6050,2015-01-15 16:00:00,35344.0,35378.97847491412
6051,2015-01-15 17:00:00,36643.0,36650.60692437111
6052,2015-01-15 18:00:00,39529.0,39545.70212720452
6053,2015-01-15 19:00:00,40129.0,40091.751911340194
6054,2015-01-15 20:00:00,39801.0,39822.33252942616
6055,2015-01-15 21:00:00,39208.0,39202.46107745231
6056,2015-01-15 22:00:00,37662.0,37648.666842278704
6057,2015-01-15 23:00:00,35374.0,35416.94041996488
6058,2015-01-16 00:00:00,33146.0,33101.3933987196
6059,2015-01-14 01:00:00,33870.0,33839.560640489944
6060,2015-01-14 02:00:00,33287.0,33274.5040086087
6061,2015-01-14 03:00:00,33065.0,33047.40400971224
6062,2015-01-14 04:00:00,33196.0,33197.06838500438
6063,2015-01-14 05:00:00,34041.0,34031.0902052561
6064,2015-01-14 06:00:00,36401.0,36429.828905884024
6065,2015-01-14 07:00:00,39972.0,39998.80005531666
6066,2015-01-14 08:00:00,41845.0,41872.237477603696
6067,2015-01-14 09:00:00,41810.0,41796.9354552578
6068,2015-01-14 10:00:00,41501.0,41491.73684777615
6069,2015-01-14 11:00:00,41118.0,41140.046192851754
6070,2015-01-14 12:00:00,40563.0,40525.41983663869
6071,2015-01-14 13:00:00,39809.0,39844.191961715864
6072,2015-01-14 14:00:00,39422.0,39426.125823781316
6073,2015-01-14 15:00:00,39022.0,39056.854522044494
6074,2015-01-14 16:00:00,39093.0,39122.36029809357
6075,2015-01-14 17:00:00,40189.0,40176.438308537545
6076,2015-01-14 18:00:00,42344.0,42304.155970999906
6077,2015-01-14 19:00:00,42286.0,42328.083024080996
6078,2015-01-14 20:00:00,41576.0,41560.46053497166
6079,2015-01-14 21:00:00,40523.0,40510.3741690557
6080,2015-01-14 22:00:00,38573.0,38613.90485010491
6081,2015-01-14 23:00:00,35967.0,36008.73472029186
6082,2015-01-15 00:00:00,33576.0,33552.290618689425
6083,2015-01-13 01:00:00,29648.0,29606.895628064605
6084,2015-01-13 02:00:00,28893.0,28843.110802623047
6085,2015-01-13 03:00:00,28681.0,28674.829448462195
6086,2015-01-13 04:00:00,28920.0,28926.85734016274
6087,2015-01-13 05:00:00,30015.0,29992.033800313216
6088,2015-01-13 06:00:00,32621.0,32596.974965109883
6089,2015-01-13 07:00:00,36748.0,36733.6785045398
6090,2015-01-13 08:00:00,38936.0,38912.30851029534
6091,2015-01-13 09:00:00,38653.0,38688.84384045522
6092,2015-01-13 10:00:00,38078.0,38092.28423911128
6093,2015-01-13 11:00:00,37520.0,37552.89468328822
6094,2015-01-13 12:00:00,36999.0,37035.04782496055
6095,2015-01-13 13:00:00,36576.0,36569.50099460062
6096,2015-01-13 14:00:00,36353.0,36350.757744862996
6097,2015-01-13 15:00:00,36455.0,36502.781959869266
6098,2015-01-13 16:00:00,37058.0,37089.68399123639
6099,2015-01-13 17:00:00,38604.0,38633.78943208261
6100,2015-01-13 18:00:00,41863.0,41871.37132072727
6101,2015-01-13 19:00:00,42613.0,42609.11502595466
6102,2015-01-13 20:00:00,42467.0,42506.46106966482
6103,2015-01-13 21:00:00,41767.0,41797.45569615872
6104,2015-01-13 22:00:00,40156.0,40157.67889073345
6105,2015-01-13 23:00:00,37700.0,37677.04908019741
6106,2015-01-14 00:00:00,35387.0,35351.72794039565
6107,2015-01-12 01:00:00,29773.0,29778.270570855464
6108,2015-01-12 02:00:00,28999.0,28978.603001981795
6109,2015-01-12 03:00:00,28818.0,28794.421578615304
6110,2015-01-12 04:00:00,28950.0,28910.57862343607
6111,2015-01-12 05:00:00,29846.0,29799.447271989167
6112,2015-01-12 06:00:00,31916.0,31944.335382256922
6113,2015-01-12 07:00:00,35079.0,35039.79850667202
6114,2015-01-12 08:00:00,37494.0,37532.86094666634
6115,2015-01-12 09:00:00,38337.0,38308.37828075943
6116,2015-01-12 10:00:00,38635.0,38660.96756923982
6117,2015-01-12 11:00:00,38646.0,38678.29994802103
6118,2015-01-12 12:00:00,38711.0,38740.25559220991
6119,2015-01-12 13:00:00,38445.0,38482.285582006676
6120,2015-01-12 14:00:00,38118.0,38101.97208570342
6121,2015-01-12 15:00:00,37716.0,37764.58884762824
6122,2015-01-12 16:00:00,37591.0,37568.95947006101
6123,2015-01-12 17:00:00,38485.0,38528.42980898979
6124,2015-01-12 18:00:00,40179.0,40172.74400948561
6125,2015-01-12 19:00:00,39940.0,39895.69319932071
6126,2015-01-12 20:00:00,39015.0,39043.4916469305
6127,2015-01-12 21:00:00,37877.0,37905.74108329532
6128,2015-01-12 22:00:00,35940.0,35909.72978944727
6129,2015-01-12 23:00:00,33450.0,33482.35124481327
6130,2015-01-13 00:00:00,31192.0,31157.757940295214
6131,2015-01-11 01:00:00,36250.0,36215.14316589676
6132,2015-01-11 02:00:00,35447.0,35477.8919287934
6133,2015-01-11 03:00:00,34962.0,34941.021912430755
6134,2015-01-11 04:00:00,34665.0,34622.68778351616
6135,2015-01-11 05:00:00,34880.0,34925.634398592374
6136,2015-01-11 06:00:00,35484.0,35489.70401559292
6137,2015-01-11 07:00:00,36486.0,36480.80774894323
6138,2015-01-11 08:00:00,37268.0,37268.41100438611
6139,2015-01-11 09:00:00,37603.0,37620.045027718515
6140,2015-01-11 10:00:00,37002.0,37038.166598524156
6141,2015-01-11 11:00:00,36027.0,36044.25788883076
6142,2015-01-11 12:00:00,35193.0,35216.95263929695
6143,2015-01-11 13:00:00,34406.0,34374.015308005866
6144,2015-01-11 14:00:00,33657.0,33645.40930697875
6145,2015-01-11 15:00:00,33123.0,33131.4809793011
6146,2015-01-11 16:00:00,33474.0,33485.94064936731
6147,2015-01-11 17:00:00,35174.0,35151.06931117317
6148,2015-01-11 18:00:00,38256.0,38303.498225189986
6149,2015-01-11 19:00:00,38558.0,38519.81859721612
6150,2015-01-11 20:00:00,38017.0,37978.22783481565
6151,2015-01-11 21:00:00,37125.0,37097.91501988345
6152,2015-01-11 22:00:00,35467.0,35492.391326525896
6153,2015-01-11 23:00:00,33288.0,33241.65512884571
6154,2015-01-12 00:00:00,31223.0,31271.78657786036
6155,2015-01-10 01:00:00,34273.0,34321.77294465265
6156,2015-01-10 02:00:00,33730.0,33695.968419662735
6157,2015-01-10 03:00:00,33622.0,33612.120327427816
6158,2015-01-10 04:00:00,33749.0,33719.39173394725
6159,2015-01-10 05:00:00,34339.0,34329.80152123571
6160,2015-01-10 06:00:00,35432.0,35435.28628142512
6161,2015-01-10 07:00:00,37094.0,37126.27319511953
6162,2015-01-10 08:00:00,38607.0,38560.58072978075
6163,2015-01-10 09:00:00,39525.0,39573.689767117634
6164,2015-01-10 10:00:00,39669.0,39713.05629598651
6165,2015-01-10 11:00:00,39231.0,39238.04172989391
6166,2015-01-10 12:00:00,38494.0,38492.08963788116
6167,2015-01-10 13:00:00,37575.0,37580.06447534678
6168,2015-01-10 14:00:00,36693.0,36644.844092642255
6169,2015-01-10 15:00:00,36214.0,36237.76826919922
6170,2015-01-10 16:00:00,36505.0,36504.64359843278
6171,2015-01-10 17:00:00,38119.0,38097.603991946766
6172,2015-01-10 18:00:00,41174.0,41170.15435588272
6173,2015-01-10 19:00:00,41945.0,41924.25678022347
6174,2015-01-10 20:00:00,41767.0,41786.9950772478
6175,2015-01-10 21:00:00,41571.0,41582.44342037646
6176,2015-01-10 22:00:00,40713.0,40701.80925990901
6177,2015-01-10 23:00:00,39240.0,39221.42419419913
6178,2015-01-11 00:00:00,37633.0,37670.80366443753
6179,2015-01-09 01:00:00,36338.0,36356.22386436483
6180,2015-01-09 02:00:00,35433.0,35454.57818171696
6181,2015-01-09 03:00:00,34956.0,34967.860559192886
6182,2015-01-09 04:00:00,34803.0,34760.52305502346
6183,2015-01-09 05:00:00,35290.0,35245.92624866992
6184,2015-01-09 06:00:00,36991.0,36983.917151840695
6185,2015-01-09 07:00:00,40132.0,40175.04999570558
6186,2015-01-09 08:00:00,41951.0,41953.470807889855
6187,2015-01-09 09:00:00,41662.0,41699.58845130934
6188,2015-01-09 10:00:00,41247.0,41206.654984203604
6189,2015-01-09 11:00:00,40302.0,40324.42610749347
6190,2015-01-09 12:00:00,38986.0,38960.53378549608
6191,2015-01-09 13:00:00,37954.0,37956.449615980244
6192,2015-01-09 14:00:00,37366.0,37345.292107035406
6193,2015-01-09 15:00:00,36955.0,36976.23333600021
6194,2015-01-09 16:00:00,37116.0,37106.08890527705
6195,2015-01-09 17:00:00,38456.0,38452.21684924996
6196,2015-01-09 18:00:00,41189.0,41163.534537318155
6197,2015-01-09 19:00:00,41600.0,41578.14580153064
6198,2015-01-09 20:00:00,40974.0,40941.94756907094
6199,2015-01-09 21:00:00,40273.0,40278.37985473682
6200,2015-01-09 22:00:00,39177.0,39141.49969560315
6201,2015-01-09 23:00:00,37426.0,37402.82026116724
6202,2015-01-10 00:00:00,35605.0,35608.04613546481
6203,2015-01-08 01:00:00,38982.0,38959.483129907756
6204,2015-01-08 02:00:00,38424.0,38432.84996597343
6205,2015-01-08 03:00:00,38156.0,38107.41640044582
6206,2015-01-08 04:00:00,38273.0,38320.32227876999
6207,2015-01-08 05:00:00,39104.0,39126.998885638044
6208,2015-01-08 06:00:00,41186.0,41186.38191285471
6209,2015-01-08 07:00:00,44525.0,44567.08379198843
6210,2015-01-08 08:00:00,46219.0,46255.9766080945
6211,2015-01-08 09:00:00,45599.0,45585.65543199484
6212,2015-01-08 10:00:00,44588.0,44549.61291783495
6213,2015-01-08 11:00:00,43596.0,43571.22323920768
6214,2015-01-08 12:00:00,42633.0,42603.868926946416
6215,2015-01-08 13:00:00,41727.0,41752.00574355422
6216,2015-01-08 14:00:00,41129.0,41133.8109892513
6217,2015-01-08 15:00:00,40940.0,40975.00981831583
6218,2015-01-08 16:00:00,41557.0,41555.97007504642
6219,2015-01-08 17:00:00,43183.0,43209.97650549113
6220,2015-01-08 18:00:00,46264.0,46246.34228375938
6221,2015-01-08 19:00:00,46672.0,46682.21508030174
6222,2015-01-08 20:00:00,46285.0,46298.94001829263
6223,2015-01-08 21:00:00,45360.0,45385.928709100175
6224,2015-01-08 22:00:00,43449.0,43478.94884004191
6225,2015-01-08 23:00:00,40574.0,40551.65030423049
6226,2015-01-09 00:00:00,38015.0,38003.50580015156
6227,2015-01-07 01:00:00,34269.0,34239.71350908547
6228,2015-01-07 02:00:00,33493.0,33517.78343705157
6229,2015-01-07 03:00:00,33182.0,33159.07282636532
6230,2015-01-07 04:00:00,33304.0,33293.10192017823
6231,2015-01-07 05:00:00,34073.0,34103.30264755663
6232,2015-01-07 06:00:00,36273.0,36256.98026404036
6233,2015-01-07 07:00:00,39654.0,39633.150030916775
6234,2015-01-07 08:00:00,41482.0,41497.11814330426
6235,2015-01-07 09:00:00,41485.0,41532.537358577756
6236,2015-01-07 10:00:00,40986.0,40942.262396911494
6237,2015-01-07 11:00:00,40690.0,40723.47884045804
6238,2015-01-07 12:00:00,40569.0,40531.16048342599
6239,2015-01-07 13:00:00,40541.0,40525.48981172583
6240,2015-01-07 14:00:00,40592.0,40583.67179326329
6241,2015-01-07 15:00:00,40670.0,40691.8739360106
6242,2015-01-07 16:00:00,41255.0,41297.65659308504
6243,2015-01-07 17:00:00,43034.0,42994.201096028235
6244,2015-01-07 18:00:00,46278.0,46302.48084521182
6245,2015-01-07 19:00:00,46757.0,46739.229239544125
6246,2015-01-07 20:00:00,46674.0,46714.191099569194
6247,2015-01-07 21:00:00,46164.0,46141.821682029426
6248,2015-01-07 22:00:00,44757.0,44776.386194964594
6249,2015-01-07 23:00:00,42398.0,42364.475580036225
6250,2015-01-08 00:00:00,40264.0,40309.794707866655
6251,2015-01-06 01:00:00,32281.0,32231.432433859438
6252,2015-01-06 02:00:00,31685.0,31658.285197731257
6253,2015-01-06 03:00:00,31366.0,31383.59441160318
6254,2015-01-06 04:00:00,31451.0,31486.35242298892
6255,2015-01-06 05:00:00,32338.0,32387.355730929394
6256,2015-01-06 06:00:00,34779.0,34746.32606369395
6257,2015-01-06 07:00:00,38492.0,38472.71438396898
6258,2015-01-06 08:00:00,40617.0,40656.18520210414
6259,2015-01-06 09:00:00,40690.0,40643.2499915847
6260,2015-01-06 10:00:00,40873.0,40896.332182230566
6261,2015-01-06 11:00:00,40970.0,40962.3051923022
6262,2015-01-06 12:00:00,40846.0,40864.88180198785
6263,2015-01-06 13:00:00,40438.0,40440.490012184
6264,2015-01-06 14:00:00,40023.0,40035.71118868404
6265,2015-01-06 15:00:00,39535.0,39551.66637102395
6266,2015-01-06 16:00:00,39249.0,39262.12459447968
6267,2015-01-06 17:00:00,40213.0,40229.456297794706
6268,2015-01-06 18:00:00,43273.0,43279.834793263566
6269,2015-01-06 19:00:00,43642.0,43663.38953583614
6270,2015-01-06 20:00:00,43252.0,43279.60234732162
6271,2015-01-06 21:00:00,42315.0,42343.79354187945
6272,2015-01-06 22:00:00,40568.0,40603.35130987929
6273,2015-01-06 23:00:00,38036.0,38017.64024205028
6274,2015-01-07 00:00:00,35785.0,35809.577343084435
6275,2015-01-05 01:00:00,25134.0,25178.666129127032
6276,2015-01-05 02:00:00,24625.0,24611.746807893516
6277,2015-01-05 03:00:00,24556.0,24583.764111573164
6278,2015-01-05 04:00:00,24906.0,24885.14627778921
6279,2015-01-05 05:00:00,26029.0,25996.55692654413
6280,2015-01-05 06:00:00,28637.0,28631.642689213455
6281,2015-01-05 07:00:00,32742.0,32772.65321591133
6282,2015-01-05 08:00:00,34917.0,34897.7122519656
6283,2015-01-05 09:00:00,34857.0,34836.49393682175
6284,2015-01-05 10:00:00,34654.0,34631.7675035173
6285,2015-01-05 11:00:00,34475.0,34446.81209847225
6286,2015-01-05 12:00:00,34270.0,34281.111099282054
6287,2015-01-05 13:00:00,34116.0,34090.33368852041
6288,2015-01-05 14:00:00,34054.0,34097.49028220694
6289,2015-01-05 15:00:00,34093.0,34077.59310467375
6290,2015-01-05 16:00:00,34726.0,34730.23987569754
6291,2015-01-05 17:00:00,36698.0,36688.91704621408
6292,2015-01-05 18:00:00,40243.0,40289.27157340909
6293,2015-01-05 19:00:00,40990.0,40982.40115034112
6294,2015-01-05 20:00:00,40740.0,40746.369444822805
6295,2015-01-05 21:00:00,40049.0,40075.34232599891
6296,2015-01-05 22:00:00,38473.0,38440.12965372176
6297,2015-01-05 23:00:00,35962.0,35915.264180255865
6298,2015-01-06 00:00:00,33680.0,33675.491991528674
6299,2015-01-04 01:00:00,26997.0,27002.06410679634
6300,2015-01-04 02:00:00,25783.0,25761.70610387019
6301,2015-01-04 03:00:00,25048.0,25044.250466583577
6302,2015-01-04 04:00:00,24669.0,24680.516045583485
6303,2015-01-04 05:00:00,24674.0,24721.3272957306
6304,2015-01-04 06:00:00,25069.0,25079.177715580114
6305,2015-01-04 07:00:00,25869.0,25863.885729635414
6306,2015-01-04 08:00:00,26761.0,26713.252849396253
6307,2015-01-04 09:00:00,27699.0,27680.058323192905
6308,2015-01-04 10:00:00,28723.0,28708.84859636646
6309,2015-01-04 11:00:00,29424.0,29421.69445696498
6310,2015-01-04 12:00:00,29739.0,29767.217106277014
6311,2015-01-04 13:00:00,29749.0,29776.588737617873
6312,2015-01-04 14:00:00,29629.0,29663.528598343157
6313,2015-01-04 15:00:00,29387.0,29365.99925588665
6314,2015-01-04 16:00:00,29445.0,29429.645934151777
6315,2015-01-04 17:00:00,30773.0,30738.023889057407
6316,2015-01-04 18:00:00,32695.0,32730.741577618348
6317,2015-01-04 19:00:00,32726.0,32741.22351650993
6318,2015-01-04 20:00:00,32084.0,32041.754990582114
6319,2015-01-04 21:00:00,31376.0,31356.365699781887
6320,2015-01-04 22:00:00,29833.0,29798.272505131543
6321,2015-01-04 23:00:00,27995.0,28041.92281564203
6322,2015-01-05 00:00:00,26281.0,26263.460280856452
6323,2015-01-03 01:00:00,29333.0,29332.646731856905
6324,2015-01-03 02:00:00,28480.0,28461.790201563086
6325,2015-01-03 03:00:00,28020.0,28017.429653228723
6326,2015-01-03 04:00:00,27850.0,27899.8622145767
6327,2015-01-03 05:00:00,27985.0,27963.738877610696
6328,2015-01-03 06:00:00,28617.0,28595.262205342813
6329,2015-01-03 07:00:00,29673.0,29660.137957121613
6330,2015-01-03 08:00:00,30622.0,30588.931677337136
6331,2015-01-03 09:00:00,31636.0,31659.899174071285
6332,2015-01-03 10:00:00,32858.0,32845.93403012414
6333,2015-01-03 11:00:00,33651.0,33659.0858777294
6334,2015-01-03 12:00:00,34039.0,34055.1303088248
6335,2015-01-03 13:00:00,34101.0,34054.544363246205
6336,2015-01-03 14:00:00,34024.0,34038.40027921322
6337,2015-01-03 15:00:00,33764.0,33767.276935914655
6338,2015-01-03 16:00:00,33841.0,33799.285041038296
6339,2015-01-03 17:00:00,35011.0,34973.448652077386
6340,2015-01-03 18:00:00,36227.0,36221.07984244365
6341,2015-01-03 19:00:00,35781.0,35765.630771464406
6342,2015-01-03 20:00:00,34893.0,34886.74958049851
6343,2015-01-03 21:00:00,33847.0,33860.55150846281
6344,2015-01-03 22:00:00,32490.0,32455.44248112833
6345,2015-01-03 23:00:00,30764.0,30780.244461471248
6346,2015-01-04 00:00:00,28868.0,28899.812638542255
6347,2015-01-02 01:00:00,28214.0,28164.292823209154
6348,2015-01-02 02:00:00,27411.0,27397.846360036947
6349,2015-01-02 03:00:00,27117.0,27094.51675904219
6350,2015-01-02 04:00:00,27230.0,27223.199977749664
6351,2015-01-02 05:00:00,27852.0,27863.527871649512
6352,2015-01-02 06:00:00,29451.0,29419.75693013205
6353,2015-01-02 07:00:00,31754.0,31717.40956184843
6354,2015-01-02 08:00:00,33365.0,33387.88384105162
6355,2015-01-02 09:00:00,33976.0,33994.57531406139
6356,2015-01-02 10:00:00,34144.0,34140.08444939798
6357,2015-01-02 11:00:00,33913.0,33913.13227277198
6358,2015-01-02 12:00:00,33440.0,33416.98612420074
6359,2015-01-02 13:00:00,32831.0,32813.91791276202
6360,2015-01-02 14:00:00,32360.0,32342.008257676083
6361,2015-01-02 15:00:00,32022.0,32044.633510864936
6362,2015-01-02 16:00:00,32155.0,32160.564310179598
6363,2015-01-02 17:00:00,33624.0,33646.94886693534
6364,2015-01-02 18:00:00,36446.0,36455.07166590907
6365,2015-01-02 19:00:00,36440.0,36444.5636308817
6366,2015-01-02 20:00:00,35927.0,35909.05819534829
6367,2015-01-02 21:00:00,35283.0,35272.546580979644
6368,2015-01-02 22:00:00,34248.0,34286.73978760865
6369,2015-01-02 23:00:00,32582.0,32589.59300006786
6370,2015-01-03 00:00:00,30838.0,30840.445529738594
6371,2015-01-01 01:00:00,31647.0,31602.313147644654
6372,2015-01-01 02:00:00,30755.0,30772.08891697621
6373,2015-01-01 03:00:00,30189.0,30207.60174479395
6374,2015-01-01 04:00:00,29890.0,29909.065656982395
6375,2015-01-01 05:00:00,30075.0,30034.12221142657
6376,2015-01-01 06:00:00,30726.0,30706.045526001548
6377,2015-01-01 07:00:00,31628.0,31615.122604623695
6378,2015-01-01 08:00:00,31815.0,31847.649689592807
6379,2015-01-01 09:00:00,31745.0,31793.067273411583
6380,2015-01-01 10:00:00,31521.0,31512.474759347573
6381,2015-01-01 11:00:00,31399.0,31404.428070733247
6382,2015-01-01 12:00:00,31193.0,31143.733725867656
6383,2015-01-01 13:00:00,30748.0,30698.877928142112
6384,2015-01-01 14:00:00,30199.0,30156.45002290553
6385,2015-01-01 15:00:00,29930.0,29951.946644224383
6386,2015-01-01 16:00:00,30272.0,30239.813659782103
6387,2015-01-01 17:00:00,31852.0,31877.78490106529
6388,2015-01-01 18:00:00,34982.0,34975.187615149465
6389,2015-01-01 19:00:00,35185.0,35219.9969008707
6390,2015-01-01 20:00:00,34832.0,34869.031637360225
6391,2015-01-01 21:00:00,34302.0,34339.98329081564
6392,2015-01-01 22:00:00,33227.0,33231.350263807646
6393,2015-01-01 23:00:00,31460.0,31488.850743023228
6394,2015-01-02 00:00:00,29603.0,29619.191223369224
6395,2016-12-31 01:00:00,29627.0,29595.671319325807
6396,2016-12-31 02:00:00,28744.0,28732.151672551026
6397,2016-12-31 03:00:00,28274.0,28320.236235208806
6398,2016-12-31 04:00:00,28162.0,28189.25647014054
6399,2016-12-31 05:00:00,28434.0,28410.299387695366
6400,2016-12-31 06:00:00,29132.0,29110.097433751565
6401,2016-12-31 07:00:00,30252.0,30227.418112284577
6402,2016-12-31 08:00:00,31056.0,31038.881502549713
6403,2016-12-31 09:00:00,31787.0,31829.83073762634
6404,2016-12-31 10:00:00,32116.0,32109.35422905442
6405,2016-12-31 11:00:00,31807.0,31793.42524117326
6406,2016-12-31 12:00:00,31084.0,31057.918233539844
6407,2016-12-31 13:00:00,30461.0,30500.240806485406
6408,2016-12-31 14:00:00,30043.0,30088.737656040314
6409,2016-12-31 15:00:00,30180.0,30162.354145058336
6410,2016-12-31 16:00:00,31021.0,31032.66534232475
6411,2016-12-31 17:00:00,32688.0,32733.843334743822
6412,2016-12-31 18:00:00,34898.0,34897.94800010125
6413,2016-12-31 19:00:00,34478.0,34474.86623648677
6414,2016-12-31 20:00:00,33328.0,33330.76942496553
6415,2016-12-31 21:00:00,32197.0,32150.317003191034
6416,2016-12-31 22:00:00,30909.0,30889.011901065543
6417,2016-12-31 23:00:00,29519.0,29538.899221825715
6418,2017-01-01 00:00:00,28171.0,28217.672955609647
6419,2016-12-30 01:00:00,28422.0,28428.874472018677
6420,2016-12-30 02:00:00,27513.0,27482.047583510426
6421,2016-12-30 03:00:00,27148.0,27140.68132713166
6422,2016-12-30 04:00:00,27128.0,27127.001968522174
6423,2016-12-30 05:00:00,27763.0,27728.22247099493
6424,2016-12-30 06:00:00,29289.0,29271.928280106935
6425,2016-12-30 07:00:00,31456.0,31450.506454229777
6426,2016-12-30 08:00:00,32902.0,32878.190218374024
6427,2016-12-30 09:00:00,33138.0,33123.38863989425
6428,2016-12-30 10:00:00,32989.0,32966.62443604755
6429,2016-12-30 11:00:00,33085.0,33096.28215225089
6430,2016-12-30 12:00:00,33041.0,33048.86026203452
6431,2016-12-30 13:00:00,32991.0,32996.169526105354
6432,2016-12-30 14:00:00,32799.0,32758.673531920987
6433,2016-12-30 15:00:00,32526.0,32494.355764689324
6434,2016-12-30 16:00:00,32772.0,32733.08271689608
6435,2016-12-30 17:00:00,34374.0,34330.32809667697
6436,2016-12-30 18:00:00,37173.0,37147.68298802087
6437,2016-12-30 19:00:00,36964.0,36933.45214710958
6438,2016-12-30 20:00:00,36398.0,36420.499639900205
6439,2016-12-30 21:00:00,35702.0,35721.58868193993
6440,2016-12-30 22:00:00,34583.0,34553.13391788332
6441,2016-12-30 23:00:00,32935.0,32901.55637232841
6442,2016-12-31 00:00:00,31172.0,31136.489575351545
6443,2016-12-29 01:00:00,28971.0,28953.004997062235
6444,2016-12-29 02:00:00,28121.0,28100.418686837715
6445,2016-12-29 03:00:00,27621.0,27573.85376095546
6446,2016-12-29 04:00:00,27520.0,27526.787046806978
6447,2016-12-29 05:00:00,27913.0,27952.80314694777
6448,2016-12-29 06:00:00,29151.0,29154.885666424678
6449,2016-12-29 07:00:00,31202.0,31158.380813246797
6450,2016-12-29 08:00:00,32978.0,32987.9550954195
6451,2016-12-29 09:00:00,33748.0,33746.495603596435
6452,2016-12-29 10:00:00,34497.0,34537.69288447898
6453,2016-12-29 11:00:00,34769.0,34755.32194466134
6454,2016-12-29 12:00:00,34736.0,34761.198203043554
6455,2016-12-29 13:00:00,34339.0,34292.84402513616
6456,2016-12-29 14:00:00,33975.0,33997.14930854169
6457,2016-12-29 15:00:00,33215.0,33169.15265979828
6458,2016-12-29 16:00:00,32911.0,32895.471527770256
6459,2016-12-29 17:00:00,33984.0,34028.808582374564
6460,2016-12-29 18:00:00,36475.0,36495.32048031123
6461,2016-12-29 19:00:00,36507.0,36549.502310606105
6462,2016-12-29 20:00:00,35962.0,35961.58529695999
6463,2016-12-29 21:00:00,35216.0,35226.62166253149
6464,2016-12-29 22:00:00,33883.0,33884.77483055548
6465,2016-12-29 23:00:00,31972.0,31969.886458645116
6466,2016-12-30 00:00:00,30032.0,30039.823063041753
6467,2016-12-28 01:00:00,25455.0,25408.889935508465
6468,2016-12-28 02:00:00,24721.0,24689.568393785576
6469,2016-12-28 03:00:00,24459.0,24430.462155119116
6470,2016-12-28 04:00:00,24570.0,24558.284893160962
6471,2016-12-28 05:00:00,25325.0,25318.45551431526
6472,2016-12-28 06:00:00,27181.0,27204.971813796983
6473,2016-12-28 07:00:00,29552.0,29518.554007822473
6474,2016-12-28 08:00:00,31446.0,31452.98924908845
6475,2016-12-28 09:00:00,32088.0,32065.228914289466
6476,2016-12-28 10:00:00,32363.0,32364.565374441878
6477,2016-12-28 11:00:00,32541.0,32553.66153268815
6478,2016-12-28 12:00:00,32288.0,32296.245053355386
6479,2016-12-28 13:00:00,31795.0,31766.538079798345
6480,2016-12-28 14:00:00,31432.0,31452.945312953736
6481,2016-12-28 15:00:00,31298.0,31313.378785734218
6482,2016-12-28 16:00:00,31538.0,31581.200328330313
6483,2016-12-28 17:00:00,33114.0,33127.41519245304
6484,2016-12-28 18:00:00,35967.0,35989.03244080349
6485,2016-12-28 19:00:00,36239.0,36270.102765291726
6486,2016-12-28 20:00:00,35933.0,35893.600428274076
6487,2016-12-28 21:00:00,35402.0,35421.633427192086
6488,2016-12-28 22:00:00,34253.0,34234.858023057524
6489,2016-12-28 23:00:00,32446.0,32478.314877532943
6490,2016-12-29 00:00:00,30498.0,30496.018051036113
6491,2016-12-27 01:00:00,25484.0,25492.061585478405
6492,2016-12-27 02:00:00,24361.0,24337.0337574156
6493,2016-12-27 03:00:00,23780.0,23795.056511857954
6494,2016-12-27 04:00:00,23559.0,23512.564933007983
6495,2016-12-27 05:00:00,23947.0,23971.85742842726
6496,2016-12-27 06:00:00,25308.0,25274.32958420062
6497,2016-12-27 07:00:00,27367.0,27339.757455120867
6498,2016-12-27 08:00:00,28926.0,28876.091026285285
6499,2016-12-27 09:00:00,29676.0,29657.317463490694
6500,2016-12-27 10:00:00,30321.0,30309.824921806146
6501,2016-12-27 11:00:00,30625.0,30598.39996971093
6502,2016-12-27 12:00:00,30462.0,30435.02104121004
6503,2016-12-27 13:00:00,29733.0,29772.298098812167
6504,2016-12-27 14:00:00,29138.0,29120.64525040317
6505,2016-12-27 15:00:00,28795.0,28817.228210795583
6506,2016-12-27 16:00:00,28862.0,28835.738149320845
6507,2016-12-27 17:00:00,30114.0,30144.904122822656
6508,2016-12-27 18:00:00,32838.0,32855.77419912049
6509,2016-12-27 19:00:00,32973.0,32998.62039923154
6510,2016-12-27 20:00:00,32514.0,32507.95367685922
6511,2016-12-27 21:00:00,31805.0,31842.956456521984
6512,2016-12-27 22:00:00,30625.0,30612.401242387332
6513,2016-12-27 23:00:00,28834.0,28844.089505004893
6514,2016-12-28 00:00:00,26941.0,26955.007211424294
6515,2016-12-26 01:00:00,26916.0,26961.225138597252
6516,2016-12-26 02:00:00,26226.0,26189.45226891618
6517,2016-12-26 03:00:00,25870.0,25833.560514714663
6518,2016-12-26 04:00:00,25831.0,25827.20514166671
6519,2016-12-26 05:00:00,26168.0,26209.787561966565
6520,2016-12-26 06:00:00,27032.0,26984.168510797143
6521,2016-12-26 07:00:00,28114.0,28091.6275607299
6522,2016-12-26 08:00:00,28912.0,28890.35863240773
6523,2016-12-26 09:00:00,29888.0,29868.49526028019
6524,2016-12-26 10:00:00,31058.0,31010.47049691132
6525,2016-12-26 11:00:00,31765.0,31797.560633333047
6526,2016-12-26 12:00:00,32013.0,31963.89094526601
6527,2016-12-26 13:00:00,31939.0,31936.77039539929
6528,2016-12-26 14:00:00,31634.0,31589.635902303948
6529,2016-12-26 15:00:00,31410.0,31439.864402962903
6530,2016-12-26 16:00:00,31457.0,31481.658583698434
6531,2016-12-26 17:00:00,32780.0,32802.15308616647
6532,2016-12-26 18:00:00,34487.0,34510.62649441085
6533,2016-12-26 19:00:00,34234.0,34278.023955509954
6534,2016-12-26 20:00:00,33616.0,33607.68109128168
6535,2016-12-26 21:00:00,32789.0,32825.15748039251
6536,2016-12-26 22:00:00,31384.0,31352.423225306
6537,2016-12-26 23:00:00,29434.0,29429.126450308842
6538,2016-12-27 00:00:00,27244.0,27194.89090944129
6539,2016-12-25 01:00:00,26123.0,26101.414029331107
6540,2016-12-25 02:00:00,25098.0,25093.815947612184
6541,2016-12-25 03:00:00,24594.0,24634.92898384256
6542,2016-12-25 04:00:00,24499.0,24480.695156524835
6543,2016-12-25 05:00:00,24811.0,24828.240855271273
6544,2016-12-25 06:00:00,25535.0,25568.396680538186
6545,2016-12-25 07:00:00,26682.0,26664.652973130367
6546,2016-12-25 08:00:00,27814.0,27780.922820169508
6547,2016-12-25 09:00:00,28498.0,28507.119414412664
6548,2016-12-25 10:00:00,28122.0,28100.438384839712
6549,2016-12-25 11:00:00,27472.0,27487.24521091892
6550,2016-12-25 12:00:00,26889.0,26852.470104333526
6551,2016-12-25 13:00:00,26376.0,26341.159484367527
6552,2016-12-25 14:00:00,25896.0,25913.592306838844
6553,2016-12-25 15:00:00,25662.0,25709.355943997194
6554,2016-12-25 16:00:00,25829.0,25803.689631417965
6555,2016-12-25 17:00:00,27025.0,27046.391283432025
6556,2016-12-25 18:00:00,29243.0,29246.20406118033
6557,2016-12-25 19:00:00,29654.0,29688.384153286635
6558,2016-12-25 20:00:00,29852.0,29840.88859923773
6559,2016-12-25 21:00:00,30188.0,30235.171399602954
6560,2016-12-25 22:00:00,30123.0,30081.239686889687
6561,2016-12-25 23:00:00,29352.0,29400.464783694184
6562,2016-12-26 00:00:00,28080.0,28114.62373113803
6563,2016-12-24 01:00:00,27517.0,27553.64581277477
6564,2016-12-24 02:00:00,26292.0,26326.24034375787
6565,2016-12-24 03:00:00,25562.0,25598.186367881968
6566,2016-12-24 04:00:00,25259.0,25290.51525953184
6567,2016-12-24 05:00:00,25355.0,25394.95171362273
6568,2016-12-24 06:00:00,26007.0,26003.08007413823
6569,2016-12-24 07:00:00,27109.0,27152.92909470184
6570,2016-12-24 08:00:00,28587.0,28575.496285307323
6571,2016-12-24 09:00:00,30190.0,30212.851662433433
6572,2016-12-24 10:00:00,31651.0,31672.035257663832
6573,2016-12-24 11:00:00,32422.0,32454.08965023688
6574,2016-12-24 12:00:00,32512.0,32535.838263581547
6575,2016-12-24 13:00:00,32032.0,31985.53795069704
6576,2016-12-24 14:00:00,31279.0,31302.915283259914
6577,2016-12-24 15:00:00,30464.0,30416.329676641777
6578,2016-12-24 16:00:00,30042.0,30045.323031192707
6579,2016-12-24 17:00:00,30841.0,30874.8949306983
6580,2016-12-24 18:00:00,32422.0,32454.95751606419
6581,2016-12-24 19:00:00,31787.0,31821.131299125802
6582,2016-12-24 20:00:00,31040.0,31050.241062777757
6583,2016-12-24 21:00:00,30532.0,30500.381204569072
6584,2016-12-24 22:00:00,29947.0,29947.797811797478
6585,2016-12-24 23:00:00,28963.0,28964.621188992198
6586,2016-12-25 00:00:00,27565.0,27547.47677508862
6587,2016-12-23 01:00:00,28455.0,28447.40992759173
6588,2016-12-23 02:00:00,27486.0,27523.217666836514
6589,2016-12-23 03:00:00,27173.0,27174.79278357108
6590,2016-12-23 04:00:00,27330.0,27350.47438206724
6591,2016-12-23 05:00:00,28213.0,28212.581147838795
6592,2016-12-23 06:00:00,30075.0,30086.747129728086
6593,2016-12-23 07:00:00,32859.0,32818.25869976778
6594,2016-12-23 08:00:00,34501.0,34544.13882068447
6595,2016-12-23 09:00:00,34551.0,34544.59330663894
6596,2016-12-23 10:00:00,33718.0,33742.83026692872
6597,2016-12-23 11:00:00,32689.0,32705.710112635894
6598,2016-12-23 12:00:00,31635.0,31664.927218362005
6599,2016-12-23 13:00:00,30750.0,30703.48729066505
6600,2016-12-23 14:00:00,30391.0,30434.535186520694
6601,2016-12-23 15:00:00,30455.0,30487.974684470406
6602,2016-12-23 16:00:00,31106.0,31139.376156090206
6603,2016-12-23 17:00:00,33062.0,33058.71134422293
6604,2016-12-23 18:00:00,35619.0,35648.63239078909
6605,2016-12-23 19:00:00,35443.0,35450.51820353077
6606,2016-12-23 20:00:00,34847.0,34847.347803596385
6607,2016-12-23 21:00:00,34123.0,34151.49219742826
6608,2016-12-23 22:00:00,33088.0,33100.78000329318
6609,2016-12-23 23:00:00,31360.0,31317.716041698463
6610,2016-12-24 00:00:00,29329.0,29310.45096215182
6611,2016-12-22 01:00:00,30289.0,30301.20927047582
6612,2016-12-22 02:00:00,29232.0,29272.3800915446
6613,2016-12-22 03:00:00,28671.0,28714.30008359808
6614,2016-12-22 04:00:00,28490.0,28523.891162234904
6615,2016-12-22 05:00:00,29032.0,29007.431253956154
6616,2016-12-22 06:00:00,30804.0,30801.33818748472
6617,2016-12-22 07:00:00,33890.0,33883.33903946721
6618,2016-12-22 08:00:00,35719.0,35712.86852999145
6619,2016-12-22 09:00:00,35612.0,35566.97845828411
6620,2016-12-22 10:00:00,34726.0,34693.363803533946
6621,2016-12-22 11:00:00,33902.0,33867.32602351428
6622,2016-12-22 12:00:00,32973.0,32984.7268563237
6623,2016-12-22 13:00:00,31743.0,31734.179836358646
6624,2016-12-22 14:00:00,31335.0,31317.438800268712
6625,2016-12-22 15:00:00,31423.0,31417.390509039866
6626,2016-12-22 16:00:00,32075.0,32057.421404964716
6627,2016-12-22 17:00:00,34121.0,34146.746981964156
6628,2016-12-22 18:00:00,36837.0,36803.70419343618
6629,2016-12-22 19:00:00,36875.0,36830.61347341733
6630,2016-12-22 20:00:00,36412.0,36427.07054225948
6631,2016-12-22 21:00:00,35781.0,35754.05791517536
6632,2016-12-22 22:00:00,34577.0,34591.33542765294
6633,2016-12-22 23:00:00,32515.0,32470.854177345405
6634,2016-12-23 00:00:00,30249.0,30223.709712297838
6635,2016-12-21 01:00:00,32011.0,31976.388385669517
6636,2016-12-21 02:00:00,31272.0,31251.067331079266
6637,2016-12-21 03:00:00,31031.0,31013.88552531329
6638,2016-12-21 04:00:00,31136.0,31135.51968051956
6639,2016-12-21 05:00:00,32035.0,32037.013864529996
6640,2016-12-21 06:00:00,34223.0,34236.009803893125
6641,2016-12-21 07:00:00,37635.0,37618.165212169486
6642,2016-12-21 08:00:00,39177.0,39180.20212427855
6643,2016-12-21 09:00:00,38560.0,38609.01173272493
6644,2016-12-21 10:00:00,37556.0,37527.063927589996
6645,2016-12-21 11:00:00,36423.0,36388.27058077301
6646,2016-12-21 12:00:00,35644.0,35678.256410227805
6647,2016-12-21 13:00:00,34847.0,34838.03655989517
6648,2016-12-21 14:00:00,34291.0,34325.68836856686
6649,2016-12-21 15:00:00,34193.0,34185.46890106601
6650,2016-12-21 16:00:00,34632.0,34584.168486184644
6651,2016-12-21 17:00:00,36388.0,36375.48730378933
6652,2016-12-21 18:00:00,38801.0,38812.01306822336
6653,2016-12-21 19:00:00,38886.0,38880.75547621048
6654,2016-12-21 20:00:00,38572.0,38567.93429685583
6655,2016-12-21 21:00:00,38111.0,38160.83159420452
6656,2016-12-21 22:00:00,36694.0,36698.41271674824
6657,2016-12-21 23:00:00,34469.0,34488.6939755185
6658,2016-12-22 00:00:00,32004.0,32026.097292158523
6659,2016-12-20 01:00:00,32505.0,32455.017125536797
6660,2016-12-20 02:00:00,31837.0,31842.24609781947
6661,2016-12-20 03:00:00,31690.0,31736.305627556816
6662,2016-12-20 04:00:00,32111.0,32136.082282282783
6663,2016-12-20 05:00:00,33339.0,33323.042742045785
6664,2016-12-20 06:00:00,35768.0,35754.45712105139
6665,2016-12-20 07:00:00,39560.0,39540.361719778644
6666,2016-12-20 08:00:00,41300.0,41313.02082702182
6667,2016-12-20 09:00:00,40457.0,40416.73154896953
6668,2016-12-20 10:00:00,38770.0,38749.00004138029
6669,2016-12-20 11:00:00,37285.0,37284.82144757255
6670,2016-12-20 12:00:00,36123.0,36126.521707034706
6671,2016-12-20 13:00:00,35079.0,35089.74076696512
6672,2016-12-20 14:00:00,34605.0,34634.722498605166
6673,2016-12-20 15:00:00,34463.0,34429.32364268019
6674,2016-12-20 16:00:00,35053.0,35025.50152232714
6675,2016-12-20 17:00:00,37166.0,37203.23128031047
6676,2016-12-20 18:00:00,40457.0,40490.11589256586
6677,2016-12-20 19:00:00,40912.0,40944.15707246003
6678,2016-12-20 20:00:00,40756.0,40726.86157789814
6679,2016-12-20 21:00:00,40187.0,40142.82566723332
6680,2016-12-20 22:00:00,38730.0,38732.34148587855
6681,2016-12-20 23:00:00,36255.0,36292.004279479544
6682,2016-12-21 00:00:00,33738.0,33711.75168831772
6683,2016-12-19 01:00:00,28991.0,29031.420030118807
6684,2016-12-19 02:00:00,28299.0,28263.153250175605
6685,2016-12-19 03:00:00,28200.0,28179.809619992964
6686,2016-12-19 04:00:00,28549.0,28528.82882370962
6687,2016-12-19 05:00:00,29594.0,29559.110016987186
6688,2016-12-19 06:00:00,32207.0,32244.277817283586
6689,2016-12-19 07:00:00,35955.0,35946.258994278025
6690,2016-12-19 08:00:00,38171.0,38140.06574514001
6691,2016-12-19 09:00:00,38245.0,38209.72442489378
6692,2016-12-19 10:00:00,37462.0,37454.091410281806
6693,2016-12-19 11:00:00,36332.0,36283.72883907132
6694,2016-12-19 12:00:00,35469.0,35431.1056094096
6695,2016-12-19 13:00:00,34789.0,34739.369808551535
6696,2016-12-19 14:00:00,34668.0,34620.43854662365
6697,2016-12-19 15:00:00,35143.0,35192.7373726848
6698,2016-12-19 16:00:00,35948.0,35942.88892160223
6699,2016-12-19 17:00:00,38146.0,38168.89247785184
6700,2016-12-19 18:00:00,41146.0,41169.70807486826
6701,2016-12-19 19:00:00,41386.0,41424.04074759576
6702,2016-12-19 20:00:00,41086.0,41046.37457840286
6703,2016-12-19 21:00:00,40509.0,40511.567250186214
6704,2016-12-19 22:00:00,39005.0,38987.17193607678
6705,2016-12-19 23:00:00,36598.0,36602.84823356833
6706,2016-12-20 00:00:00,34204.0,34187.21195265555
6707,2016-12-18 01:00:00,28521.0,28489.36579477175
6708,2016-12-18 02:00:00,27215.0,27232.282722699136
6709,2016-12-18 03:00:00,26357.0,26310.842894086585
6710,2016-12-18 04:00:00,25846.0,25885.538552685386
6711,2016-12-18 05:00:00,25660.0,25624.62654527485
6712,2016-12-18 06:00:00,25845.0,25856.51442279314
6713,2016-12-18 07:00:00,26496.0,26521.420476109455
6714,2016-12-18 08:00:00,27288.0,27245.29274754729
6715,2016-12-18 09:00:00,28317.0,28357.329456796946
6716,2016-12-18 10:00:00,29174.0,29159.617718598605
6717,2016-12-18 11:00:00,29617.0,29666.672642574096
6718,2016-12-18 12:00:00,29756.0,29712.878192044678
6719,2016-12-18 13:00:00,29804.0,29825.67733945262
6720,2016-12-18 14:00:00,29669.0,29635.0714443671
6721,2016-12-18 15:00:00,30135.0,30125.269261073357
6722,2016-12-18 16:00:00,30851.0,30845.321246865242
6723,2016-12-18 17:00:00,32878.0,32868.61548457188
6724,2016-12-18 18:00:00,34982.0,34965.75730732277
6725,2016-12-18 19:00:00,35329.0,35355.72095207411
6726,2016-12-18 20:00:00,35318.0,35349.98895291175
6727,2016-12-18 21:00:00,35074.0,35057.56141834383
6728,2016-12-18 22:00:00,34068.0,34066.26449115437
6729,2016-12-18 23:00:00,32263.0,32255.175799763027
6730,2016-12-19 00:00:00,30320.0,30329.351686527654
6731,2016-12-17 01:00:00,33086.0,33051.0266025256
6732,2016-12-17 02:00:00,31858.0,31888.56849411137
6733,2016-12-17 03:00:00,31133.0,31162.701271813054
6734,2016-12-17 04:00:00,30887.0,30896.04131585781
6735,2016-12-17 05:00:00,31137.0,31161.614422793613
6736,2016-12-17 06:00:00,31885.0,31933.85051679024
6737,2016-12-17 07:00:00,33093.0,33135.25080080231
6738,2016-12-17 08:00:00,34392.0,34403.14489488658
6739,2016-12-17 09:00:00,35854.0,35855.14014237606
6740,2016-12-17 10:00:00,37121.0,37124.452706140226
6741,2016-12-17 11:00:00,37760.0,37756.66145034284
6742,2016-12-17 12:00:00,37743.0,37741.022597758456
6743,2016-12-17 13:00:00,37096.0,37119.20370107345
6744,2016-12-17 14:00:00,36039.0,36088.21216308349
6745,2016-12-17 15:00:00,35175.0,35129.53142972497
6746,2016-12-17 16:00:00,34861.0,34834.01881219535
6747,2016-12-17 17:00:00,35912.0,35883.02076368531
6748,2016-12-17 18:00:00,37555.0,37588.28561800876
6749,2016-12-17 19:00:00,37092.0,37083.972385065936
6750,2016-12-17 20:00:00,36404.0,36406.51322671216
6751,2016-12-17 21:00:00,35567.0,35563.91523352924
6752,2016-12-17 22:00:00,34377.0,34412.36812868816
6753,2016-12-17 23:00:00,32597.0,32596.971980108752
6754,2016-12-18 00:00:00,30444.0,30460.784599164905
6755,2016-12-16 01:00:00,36738.0,36689.948351872015
6756,2016-12-16 02:00:00,35878.0,35893.24544445671
6757,2016-12-16 03:00:00,35525.0,35499.09517149509
6758,2016-12-16 04:00:00,35702.0,35738.68686059134
6759,2016-12-16 05:00:00,36599.0,36624.155418855466
6760,2016-12-16 06:00:00,38749.0,38709.92868997121
6761,2016-12-16 07:00:00,42107.0,42067.34716035887
6762,2016-12-16 08:00:00,43542.0,43521.29982873666
6763,2016-12-16 09:00:00,43210.0,43172.576359512634
6764,2016-12-16 10:00:00,42596.0,42620.03279022224
6765,2016-12-16 11:00:00,41717.0,41765.68164971242
6766,2016-12-16 12:00:00,40524.0,40539.52567326502
6767,2016-12-16 13:00:00,39309.0,39283.904669546624
6768,2016-12-16 14:00:00,38749.0,38755.42723917206
6769,2016-12-16 15:00:00,38790.0,38820.564912860915
6770,2016-12-16 16:00:00,39299.0,39345.22074444882
6771,2016-12-16 17:00:00,41277.0,41227.50717376497
6772,2016-12-16 18:00:00,43276.0,43278.369029135196
6773,2016-12-16 19:00:00,42812.0,42807.32142789442
6774,2016-12-16 20:00:00,41890.0,41881.44927263252
6775,2016-12-16 21:00:00,40964.0,40964.38377063242
6776,2016-12-16 22:00:00,39511.0,39501.35060218177
6777,2016-12-16 23:00:00,37460.0,37444.40155024278
6778,2016-12-17 00:00:00,35054.0,35015.48077613247
6779,2016-12-15 01:00:00,29639.0,29638.98456027794
6780,2016-12-15 02:00:00,28811.0,28843.10514152416
6781,2016-12-15 03:00:00,28584.0,28544.47323314946
6782,2016-12-15 04:00:00,28954.0,28977.84913599537
6783,2016-12-15 05:00:00,30217.0,30193.77661185043
6784,2016-12-15 06:00:00,33003.0,32991.12433159752
6785,2016-12-15 07:00:00,37165.0,37213.80847028325
6786,2016-12-15 08:00:00,39268.0,39285.52114228162
6787,2016-12-15 09:00:00,39314.0,39335.91123197083
6788,2016-12-15 10:00:00,39107.0,39117.239093617456
6789,2016-12-15 11:00:00,39083.0,39065.236349704275
6790,2016-12-15 12:00:00,39028.0,39045.511588330635
6791,2016-12-15 13:00:00,39051.0,39046.72683222446
6792,2016-12-15 14:00:00,39097.0,39130.20828028754
6793,2016-12-15 15:00:00,39386.0,39393.105715995545
6794,2016-12-15 16:00:00,40222.0,40249.123600109706
6795,2016-12-15 17:00:00,42629.0,42663.850810809934
6796,2016-12-15 18:00:00,45733.0,45765.11196403641
6797,2016-12-15 19:00:00,45885.0,45875.21072657181
6798,2016-12-15 20:00:00,45525.0,45511.875657582714
6799,2016-12-15 21:00:00,44932.0,44968.90675545242
6800,2016-12-15 22:00:00,43388.0,43352.31001586403
6801,2016-12-15 23:00:00,40857.0,40834.940378040184
6802,2016-12-16 00:00:00,38442.0,38404.100953767345
6803,2016-12-14 01:00:00,27887.0,27841.20913281736
6804,2016-12-14 02:00:00,27001.0,27012.5861057235
6805,2016-12-14 03:00:00,26691.0,26731.078054460715
6806,2016-12-14 04:00:00,26886.0,26848.941600651968
6807,2016-12-14 05:00:00,27866.0,27895.57090255735
6808,2016-12-14 06:00:00,30270.0,30257.93399100805
6809,2016-12-14 07:00:00,33997.0,34008.81389151434
6810,2016-12-14 08:00:00,35673.0,35699.3741727352
6811,2016-12-14 09:00:00,35067.0,35088.00796140679
6812,2016-12-14 10:00:00,34003.0,33966.67039520009
6813,2016-12-14 11:00:00,33287.0,33248.53858071342
6814,2016-12-14 12:00:00,32624.0,32666.41933713001
6815,2016-12-14 13:00:00,32142.0,32099.947115003415
6816,2016-12-14 14:00:00,32173.0,32144.839969231292
6817,2016-12-14 15:00:00,32534.0,32527.83474359423
6818,2016-12-14 16:00:00,33474.0,33506.10111007884
6819,2016-12-14 17:00:00,35774.0,35784.26259569319
6820,2016-12-14 18:00:00,38408.0,38415.11833761536
6821,2016-12-14 19:00:00,38582.0,38601.195484097574
6822,2016-12-14 20:00:00,38393.0,38423.21585389859
6823,2016-12-14 21:00:00,37807.0,37780.25224837068
6824,2016-12-14 22:00:00,36361.0,36312.89013829758
6825,2016-12-14 23:00:00,33917.0,33879.71971752
6826,2016-12-15 00:00:00,31376.0,31342.516396350587
6827,2016-12-13 01:00:00,28071.0,28025.002303821442
6828,2016-12-13 02:00:00,27301.0,27325.751803655046
6829,2016-12-13 03:00:00,27085.0,27123.492468224067
6830,2016-12-13 04:00:00,27189.0,27210.064985855388
6831,2016-12-13 05:00:00,28074.0,28042.8623223445
6832,2016-12-13 06:00:00,30404.0,30414.64448042608
6833,2016-12-13 07:00:00,34095.0,34097.06036784946
6834,2016-12-13 08:00:00,35683.0,35714.996343722465
6835,2016-12-13 09:00:00,35384.0,35428.22987400913
6836,2016-12-13 10:00:00,34726.0,34750.29348496118
6837,2016-12-13 11:00:00,34185.0,34186.25386178965
6838,2016-12-13 12:00:00,33544.0,33545.10482583854
6839,2016-12-13 13:00:00,32815.0,32845.77868670799
6840,2016-12-13 14:00:00,32567.0,32529.251435240385
6841,2016-12-13 15:00:00,32845.0,32810.33137626351
6842,2016-12-13 16:00:00,33552.0,33536.35127442683
6843,2016-12-13 17:00:00,35527.0,35551.71389965184
6844,2016-12-13 18:00:00,37804.0,37760.597667616814
6845,2016-12-13 19:00:00,37796.0,37780.43236558189
6846,2016-12-13 20:00:00,37371.0,37352.854045624634
6847,2016-12-13 21:00:00,36525.0,36523.573760951505
6848,2016-12-13 22:00:00,34873.0,34869.37165095908
6849,2016-12-13 23:00:00,32293.0,32314.440518772917
6850,2016-12-14 00:00:00,29792.0,29804.556107497137
6851,2016-12-12 01:00:00,28342.0,28382.276998428675
6852,2016-12-12 02:00:00,27440.0,27408.065643419148
6853,2016-12-12 03:00:00,27091.0,27084.208094515634
6854,2016-12-12 04:00:00,27090.0,27080.0095608904
6855,2016-12-12 05:00:00,27743.0,27704.251849360226
6856,2016-12-12 06:00:00,29768.0,29734.48276349647
6857,2016-12-12 07:00:00,32932.0,32915.66306077306
6858,2016-12-12 08:00:00,34846.0,34869.480232603935
6859,2016-12-12 09:00:00,35025.0,34990.01612311119
6860,2016-12-12 10:00:00,34972.0,34948.531840725016
6861,2016-12-12 11:00:00,34886.0,34903.64203281365
6862,2016-12-12 12:00:00,34585.0,34594.66540338222
6863,2016-12-12 13:00:00,34157.0,34117.43938625952
6864,2016-12-12 14:00:00,33652.0,33696.370504351886
6865,2016-12-12 15:00:00,32903.0,32867.80289258169
6866,2016-12-12 16:00:00,32731.0,32687.140719852305
6867,2016-12-12 17:00:00,34242.0,34222.42534234221
6868,2016-12-12 18:00:00,37074.0,37026.64675471686
6869,2016-12-12 19:00:00,37139.0,37092.07237897766
6870,2016-12-12 20:00:00,36812.0,36819.87321955212
6871,2016-12-12 21:00:00,36107.0,36146.29507668609
6872,2016-12-12 22:00:00,34495.0,34485.254439487784
6873,2016-12-12 23:00:00,32099.0,32079.21424859297
6874,2016-12-13 00:00:00,29725.0,29766.462725460027
6875,2016-12-11 01:00:00,30735.0,30691.14613010773
6876,2016-12-11 02:00:00,29821.0,29818.33125809791
6877,2016-12-11 03:00:00,29306.0,29281.26023411537
6878,2016-12-11 04:00:00,29031.0,29019.171114870358
6879,2016-12-11 05:00:00,29109.0,29100.079392164753
6880,2016-12-11 06:00:00,29602.0,29606.5137620901
6881,2016-12-11 07:00:00,30627.0,30622.325095615506
6882,2016-12-11 08:00:00,31566.0,31614.804942940948
6883,2016-12-11 09:00:00,32576.0,32528.551119024887
6884,2016-12-11 10:00:00,33391.0,33416.76588681623
6885,2016-12-11 11:00:00,33545.0,33500.099530821615
6886,2016-12-11 12:00:00,33327.0,33320.10702961601
6887,2016-12-11 13:00:00,33212.0,33182.184684742446
6888,2016-12-11 14:00:00,33012.0,33056.53023005416
6889,2016-12-11 15:00:00,33018.0,33040.24903927904
6890,2016-12-11 16:00:00,33404.0,33400.284716232825
6891,2016-12-11 17:00:00,35399.0,35444.2242117373
6892,2016-12-11 18:00:00,37535.0,37557.12946202659
6893,2016-12-11 19:00:00,37563.0,37608.19403789428
6894,2016-12-11 20:00:00,37158.0,37178.45748724261
6895,2016-12-11 21:00:00,36459.0,36416.7710810166
6896,2016-12-11 22:00:00,34760.0,34771.63053699275
6897,2016-12-11 23:00:00,32368.0,32416.0349705349
6898,2016-12-12 00:00:00,30042.0,30013.41821004441
6899,2016-12-10 01:00:00,30612.0,30641.27396840643
6900,2016-12-10 02:00:00,29615.0,29583.46320642129
6901,2016-12-10 03:00:00,29158.0,29153.22371845391
6902,2016-12-10 04:00:00,28998.0,28956.466372103372
6903,2016-12-10 05:00:00,29380.0,29364.0586143044
6904,2016-12-10 06:00:00,30312.0,30339.62264819776
6905,2016-12-10 07:00:00,31692.0,31646.52680479513
6906,2016-12-10 08:00:00,32846.0,32828.01966355128
6907,2016-12-10 09:00:00,33447.0,33459.9752315211
6908,2016-12-10 10:00:00,33425.0,33469.85574215021
6909,2016-12-10 11:00:00,32889.0,32863.535177001
6910,2016-12-10 12:00:00,32382.0,32349.315000963845
6911,2016-12-10 13:00:00,31938.0,31908.367063056383
6912,2016-12-10 14:00:00,31700.0,31673.68087368403
6913,2016-12-10 15:00:00,31588.0,31601.83215552407
6914,2016-12-10 16:00:00,32143.0,32192.86678517824
6915,2016-12-10 17:00:00,34138.0,34140.359128111486
6916,2016-12-10 18:00:00,36728.0,36705.143078098576
6917,2016-12-10 19:00:00,36818.0,36842.69597708192
6918,2016-12-10 20:00:00,36513.0,36478.82516406107
6919,2016-12-10 21:00:00,36152.0,36105.00141730458
6920,2016-12-10 22:00:00,35358.0,35368.52649689644
6921,2016-12-10 23:00:00,33913.0,33884.02955542598
6922,2016-12-11 00:00:00,32208.0,32197.92372518073
6923,2016-12-09 01:00:00,29694.0,29667.11366399747
6924,2016-12-09 02:00:00,28974.0,29015.806173288627
6925,2016-12-09 03:00:00,28740.0,28723.798864163833
6926,2016-12-09 04:00:00,28894.0,28888.907348831286
6927,2016-12-09 05:00:00,29832.0,29805.484297553838
6928,2016-12-09 06:00:00,32091.0,32049.485101161066
6929,2016-12-09 07:00:00,35620.0,35621.255661856645
6930,2016-12-09 08:00:00,37119.0,37155.87232692164
6931,2016-12-09 09:00:00,36458.0,36443.16816483179
6932,2016-12-09 10:00:00,35524.0,35552.096860425794
6933,2016-12-09 11:00:00,34822.0,34775.26123233044
6934,2016-12-09 12:00:00,34321.0,34294.550864580866
6935,2016-12-09 13:00:00,34028.0,33991.14953270583
6936,2016-12-09 14:00:00,34052.0,34042.288239781876
6937,2016-12-09 15:00:00,34141.0,34180.433292871276
6938,2016-12-09 16:00:00,34603.0,34590.351193049006
6939,2016-12-09 17:00:00,36515.0,36525.33236290021
6940,2016-12-09 18:00:00,38969.0,39008.814211925644
6941,2016-12-09 19:00:00,38735.0,38720.978655112616
6942,2016-12-09 20:00:00,38072.0,38058.57556255764
6943,2016-12-09 21:00:00,37434.0,37392.798304077645
6944,2016-12-09 22:00:00,36210.0,36194.90496514796
6945,2016-12-09 23:00:00,34309.0,34333.615988127785
6946,2016-12-10 00:00:00,32225.0,32259.46293786571
6947,2016-12-08 01:00:00,27653.0,27675.27505153695
6948,2016-12-08 02:00:00,26913.0,26863.692535471586
6949,2016-12-08 03:00:00,26629.0,26590.697680000547
6950,2016-12-08 04:00:00,26750.0,26773.098199797143
6951,2016-12-08 05:00:00,27555.0,27599.239665861845
6952,2016-12-08 06:00:00,29700.0,29719.53611302868
6953,2016-12-08 07:00:00,33093.0,33065.610331317104
6954,2016-12-08 08:00:00,34701.0,34661.75583605951
6955,2016-12-08 09:00:00,34526.0,34563.70162835564
6956,2016-12-08 10:00:00,34336.0,34295.903051195695
6957,2016-12-08 11:00:00,34043.0,34008.1036963744
6958,2016-12-08 12:00:00,33592.0,33601.66927215285
6959,2016-12-08 13:00:00,33175.0,33143.99970780309
6960,2016-12-08 14:00:00,33011.0,32983.75933559749
6961,2016-12-08 15:00:00,32866.0,32830.22585688731
6962,2016-12-08 16:00:00,33080.0,33124.432619954576
6963,2016-12-08 17:00:00,34892.0,34854.49251812281
6964,2016-12-08 18:00:00,37563.0,37606.133206247134
6965,2016-12-08 19:00:00,37742.0,37724.61969777889
6966,2016-12-08 20:00:00,37535.0,37567.15594900551
6967,2016-12-08 21:00:00,37082.0,37126.99975694873
6968,2016-12-08 22:00:00,35800.0,35801.925775109936
6969,2016-12-08 23:00:00,33514.0,33541.017212468076
6970,2016-12-09 00:00:00,31251.0,31227.601046708496
6971,2016-12-07 01:00:00,26586.0,26574.296419264927
6972,2016-12-07 02:00:00,25661.0,25666.29867255663
6973,2016-12-07 03:00:00,25265.0,25300.046117667604
6974,2016-12-07 04:00:00,25228.0,25240.073803968135
6975,2016-12-07 05:00:00,25954.0,25906.209882401337
6976,2016-12-07 06:00:00,28072.0,28052.478456559085
6977,2016-12-07 07:00:00,31536.0,31572.4971834508
6978,2016-12-07 08:00:00,33273.0,33247.02368219294
6979,2016-12-07 09:00:00,33374.0,33360.79281702492
6980,2016-12-07 10:00:00,33075.0,33063.961472315335
6981,2016-12-07 11:00:00,32534.0,32499.44527343546
6982,2016-12-07 12:00:00,32006.0,31990.98120493527
6983,2016-12-07 13:00:00,31637.0,31668.742071897846
6984,2016-12-07 14:00:00,31440.0,31474.909386843192
6985,2016-12-07 15:00:00,31159.0,31167.089754410834
6986,2016-12-07 16:00:00,31393.0,31410.873960496916
6987,2016-12-07 17:00:00,33149.0,33152.45727034668
6988,2016-12-07 18:00:00,35726.0,35680.42725644705
6989,2016-12-07 19:00:00,35930.0,35949.668486671515
6990,2016-12-07 20:00:00,35654.0,35703.65508756036
6991,2016-12-07 21:00:00,35071.0,35043.782332582414
6992,2016-12-07 22:00:00,33635.0,33683.21511989336
6993,2016-12-07 23:00:00,31395.0,31444.77736006192
6994,2016-12-08 00:00:00,29161.0,29125.151460548743
6995,2016-12-06 01:00:00,26578.0,26620.61351802916
6996,2016-12-06 02:00:00,25796.0,25813.55326345573
6997,2016-12-06 03:00:00,25586.0,25582.637182445487
6998,2016-12-06 04:00:00,25682.0,25666.46607174864
6999,2016-12-06 05:00:00,26549.0,26561.980159362305
7000,2016-12-06 06:00:00,28875.0,28909.278667715538
7001,2016-12-06 07:00:00,32417.0,32370.41023597851
7002,2016-12-06 08:00:00,34095.0,34098.546227129795
7003,2016-12-06 09:00:00,33888.0,33903.02639843264
7004,2016-12-06 10:00:00,33695.0,33647.560329166234
7005,2016-12-06 11:00:00,33534.0,33572.90775995994
7006,2016-12-06 12:00:00,33315.0,33360.1789919468
7007,2016-12-06 13:00:00,33292.0,33303.24913137724
7008,2016-12-06 14:00:00,33406.0,33367.700107446275
7009,2016-12-06 15:00:00,33488.0,33531.24117103252
7010,2016-12-06 16:00:00,34086.0,34116.5007097383
7011,2016-12-06 17:00:00,35928.0,35880.85482290539
7012,2016-12-06 18:00:00,37359.0,37366.91576279115
7013,2016-12-06 19:00:00,37074.0,37035.453731637965
7014,2016-12-06 20:00:00,36418.0,36382.10663962054
7015,2016-12-06 21:00:00,35343.0,35312.250994493545
7016,2016-12-06 22:00:00,33480.0,33469.61884949872
7017,2016-12-06 23:00:00,30811.0,30848.638286085283
7018,2016-12-07 00:00:00,28367.0,28320.107541267338
7019,2016-12-05 01:00:00,25384.0,25402.921096991922
7020,2016-12-05 02:00:00,24722.0,24768.455078905074
7021,2016-12-05 03:00:00,24546.0,24560.123344379765
7022,2016-12-05 04:00:00,24748.0,24779.560505940688
7023,2016-12-05 05:00:00,25606.0,25646.17723157626
7024,2016-12-05 06:00:00,27822.0,27843.479780481004
7025,2016-12-05 07:00:00,31204.0,31219.984279828852
7026,2016-12-05 08:00:00,33003.0,32954.796674390316
7027,2016-12-05 09:00:00,33085.0,33086.88890890335
7028,2016-12-05 10:00:00,32831.0,32827.92257867024
7029,2016-12-05 11:00:00,32267.0,32269.27056270552
7030,2016-12-05 12:00:00,31359.0,31352.248039024074
7031,2016-12-05 13:00:00,30582.0,30622.655751469007
7032,2016-12-05 14:00:00,30286.0,30324.903008955356
7033,2016-12-05 15:00:00,30226.0,30188.569855536378
7034,2016-12-05 16:00:00,30652.0,30655.289280050623
7035,2016-12-05 17:00:00,32564.0,32609.955898379834
7036,2016-12-05 18:00:00,35214.0,35223.866415566255
7037,2016-12-05 19:00:00,35345.0,35375.16684201089
7038,2016-12-05 20:00:00,34987.0,34974.33600220855
7039,2016-12-05 21:00:00,34282.0,34269.724899553265
7040,2016-12-05 22:00:00,32827.0,32809.56872833536
7041,2016-12-05 23:00:00,30418.0,30370.184546462875
7042,2016-12-06 00:00:00,28130.0,28172.485161245553
7043,2016-12-04 01:00:00,25492.0,25476.964169908126
7044,2016-12-04 02:00:00,24477.0,24463.708795637023
7045,2016-12-04 03:00:00,24003.0,24028.95474083952
7046,2016-12-04 04:00:00,23817.0,23819.689312266186
7047,2016-12-04 05:00:00,24029.0,24015.204215503814
7048,2016-12-04 06:00:00,24673.0,24711.361742994715
7049,2016-12-04 07:00:00,25737.0,25769.53792134939
7050,2016-12-04 08:00:00,26512.0,26559.680157156625
7051,2016-12-04 09:00:00,27388.0,27402.10216359645
7052,2016-12-04 10:00:00,27773.0,27792.00966110247
7053,2016-12-04 11:00:00,27546.0,27528.449952340172
7054,2016-12-04 12:00:00,27344.0,27303.95799884531
7055,2016-12-04 13:00:00,27253.0,27213.59167347058
7056,2016-12-04 14:00:00,27268.0,27282.59404619066
7057,2016-12-04 15:00:00,27432.0,27393.327163696365
7058,2016-12-04 16:00:00,28129.0,28169.662656575536
7059,2016-12-04 17:00:00,30442.0,30462.386865412536
7060,2016-12-04 18:00:00,32861.0,32833.62067399707
7061,2016-12-04 19:00:00,33069.0,33046.921166102344
7062,2016-12-04 20:00:00,32783.0,32803.99737174182
7063,2016-12-04 21:00:00,32196.0,32228.411993505597
7064,2016-12-04 22:00:00,30757.0,30790.942998728147
7065,2016-12-04 23:00:00,28730.0,28740.102717215126
7066,2016-12-05 00:00:00,26779.0,26744.523198628664
7067,2016-12-03 01:00:00,25958.0,25989.83595013523
7068,2016-12-03 02:00:00,24976.0,25005.16435286354
7069,2016-12-03 03:00:00,24474.0,24507.535758596685
7070,2016-12-03 04:00:00,24263.0,24228.766378049833
7071,2016-12-03 05:00:00,24493.0,24511.435774616915
7072,2016-12-03 06:00:00,25341.0,25387.024393344833
7073,2016-12-03 07:00:00,26633.0,26608.606158614937
7074,2016-12-03 08:00:00,27703.0,27724.672802671575
7075,2016-12-03 09:00:00,28501.0,28476.89174314607
7076,2016-12-03 10:00:00,28827.0,28807.709640874815
7077,2016-12-03 11:00:00,28701.0,28699.526807607635
7078,2016-12-03 12:00:00,28396.0,28435.495404358993
7079,2016-12-03 13:00:00,28032.0,27985.866181181562
7080,2016-12-03 14:00:00,27654.0,27702.964131081546
7081,2016-12-03 15:00:00,27623.0,27650.207714960958
7082,2016-12-03 16:00:00,28285.0,28270.977889750728
7083,2016-12-03 17:00:00,30138.0,30123.41602036157
7084,2016-12-03 18:00:00,32131.0,32129.298123612323
7085,2016-12-03 19:00:00,32073.0,32110.547854609886
7086,2016-12-03 20:00:00,31646.0,31597.79173408386
7087,2016-12-03 21:00:00,31030.0,31034.824965069187
7088,2016-12-03 22:00:00,30119.0,30074.608644513188
7089,2016-12-03 23:00:00,28718.0,28679.560074734258
7090,2016-12-04 00:00:00,26997.0,27016.066586440556
7091,2016-12-02 01:00:00,25478.0,25451.430888515188
7092,2016-12-02 02:00:00,24705.0,24659.15948052461
7093,2016-12-02 03:00:00,24427.0,24393.423728007416
7094,2016-12-02 04:00:00,24503.0,24473.86380835789
7095,2016-12-02 05:00:00,25307.0,25333.97819957103
7096,2016-12-02 06:00:00,27379.0,27391.492413146352
7097,2016-12-02 07:00:00,30840.0,30863.51240126797
7098,2016-12-02 08:00:00,32155.0,32141.98222796007
7099,2016-12-02 09:00:00,31788.0,31749.31327743735
7100,2016-12-02 10:00:00,31054.0,31084.529010344457
7101,2016-12-02 11:00:00,30529.0,30493.040683865518
7102,2016-12-02 12:00:00,30024.0,30012.268176688085
7103,2016-12-02 13:00:00,29650.0,29626.22782416629
7104,2016-12-02 14:00:00,29672.0,29651.65348536761
7105,2016-12-02 15:00:00,29882.0,29892.185666173707
7106,2016-12-02 16:00:00,30402.0,30368.43521523561
7107,2016-12-02 17:00:00,32127.0,32121.58738902716
7108,2016-12-02 18:00:00,34206.0,34219.868839082446
7109,2016-12-02 19:00:00,33945.0,33981.89131970225
7110,2016-12-02 20:00:00,33328.0,33315.12275197085
7111,2016-12-02 21:00:00,32568.0,32549.86917814668
7112,2016-12-02 22:00:00,31370.0,31356.78472249941
7113,2016-12-02 23:00:00,29568.0,29568.079707049055
7114,2016-12-03 00:00:00,27514.0,27495.309459375556
7115,2016-12-01 01:00:00,23373.0,23348.04520650371
7116,2016-12-01 02:00:00,22468.0,22455.530309213187
7117,2016-12-01 03:00:00,21987.0,22014.782926480024
7118,2016-12-01 04:00:00,21880.0,21855.2814786997
7119,2016-12-01 05:00:00,22484.0,22518.46296330241
7120,2016-12-01 06:00:00,24500.0,24478.51065414208
7121,2016-12-01 07:00:00,28004.0,28014.307689688798
7122,2016-12-01 08:00:00,29468.0,29515.097628226544
7123,2016-12-01 09:00:00,29460.0,29505.179285973074
7124,2016-12-01 10:00:00,29185.0,29178.463299857238
7125,2016-12-01 11:00:00,29121.0,29077.751576929917
7126,2016-12-01 12:00:00,29025.0,29065.262871438154
7127,2016-12-01 13:00:00,29184.0,29146.691598159152
7128,2016-12-01 14:00:00,29611.0,29653.35492330654
7129,2016-12-01 15:00:00,29756.0,29779.263060624216
7130,2016-12-01 16:00:00,30180.0,30223.423912053684
7131,2016-12-01 17:00:00,31849.0,31865.53918118144
7132,2016-12-01 18:00:00,33851.0,33900.511267646856
7133,2016-12-01 19:00:00,33862.0,33858.70016809474
7134,2016-12-01 20:00:00,33468.0,33450.96215077388
7135,2016-12-01 21:00:00,32799.0,32788.33119570325
7136,2016-12-01 22:00:00,31419.0,31404.028893211478
7137,2016-12-01 23:00:00,29157.0,29147.07972851593
7138,2016-12-02 00:00:00,26988.0,27026.520210587416
7139,2016-11-30 01:00:00,23445.0,23454.206113515873
7140,2016-11-30 02:00:00,22518.0,22540.569792062157
7141,2016-11-30 03:00:00,22055.0,22033.787325986654
7142,2016-11-30 04:00:00,21961.0,22009.987068316386
7143,2016-11-30 05:00:00,22552.0,22530.073474217545
7144,2016-11-30 06:00:00,24466.0,24431.902514557532
7145,2016-11-30 07:00:00,27798.0,27825.8194585299
7146,2016-11-30 08:00:00,29698.0,29731.907533494214
7147,2016-11-30 09:00:00,29945.0,29934.379526651912
7148,2016-11-30 10:00:00,30300.0,30304.107178221297
7149,2016-11-30 11:00:00,30664.0,30655.412798360507
7150,2016-11-30 12:00:00,30815.0,30794.392195598066
7151,2016-11-30 13:00:00,30743.0,30774.337703185123
7152,2016-11-30 14:00:00,30714.0,30739.703735618583
7153,2016-11-30 15:00:00,30576.0,30574.532862973283
7154,2016-11-30 16:00:00,30791.0,30786.55509223997
7155,2016-11-30 17:00:00,32080.0,32048.0163694776
7156,2016-11-30 18:00:00,33357.0,33370.7273360041
7157,2016-11-30 19:00:00,33028.0,33070.36777419813
7158,2016-11-30 20:00:00,32317.0,32338.884389231676
7159,2016-11-30 21:00:00,31380.0,31380.627049427632
7160,2016-11-30 22:00:00,29677.0,29630.865850905673
7161,2016-11-30 23:00:00,27385.0,27428.02828443194
7162,2016-12-01 00:00:00,25161.0,25141.8044338027
7163,2016-11-29 01:00:00,24757.0,24736.995252098946
7164,2016-11-29 02:00:00,23766.0,23762.95960537007
7165,2016-11-29 03:00:00,23313.0,23305.91659231176
7166,2016-11-29 04:00:00,23228.0,23274.234949704074
7167,2016-11-29 05:00:00,23880.0,23846.500745482335
7168,2016-11-29 06:00:00,25825.0,25843.91221547757
7169,2016-11-29 07:00:00,29004.0,28964.676319874725
7170,2016-11-29 08:00:00,30802.0,30779.689757849523
7171,2016-11-29 09:00:00,31091.0,31113.213717840266
7172,2016-11-29 10:00:00,31253.0,31283.40434338589
7173,2016-11-29 11:00:00,31532.0,31528.89245122945
7174,2016-11-29 12:00:00,31565.0,31593.934510844436
7175,2016-11-29 13:00:00,31513.0,31556.512705095756
7176,2016-11-29 14:00:00,31370.0,31413.578743476482
7177,2016-11-29 15:00:00,31093.0,31077.247445543282
7178,2016-11-29 16:00:00,31188.0,31169.2139841437
7179,2016-11-29 17:00:00,32267.0,32289.644465219208
7180,2016-11-29 18:00:00,33666.0,33681.40945027685
7181,2016-11-29 19:00:00,33366.0,33355.22651082709
7182,2016-11-29 20:00:00,32625.0,32597.867330414534
7183,2016-11-29 21:00:00,31560.0,31571.84318876446
7184,2016-11-29 22:00:00,29791.0,29784.023899240172
7185,2016-11-29 23:00:00,27393.0,27356.211344161384
7186,2016-11-30 00:00:00,25034.0,25047.924875170684
7187,2016-11-28 01:00:00,25772.0,25791.76744117921
7188,2016-11-28 02:00:00,25216.0,25202.42320100745
7189,2016-11-28 03:00:00,25189.0,25222.195440711006
7190,2016-11-28 04:00:00,25565.0,25522.36730832613
7191,2016-11-28 05:00:00,26652.0,26651.59097799895
7192,2016-11-28 06:00:00,28984.0,29029.63344726171
7193,2016-11-28 07:00:00,32238.0,32207.0463136712
7194,2016-11-28 08:00:00,33545.0,33512.23242419272
7195,2016-11-28 09:00:00,33054.0,33041.86966857838
7196,2016-11-28 10:00:00,32069.0,32045.808404257885
7197,2016-11-28 11:00:00,31237.0,31209.153339367174
7198,2016-11-28 12:00:00,30600.0,30644.984306153223
7199,2016-11-28 13:00:00,30081.0,30065.484777324902
7200,2016-11-28 14:00:00,29809.0,29764.983807470137
7201,2016-11-28 15:00:00,29690.0,29729.97817151366
7202,2016-11-28 16:00:00,30230.0,30224.824604764886
7203,2016-11-28 17:00:00,32136.0,32159.59417622528
7204,2016-11-28 18:00:00,34429.0,34415.73472472533
7205,2016-11-28 19:00:00,34461.0,34504.516903699914
7206,2016-11-28 20:00:00,33912.0,33890.780025543914
7207,2016-11-28 21:00:00,32953.0,32969.27666432212
7208,2016-11-28 22:00:00,31138.0,31170.43449247205
7209,2016-11-28 23:00:00,28727.0,28700.793278450823
7210,2016-11-29 00:00:00,26376.0,26406.151084133722
7211,2016-11-27 01:00:00,25146.0,25175.227601103627
7212,2016-11-27 02:00:00,24361.0,24407.422360184537
7213,2016-11-27 03:00:00,23974.0,24016.281191537673
7214,2016-11-27 04:00:00,23853.0,23841.86087250628
7215,2016-11-27 05:00:00,24079.0,24088.05437543623
7216,2016-11-27 06:00:00,24720.0,24762.529432157917
7217,2016-11-27 07:00:00,25781.0,25731.437567286295
7218,2016-11-27 08:00:00,26464.0,26476.735014207705
7219,2016-11-27 09:00:00,26935.0,26906.536351013543
7220,2016-11-27 10:00:00,26855.0,26878.876601026306
7221,2016-11-27 11:00:00,26714.0,26743.64696911098
7222,2016-11-27 12:00:00,26564.0,26585.29592370405
7223,2016-11-27 13:00:00,26587.0,26636.607800199356
7224,2016-11-27 14:00:00,26523.0,26520.925762599283
7225,2016-11-27 15:00:00,26645.0,26651.13454773238
7226,2016-11-27 16:00:00,27139.0,27129.89924226451
7227,2016-11-27 17:00:00,29056.0,29103.398315415736
7228,2016-11-27 18:00:00,31688.0,31730.275635101487
7229,2016-11-27 19:00:00,31977.0,32025.66367801503
7230,2016-11-27 20:00:00,31858.0,31906.489120270584
7231,2016-11-27 21:00:00,31369.0,31408.54567846978
7232,2016-11-27 22:00:00,30186.0,30229.087752811192
7233,2016-11-27 23:00:00,28527.0,28488.988117283076
7234,2016-11-28 00:00:00,26907.0,26874.35280351634
7235,2016-11-26 01:00:00,23403.0,23441.518758032405
7236,2016-11-26 02:00:00,22537.0,22559.6800462093
7237,2016-11-26 03:00:00,22128.0,22165.49887117726
7238,2016-11-26 04:00:00,22032.0,22059.003351567375
7239,2016-11-26 05:00:00,22348.0,22311.958355296316
7240,2016-11-26 06:00:00,23117.0,23158.656570284005
7241,2016-11-26 07:00:00,24374.0,24401.122852493416
7242,2016-11-26 08:00:00,25408.0,25415.080619758002
7243,2016-11-26 09:00:00,26450.0,26453.23615684465
7244,2016-11-26 10:00:00,27154.0,27161.37986757689
7245,2016-11-26 11:00:00,27459.0,27448.041694316453
7246,2016-11-26 12:00:00,27650.0,27680.321933949355
7247,2016-11-26 13:00:00,27472.0,27512.901750078952
7248,2016-11-26 14:00:00,27126.0,27101.291502119682
7249,2016-11-26 15:00:00,27053.0,27006.804720662527
7250,2016-11-26 16:00:00,27437.0,27407.29274040241
7251,2016-11-26 17:00:00,28879.0,28904.73386420417
7252,2016-11-26 18:00:00,30778.0,30814.840105310188
7253,2016-11-26 19:00:00,30724.0,30708.856551266552
7254,2016-11-26 20:00:00,30426.0,30391.238701563176
7255,2016-11-26 21:00:00,29976.0,30011.85340534203
7256,2016-11-26 22:00:00,29159.0,29130.464285754893
7257,2016-11-26 23:00:00,27841.0,27815.187418608715
7258,2016-11-27 00:00:00,26372.0,26331.26125880247
7259,2016-11-25 01:00:00,23105.0,23146.032422040193
7260,2016-11-25 02:00:00,22463.0,22445.67233407722
7261,2016-11-25 03:00:00,22138.0,22105.184135271003
7262,2016-11-25 04:00:00,22098.0,22143.364492137138
7263,2016-11-25 05:00:00,22584.0,22567.552042037496
7264,2016-11-25 06:00:00,23821.0,23845.748584839534
7265,2016-11-25 07:00:00,25339.0,25312.03955887392
7266,2016-11-25 08:00:00,26261.0,26283.6825775557
7267,2016-11-25 09:00:00,27141.0,27114.216221987
7268,2016-11-25 10:00:00,27762.0,27775.773998315693
7269,2016-11-25 11:00:00,27950.0,27944.086303037613
7270,2016-11-25 12:00:00,27910.0,27939.871778944187
7271,2016-11-25 13:00:00,27845.0,27868.027183102655
7272,2016-11-25 14:00:00,27688.0,27731.54856241717
7273,2016-11-25 15:00:00,27500.0,27487.66223083959
7274,2016-11-25 16:00:00,27721.0,27746.433512666834
7275,2016-11-25 17:00:00,29014.0,29060.88435317656
7276,2016-11-25 18:00:00,30420.0,30403.630902757443
7277,2016-11-25 19:00:00,30005.0,29984.00042438142
7278,2016-11-25 20:00:00,29410.0,29436.905078670476
7279,2016-11-25 21:00:00,28669.0,28663.55214022818
7280,2016-11-25 22:00:00,27712.0,27701.865176442654
7281,2016-11-25 23:00:00,26310.0,26314.5612514054
7282,2016-11-26 00:00:00,24763.0,24806.553073901352
7283,2016-11-24 01:00:00,25231.0,25189.38501812088
7284,2016-11-24 02:00:00,24308.0,24304.568586387933
7285,2016-11-24 03:00:00,23817.0,23778.014102503224
7286,2016-11-24 04:00:00,23706.0,23744.35860597079
7287,2016-11-24 05:00:00,23953.0,23916.67012412811
7288,2016-11-24 06:00:00,24670.0,24628.970338703886
7289,2016-11-24 07:00:00,25671.0,25717.37543965955
7290,2016-11-24 08:00:00,26580.0,26586.334284154244
7291,2016-11-24 09:00:00,27857.0,27889.58929309855
7292,2016-11-24 10:00:00,28927.0,28924.02567828473
7293,2016-11-24 11:00:00,29570.0,29563.564185055504
7294,2016-11-24 12:00:00,29740.0,29781.16097596693
7295,2016-11-24 13:00:00,29100.0,29148.987256974928
7296,2016-11-24 14:00:00,28168.0,28179.85318809601
7297,2016-11-24 15:00:00,27424.0,27465.818834070196
7298,2016-11-24 16:00:00,26796.0,26832.271860935056
7299,2016-11-24 17:00:00,26885.0,26889.40098884623
7300,2016-11-24 18:00:00,27405.0,27449.11036945144
7301,2016-11-24 19:00:00,27001.0,26972.005616221286
7302,2016-11-24 20:00:00,26693.0,26731.484506609824
7303,2016-11-24 21:00:00,26609.0,26589.935641096537
7304,2016-11-24 22:00:00,26170.0,26123.05155534487
7305,2016-11-24 23:00:00,25287.0,25315.70875556362
7306,2016-11-25 00:00:00,24169.0,24212.001751725256
7307,2016-11-23 01:00:00,27800.0,27771.678248670352
7308,2016-11-23 02:00:00,27114.0,27117.40855873876
7309,2016-11-23 03:00:00,26916.0,26940.93466962564
7310,2016-11-23 04:00:00,27086.0,27069.162358801364
7311,2016-11-23 05:00:00,27901.0,27865.69183533078
7312,2016-11-23 06:00:00,30098.0,30087.22460967173
7313,2016-11-23 07:00:00,33253.0,33248.65700680262
7314,2016-11-23 08:00:00,34617.0,34641.22209291012
7315,2016-11-23 09:00:00,34177.0,34146.86838627165
7316,2016-11-23 10:00:00,33120.0,33151.51121939843
7317,2016-11-23 11:00:00,32321.0,32321.21791097332
7318,2016-11-23 12:00:00,31514.0,31554.389051621005
7319,2016-11-23 13:00:00,30737.0,30743.578593221366
7320,2016-11-23 14:00:00,30363.0,30357.685458168056
7321,2016-11-23 15:00:00,30232.0,30210.679364616823
7322,2016-11-23 16:00:00,30501.0,30461.624240314613
7323,2016-11-23 17:00:00,32022.0,32009.170330538407
7324,2016-11-23 18:00:00,34068.0,34059.36232545493
7325,2016-11-23 19:00:00,33716.0,33722.82869381744
7326,2016-11-23 20:00:00,33009.0,33044.9851161903
7327,2016-11-23 21:00:00,32092.0,32088.381499561066
7328,2016-11-23 22:00:00,30730.0,30711.428452471315
7329,2016-11-23 23:00:00,28802.0,28839.32586121032
7330,2016-11-24 00:00:00,26809.0,26832.391803807797
7331,2016-11-22 01:00:00,27893.0,27873.70296605802
7332,2016-11-22 02:00:00,27116.0,27082.69456986182
7333,2016-11-22 03:00:00,26742.0,26721.102740525974
7334,2016-11-22 04:00:00,26765.0,26727.36376162487
7335,2016-11-22 05:00:00,27528.0,27568.34163375469
7336,2016-11-22 06:00:00,29662.0,29673.172687114835
7337,2016-11-22 07:00:00,32993.0,33029.351254591274
7338,2016-11-22 08:00:00,34295.0,34327.03608720116
7339,2016-11-22 09:00:00,33953.0,33918.32355813019
7340,2016-11-22 10:00:00,33200.0,33194.30012651859
7341,2016-11-22 11:00:00,32570.0,32617.20633938454
7342,2016-11-22 12:00:00,32017.0,31990.379430228062
7343,2016-11-22 13:00:00,31489.0,31444.023889980544
7344,2016-11-22 14:00:00,31377.0,31361.601014767894
7345,2016-11-22 15:00:00,31184.0,31185.094580674435
7346,2016-11-22 16:00:00,31617.0,31572.5877447246
7347,2016-11-22 17:00:00,33131.0,33123.66737739785
7348,2016-11-22 18:00:00,35596.0,35571.34126663319
7349,2016-11-22 19:00:00,35692.0,35663.2117955951
7350,2016-11-22 20:00:00,35304.0,35280.390713297056
7351,2016-11-22 21:00:00,34604.0,34564.53987468643
7352,2016-11-22 22:00:00,33172.0,33129.664785513916
7353,2016-11-22 23:00:00,31175.0,31184.584548105435
7354,2016-11-23 00:00:00,29216.0,29260.78307205418
7355,2016-11-21 01:00:00,26687.0,26717.474006847875
7356,2016-11-21 02:00:00,26020.0,26053.389865280467
7357,2016-11-21 03:00:00,25828.0,25851.508160135178
7358,2016-11-21 04:00:00,26023.0,26068.598280491766
7359,2016-11-21 05:00:00,26991.0,27036.05504797206
7360,2016-11-21 06:00:00,29387.0,29414.830311164143
7361,2016-11-21 07:00:00,32824.0,32845.59462585798
7362,2016-11-21 08:00:00,34285.0,34265.52795165361
7363,2016-11-21 09:00:00,34203.0,34162.11663925524
7364,2016-11-21 10:00:00,33937.0,33896.28679740088
7365,2016-11-21 11:00:00,33625.0,33648.62610760106
7366,2016-11-21 12:00:00,33301.0,33253.83738607817
7367,2016-11-21 13:00:00,32788.0,32819.64092489685
7368,2016-11-21 14:00:00,32573.0,32559.64764492147
7369,2016-11-21 15:00:00,32383.0,32352.20805390173
7370,2016-11-21 16:00:00,32712.0,32702.758850468723
7371,2016-11-21 17:00:00,34384.0,34404.32722274597
7372,2016-11-21 18:00:00,37058.0,37035.5110613927
7373,2016-11-21 19:00:00,37090.0,37057.36183752871
7374,2016-11-21 20:00:00,36591.0,36614.78842771016
7375,2016-11-21 21:00:00,35684.0,35722.06813047434
7376,2016-11-21 22:00:00,33935.0,33943.55448003964
7377,2016-11-21 23:00:00,31617.0,31619.38555812423
7378,2016-11-22 00:00:00,29435.0,29460.48754506777
7379,2016-11-20 01:00:00,24186.0,24209.264653061433
7380,2016-11-20 02:00:00,23579.0,23529.627840254645
7381,2016-11-20 03:00:00,23243.0,23221.184449865636
7382,2016-11-20 04:00:00,23233.0,23276.20129912766
7383,2016-11-20 05:00:00,23557.0,23603.02021670369
7384,2016-11-20 06:00:00,24290.0,24291.028715699813
7385,2016-11-20 07:00:00,25320.0,25326.009001518432
7386,2016-11-20 08:00:00,26274.0,26224.065652145928
7387,2016-11-20 09:00:00,27345.0,27362.23400158582
7388,2016-11-20 10:00:00,28170.0,28141.243584751715
7389,2016-11-20 11:00:00,28645.0,28607.79118869243
7390,2016-11-20 12:00:00,28826.0,28806.468412993752
7391,2016-11-20 13:00:00,29007.0,29023.489218905255
7392,2016-11-20 14:00:00,29106.0,29099.63333711797
7393,2016-11-20 15:00:00,29224.0,29208.905828718198
7394,2016-11-20 16:00:00,29869.0,29891.68077059419
7395,2016-11-20 17:00:00,31590.0,31621.37200898216
7396,2016-11-20 18:00:00,33691.0,33727.92024680655
7397,2016-11-20 19:00:00,33855.0,33849.47528160507
7398,2016-11-20 20:00:00,33496.0,33517.78279218534
7399,2016-11-20 21:00:00,32836.0,32874.52134030554
7400,2016-11-20 22:00:00,31432.0,31472.890639901983
7401,2016-11-20 23:00:00,29608.0,29607.212138534127
7402,2016-11-21 00:00:00,27892.0,27877.532656273295
7403,2016-11-19 01:00:00,23169.0,23209.01860712581
7404,2016-11-19 02:00:00,22390.0,22366.143046826484
7405,2016-11-19 03:00:00,21996.0,22025.68474418772
7406,2016-11-19 04:00:00,21927.0,21967.865490164077
7407,2016-11-19 05:00:00,22236.0,22259.971879966473
7408,2016-11-19 06:00:00,23170.0,23187.98601634193
7409,2016-11-19 07:00:00,24512.0,24467.06771597901
7410,2016-11-19 08:00:00,25555.0,25525.34729897009
7411,2016-11-19 09:00:00,26122.0,26138.65696248001
7412,2016-11-19 10:00:00,26219.0,26247.519558830383
7413,2016-11-19 11:00:00,26019.0,25975.3390973387
7414,2016-11-19 12:00:00,25860.0,25811.90594537174
7415,2016-11-19 13:00:00,25536.0,25517.151257388927
7416,2016-11-19 14:00:00,25294.0,25308.495507509306
7417,2016-11-19 15:00:00,25335.0,25336.204264302065
7418,2016-11-19 16:00:00,25742.0,25692.835931570637
7419,2016-11-19 17:00:00,27086.0,27051.161216846664
7420,2016-11-19 18:00:00,28938.0,28963.220085480087
7421,2016-11-19 19:00:00,28974.0,28953.766170507093
7422,2016-11-19 20:00:00,28646.0,28607.718870818222
7423,2016-11-19 21:00:00,28268.0,28223.086342588133
7424,2016-11-19 22:00:00,27609.0,27644.044222097993
7425,2016-11-19 23:00:00,26428.0,26425.166599635693
7426,2016-11-20 00:00:00,25330.0,25330.36786464191
7427,2016-11-18 01:00:00,24277.0,24233.134125411263
7428,2016-11-18 02:00:00,23586.0,23584.857992517675
7429,2016-11-18 03:00:00,23329.0,23343.577315457336
7430,2016-11-18 04:00:00,23482.0,23444.279864656277
7431,2016-11-18 05:00:00,24326.0,24366.251571212015
7432,2016-11-18 06:00:00,26522.0,26550.334797313546
7433,2016-11-18 07:00:00,29847.0,29877.188508325682
7434,2016-11-18 08:00:00,31068.0,31071.653307711364
7435,2016-11-18 09:00:00,30471.0,30454.39218809785
7436,2016-11-18 10:00:00,29613.0,29627.045222226076
7437,2016-11-18 11:00:00,29092.0,29064.53701480371
7438,2016-11-18 12:00:00,28660.0,28623.688471703077
7439,2016-11-18 13:00:00,28349.0,28352.833061828325
7440,2016-11-18 14:00:00,28237.0,28234.86261881557
7441,2016-11-18 15:00:00,28269.0,28234.02823956017
7442,2016-11-18 16:00:00,28500.0,28503.040387279518
7443,2016-11-18 17:00:00,29225.0,29229.646827091754
7444,2016-11-18 18:00:00,30979.0,31016.151477545314
7445,2016-11-18 19:00:00,30587.0,30612.9210056308
7446,2016-11-18 20:00:00,29799.0,29770.75656644581
7447,2016-11-18 21:00:00,29020.0,29051.793202187742
7448,2016-11-18 22:00:00,27800.0,27846.901416201505
7449,2016-11-18 23:00:00,26154.0,26175.66195126337
7450,2016-11-19 00:00:00,24495.0,24523.70031577731
7451,2016-11-17 01:00:00,23775.0,23751.64298130217
7452,2016-11-17 02:00:00,23029.0,23078.190254919435
7453,2016-11-17 03:00:00,22784.0,22751.63945424683
7454,2016-11-17 04:00:00,22852.0,22877.086007393336
7455,2016-11-17 05:00:00,23657.0,23646.521929730752
7456,2016-11-17 06:00:00,25804.0,25789.686906707102
7457,2016-11-17 07:00:00,29126.0,29104.515922962564
7458,2016-11-17 08:00:00,30353.0,30347.106079688503
7459,2016-11-17 09:00:00,29872.0,29901.087460308427
7460,2016-11-17 10:00:00,29263.0,29307.09725800629
7461,2016-11-17 11:00:00,28998.0,28989.623824346247
7462,2016-11-17 12:00:00,28624.0,28639.167164098544
7463,2016-11-17 13:00:00,28361.0,28389.822414303275
7464,2016-11-17 14:00:00,28370.0,28329.973616866686
7465,2016-11-17 15:00:00,28387.0,28433.05436666284
7466,2016-11-17 16:00:00,28709.0,28680.16334648015
7467,2016-11-17 17:00:00,29745.0,29786.507930319152
7468,2016-11-17 18:00:00,31971.0,32019.660284772915
7469,2016-11-17 19:00:00,31998.0,31958.040460639437
7470,2016-11-17 20:00:00,31633.0,31672.274727328535
7471,2016-11-17 21:00:00,30925.0,30939.09092736997
7472,2016-11-17 22:00:00,29488.0,29519.792673633736
7473,2016-11-17 23:00:00,27468.0,27428.90976564961
7474,2016-11-18 00:00:00,25560.0,25593.426198122026
7475,2016-11-16 01:00:00,24301.0,24313.603431867166
7476,2016-11-16 02:00:00,23612.0,23613.06187156502
7477,2016-11-16 03:00:00,23370.0,23376.0032680157
7478,2016-11-16 04:00:00,23486.0,23510.446768195336
7479,2016-11-16 05:00:00,24365.0,24344.763672903802
7480,2016-11-16 06:00:00,26639.0,26683.347724206113
7481,2016-11-16 07:00:00,30080.0,30060.763657184114
7482,2016-11-16 08:00:00,31281.0,31318.708014799595
7483,2016-11-16 09:00:00,30688.0,30639.21114936063
7484,2016-11-16 10:00:00,30036.0,30077.648006573047
7485,2016-11-16 11:00:00,29678.0,29713.157781973696
7486,2016-11-16 12:00:00,29289.0,29251.41804227916
7487,2016-11-16 13:00:00,29084.0,29107.692293031534
7488,2016-11-16 14:00:00,29161.0,29148.41150819913
7489,2016-11-16 15:00:00,29176.0,29173.977826780898
7490,2016-11-16 16:00:00,29545.0,29501.85932392184
7491,2016-11-16 17:00:00,30821.0,30792.257379206447
7492,2016-11-16 18:00:00,32574.0,32619.36460345831
7493,2016-11-16 19:00:00,32413.0,32404.795048705535
7494,2016-11-16 20:00:00,31813.0,31765.603034689688
7495,2016-11-16 21:00:00,30946.0,30947.50781092037
7496,2016-11-16 22:00:00,29301.0,29350.469913361358
7497,2016-11-16 23:00:00,27008.0,26991.282062688908
7498,2016-11-17 00:00:00,25108.0,25072.121356289143
7499,2016-11-15 01:00:00,23811.0,23825.355342872954
7500,2016-11-15 02:00:00,23057.0,23098.982434121557
7501,2016-11-15 03:00:00,22744.0,22779.914943116593
7502,2016-11-15 04:00:00,22744.0,22759.69875165102
7503,2016-11-15 05:00:00,23455.0,23423.414745565016
7504,2016-11-15 06:00:00,25442.0,25470.43598646391
7505,2016-11-15 07:00:00,28820.0,28852.322195466248
7506,2016-11-15 08:00:00,30244.0,30278.954778048836
7507,2016-11-15 09:00:00,30339.0,30329.394130751265
7508,2016-11-15 10:00:00,30145.0,30135.885894480387
7509,2016-11-15 11:00:00,30051.0,30016.51571054453
7510,2016-11-15 12:00:00,29675.0,29702.268676373908
7511,2016-11-15 13:00:00,29214.0,29237.72262260874
7512,2016-11-15 14:00:00,29135.0,29094.974971404245
7513,2016-11-15 15:00:00,28859.0,28811.01342209575
7514,2016-11-15 16:00:00,28865.0,28910.17199260324
7515,2016-11-15 17:00:00,29988.0,29939.72684088777
7516,2016-11-15 18:00:00,32177.0,32189.859865923
7517,2016-11-15 19:00:00,32308.0,32303.36415070079
7518,2016-11-15 20:00:00,31881.0,31908.74134874984
7519,2016-11-15 21:00:00,31127.0,31085.77287378331
7520,2016-11-15 22:00:00,29647.0,29665.237359509858
7521,2016-11-15 23:00:00,27455.0,27466.49425513511
7522,2016-11-16 00:00:00,25553.0,25588.359417577114
7523,2016-11-14 01:00:00,24023.0,24024.854513416598
7524,2016-11-14 02:00:00,23589.0,23611.82920817483
7525,2016-11-14 03:00:00,23585.0,23578.758306240117
7526,2016-11-14 04:00:00,23914.0,23962.39785300635
7527,2016-11-14 05:00:00,25029.0,25034.94110664886
7528,2016-11-14 06:00:00,27506.0,27531.353917222357
7529,2016-11-14 07:00:00,31099.0,31058.293514602563
7530,2016-11-14 08:00:00,32342.0,32338.27559270146
7531,2016-11-14 09:00:00,31610.0,31566.44376748134
7532,2016-11-14 10:00:00,30611.0,30573.17109775976
7533,2016-11-14 11:00:00,30067.0,30067.613538064306
7534,2016-11-14 12:00:00,29715.0,29700.23048273631
7535,2016-11-14 13:00:00,29627.0,29622.98230167141
7536,2016-11-14 14:00:00,29710.0,29709.614418765603
7537,2016-11-14 15:00:00,29669.0,29634.975020358856
7538,2016-11-14 16:00:00,29865.0,29851.583141760024
7539,2016-11-14 17:00:00,31149.0,31185.059751814715
7540,2016-11-14 18:00:00,33057.0,33092.66109787997
7541,2016-11-14 19:00:00,32878.0,32877.061698678044
7542,2016-11-14 20:00:00,32247.0,32271.914606646267
7543,2016-11-14 21:00:00,31267.0,31292.355271461827
7544,2016-11-14 22:00:00,29572.0,29526.410676042775
7545,2016-11-14 23:00:00,27282.0,27293.08912068203
7546,2016-11-15 00:00:00,25274.0,25304.45265660497
7547,2016-11-13 01:00:00,25049.0,25058.39712020662
7548,2016-11-13 02:00:00,24426.0,24430.155279583258
7549,2016-11-13 03:00:00,24057.0,24060.12157117699
7550,2016-11-13 04:00:00,23960.0,23960.794918337277
7551,2016-11-13 05:00:00,24231.0,24258.830817795224
7552,2016-11-13 06:00:00,24916.0,24930.243227340987
7553,2016-11-13 07:00:00,25809.0,25780.550286271293
7554,2016-11-13 08:00:00,26512.0,26505.334823618818
7555,2016-11-13 09:00:00,26805.0,26807.862525040946
7556,2016-11-13 10:00:00,26371.0,26362.895085728844
7557,2016-11-13 11:00:00,25855.0,25828.75815083863
7558,2016-11-13 12:00:00,25468.0,25430.474071566805
7559,2016-11-13 13:00:00,25167.0,25128.731232571372
7560,2016-11-13 14:00:00,24945.0,24924.628790337025
7561,2016-11-13 15:00:00,24993.0,24983.265515303305
7562,2016-11-13 16:00:00,25445.0,25463.287764407574
7563,2016-11-13 17:00:00,26893.0,26941.491694927616
7564,2016-11-13 18:00:00,29468.0,29507.73559364146
7565,2016-11-13 19:00:00,29890.0,29921.36977815386
7566,2016-11-13 20:00:00,29562.0,29593.373607033354
7567,2016-11-13 21:00:00,29227.0,29236.60649670368
7568,2016-11-13 22:00:00,28010.0,27985.27596786827
7569,2016-11-13 23:00:00,26477.0,26474.19402093683
7570,2016-11-14 00:00:00,24979.0,24943.255401294573
7571,2016-11-12 01:00:00,24138.0,24144.643060177346
7572,2016-11-12 02:00:00,23498.0,23450.300072155864
7573,2016-11-12 03:00:00,23197.0,23165.946512227576
7574,2016-11-12 04:00:00,23251.0,23272.229472281964
7575,2016-11-12 05:00:00,23705.0,23682.68923538296
7576,2016-11-12 06:00:00,24699.0,24690.996224255123
7577,2016-11-12 07:00:00,26066.0,26099.206096722657
7578,2016-11-12 08:00:00,27118.0,27072.45580523515
7579,2016-11-12 09:00:00,27683.0,27635.27340399228
7580,2016-11-12 10:00:00,27574.0,27546.89871493986
7581,2016-11-12 11:00:00,27198.0,27216.444337013134
7582,2016-11-12 12:00:00,26676.0,26649.61208353305
7583,2016-11-12 13:00:00,26046.0,26082.369840697367
7584,2016-11-12 14:00:00,25597.0,25582.184819877373
7585,2016-11-12 15:00:00,25480.0,25458.351119455874
7586,2016-11-12 16:00:00,25910.0,25883.2913099046
7587,2016-11-12 17:00:00,27221.0,27228.39703549107
7588,2016-11-12 18:00:00,29668.0,29703.631127748624
7589,2016-11-12 19:00:00,30027.0,30017.606230854595
7590,2016-11-12 20:00:00,29776.0,29751.25169927878
7591,2016-11-12 21:00:00,29381.0,29373.08662313056
7592,2016-11-12 22:00:00,28645.0,28685.47897537922
7593,2016-11-12 23:00:00,27439.0,27422.453758180724
7594,2016-11-13 00:00:00,26134.0,26149.574791202453
7595,2016-11-11 01:00:00,23831.0,23813.9739532205
7596,2016-11-11 02:00:00,23070.0,23087.475782974016
7597,2016-11-11 03:00:00,22694.0,22732.10107486893
7598,2016-11-11 04:00:00,22681.0,22690.855877287082
7599,2016-11-11 05:00:00,23286.0,23330.744197855947
7600,2016-11-11 06:00:00,24990.0,25000.151719072204
7601,2016-11-11 07:00:00,27469.0,27516.487589344833
7602,2016-11-11 08:00:00,28573.0,28595.37304458152
7603,2016-11-11 09:00:00,28594.0,28609.278830955893
7604,2016-11-11 10:00:00,28392.0,28424.98332608483
7605,2016-11-11 11:00:00,28343.0,28294.109277656964
7606,2016-11-11 12:00:00,28178.0,28153.72494636446
7607,2016-11-11 13:00:00,27854.0,27825.60906381191
7608,2016-11-11 14:00:00,27748.0,27709.089806804925
7609,2016-11-11 15:00:00,27655.0,27698.77866381857
7610,2016-11-11 16:00:00,27845.0,27808.100213150017
7611,2016-11-11 17:00:00,28772.0,28748.283666836094
7612,2016-11-11 18:00:00,30827.0,30810.516398240692
7613,2016-11-11 19:00:00,30757.0,30769.462796404394
7614,2016-11-11 20:00:00,30153.0,30179.746424316312
7615,2016-11-11 21:00:00,29496.0,29506.46759919642
7616,2016-11-11 22:00:00,28463.0,28487.895438851698
7617,2016-11-11 23:00:00,26979.0,26969.212420428717
7618,2016-11-12 00:00:00,25354.0,25403.57782369192
7619,2016-11-10 01:00:00,23621.0,23588.009232443088
7620,2016-11-10 02:00:00,22984.0,22973.97602088114
7621,2016-11-10 03:00:00,22725.0,22758.218301421257
7622,2016-11-10 04:00:00,22845.0,22819.676019774965
7623,2016-11-10 05:00:00,23749.0,23774.084301559807
7624,2016-11-10 06:00:00,25883.0,25869.428039367078
7625,2016-11-10 07:00:00,29002.0,28969.759627536914
7626,2016-11-10 08:00:00,30242.0,30232.334046464282
7627,2016-11-10 09:00:00,29880.0,29908.478850647592
7628,2016-11-10 10:00:00,29302.0,29263.195514746956
7629,2016-11-10 11:00:00,28970.0,28971.61015527474
7630,2016-11-10 12:00:00,28579.0,28603.135641809684
7631,2016-11-10 13:00:00,28226.0,28251.157204463656
7632,2016-11-10 14:00:00,28149.0,28137.958671411045
7633,2016-11-10 15:00:00,28175.0,28171.643837918375
7634,2016-11-10 16:00:00,28438.0,28473.67659465196
7635,2016-11-10 17:00:00,29366.0,29336.837783946212
7636,2016-11-10 18:00:00,31643.0,31692.25924677203
7637,2016-11-10 19:00:00,31793.0,31784.92371712517
7638,2016-11-10 20:00:00,31260.0,31237.545131894436
7639,2016-11-10 21:00:00,30452.0,30402.259935152902
7640,2016-11-10 22:00:00,29034.0,28996.502310411604
7641,2016-11-10 23:00:00,27080.0,27105.650902423236
7642,2016-11-11 00:00:00,25279.0,25293.92308398156
7643,2016-11-09 01:00:00,23345.0,23319.65064017496
7644,2016-11-09 02:00:00,22530.0,22572.700311723504
7645,2016-11-09 03:00:00,22048.0,22081.568800605637
7646,2016-11-09 04:00:00,21895.0,21871.927383134444
7647,2016-11-09 05:00:00,22457.0,22440.008787191276
7648,2016-11-09 06:00:00,24389.0,24357.475363677884
7649,2016-11-09 07:00:00,27436.0,27450.25588488376
7650,2016-11-09 08:00:00,28943.0,28963.113742101486
7651,2016-11-09 09:00:00,29507.0,29496.588110915352
7652,2016-11-09 10:00:00,29782.0,29805.71587026887
7653,2016-11-09 11:00:00,30030.0,30079.156665151862
7654,2016-11-09 12:00:00,29808.0,29819.194820732842
7655,2016-11-09 13:00:00,29777.0,29791.928385576
7656,2016-11-09 14:00:00,29765.0,29752.38423855677
7657,2016-11-09 15:00:00,29728.0,29679.05863551928
7658,2016-11-09 16:00:00,29853.0,29898.392136916576
7659,2016-11-09 17:00:00,30998.0,31025.234470539894
7660,2016-11-09 18:00:00,32424.0,32443.55681262738
7661,2016-11-09 19:00:00,32142.0,32094.981055678352
7662,2016-11-09 20:00:00,31450.0,31475.901214495592
7663,2016-11-09 21:00:00,30525.0,30542.008424302938
7664,2016-11-09 22:00:00,28880.0,28886.890612007206
7665,2016-11-09 23:00:00,26733.0,26745.360070962714
7666,2016-11-10 00:00:00,24887.0,24928.836615058724
7667,2016-11-08 01:00:00,24491.0,24441.669039464945
7668,2016-11-08 02:00:00,23898.0,23863.697216222106
7669,2016-11-08 03:00:00,23745.0,23784.475719686827
7670,2016-11-08 04:00:00,23968.0,23918.821066650355
7671,2016-11-08 05:00:00,24884.0,24924.363614287908
7672,2016-11-08 06:00:00,27119.0,27071.963185184708
7673,2016-11-08 07:00:00,30098.0,30125.933778614643
7674,2016-11-08 08:00:00,30956.0,30995.09232111391
7675,2016-11-08 09:00:00,30356.0,30367.252725855655
7676,2016-11-08 10:00:00,29572.0,29586.144105274845
7677,2016-11-08 11:00:00,29029.0,28984.05637319297
7678,2016-11-08 12:00:00,28644.0,28615.08912186466
7679,2016-11-08 13:00:00,28348.0,28387.947177811224
7680,2016-11-08 14:00:00,28427.0,28459.371602264036
7681,2016-11-08 15:00:00,28483.0,28438.954767505125
7682,2016-11-08 16:00:00,28617.0,28648.298511100264
7683,2016-11-08 17:00:00,29514.0,29506.348450734662
7684,2016-11-08 18:00:00,31570.0,31576.072266765146
7685,2016-11-08 19:00:00,31528.0,31488.840545797244
7686,2016-11-08 20:00:00,30938.0,30927.864403913576
7687,2016-11-08 21:00:00,29981.0,29974.491051397134
7688,2016-11-08 22:00:00,28373.0,28389.948834527644
7689,2016-11-08 23:00:00,26325.0,26340.75353033399
7690,2016-11-09 00:00:00,24595.0,24599.88744803597
7691,2016-11-07 01:00:00,22496.0,22449.14459867357
7692,2016-11-07 02:00:00,22131.0,22097.15010648447
7693,2016-11-07 03:00:00,22090.0,22056.026917269413
7694,2016-11-07 04:00:00,22403.0,22441.773243254385
7695,2016-11-07 05:00:00,23471.0,23511.1709675134
7696,2016-11-07 06:00:00,25866.0,25896.649825484743
7697,2016-11-07 07:00:00,29240.0,29207.48793706554
7698,2016-11-07 08:00:00,30522.0,30556.015162389973
7699,2016-11-07 09:00:00,30062.0,30030.75943936023
7700,2016-11-07 10:00:00,29509.0,29514.4630696856
7701,2016-11-07 11:00:00,29088.0,29111.3876354917
7702,2016-11-07 12:00:00,28681.0,28636.156100545555
7703,2016-11-07 13:00:00,28390.0,28399.792931505777
7704,2016-11-07 14:00:00,28305.0,28280.113352058463
7705,2016-11-07 15:00:00,28273.0,28272.785647429806
7706,2016-11-07 16:00:00,28658.0,28646.39022576367
7707,2016-11-07 17:00:00,29712.0,29730.65784917262
7708,2016-11-07 18:00:00,32050.0,32048.919033169925
7709,2016-11-07 19:00:00,32346.0,32326.163022927663
7710,2016-11-07 20:00:00,31856.0,31897.035874435187
7711,2016-11-07 21:00:00,31001.0,31046.905362265577
7712,2016-11-07 22:00:00,29547.0,29577.19076485623
7713,2016-11-07 23:00:00,27488.0,27496.07409959902
7714,2016-11-08 00:00:00,25670.0,25708.440048586093
7715,2016-11-06 01:00:00,22259.0,22269.167328984557
7716,2016-11-06 02:00:00,20795.0,20759.883009520367
7717,2016-11-06 02:00:00,21692.0,21643.742737667242
7718,2016-11-06 03:00:00,20609.0,20631.591456701044
7719,2016-11-06 04:00:00,20623.0,20648.2485428947
7720,2016-11-06 05:00:00,20805.0,20847.582598706325
7721,2016-11-06 06:00:00,21480.0,21512.423751633385
7722,2016-11-06 07:00:00,22468.0,22481.958236961094
7723,2016-11-06 08:00:00,23384.0,23353.030343550643
7724,2016-11-06 09:00:00,24201.0,24210.405048260684
7725,2016-11-06 10:00:00,24433.0,24426.468515787416
7726,2016-11-06 11:00:00,24294.0,24267.210846926522
7727,2016-11-06 12:00:00,24228.0,24257.91291076321
7728,2016-11-06 13:00:00,24282.0,24246.955588601817
7729,2016-11-06 14:00:00,24297.0,24310.03391736871
7730,2016-11-06 15:00:00,24344.0,24355.075391749717
7731,2016-11-06 16:00:00,24768.0,24748.361389452326
7732,2016-11-06 17:00:00,26031.0,26023.923914104977
7733,2016-11-06 18:00:00,28445.0,28406.657173305786
7734,2016-11-06 19:00:00,28846.0,28798.553291770142
7735,2016-11-06 20:00:00,28427.0,28378.301879274077
7736,2016-11-06 21:00:00,27712.0,27679.43225860675
7737,2016-11-06 22:00:00,26426.0,26462.697306807408
7738,2016-11-06 23:00:00,24805.0,24807.26087385778
7739,2016-11-07 00:00:00,23412.0,23373.711595273846
7740,2016-11-05 01:00:00,23104.0,23144.549508472664
7741,2016-11-05 02:00:00,22403.0,22409.88887674147
7742,2016-11-05 03:00:00,21997.0,21949.788552859995
7743,2016-11-05 04:00:00,21919.0,21945.27289150413
7744,2016-11-05 05:00:00,22152.0,22149.34351531962
7745,2016-11-05 06:00:00,23015.0,23018.28631668695
7746,2016-11-05 07:00:00,24415.0,24426.32268556203
7747,2016-11-05 08:00:00,25909.0,25868.44503943666
7748,2016-11-05 09:00:00,26900.0,26944.774018619784
7749,2016-11-05 10:00:00,26906.0,26881.539246111497
7750,2016-11-05 11:00:00,26504.0,26516.183222256015
7751,2016-11-05 12:00:00,25870.0,25905.556296639013
7752,2016-11-05 13:00:00,25322.0,25305.191753504427
7753,2016-11-05 14:00:00,24773.0,24785.75529598176
7754,2016-11-05 15:00:00,24499.0,24547.887714676377
7755,2016-11-05 16:00:00,24526.0,24561.179921645184
7756,2016-11-05 17:00:00,24944.0,24971.928468357717
7757,2016-11-05 18:00:00,25753.0,25746.930020118256
7758,2016-11-05 19:00:00,27431.0,27426.126953946357
7759,2016-11-05 20:00:00,27473.0,27471.553989349828
7760,2016-11-05 21:00:00,26953.0,26972.04316188885
7761,2016-11-05 22:00:00,26151.0,26115.43372268368
7762,2016-11-05 23:00:00,24957.0,24993.1028024955
7763,2016-11-06 00:00:00,23533.0,23484.807904418318
7764,2016-11-04 01:00:00,22359.0,22325.999313970467
7765,2016-11-04 02:00:00,21466.0,21464.181435240316
7766,2016-11-04 03:00:00,20989.0,20964.211693953257
7767,2016-11-04 04:00:00,20891.0,20877.55816984833
7768,2016-11-04 05:00:00,21387.0,21370.258309193745
7769,2016-11-04 06:00:00,23114.0,23090.896473268498
7770,2016-11-04 07:00:00,26378.0,26366.027635603215
7771,2016-11-04 08:00:00,28549.0,28549.528836938294
7772,2016-11-04 09:00:00,28677.0,28674.635880131747
7773,2016-11-04 10:00:00,28402.0,28433.192239311476
7774,2016-11-04 11:00:00,28233.0,28213.81450600773
7775,2016-11-04 12:00:00,27960.0,27938.191047510492
7776,2016-11-04 13:00:00,27585.0,27585.44487902293
7777,2016-11-04 14:00:00,27433.0,27387.79343462561
7778,2016-11-04 15:00:00,27285.0,27246.18102934642
7779,2016-11-04 16:00:00,27214.0,27244.308798792295
7780,2016-11-04 17:00:00,27548.0,27547.37094618673
7781,2016-11-04 18:00:00,28079.0,28035.65353820029
7782,2016-11-04 19:00:00,29386.0,29380.03829239657
7783,2016-11-04 20:00:00,29195.0,29184.826436901007
7784,2016-11-04 21:00:00,28583.0,28557.6134481816
7785,2016-11-04 22:00:00,27635.0,27622.210324534146
7786,2016-11-04 23:00:00,26121.0,26089.835540309185
7787,2016-11-05 00:00:00,24512.0,24506.905956526836
7788,2016-11-03 01:00:00,22627.0,22617.852811149947
7789,2016-11-03 02:00:00,21639.0,21649.75003503211
7790,2016-11-03 03:00:00,21054.0,21098.2104217703
7791,2016-11-03 04:00:00,20908.0,20876.546250968557
7792,2016-11-03 05:00:00,21464.0,21455.74409317421
7793,2016-11-03 06:00:00,23229.0,23235.22205317298
7794,2016-11-03 07:00:00,26509.0,26513.69912438604
7795,2016-11-03 08:00:00,28633.0,28649.13406304746
7796,2016-11-03 09:00:00,28855.0,28831.793037921863
7797,2016-11-03 10:00:00,29075.0,29088.45507928708
7798,2016-11-03 11:00:00,29503.0,29473.117014324
7799,2016-11-03 12:00:00,29674.0,29636.545554585082
7800,2016-11-03 13:00:00,29748.0,29781.16450002257
7801,2016-11-03 14:00:00,29839.0,29836.373990758402
7802,2016-11-03 15:00:00,29581.0,29570.727732605716
7803,2016-11-03 16:00:00,29442.0,29484.85146399175
7804,2016-11-03 17:00:00,29644.0,29664.975738850015
7805,2016-11-03 18:00:00,30188.0,30205.712877242324
7806,2016-11-03 19:00:00,31408.0,31377.425972710116
7807,2016-11-03 20:00:00,31087.0,31057.92582087966
7808,2016-11-03 21:00:00,30013.0,30011.31013558749
7809,2016-11-03 22:00:00,28363.0,28378.230376865205
7810,2016-11-03 23:00:00,26071.0,26060.52725208225
7811,2016-11-04 00:00:00,23940.0,23896.418526779787
7812,2016-11-02 01:00:00,22988.0,23006.302893165415
7813,2016-11-02 02:00:00,22078.0,22105.375125755247
7814,2016-11-02 03:00:00,21671.0,21715.430247656743
7815,2016-11-02 04:00:00,21631.0,21621.87677246141
7816,2016-11-02 05:00:00,22275.0,22250.804805546028
7817,2016-11-02 06:00:00,24208.0,24250.58080054638
7818,2016-11-02 07:00:00,27635.0,27656.51388415772
7819,2016-11-02 08:00:00,29524.0,29480.398630258693
7820,2016-11-02 09:00:00,29306.0,29314.00273405981
7821,2016-11-02 10:00:00,28987.0,28939.85266594163
7822,2016-11-02 11:00:00,28732.0,28704.652402970423
7823,2016-11-02 12:00:00,28539.0,28496.095288919052
7824,2016-11-02 13:00:00,28409.0,28379.48913769743
7825,2016-11-02 14:00:00,28534.0,28532.99227030586
7826,2016-11-02 15:00:00,28693.0,28672.886648484713
7827,2016-11-02 16:00:00,28790.0,28748.801263060406
7828,2016-11-02 17:00:00,29195.0,29193.20603066043
7829,2016-11-02 18:00:00,29802.0,29822.848833255473
7830,2016-11-02 19:00:00,31221.0,31176.312528603263
7831,2016-11-02 20:00:00,31143.0,31181.240245759236
7832,2016-11-02 21:00:00,30142.0,30157.30698342609
7833,2016-11-02 22:00:00,28495.0,28496.944147557573
7834,2016-11-02 23:00:00,26174.0,26163.631685698958
7835,2016-11-03 00:00:00,24163.0,24152.328772265566
7836,2016-11-01 01:00:00,23452.0,23435.555878066756
7837,2016-11-01 02:00:00,22841.0,22802.572935483146
7838,2016-11-01 03:00:00,22583.0,22540.92418874221
7839,2016-11-01 04:00:00,22682.0,22662.883028514538
7840,2016-11-01 05:00:00,23473.0,23489.706404436834
7841,2016-11-01 06:00:00,25572.0,25550.839435759557
7842,2016-11-01 07:00:00,29159.0,29190.226495263316
7843,2016-11-01 08:00:00,31130.0,31118.029064518123
7844,2016-11-01 09:00:00,30869.0,30882.11935848011
7845,2016-11-01 10:00:00,30277.0,30270.19134420498
7846,2016-11-01 11:00:00,29776.0,29775.782649172772
7847,2016-11-01 12:00:00,29263.0,29238.01605698768
7848,2016-11-01 13:00:00,28903.0,28904.386907834578
7849,2016-11-01 14:00:00,28800.0,28761.06530703435
7850,2016-11-01 15:00:00,28626.0,28614.676758107944
7851,2016-11-01 16:00:00,28652.0,28646.830096378424
7852,2016-11-01 17:00:00,29096.0,29116.39959455117
7853,2016-11-01 18:00:00,30029.0,30019.02211778747
7854,2016-11-01 19:00:00,31574.0,31590.54360057238
7855,2016-11-01 20:00:00,31448.0,31415.46161312032
7856,2016-11-01 21:00:00,30556.0,30508.5226046033
7857,2016-11-01 22:00:00,28875.0,28875.594747098166
7858,2016-11-01 23:00:00,26581.0,26578.38707826017
7859,2016-11-02 00:00:00,24454.0,24470.975249500767
7860,2016-10-31 01:00:00,21680.0,21661.354526254174
7861,2016-10-31 02:00:00,20674.0,20626.986535921922
7862,2016-10-31 03:00:00,20240.0,20262.356960484754
7863,2016-10-31 04:00:00,20176.0,20220.221159468227
7864,2016-10-31 05:00:00,20757.0,20746.426354719424
7865,2016-10-31 06:00:00,22684.0,22695.1127780566
7866,2016-10-31 07:00:00,26083.0,26087.468721247646
7867,2016-10-31 08:00:00,28290.0,28296.600145854118
7868,2016-10-31 09:00:00,28430.0,28466.737621344695
7869,2016-10-31 10:00:00,28342.0,28365.6336772303
7870,2016-10-31 11:00:00,28192.0,28218.978641210764
7871,2016-10-31 12:00:00,27954.0,27913.003750534433
7872,2016-10-31 13:00:00,27670.0,27634.670746883203
7873,2016-10-31 14:00:00,27580.0,27596.330461766134
7874,2016-10-31 15:00:00,27461.0,27465.045778524178
7875,2016-10-31 16:00:00,27555.0,27582.427832039357
7876,2016-10-31 17:00:00,28014.0,27973.307331979988
7877,2016-10-31 18:00:00,28681.0,28687.648712116654
7878,2016-10-31 19:00:00,29780.0,29778.60693972099
7879,2016-10-31 20:00:00,29742.0,29777.46868765581
7880,2016-10-31 21:00:00,29576.0,29544.714897283968
7881,2016-10-31 22:00:00,28630.0,28614.87131393006
7882,2016-10-31 23:00:00,26686.0,26651.047146083907
7883,2016-11-01 00:00:00,24745.0,24740.17324994866
7884,2016-10-30 01:00:00,21716.0,21754.140581261967
7885,2016-10-30 02:00:00,20774.0,20791.033347772784
7886,2016-10-30 03:00:00,20232.0,20256.429878261406
7887,2016-10-30 04:00:00,19900.0,19859.333687815517
7888,2016-10-30 05:00:00,19872.0,19867.20259346306
7889,2016-10-30 06:00:00,20175.0,20208.867035636566
7890,2016-10-30 07:00:00,20952.0,20985.747960861827
7891,2016-10-30 08:00:00,21796.0,21844.8020194112
7892,2016-10-30 09:00:00,22817.0,22819.604082909394
7893,2016-10-30 10:00:00,23826.0,23776.20714291854
7894,2016-10-30 11:00:00,24409.0,24448.906049590998
7895,2016-10-30 12:00:00,24871.0,24916.619671524444
7896,2016-10-30 13:00:00,25186.0,25228.77462035788
7897,2016-10-30 14:00:00,25484.0,25511.19112570169
7898,2016-10-30 15:00:00,25783.0,25754.1914950904
7899,2016-10-30 16:00:00,26206.0,26169.905707502305
7900,2016-10-30 17:00:00,26974.0,26994.08860034768
7901,2016-10-30 18:00:00,27911.0,27875.04230086042
7902,2016-10-30 19:00:00,29182.0,29227.331566493278
7903,2016-10-30 20:00:00,29025.0,29019.58277707834
7904,2016-10-30 21:00:00,28254.0,28207.08150599873
7905,2016-10-30 22:00:00,26760.0,26725.059360052797
7906,2016-10-30 23:00:00,24964.0,24943.048117948507
7907,2016-10-31 00:00:00,23134.0,23154.375470193714
7908,2016-10-29 01:00:00,24091.0,24114.72923247987
7909,2016-10-29 02:00:00,23230.0,23201.302520315385
7910,2016-10-29 03:00:00,22827.0,22841.855553152607
7911,2016-10-29 04:00:00,22738.0,22691.18273683871
7912,2016-10-29 05:00:00,22915.0,22875.2852925151
7913,2016-10-29 06:00:00,23723.0,23726.501067494122
7914,2016-10-29 07:00:00,25108.0,25128.382363988618
7915,2016-10-29 08:00:00,26403.0,26444.436725726875
7916,2016-10-29 09:00:00,27195.0,27188.775247628695
7917,2016-10-29 10:00:00,27400.0,27361.99530608487
7918,2016-10-29 11:00:00,26870.0,26912.89766308645
7919,2016-10-29 12:00:00,26179.0,26172.743768529457
7920,2016-10-29 13:00:00,25519.0,25518.747310064555
7921,2016-10-29 14:00:00,24952.0,24987.442950440316
7922,2016-10-29 15:00:00,24793.0,24801.577969360595
7923,2016-10-29 16:00:00,24860.0,24840.145025477836
7924,2016-10-29 17:00:00,25324.0,25328.078043773447
7925,2016-10-29 18:00:00,26009.0,26021.486109776506
7926,2016-10-29 19:00:00,27478.0,27516.97998896062
7927,2016-10-29 20:00:00,27586.0,27559.48344714842
7928,2016-10-29 21:00:00,26928.0,26933.937903061324
7929,2016-10-29 22:00:00,25975.0,26017.049903858886
7930,2016-10-29 23:00:00,24609.0,24563.54727905311
7931,2016-10-30 00:00:00,23094.0,23063.456781283603
7932,2016-10-28 01:00:00,23321.0,23305.631491438166
7933,2016-10-28 02:00:00,22441.0,22458.846839956885
7934,2016-10-28 03:00:00,22011.0,22045.18472721549
7935,2016-10-28 04:00:00,21969.0,21938.91708488387
7936,2016-10-28 05:00:00,22574.0,22548.670447803244
7937,2016-10-28 06:00:00,24498.0,24530.32854362251
7938,2016-10-28 07:00:00,27905.0,27869.83435065746
7939,2016-10-28 08:00:00,29776.0,29752.117694257835
7940,2016-10-28 09:00:00,29729.0,29752.269358591115
7941,2016-10-28 10:00:00,29456.0,29422.615879495956
7942,2016-10-28 11:00:00,29374.0,29406.803352468487
7943,2016-10-28 12:00:00,29067.0,29066.0516597639
7944,2016-10-28 13:00:00,28506.0,28500.75720755907
7945,2016-10-28 14:00:00,28207.0,28170.525520152227
7946,2016-10-28 15:00:00,27784.0,27801.965828589622
7947,2016-10-28 16:00:00,27671.0,27709.400103818098
7948,2016-10-28 17:00:00,28058.0,28077.210788428747
7949,2016-10-28 18:00:00,28757.0,28738.688460284684
7950,2016-10-28 19:00:00,30142.0,30161.879866620897
7951,2016-10-28 20:00:00,30252.0,30252.994245920007
7952,2016-10-28 21:00:00,29665.0,29700.37304383484
7953,2016-10-28 22:00:00,28667.0,28662.9647099263
7954,2016-10-28 23:00:00,27157.0,27130.73026518905
7955,2016-10-29 00:00:00,25501.0,25461.12562214008
7956,2016-10-27 01:00:00,23757.0,23735.10667618278
7957,2016-10-27 02:00:00,22969.0,22975.35398858347
7958,2016-10-27 03:00:00,22552.0,22519.00425305922
7959,2016-10-27 04:00:00,22545.0,22498.976113393157
7960,2016-10-27 05:00:00,23158.0,23152.884305217063
7961,2016-10-27 06:00:00,25122.0,25106.743211860197
7962,2016-10-27 07:00:00,28536.0,28528.039062503336
7963,2016-10-27 08:00:00,30652.0,30647.41334106148
7964,2016-10-27 09:00:00,30822.0,30848.6070470732
7965,2016-10-27 10:00:00,30985.0,31031.09268552903
7966,2016-10-27 11:00:00,31168.0,31144.228443731252
7967,2016-10-27 12:00:00,31050.0,31094.239887952077
7968,2016-10-27 13:00:00,30924.0,30896.837562023848
7969,2016-10-27 14:00:00,30908.0,30933.494510659697
7970,2016-10-27 15:00:00,30710.0,30728.134604850446
7971,2016-10-27 16:00:00,30717.0,30672.222221647793
7972,2016-10-27 17:00:00,31141.0,31163.49218030325
7973,2016-10-27 18:00:00,31758.0,31798.112269167163
7974,2016-10-27 19:00:00,32356.0,32399.02222967451
7975,2016-10-27 20:00:00,31967.0,31985.519340439518
7976,2016-10-27 21:00:00,31091.0,31119.65880365041
7977,2016-10-27 22:00:00,29444.0,29401.154185001866
7978,2016-10-27 23:00:00,27139.0,27105.12526461383
7979,2016-10-28 00:00:00,24968.0,24944.247966244504
7980,2016-10-26 01:00:00,23870.0,23873.133837283367
7981,2016-10-26 02:00:00,23180.0,23168.624474549495
7982,2016-10-26 03:00:00,23007.0,23022.71350358218
7983,2016-10-26 04:00:00,23095.0,23089.568878698607
7984,2016-10-26 05:00:00,23948.0,23975.502224035066
7985,2016-10-26 06:00:00,26195.0,26216.358808200355
7986,2016-10-26 07:00:00,29879.0,29903.72813976157
7987,2016-10-26 08:00:00,31792.0,31824.88488036511
7988,2016-10-26 09:00:00,31363.0,31396.422241488115
7989,2016-10-26 10:00:00,30395.0,30422.95523805034
7990,2016-10-26 11:00:00,29673.0,29629.592658222937
7991,2016-10-26 12:00:00,29071.0,29083.320335147615
7992,2016-10-26 13:00:00,28592.0,28543.978943198177
7993,2016-10-26 14:00:00,28375.0,28399.37590396348
7994,2016-10-26 15:00:00,28092.0,28048.10577399259
7995,2016-10-26 16:00:00,28077.0,28125.321499509693
7996,2016-10-26 17:00:00,28710.0,28721.407820936598
7997,2016-10-26 18:00:00,29851.0,29819.19980962954
7998,2016-10-26 19:00:00,31689.0,31685.82795095648
7999,2016-10-26 20:00:00,31907.0,31939.667697571942
8000,2016-10-26 21:00:00,31178.0,31145.999796324828
8001,2016-10-26 22:00:00,29658.0,29661.677547044248
8002,2016-10-26 23:00:00,27297.0,27247.35807675759
8003,2016-10-27 00:00:00,25197.0,25225.8426248875
8004,2016-10-25 01:00:00,22477.0,22446.460760115235
8005,2016-10-25 02:00:00,21712.0,21700.717819166955
8006,2016-10-25 03:00:00,21343.0,21346.02437005736
8007,2016-10-25 04:00:00,21372.0,21336.486154510385
8008,2016-10-25 05:00:00,22065.0,22107.6670846827
8009,2016-10-25 06:00:00,24024.0,24020.880613876987
8010,2016-10-25 07:00:00,27507.0,27480.178356249224
8011,2016-10-25 08:00:00,29394.0,29417.514277092036
8012,2016-10-25 09:00:00,29258.0,29297.421342732458
8013,2016-10-25 10:00:00,28842.0,28883.267091494043
8014,2016-10-25 11:00:00,28715.0,28708.11339396817
8015,2016-10-25 12:00:00,28743.0,28728.946127382194
8016,2016-10-25 13:00:00,28588.0,28630.92574175986
8017,2016-10-25 14:00:00,28404.0,28359.283816011543
8018,2016-10-25 15:00:00,28095.0,28120.05401067203
8019,2016-10-25 16:00:00,28018.0,27985.75088262459
8020,2016-10-25 17:00:00,28435.0,28431.55012915011
8021,2016-10-25 18:00:00,29244.0,29289.36922515326
8022,2016-10-25 19:00:00,30993.0,31001.114812590244
8023,2016-10-25 20:00:00,31423.0,31425.344075125857
8024,2016-10-25 21:00:00,30774.0,30730.18007585925
8025,2016-10-25 22:00:00,29401.0,29378.73405470998
8026,2016-10-25 23:00:00,27229.0,27179.305110292335
8027,2016-10-26 00:00:00,25257.0,25294.50057347582
8028,2016-10-24 01:00:00,21433.0,21447.48546776087
8029,2016-10-24 02:00:00,20715.0,20676.802766526114
8030,2016-10-24 03:00:00,20404.0,20390.347268899346
8031,2016-10-24 04:00:00,20380.0,20411.1415341196
8032,2016-10-24 05:00:00,20964.0,20928.030319823767
8033,2016-10-24 06:00:00,22929.0,22902.026530429117
8034,2016-10-24 07:00:00,26197.0,26201.140652312133
8035,2016-10-24 08:00:00,28152.0,28116.49466462826
8036,2016-10-24 09:00:00,28208.0,28196.270633898803
8037,2016-10-24 10:00:00,28078.0,28126.212772795756
8038,2016-10-24 11:00:00,28103.0,28107.385132952746
8039,2016-10-24 12:00:00,28172.0,28192.152778124753
8040,2016-10-24 13:00:00,28181.0,28197.32810482513
8041,2016-10-24 14:00:00,28000.0,27971.171602493312
8042,2016-10-24 15:00:00,27893.0,27927.611338691215
8043,2016-10-24 16:00:00,27812.0,27774.205015513686
8044,2016-10-24 17:00:00,28145.0,28187.15951351682
8045,2016-10-24 18:00:00,28777.0,28748.607187825753
8046,2016-10-24 19:00:00,30253.0,30298.474428648242
8047,2016-10-24 20:00:00,30648.0,30677.796346314666
8048,2016-10-24 21:00:00,29808.0,29775.09832419551
8049,2016-10-24 22:00:00,28214.0,28180.040269057736
8050,2016-10-24 23:00:00,25954.0,25912.452943912667
8051,2016-10-25 00:00:00,23894.0,23868.735538935638
8052,2016-10-23 01:00:00,22239.0,22254.91067559279
8053,2016-10-23 02:00:00,21319.0,21321.030245935523
8054,2016-10-23 03:00:00,20777.0,20788.335078989807
8055,2016-10-23 04:00:00,20519.0,20472.114060412237
8056,2016-10-23 05:00:00,20562.0,20519.997138144292
8057,2016-10-23 06:00:00,21029.0,21048.19740461584
8058,2016-10-23 07:00:00,21979.0,22013.790834338208
8059,2016-10-23 08:00:00,22813.0,22798.94217768972
8060,2016-10-23 09:00:00,23838.0,23804.648240797625
8061,2016-10-23 10:00:00,24325.0,24305.835551673023
8062,2016-10-23 11:00:00,24364.0,24355.202996513377
8063,2016-10-23 12:00:00,24434.0,24447.013592793784
8064,2016-10-23 13:00:00,24400.0,24390.947342458552
8065,2016-10-23 14:00:00,24325.0,24364.704112457053
8066,2016-10-23 15:00:00,24111.0,24101.121239472897
8067,2016-10-23 16:00:00,24146.0,24114.13735189639
8068,2016-10-23 17:00:00,24735.0,24709.83446066981
8069,2016-10-23 18:00:00,25577.0,25573.516626201595
8070,2016-10-23 19:00:00,27341.0,27369.246267490125
8071,2016-10-23 20:00:00,28063.0,28099.94068664752
8072,2016-10-23 21:00:00,27494.0,27462.52907194035
8073,2016-10-23 22:00:00,26097.0,26047.34719077185
8074,2016-10-23 23:00:00,24392.0,24428.940881170045
8075,2016-10-24 00:00:00,22700.0,22672.819646707532
8076,2016-10-22 01:00:00,22547.0,22579.1662739803
8077,2016-10-22 02:00:00,21332.0,21337.074790944283
8078,2016-10-22 03:00:00,20657.0,20647.41155429883
8079,2016-10-22 04:00:00,20264.0,20228.675708855608
8080,2016-10-22 05:00:00,20214.0,20231.203709008292
8081,2016-10-22 06:00:00,20691.0,20722.815736794964
8082,2016-10-22 07:00:00,21788.0,21784.109411543344
8083,2016-10-22 08:00:00,23140.0,23134.63553478945
8084,2016-10-22 09:00:00,24490.0,24515.527909905297
8085,2016-10-22 10:00:00,25740.0,25740.011861301522
8086,2016-10-22 11:00:00,26266.0,26294.561258474914
8087,2016-10-22 12:00:00,26217.0,26172.41164196635
8088,2016-10-22 13:00:00,25880.0,25915.763061721762
8089,2016-10-22 14:00:00,25492.0,25468.20706443322
8090,2016-10-22 15:00:00,25174.0,25140.919462347625
8091,2016-10-22 16:00:00,25071.0,25024.229350746988
8092,2016-10-22 17:00:00,25249.0,25282.407309904327
8093,2016-10-22 18:00:00,25828.0,25784.011529087573
8094,2016-10-22 19:00:00,27192.0,27237.44304158174
8095,2016-10-22 20:00:00,27662.0,27668.484201608528
8096,2016-10-22 21:00:00,27145.0,27164.868318492714
8097,2016-10-22 22:00:00,26298.0,26320.53104220567
8098,2016-10-22 23:00:00,25058.0,25037.26844887655
8099,2016-10-23 00:00:00,23572.0,23602.64583479097
8100,2016-10-21 01:00:00,24798.0,24842.624067602515
8101,2016-10-21 02:00:00,23586.0,23572.985110962494
8102,2016-10-21 03:00:00,22973.0,23006.534939064408
8103,2016-10-21 04:00:00,22647.0,22674.20398153108
8104,2016-10-21 05:00:00,23013.0,23021.959587206406
8105,2016-10-21 06:00:00,24660.0,24646.761597798293
8106,2016-10-21 07:00:00,27339.0,27330.518529386256
8107,2016-10-21 08:00:00,29389.0,29369.76085192089
8108,2016-10-21 09:00:00,30543.0,30535.62704807672
8109,2016-10-21 10:00:00,31313.0,31361.96269183215
8110,2016-10-21 11:00:00,31676.0,31662.341476974583
8111,2016-10-21 12:00:00,32221.0,32237.550975355054
8112,2016-10-21 13:00:00,32691.0,32672.960643331447
8113,2016-10-21 14:00:00,32975.0,32971.6647735689
8114,2016-10-21 15:00:00,32746.0,32704.377399841334
8115,2016-10-21 16:00:00,32657.0,32683.323423589565
8116,2016-10-21 17:00:00,32454.0,32470.102444723452
8117,2016-10-21 18:00:00,32185.0,32169.748500815
8118,2016-10-21 19:00:00,32173.0,32175.48446821639
8119,2016-10-21 20:00:00,31526.0,31563.22218360291
8120,2016-10-21 21:00:00,30133.0,30087.443271566106
8121,2016-10-21 22:00:00,28668.0,28711.021649674774
8122,2016-10-21 23:00:00,26369.0,26366.079960247236
8123,2016-10-22 00:00:00,23984.0,24019.965540550653
8124,2016-10-20 01:00:00,24877.0,24913.148292469603
8125,2016-10-20 02:00:00,23505.0,23460.871227680225
8126,2016-10-20 03:00:00,22671.0,22699.159457189424
8127,2016-10-20 04:00:00,22280.0,22303.286738609317
8128,2016-10-20 05:00:00,22547.0,22501.319354700478
8129,2016-10-20 06:00:00,24193.0,24237.05378703565
8130,2016-10-20 07:00:00,27313.0,27326.45482360535
8131,2016-10-20 08:00:00,29099.0,29065.753400861
8132,2016-10-20 09:00:00,29592.0,29554.309719437053
8133,2016-10-20 10:00:00,30172.0,30178.197299234744
8134,2016-10-20 11:00:00,31027.0,30982.88342644698
8135,2016-10-20 12:00:00,31643.0,31609.440969474
8136,2016-10-20 13:00:00,32312.0,32356.84522055753
8137,2016-10-20 14:00:00,33136.0,33160.47408587269
8138,2016-10-20 15:00:00,33593.0,33604.34891120557
8139,2016-10-20 16:00:00,33762.0,33732.881962477775
8140,2016-10-20 17:00:00,33898.0,33869.85158109136
8141,2016-10-20 18:00:00,33918.0,33912.582932458885
8142,2016-10-20 19:00:00,34516.0,34541.40542660553
8143,2016-10-20 20:00:00,34469.0,34419.39296040815
8144,2016-10-20 21:00:00,33382.0,33336.4275266661
8145,2016-10-20 22:00:00,31469.0,31506.011162075833
8146,2016-10-20 23:00:00,28988.0,29019.40656820427
8147,2016-10-21 00:00:00,26567.0,26586.46811520083
8148,2016-10-19 01:00:00,24861.0,24860.953201168883
8149,2016-10-19 02:00:00,23670.0,23634.51267778764
8150,2016-10-19 03:00:00,23006.0,22966.223319129535
8151,2016-10-19 04:00:00,22673.0,22713.537632749303
8152,2016-10-19 05:00:00,23061.0,23049.252183954133
8153,2016-10-19 06:00:00,24863.0,24882.57226172549
8154,2016-10-19 07:00:00,28130.0,28125.61980822877
8155,2016-10-19 08:00:00,29923.0,29946.092891987373
8156,2016-10-19 09:00:00,30540.0,30509.33088813597
8157,2016-10-19 10:00:00,31435.0,31433.456791916775
8158,2016-10-19 11:00:00,32498.0,32485.686635300135
8159,2016-10-19 12:00:00,33536.0,33510.50537004782
8160,2016-10-19 13:00:00,34492.0,34501.77111378018
8161,2016-10-19 14:00:00,35634.0,35637.69732943506
8162,2016-10-19 15:00:00,36456.0,36455.569123032314
8163,2016-10-19 16:00:00,36944.0,36953.11027371441
8164,2016-10-19 17:00:00,37245.0,37209.25307696471
8165,2016-10-19 18:00:00,36876.0,36863.05483341869
8166,2016-10-19 19:00:00,36767.0,36749.46742734176
8167,2016-10-19 20:00:00,36599.0,36625.917542075345
8168,2016-10-19 21:00:00,35081.0,35034.57240749438
8169,2016-10-19 22:00:00,32652.0,32630.193109285163
8170,2016-10-19 23:00:00,29851.0,29892.82943101843
8171,2016-10-20 00:00:00,27314.0,27294.035064891534
8172,2016-10-18 01:00:00,23550.0,23515.18994755468
8173,2016-10-18 02:00:00,22443.0,22468.73453964244
8174,2016-10-18 03:00:00,21823.0,21777.784419053034
8175,2016-10-18 04:00:00,21557.0,21549.63198498732
8176,2016-10-18 05:00:00,21956.0,21991.535775964505
8177,2016-10-18 06:00:00,23652.0,23697.409481071423
8178,2016-10-18 07:00:00,26957.0,26931.901975695346
8179,2016-10-18 08:00:00,28653.0,28632.62022337696
8180,2016-10-18 09:00:00,29136.0,29142.725110487863
8181,2016-10-18 10:00:00,29810.0,29782.65515583351
8182,2016-10-18 11:00:00,30714.0,30679.074406654312
8183,2016-10-18 12:00:00,31527.0,31519.598151105798
8184,2016-10-18 13:00:00,32374.0,32331.22480795459
8185,2016-10-18 14:00:00,33312.0,33351.42199711946
8186,2016-10-18 15:00:00,33911.0,33894.41966219417
8187,2016-10-18 16:00:00,34494.0,34477.62841246466
8188,2016-10-18 17:00:00,34911.0,34940.13731131791
8189,2016-10-18 18:00:00,34824.0,34808.1548357406
8190,2016-10-18 19:00:00,35048.0,35074.09068569538
8191,2016-10-18 20:00:00,35245.0,35213.124201400904
8192,2016-10-18 21:00:00,34032.0,34034.898833743006
8193,2016-10-18 22:00:00,32002.0,32028.85114694977
8194,2016-10-18 23:00:00,29307.0,29301.98991030271
8195,2016-10-19 00:00:00,26798.0,26755.18132639681
8196,2016-10-17 01:00:00,21606.0,21629.69023497076
8197,2016-10-17 02:00:00,20842.0,20841.40564937981
8198,2016-10-17 03:00:00,20430.0,20411.641612311112
8199,2016-10-17 04:00:00,20345.0,20394.279573485397
8200,2016-10-17 05:00:00,20962.0,20999.607222560757
8201,2016-10-17 06:00:00,22828.0,22781.782254958125
8202,2016-10-17 07:00:00,26115.0,26124.36540301584
8203,2016-10-17 08:00:00,27950.0,27935.456873118474
8204,2016-10-17 09:00:00,28505.0,28458.74051890422
8205,2016-10-17 10:00:00,28888.0,28839.129702692913
8206,2016-10-17 11:00:00,29604.0,29612.37577825045
8207,2016-10-17 12:00:00,30039.0,30021.01306593601
8208,2016-10-17 13:00:00,30693.0,30713.331620647135
8209,2016-10-17 14:00:00,31399.0,31394.442128622897
8210,2016-10-17 15:00:00,31828.0,31854.649755924533
8211,2016-10-17 16:00:00,32116.0,32147.30652346752
8212,2016-10-17 17:00:00,32458.0,32473.72344050107
8213,2016-10-17 18:00:00,32685.0,32676.79726084711
8214,2016-10-17 19:00:00,33293.0,33341.84772503452
8215,2016-10-17 20:00:00,33658.0,33638.66853807382
8216,2016-10-17 21:00:00,32473.0,32474.45793344442
8217,2016-10-17 22:00:00,30332.0,30334.04041024226
8218,2016-10-17 23:00:00,27719.0,27711.833885126114
8219,2016-10-18 00:00:00,25323.0,25285.141531911544
8220,2016-10-16 01:00:00,21656.0,21641.39420922202
8221,2016-10-16 02:00:00,20795.0,20766.51897459016
8222,2016-10-16 03:00:00,20323.0,20362.98571930301
8223,2016-10-16 04:00:00,20037.0,20052.53750830094
8224,2016-10-16 05:00:00,20085.0,20063.78141840558
8225,2016-10-16 06:00:00,20594.0,20600.573262321745
8226,2016-10-16 07:00:00,21482.0,21517.320752216026
8227,2016-10-16 08:00:00,22287.0,22330.44344946219
8228,2016-10-16 09:00:00,23307.0,23264.503556290023
8229,2016-10-16 10:00:00,24047.0,24075.690850165636
8230,2016-10-16 11:00:00,24303.0,24349.630809112325
8231,2016-10-16 12:00:00,24457.0,24453.724580223723
8232,2016-10-16 13:00:00,24611.0,24660.553401002187
8233,2016-10-16 14:00:00,24565.0,24610.707799086114
8234,2016-10-16 15:00:00,24625.0,24640.689134809098
8235,2016-10-16 16:00:00,24938.0,24972.761139969225
8236,2016-10-16 17:00:00,25598.0,25577.656311778806
8237,2016-10-16 18:00:00,26453.0,26494.746365032337
8238,2016-10-16 19:00:00,27869.0,27878.188911020265
8239,2016-10-16 20:00:00,28715.0,28715.96655880504
8240,2016-10-16 21:00:00,28043.0,28076.566176449058
8241,2016-10-16 22:00:00,26576.0,26614.949437854975
8242,2016-10-16 23:00:00,24719.0,24739.124906689765
8243,2016-10-17 00:00:00,22945.0,22897.503628322982
8244,2016-10-15 01:00:00,22536.0,22545.720614170114
8245,2016-10-15 02:00:00,21627.0,21659.165589638444
8246,2016-10-15 03:00:00,21173.0,21177.526933869445
8247,2016-10-15 04:00:00,20994.0,21037.485864347676
8248,2016-10-15 05:00:00,21184.0,21223.73173858567
8249,2016-10-15 06:00:00,21937.0,21939.967625180576
8250,2016-10-15 07:00:00,23218.0,23208.383079275012
8251,2016-10-15 08:00:00,24397.0,24352.507645074173
8252,2016-10-15 09:00:00,25433.0,25446.259774310423
8253,2016-10-15 10:00:00,25710.0,25686.596470522698
8254,2016-10-15 11:00:00,25620.0,25636.84523122056
8255,2016-10-15 12:00:00,25247.0,25276.87612374044
8256,2016-10-15 13:00:00,24825.0,24815.869351074933
8257,2016-10-15 14:00:00,24462.0,24413.558473842335
8258,2016-10-15 15:00:00,24167.0,24203.5253433164
8259,2016-10-15 16:00:00,24336.0,24340.900710827602
8260,2016-10-15 17:00:00,24778.0,24759.479143773613
8261,2016-10-15 18:00:00,25359.0,25372.37960452278
8262,2016-10-15 19:00:00,26412.0,26429.43941262398
8263,2016-10-15 20:00:00,27145.0,27109.74667067998
8264,2016-10-15 21:00:00,26671.0,26685.64015301727
8265,2016-10-15 22:00:00,25745.0,25723.668698067147
8266,2016-10-15 23:00:00,24445.0,24475.362479885873
8267,2016-10-16 00:00:00,22953.0,22997.15105797539
8268,2016-10-14 01:00:00,22602.0,22562.26673677446
8269,2016-10-14 02:00:00,21692.0,21733.735779746952
8270,2016-10-14 03:00:00,21244.0,21284.34459751228
8271,2016-10-14 04:00:00,21207.0,21191.29076177075
8272,2016-10-14 05:00:00,21742.0,21694.883551563642
8273,2016-10-14 06:00:00,23567.0,23583.322538656983
8274,2016-10-14 07:00:00,26913.0,26897.47111773881
8275,2016-10-14 08:00:00,28677.0,28646.164749615473
8276,2016-10-14 09:00:00,28692.0,28652.856445584464
8277,2016-10-14 10:00:00,28445.0,28414.60263620459
8278,2016-10-14 11:00:00,28248.0,28221.746683243455
8279,2016-10-14 12:00:00,27987.0,28016.582551887815
8280,2016-10-14 13:00:00,27746.0,27774.38194457827
8281,2016-10-14 14:00:00,27620.0,27619.441420641124
8282,2016-10-14 15:00:00,27578.0,27583.332529526895
8283,2016-10-14 16:00:00,27581.0,27622.781650186454
8284,2016-10-14 17:00:00,27785.0,27825.804019454314
8285,2016-10-14 18:00:00,28073.0,28105.86738030907
8286,2016-10-14 19:00:00,28860.0,28847.427379516623
8287,2016-10-14 20:00:00,29258.0,29244.65523977752
8288,2016-10-14 21:00:00,28602.0,28640.788265174862
8289,2016-10-14 22:00:00,27427.0,27469.65135661611
8290,2016-10-14 23:00:00,25804.0,25833.845464693153
8291,2016-10-15 00:00:00,24037.0,24062.713601173517
8292,2016-10-13 01:00:00,22480.0,22485.816401423486
8293,2016-10-13 02:00:00,21618.0,21601.83349011478
8294,2016-10-13 03:00:00,21185.0,21159.06325675675
8295,2016-10-13 04:00:00,21057.0,21021.03383019882
8296,2016-10-13 05:00:00,21599.0,21621.820179094626
8297,2016-10-13 06:00:00,23438.0,23465.697881809683
8298,2016-10-13 07:00:00,26709.0,26694.86451844384
8299,2016-10-13 08:00:00,28361.0,28311.60411910405
8300,2016-10-13 09:00:00,28560.0,28603.859627945978
8301,2016-10-13 10:00:00,28669.0,28662.7089322156
8302,2016-10-13 11:00:00,28988.0,29035.459104772333
8303,2016-10-13 12:00:00,29204.0,29221.735956993427
8304,2016-10-13 13:00:00,29340.0,29302.401349639153
8305,2016-10-13 14:00:00,29466.0,29448.69522079853
8306,2016-10-13 15:00:00,29213.0,29228.705021077803
8307,2016-10-13 16:00:00,29008.0,29022.92528116953
8308,2016-10-13 17:00:00,29205.0,29178.198542571092
8309,2016-10-13 18:00:00,29428.0,29395.68568611845
8310,2016-10-13 19:00:00,30160.0,30137.67907994369
8311,2016-10-13 20:00:00,30941.0,30969.6891982296
8312,2016-10-13 21:00:00,30119.0,30093.18698011122
8313,2016-10-13 22:00:00,28480.0,28500.178072458242
8314,2016-10-13 23:00:00,26215.0,26251.999961010948
8315,2016-10-14 00:00:00,24130.0,24119.16223438596
8316,2016-10-12 01:00:00,22565.0,22515.699403912335
8317,2016-10-12 02:00:00,21739.0,21703.195773657964
8318,2016-10-12 03:00:00,21340.0,21321.189686723046
8319,2016-10-12 04:00:00,21308.0,21276.995422645305
8320,2016-10-12 05:00:00,21922.0,21900.951359983166
8321,2016-10-12 06:00:00,23722.0,23726.404198226217
8322,2016-10-12 07:00:00,26793.0,26745.1081099521
8323,2016-10-12 08:00:00,28320.0,28276.42814915033
8324,2016-10-12 09:00:00,28579.0,28614.57393351956
8325,2016-10-12 10:00:00,28560.0,28562.231973739665
8326,2016-10-12 11:00:00,28564.0,28607.553110942292
8327,2016-10-12 12:00:00,28624.0,28574.32756093579
8328,2016-10-12 13:00:00,28580.0,28530.01511903007
8329,2016-10-12 14:00:00,28582.0,28605.959660459335
8330,2016-10-12 15:00:00,28388.0,28385.625272048474
8331,2016-10-12 16:00:00,28505.0,28546.3798346392
8332,2016-10-12 17:00:00,28808.0,28836.65839592314
8333,2016-10-12 18:00:00,29207.0,29207.396266316468
8334,2016-10-12 19:00:00,29939.0,29936.852400187174
8335,2016-10-12 20:00:00,30771.0,30802.11804263457
8336,2016-10-12 21:00:00,29975.0,30005.37063723219
8337,2016-10-12 22:00:00,28297.0,28274.694480972124
8338,2016-10-12 23:00:00,26022.0,26039.46368598282
8339,2016-10-13 00:00:00,23960.0,23974.320225364576
8340,2016-10-11 01:00:00,22449.0,22484.608449844556
8341,2016-10-11 02:00:00,21691.0,21727.85795707983
8342,2016-10-11 03:00:00,21331.0,21307.828064179084
8343,2016-10-11 04:00:00,21265.0,21302.9742454095
8344,2016-10-11 05:00:00,21903.0,21945.457112154443
8345,2016-10-11 06:00:00,24011.0,23971.963666554067
8346,2016-10-11 07:00:00,27485.0,27492.374616439523
8347,2016-10-11 08:00:00,29169.0,29162.646368086487
8348,2016-10-11 09:00:00,29120.0,29110.19847032354
8349,2016-10-11 10:00:00,28687.0,28707.48293943046
8350,2016-10-11 11:00:00,28455.0,28417.95683601985
8351,2016-10-11 12:00:00,28231.0,28262.994580903927
8352,2016-10-11 13:00:00,28053.0,28005.659942760103
8353,2016-10-11 14:00:00,28015.0,28022.83008620511
8354,2016-10-11 15:00:00,27917.0,27889.535999946187
8355,2016-10-11 16:00:00,27963.0,27979.74689191949
8356,2016-10-11 17:00:00,28365.0,28367.543189380405
8357,2016-10-11 18:00:00,28790.0,28839.975223095742
8358,2016-10-11 19:00:00,29702.0,29738.23225414031
8359,2016-10-11 20:00:00,30493.0,30476.663274193535
8360,2016-10-11 21:00:00,29731.0,29733.84824290977
8361,2016-10-11 22:00:00,28115.0,28096.781205087314
8362,2016-10-11 23:00:00,25914.0,25936.879349165418
8363,2016-10-12 00:00:00,23987.0,23979.241313660565
8364,2016-10-10 01:00:00,21471.0,21432.543776303297
8365,2016-10-10 02:00:00,20627.0,20643.0803875832
8366,2016-10-10 03:00:00,20233.0,20184.106504788204
8367,2016-10-10 04:00:00,20224.0,20203.729007698123
8368,2016-10-10 05:00:00,20686.0,20726.714306844155
8369,2016-10-10 06:00:00,22364.0,22323.417431119105
8370,2016-10-10 07:00:00,25172.0,25172.44257404622
8371,2016-10-10 08:00:00,26833.0,26862.508848517013
8372,2016-10-10 09:00:00,27425.0,27465.45021212904
8373,2016-10-10 10:00:00,27651.0,27656.983829603574
8374,2016-10-10 11:00:00,27672.0,27637.318140050313
8375,2016-10-10 12:00:00,27592.0,27636.08574188306
8376,2016-10-10 13:00:00,27436.0,27460.925884581695
8377,2016-10-10 14:00:00,27396.0,27385.56703575885
8378,2016-10-10 15:00:00,27318.0,27295.698074127213
8379,2016-10-10 16:00:00,27424.0,27378.771648940874
8380,2016-10-10 17:00:00,27811.0,27780.143116564577
8381,2016-10-10 18:00:00,28479.0,28506.767706339248
8382,2016-10-10 19:00:00,29391.0,29351.862763225385
8383,2016-10-10 20:00:00,30423.0,30385.94125346998
8384,2016-10-10 21:00:00,29679.0,29648.593270194197
8385,2016-10-10 22:00:00,28145.0,28134.534172985244
8386,2016-10-10 23:00:00,25920.0,25888.90711456102
8387,2016-10-11 00:00:00,23941.0,23981.430350388877
8388,2016-10-09 01:00:00,22365.0,22340.765534886756
8389,2016-10-09 02:00:00,21544.0,21585.94876124641
8390,2016-10-09 03:00:00,20850.0,20898.49430208509
8391,2016-10-09 04:00:00,20393.0,20418.480335642125
8392,2016-10-09 05:00:00,20185.0,20135.743705956294
8393,2016-10-09 06:00:00,20458.0,20432.002011756653
8394,2016-10-09 07:00:00,21200.0,21176.733341374587
8395,2016-10-09 08:00:00,22151.0,22155.27545883895
8396,2016-10-09 09:00:00,23502.0,23467.839370298447
8397,2016-10-09 10:00:00,24549.0,24506.72151530944
8398,2016-10-09 11:00:00,25080.0,25047.6357742111
8399,2016-10-09 12:00:00,25365.0,25347.735196637823
8400,2016-10-09 13:00:00,25362.0,25316.92099700578
8401,2016-10-09 14:00:00,25056.0,25025.536423332334
8402,2016-10-09 15:00:00,24753.0,24719.751996598832
8403,2016-10-09 16:00:00,24568.0,24595.235932667656
8404,2016-10-09 17:00:00,24910.0,24876.957400186202
8405,2016-10-09 18:00:00,25624.0,25653.153952511082
8406,2016-10-09 19:00:00,26693.0,26693.818215204967
8407,2016-10-09 20:00:00,27903.0,27928.785417952415
8408,2016-10-09 21:00:00,27398.0,27393.035690569686
8409,2016-10-09 22:00:00,25929.0,25969.105517461903
8410,2016-10-09 23:00:00,24447.0,24424.651868239853
8411,2016-10-10 00:00:00,22923.0,22949.680685157105
8412,2016-10-08 01:00:00,22875.0,22841.342001311994
8413,2016-10-08 02:00:00,21889.0,21927.26444415794
8414,2016-10-08 03:00:00,21227.0,21179.844089746977
8415,2016-10-08 04:00:00,20914.0,20909.74361228533
8416,2016-10-08 05:00:00,20906.0,20898.12582790901
8417,2016-10-08 06:00:00,21439.0,21451.379068510483
8418,2016-10-08 07:00:00,22485.0,22479.093335955087
8419,2016-10-08 08:00:00,23330.0,23338.897867199434
8420,2016-10-08 09:00:00,24745.0,24781.170295289012
8421,2016-10-08 10:00:00,26058.0,26022.20285248491
8422,2016-10-08 11:00:00,26978.0,26952.414731944158
8423,2016-10-08 12:00:00,27336.0,27366.281991869742
8424,2016-10-08 13:00:00,27344.0,27316.80639751649
8425,2016-10-08 14:00:00,27195.0,27235.56539959643
8426,2016-10-08 15:00:00,26989.0,26993.081134723194
8427,2016-10-08 16:00:00,26866.0,26824.18643296853
8428,2016-10-08 17:00:00,27054.0,27006.06602674465
8429,2016-10-08 18:00:00,27424.0,27450.29045840265
8430,2016-10-08 19:00:00,28221.0,28256.63508320415
8431,2016-10-08 20:00:00,28509.0,28482.986459866726
8432,2016-10-08 21:00:00,27956.0,27930.07799041537
8433,2016-10-08 22:00:00,26889.0,26934.410210423754
8434,2016-10-08 23:00:00,25402.0,25417.61871366673
8435,2016-10-09 00:00:00,23771.0,23737.76141123516
8436,2016-10-07 01:00:00,22512.0,22506.85869413407
8437,2016-10-07 02:00:00,21578.0,21619.043611565317
8438,2016-10-07 03:00:00,21203.0,21215.117419533774
8439,2016-10-07 04:00:00,21053.0,21043.74695997589
8440,2016-10-07 05:00:00,21446.0,21411.10335000267
8441,2016-10-07 06:00:00,23131.0,23153.600184433555
8442,2016-10-07 07:00:00,26173.0,26150.636288913778
8443,2016-10-07 08:00:00,27651.0,27657.591070710423
8444,2016-10-07 09:00:00,28336.0,28346.01402001975
8445,2016-10-07 10:00:00,28700.0,28705.544948192273
8446,2016-10-07 11:00:00,29246.0,29220.64927915768
8447,2016-10-07 12:00:00,29367.0,29387.827459421933
8448,2016-10-07 13:00:00,29472.0,29478.605000567248
8449,2016-10-07 14:00:00,29727.0,29717.368293001047
8450,2016-10-07 15:00:00,29971.0,29926.213085257055
8451,2016-10-07 16:00:00,30184.0,30167.126379584828
8452,2016-10-07 17:00:00,30312.0,30297.24475078825
8453,2016-10-07 18:00:00,30221.0,30250.116336523406
8454,2016-10-07 19:00:00,30189.0,30190.344706741114
8455,2016-10-07 20:00:00,30609.0,30652.211886470483
8456,2016-10-07 21:00:00,29644.0,29669.072987131858
8457,2016-10-07 22:00:00,28214.0,28217.80046487134
8458,2016-10-07 23:00:00,26334.0,26300.888580554747
8459,2016-10-08 00:00:00,24369.0,24341.10332016372
8460,2016-10-06 01:00:00,22410.0,22376.0079367458
8461,2016-10-06 02:00:00,21454.0,21448.285073381292
8462,2016-10-06 03:00:00,20986.0,21008.252488439888
8463,2016-10-06 04:00:00,20888.0,20913.932482522338
8464,2016-10-06 05:00:00,21366.0,21325.61512299704
8465,2016-10-06 06:00:00,23148.0,23147.591083585583
8466,2016-10-06 07:00:00,26383.0,26381.14406084751
8467,2016-10-06 08:00:00,27945.0,27938.888665231618
8468,2016-10-06 09:00:00,28310.0,28290.121599755577
8469,2016-10-06 10:00:00,28534.0,28531.580806191072
8470,2016-10-06 11:00:00,29008.0,29009.66067284901
8471,2016-10-06 12:00:00,29181.0,29190.96961664746
8472,2016-10-06 13:00:00,29287.0,29274.73651672792
8473,2016-10-06 14:00:00,29616.0,29660.510063541522
8474,2016-10-06 15:00:00,29825.0,29808.883866065753
8475,2016-10-06 16:00:00,30117.0,30156.505092012987
8476,2016-10-06 17:00:00,30525.0,30555.12535188291
8477,2016-10-06 18:00:00,30717.0,30713.52707069769
8478,2016-10-06 19:00:00,30873.0,30872.63123796694
8479,2016-10-06 20:00:00,31722.0,31758.98615890658
8480,2016-10-06 21:00:00,30858.0,30857.272500717874
8481,2016-10-06 22:00:00,29066.0,29083.937957379632
8482,2016-10-06 23:00:00,26544.0,26574.93028881598
8483,2016-10-07 00:00:00,24310.0,24350.788121625566
8484,2016-10-05 01:00:00,22609.0,22580.816416309583
8485,2016-10-05 02:00:00,21617.0,21664.53657706233
8486,2016-10-05 03:00:00,21079.0,21125.533356983404
8487,2016-10-05 04:00:00,20910.0,20889.735496857462
8488,2016-10-05 05:00:00,21321.0,21332.372811865367
8489,2016-10-05 06:00:00,23042.0,22996.69179509555
8490,2016-10-05 07:00:00,26218.0,26184.78273401068
8491,2016-10-05 08:00:00,27756.0,27764.381717716027
8492,2016-10-05 09:00:00,28111.0,28126.010624061797
8493,2016-10-05 10:00:00,28358.0,28361.460298028975
8494,2016-10-05 11:00:00,28606.0,28626.472215770023
8495,2016-10-05 12:00:00,28730.0,28759.289076510824
8496,2016-10-05 13:00:00,28970.0,28936.845782576434
8497,2016-10-05 14:00:00,29284.0,29299.961724555105
8498,2016-10-05 15:00:00,29368.0,29374.2598236749
8499,2016-10-05 16:00:00,29569.0,29530.75862429196
8500,2016-10-05 17:00:00,29863.0,29835.860448977815
8501,2016-10-05 18:00:00,30072.0,30063.96690184011
8502,2016-10-05 19:00:00,30293.0,30329.375843579415
8503,2016-10-05 20:00:00,31224.0,31195.70257809181
8504,2016-10-05 21:00:00,30381.0,30349.292369220162
8505,2016-10-05 22:00:00,28620.0,28642.095172783647
8506,2016-10-05 23:00:00,26279.0,26326.579294283332
8507,2016-10-06 00:00:00,24102.0,24096.732875767375
8508,2016-10-04 01:00:00,22903.0,22888.013761441332
8509,2016-10-04 02:00:00,21844.0,21819.394058931957
8510,2016-10-04 03:00:00,21355.0,21309.97408636593
8511,2016-10-04 04:00:00,21144.0,21111.841412153175
8512,2016-10-04 05:00:00,21612.0,21571.341506621848
8513,2016-10-04 06:00:00,23318.0,23317.410155468977
8514,2016-10-04 07:00:00,26463.0,26510.819752695406
8515,2016-10-04 08:00:00,28023.0,28051.740242417076
8516,2016-10-04 09:00:00,28591.0,28601.169008359975
8517,2016-10-04 10:00:00,29178.0,29176.66382697453
8518,2016-10-04 11:00:00,29671.0,29682.71819910319
8519,2016-10-04 12:00:00,30078.0,30065.602664307662
8520,2016-10-04 13:00:00,30095.0,30062.83852936449
8521,2016-10-04 14:00:00,30164.0,30172.977365359897
8522,2016-10-04 15:00:00,30070.0,30072.810328900166
8523,2016-10-04 16:00:00,30005.0,30049.453668781865
8524,2016-10-04 17:00:00,30150.0,30164.983284706406
8525,2016-10-04 18:00:00,30208.0,30235.34305088643
8526,2016-10-04 19:00:00,30525.0,30484.27017158855
8527,2016-10-04 20:00:00,31504.0,31530.09370005985
8528,2016-10-04 21:00:00,30690.0,30738.284883713546
8529,2016-10-04 22:00:00,28854.0,28869.749556124258
8530,2016-10-04 23:00:00,26483.0,26507.208370371536
8531,2016-10-05 00:00:00,24257.0,24304.952124632444
8532,2016-10-03 01:00:00,22286.0,22275.127472306103
8533,2016-10-03 02:00:00,21419.0,21451.417851348277
8534,2016-10-03 03:00:00,20984.0,20973.969252823023
8535,2016-10-03 04:00:00,20921.0,20913.59186166667
8536,2016-10-03 05:00:00,21446.0,21461.82418849306
8537,2016-10-03 06:00:00,23214.0,23189.641915818876
8538,2016-10-03 07:00:00,26145.0,26194.27818195261
8539,2016-10-03 08:00:00,27941.0,27923.923156683057
8540,2016-10-03 09:00:00,28778.0,28740.28499614899
8541,2016-10-03 10:00:00,29443.0,29425.255405700893
8542,2016-10-03 11:00:00,30013.0,30048.5966230289
8543,2016-10-03 12:00:00,30258.0,30239.392803770534
8544,2016-10-03 13:00:00,30554.0,30565.13556149131
8545,2016-10-03 14:00:00,30903.0,30946.5320210824
8546,2016-10-03 15:00:00,31113.0,31088.996605644672
8547,2016-10-03 16:00:00,31242.0,31205.136532807577
8548,2016-10-03 17:00:00,31397.0,31356.68482498631
8549,2016-10-03 18:00:00,31459.0,31453.03682004236
8550,2016-10-03 19:00:00,31510.0,31470.428670262296
8551,2016-10-03 20:00:00,32308.0,32303.380840747028
8552,2016-10-03 21:00:00,31368.0,31404.271693915063
8553,2016-10-03 22:00:00,29489.0,29516.748382803864
8554,2016-10-03 23:00:00,27014.0,27022.17008534408
8555,2016-10-04 00:00:00,24677.0,24712.04225061183
8556,2016-10-02 01:00:00,22159.0,22119.02700479319
8557,2016-10-02 02:00:00,21195.0,21205.941769596662
8558,2016-10-02 03:00:00,20554.0,20515.564137092595
8559,2016-10-02 04:00:00,20212.0,20210.21394112686
8560,2016-10-02 05:00:00,20165.0,20161.346237737296
8561,2016-10-02 06:00:00,20451.0,20427.515536493123
8562,2016-10-02 07:00:00,21195.0,21227.985463751764
8563,2016-10-02 08:00:00,21961.0,21933.822766593625
8564,2016-10-02 09:00:00,23340.0,23345.189424623863
8565,2016-10-02 10:00:00,24722.0,24720.226134503147
8566,2016-10-02 11:00:00,25565.0,25558.165221126237
8567,2016-10-02 12:00:00,26114.0,26067.354214817795
8568,2016-10-02 13:00:00,26381.0,26400.673385930048
8569,2016-10-02 14:00:00,26496.0,26447.268534332772
8570,2016-10-02 15:00:00,26569.0,26601.054720414875
8571,2016-10-02 16:00:00,26732.0,26708.639458679136
8572,2016-10-02 17:00:00,27204.0,27166.000543154907
8573,2016-10-02 18:00:00,27781.0,27772.70406753495
8574,2016-10-02 19:00:00,28380.0,28385.9360549713
8575,2016-10-02 20:00:00,29327.0,29308.036265859162
8576,2016-10-02 21:00:00,28764.0,28726.17847729455
8577,2016-10-02 22:00:00,27383.0,27334.832727395038
8578,2016-10-02 23:00:00,25579.0,25599.38132429105
8579,2016-10-03 00:00:00,23729.0,23767.643579366242
8580,2016-10-01 01:00:00,22493.0,22453.052105467978
8581,2016-10-01 02:00:00,21505.0,21478.06337665949
8582,2016-10-01 03:00:00,20902.0,20854.02291603481
8583,2016-10-01 04:00:00,20609.0,20647.50662351495
8584,2016-10-01 05:00:00,20599.0,20593.473854923937
8585,2016-10-01 06:00:00,21111.0,21153.51952084247
8586,2016-10-01 07:00:00,22099.0,22095.80993303351
8587,2016-10-01 08:00:00,23239.0,23275.218310635955
8588,2016-10-01 09:00:00,24768.0,24813.175642825157
8589,2016-10-01 10:00:00,26014.0,25997.515167312205
8590,2016-10-01 11:00:00,26778.0,26792.071105518437
8591,2016-10-01 12:00:00,27015.0,27031.64200030428
8592,2016-10-01 13:00:00,26988.0,26940.14087351951
8593,2016-10-01 14:00:00,26756.0,26749.82291647963
8594,2016-10-01 15:00:00,26546.0,26581.532783987175
8595,2016-10-01 16:00:00,26427.0,26471.628526247183
8596,2016-10-01 17:00:00,26534.0,26573.922087372554
8597,2016-10-01 18:00:00,26905.0,26952.289793307755
8598,2016-10-01 19:00:00,27405.0,27420.304186245306
8599,2016-10-01 20:00:00,28062.0,28035.279938507752
8600,2016-10-01 21:00:00,27638.0,27645.538217113222
8601,2016-10-01 22:00:00,26651.0,26643.114395661698
8602,2016-10-01 23:00:00,25195.0,25170.86525754822
8603,2016-10-02 00:00:00,23589.0,23616.278614475053
8604,2016-09-30 01:00:00,22791.0,22803.91987299165
8605,2016-09-30 02:00:00,21851.0,21880.01042084212
8606,2016-09-30 03:00:00,21329.0,21305.94906678167
8607,2016-09-30 04:00:00,21182.0,21222.38845456183
8608,2016-09-30 05:00:00,21596.0,21569.87137399192
8609,2016-09-30 06:00:00,23197.0,23207.19224137796
8610,2016-09-30 07:00:00,26149.0,26104.689466339973
8611,2016-09-30 08:00:00,28099.0,28103.096426841425
8612,2016-09-30 09:00:00,28904.0,28863.872340981852
8613,2016-09-30 10:00:00,29460.0,29443.22148949798
8614,2016-09-30 11:00:00,29821.0,29857.068925869757
8615,2016-09-30 12:00:00,29867.0,29906.352731514056
8616,2016-09-30 13:00:00,29752.0,29778.729853051344
8617,2016-09-30 14:00:00,29652.0,29638.770379190435
8618,2016-09-30 15:00:00,29380.0,29387.872281498927
8619,2016-09-30 16:00:00,29202.0,29174.397896639955
8620,2016-09-30 17:00:00,29251.0,29268.834919514426
8621,2016-09-30 18:00:00,29451.0,29435.740301840116
8622,2016-09-30 19:00:00,29647.0,29619.09986019214
8623,2016-09-30 20:00:00,29822.0,29830.497035789987
8624,2016-09-30 21:00:00,29051.0,29012.180219136757
8625,2016-09-30 22:00:00,27778.0,27796.669898061686
8626,2016-09-30 23:00:00,25993.0,25961.70054249287
8627,2016-10-01 00:00:00,24123.0,24128.34553609832
8628,2016-09-29 01:00:00,23159.0,23148.250848595217
8629,2016-09-29 02:00:00,22197.0,22203.624471076993
8630,2016-09-29 03:00:00,21641.0,21615.59618697738
8631,2016-09-29 04:00:00,21498.0,21479.03893187937
8632,2016-09-29 05:00:00,21984.0,21948.03210943067
8633,2016-09-29 06:00:00,23731.0,23758.696564548067
8634,2016-09-29 07:00:00,26981.0,26938.011202473026
8635,2016-09-29 08:00:00,29047.0,29034.643451254626
8636,2016-09-29 09:00:00,29836.0,29830.909678962387
8637,2016-09-29 10:00:00,30342.0,30311.5206211814
8638,2016-09-29 11:00:00,30834.0,30822.482161553333
8639,2016-09-29 12:00:00,30963.0,30954.808822109164
8640,2016-09-29 13:00:00,30903.0,30875.433039098567
8641,2016-09-29 14:00:00,30811.0,30824.925574207464
8642,2016-09-29 15:00:00,30496.0,30449.085400530224
8643,2016-09-29 16:00:00,30284.0,30253.756466383922
8644,2016-09-29 17:00:00,30331.0,30343.40749714616
8645,2016-09-29 18:00:00,30495.0,30507.75274409501
8646,2016-09-29 19:00:00,30895.0,30871.526259891787
8647,2016-09-29 20:00:00,31258.0,31276.304923900396
8648,2016-09-29 21:00:00,30464.0,30460.978881510684
8649,2016-09-29 22:00:00,28789.0,28791.724666245304
8650,2016-09-29 23:00:00,26436.0,26419.261036327483
8651,2016-09-30 00:00:00,24336.0,24384.42723214881
8652,2016-09-28 01:00:00,23150.0,23173.738722698283
8653,2016-09-28 02:00:00,22136.0,22110.84298995174
8654,2016-09-28 03:00:00,21544.0,21517.656327959023
8655,2016-09-28 04:00:00,21284.0,21311.417349349038
8656,2016-09-28 05:00:00,21753.0,21741.80109205294
8657,2016-09-28 06:00:00,23450.0,23409.15119552374
8658,2016-09-28 07:00:00,26653.0,26606.559991298458
8659,2016-09-28 08:00:00,28245.0,28236.395601664593
8660,2016-09-28 09:00:00,28949.0,28940.470804496446
8661,2016-09-28 10:00:00,29612.0,29632.68567021226
8662,2016-09-28 11:00:00,30358.0,30365.47716552146
8663,2016-09-28 12:00:00,30727.0,30754.012013446736
8664,2016-09-28 13:00:00,30904.0,30885.7752239448
8665,2016-09-28 14:00:00,30995.0,31007.425147249032
8666,2016-09-28 15:00:00,30839.0,30877.57027876033
8667,2016-09-28 16:00:00,30833.0,30789.92870537585
8668,2016-09-28 17:00:00,31010.0,31030.84513329126
8669,2016-09-28 18:00:00,31214.0,31235.588301123553
8670,2016-09-28 19:00:00,31561.0,31590.403029019388
8671,2016-09-28 20:00:00,32065.0,32041.904731978302
8672,2016-09-28 21:00:00,31213.0,31204.652088734034
8673,2016-09-28 22:00:00,29469.0,29442.97083453458
8674,2016-09-28 23:00:00,26970.0,26950.85818901227
8675,2016-09-29 00:00:00,24818.0,24864.85084924839
8676,2016-09-27 01:00:00,23467.0,23461.565400763502
8677,2016-09-27 02:00:00,22503.0,22537.85524473405
8678,2016-09-27 03:00:00,22036.0,22065.487985398348
8679,2016-09-27 04:00:00,21887.0,21881.45260301773
8680,2016-09-27 05:00:00,22426.0,22475.21791308324
8681,2016-09-27 06:00:00,24205.0,24239.078051894787
8682,2016-09-27 07:00:00,27486.0,27484.26950598936
8683,2016-09-27 08:00:00,29254.0,29234.97056811139
8684,2016-09-27 09:00:00,29899.0,29856.529455133044
8685,2016-09-27 10:00:00,30269.0,30265.479990505417
8686,2016-09-27 11:00:00,30769.0,30755.000990342884
8687,2016-09-27 12:00:00,30973.0,30994.137688324154
8688,2016-09-27 13:00:00,31157.0,31108.967836427346
8689,2016-09-27 14:00:00,31482.0,31515.14476676242
8690,2016-09-27 15:00:00,31774.0,31765.66281377914
8691,2016-09-27 16:00:00,32211.0,32207.973258203332
8692,2016-09-27 17:00:00,32640.0,32608.279017790857
8693,2016-09-27 18:00:00,32817.0,32860.74821017747
8694,2016-09-27 19:00:00,32363.0,32352.838719858635
8695,2016-09-27 20:00:00,32960.0,32994.272479766965
8696,2016-09-27 21:00:00,32032.0,32005.745345732827
8697,2016-09-27 22:00:00,30033.0,29992.665699649086
8698,2016-09-27 23:00:00,27386.0,27399.57609698793
8699,2016-09-28 00:00:00,24926.0,24974.44164898994
8700,2016-09-26 01:00:00,21561.0,21575.694156955637
8701,2016-09-26 02:00:00,20797.0,20807.871312333824
8702,2016-09-26 03:00:00,20329.0,20323.223071802466
8703,2016-09-26 04:00:00,20289.0,20267.38012948768
8704,2016-09-26 05:00:00,20832.0,20825.08332575911
8705,2016-09-26 06:00:00,22660.0,22624.895694521347
8706,2016-09-26 07:00:00,25703.0,25679.190676535658
8707,2016-09-26 08:00:00,27311.0,27309.738542027913
8708,2016-09-26 09:00:00,28064.0,28028.479555968588
8709,2016-09-26 10:00:00,28634.0,28663.153181943362
8710,2016-09-26 11:00:00,29355.0,29306.15613201021
8711,2016-09-26 12:00:00,29751.0,29733.15934246873
8712,2016-09-26 13:00:00,29881.0,29882.665146042393
8713,2016-09-26 14:00:00,30133.0,30175.89478038077
8714,2016-09-26 15:00:00,30192.0,30199.34522093724
8715,2016-09-26 16:00:00,30229.0,30208.49039760149
8716,2016-09-26 17:00:00,30461.0,30446.219068734612
8717,2016-09-26 18:00:00,30684.0,30667.915895019287
8718,2016-09-26 19:00:00,31123.0,31091.036937957622
8719,2016-09-26 20:00:00,31893.0,31857.484867688116
8720,2016-09-26 21:00:00,31090.0,31088.063542710464
8721,2016-09-26 22:00:00,29194.0,29171.026104113673
8722,2016-09-26 23:00:00,27083.0,27042.1842868205
8723,2016-09-27 00:00:00,25169.0,25140.647865682186
8724,2016-09-25 01:00:00,22325.0,22327.072607359663
8725,2016-09-25 02:00:00,21229.0,21204.68932283509
8726,2016-09-25 03:00:00,20509.0,20482.77421824208
8727,2016-09-25 04:00:00,20085.0,20097.06564957593
8728,2016-09-25 05:00:00,19878.0,19896.94163652974
8729,2016-09-25 06:00:00,20130.0,20104.124588872266
8730,2016-09-25 07:00:00,20660.0,20657.21412871586
8731,2016-09-25 08:00:00,21180.0,21206.456675302074
8732,2016-09-25 09:00:00,22471.0,22489.990425860404
8733,2016-09-25 10:00:00,23537.0,23493.92907249337
8734,2016-09-25 11:00:00,24154.0,24140.00708039334
8735,2016-09-25 12:00:00,24608.0,24630.327569188048
8736,2016-09-25 13:00:00,25001.0,24968.943749042282
8737,2016-09-25 14:00:00,25343.0,25312.592718256186
8738,2016-09-25 15:00:00,25812.0,25825.017170778243
8739,2016-09-25 16:00:00,26408.0,26386.375095358006
8740,2016-09-25 17:00:00,27220.0,27202.375042721826
8741,2016-09-25 18:00:00,27943.0,27945.281561923945
8742,2016-09-25 19:00:00,28036.0,28061.05806170009
8743,2016-09-25 20:00:00,28976.0,28975.828886357296
8744,2016-09-25 21:00:00,28560.0,28599.342688083736
8745,2016-09-25 22:00:00,26999.0,26959.66408187262
8746,2016-09-25 23:00:00,24939.0,24964.414922811007
8747,2016-09-26 00:00:00,23032.0,23036.363819346425
8748,2016-09-24 01:00:00,27927.0,27958.668651358854
8749,2016-09-24 02:00:00,26211.0,26192.64032609762
8750,2016-09-24 03:00:00,25018.0,25016.210144695484
8751,2016-09-24 04:00:00,24262.0,24294.35977197839
8752,2016-09-24 05:00:00,23923.0,23956.178138335858
8753,2016-09-24 06:00:00,24155.0,24142.59904701179
8754,2016-09-24 07:00:00,24981.0,25013.219599522676
8755,2016-09-24 08:00:00,25838.0,25856.239842987517
8756,2016-09-24 09:00:00,27345.0,27335.942952342237
8757,2016-09-24 10:00:00,28386.0,28432.970549090052
8758,2016-09-24 11:00:00,28957.0,28910.08943210965
8759,2016-09-24 12:00:00,28966.0,28954.266288877458
8760,2016-09-24 13:00:00,28762.0,28742.695264530543
8761,2016-09-24 14:00:00,28524.0,28567.576044806927
8762,2016-09-24 15:00:00,28419.0,28378.945323610427
8763,2016-09-24 16:00:00,28488.0,28500.802444998208
8764,2016-09-24 17:00:00,28889.0,28910.66280253528
8765,2016-09-24 18:00:00,29135.0,29103.41758240282
8766,2016-09-24 19:00:00,28880.0,28844.99475141134
8767,2016-09-24 20:00:00,29385.0,29339.783133320314
8768,2016-09-24 21:00:00,28866.0,28831.887520047778
8769,2016-09-24 22:00:00,27593.0,27623.821503626205
8770,2016-09-24 23:00:00,25884.0,25928.395616645415
8771,2016-09-25 00:00:00,24011.0,24051.142224110066
8772,2016-09-23 01:00:00,25986.0,25972.53047957675
8773,2016-09-23 02:00:00,24456.0,24478.58755095181
8774,2016-09-23 03:00:00,23603.0,23635.704367083417
8775,2016-09-23 04:00:00,23151.0,23182.248548853262
8776,2016-09-23 05:00:00,23172.0,23128.268494596512
8777,2016-09-23 06:00:00,25010.0,24981.483037349746
8778,2016-09-23 07:00:00,27892.0,27935.894493070027
8779,2016-09-23 08:00:00,29400.0,29423.99061661377
8780,2016-09-23 09:00:00,30555.0,30588.435240478913
8781,2016-09-23 10:00:00,31921.0,31922.412324640358
8782,2016-09-23 11:00:00,33436.0,33425.30560484706
8783,2016-09-23 12:00:00,35055.0,35070.12236529808
8784,2016-09-23 13:00:00,36628.0,36625.28567237956
8785,2016-09-23 14:00:00,38544.0,38531.376211263676
8786,2016-09-23 15:00:00,40244.0,40228.7875563287
8787,2016-09-23 16:00:00,41729.0,41694.79069942831
8788,2016-09-23 17:00:00,42682.0,42684.94131893078
8789,2016-09-23 18:00:00,42508.0,42509.98465707246
8790,2016-09-23 19:00:00,40597.0,40606.0769549743
8791,2016-09-23 20:00:00,39534.0,39495.62236552529
8792,2016-09-23 21:00:00,37971.0,38012.49229974756
8793,2016-09-23 22:00:00,35803.0,35827.20561231571
8794,2016-09-23 23:00:00,33158.0,33121.09641001126
8795,2016-09-24 00:00:00,30414.0,30371.934394378786
8796,2016-09-22 01:00:00,26443.0,26457.29206725127
8797,2016-09-22 02:00:00,24817.0,24801.15027195106
8798,2016-09-22 03:00:00,23906.0,23887.904855364744
8799,2016-09-22 04:00:00,23452.0,23485.999106113028
8800,2016-09-22 05:00:00,23733.0,23717.51431994847
8801,2016-09-22 06:00:00,25331.0,25344.218202202686
8802,2016-09-22 07:00:00,28348.0,28351.70745115215
8803,2016-09-22 08:00:00,29709.0,29685.29673825901
8804,2016-09-22 09:00:00,30832.0,30815.16400712332
8805,2016-09-22 10:00:00,32241.0,32285.31928899047
8806,2016-09-22 11:00:00,33791.0,33774.137287319994
8807,2016-09-22 12:00:00,35159.0,35187.40034309789
8808,2016-09-22 13:00:00,36525.0,36561.12754901008
8809,2016-09-22 14:00:00,38132.0,38089.103799577664
8810,2016-09-22 15:00:00,39418.0,39434.31055002137
8811,2016-09-22 16:00:00,40523.0,40547.92605606945
8812,2016-09-22 17:00:00,41331.0,41324.402168418696
8813,2016-09-22 18:00:00,41067.0,41073.93250763625
8814,2016-09-22 19:00:00,39430.0,39396.18058554354
8815,2016-09-22 20:00:00,38692.0,38673.84972607407
8816,2016-09-22 21:00:00,37268.0,37288.766696393846
8817,2016-09-22 22:00:00,34606.0,34616.257123326766
8818,2016-09-22 23:00:00,31375.0,31338.638574362576
8819,2016-09-23 00:00:00,28387.0,28435.80486980949
8820,2016-09-21 01:00:00,27569.0,27612.778912339934
8821,2016-09-21 02:00:00,26023.0,25995.411728425464
8822,2016-09-21 03:00:00,25093.0,25130.51205632892
8823,2016-09-21 04:00:00,24589.0,24565.716930273702
8824,2016-09-21 05:00:00,24906.0,24912.37391303752
8825,2016-09-21 06:00:00,26550.0,26578.205100341034
8826,2016-09-21 07:00:00,29750.0,29734.40802010193
8827,2016-09-21 08:00:00,31430.0,31435.51473934582
8828,2016-09-21 09:00:00,32374.0,32369.03536081376
8829,2016-09-21 10:00:00,33319.0,33345.01986165615
8830,2016-09-21 11:00:00,34476.0,34473.8675705379
8831,2016-09-21 12:00:00,35494.0,35500.69111978486
8832,2016-09-21 13:00:00,36714.0,36748.55576979363
8833,2016-09-21 14:00:00,38090.0,38109.86455376361
8834,2016-09-21 15:00:00,39223.0,39225.75032753953
8835,2016-09-21 16:00:00,40117.0,40113.12915959244
8836,2016-09-21 17:00:00,40619.0,40581.67656520018
8837,2016-09-21 18:00:00,40133.0,40088.636648303545
8838,2016-09-21 19:00:00,38914.0,38959.27754265636
8839,2016-09-21 20:00:00,38776.0,38744.65265625466
8840,2016-09-21 21:00:00,37575.0,37552.68717074772
8841,2016-09-21 22:00:00,35061.0,35072.09485367467
8842,2016-09-21 23:00:00,31875.0,31907.792571821734
8843,2016-09-22 00:00:00,28867.0,28900.31419675119
8844,2016-09-20 01:00:00,26909.0,26941.964741760432
8845,2016-09-20 02:00:00,25568.0,25615.808800759758
8846,2016-09-20 03:00:00,24767.0,24722.57030467463
8847,2016-09-20 04:00:00,24417.0,24406.9848198236
8848,2016-09-20 05:00:00,24871.0,24912.358774590244
8849,2016-09-20 06:00:00,26661.0,26657.733781760027
8850,2016-09-20 07:00:00,30041.0,30078.129662342326
8851,2016-09-20 08:00:00,31914.0,31865.76564506704
8852,2016-09-20 09:00:00,32896.0,32896.436781866905
8853,2016-09-20 10:00:00,33805.0,33847.24522159176
8854,2016-09-20 11:00:00,34912.0,34888.12828857752
8855,2016-09-20 12:00:00,35976.0,36018.965830984154
8856,2016-09-20 13:00:00,37002.0,36952.84772872092
8857,2016-09-20 14:00:00,38119.0,38076.89275378552
8858,2016-09-20 15:00:00,39023.0,39020.68246225161
8859,2016-09-20 16:00:00,39712.0,39672.63796084464
8860,2016-09-20 17:00:00,40219.0,40191.55973155492
8861,2016-09-20 18:00:00,40112.0,40091.75250213785
8862,2016-09-20 19:00:00,39397.0,39395.14960093632
8863,2016-09-20 20:00:00,39648.0,39637.051363532264
8864,2016-09-20 21:00:00,38669.0,38711.21476386496
8865,2016-09-20 22:00:00,36247.0,36285.60146614868
8866,2016-09-20 23:00:00,33026.0,33050.80708911134
8867,2016-09-21 00:00:00,29972.0,29987.930831103902
8868,2016-09-19 01:00:00,29829.0,29799.434106023
8869,2016-09-19 02:00:00,28414.0,28424.182625837962
8870,2016-09-19 03:00:00,27588.0,27552.706276754165
8871,2016-09-19 04:00:00,27329.0,27324.271911769087
8872,2016-09-19 05:00:00,27798.0,27794.152375177317
8873,2016-09-19 06:00:00,29727.0,29745.97099565721
8874,2016-09-19 07:00:00,32983.0,33016.512672514065
8875,2016-09-19 08:00:00,34856.0,34838.05022693971
8876,2016-09-19 09:00:00,35640.0,35594.118127615875
8877,2016-09-19 10:00:00,36209.0,36163.69703716509
8878,2016-09-19 11:00:00,36658.0,36695.48242882873
8879,2016-09-19 12:00:00,36801.0,36799.632586028194
8880,2016-09-19 13:00:00,36796.0,36770.80125830891
8881,2016-09-19 14:00:00,36804.0,36757.22867273993
8882,2016-09-19 15:00:00,36487.0,36489.876433804566
8883,2016-09-19 16:00:00,36322.0,36285.70947798535
8884,2016-09-19 17:00:00,36452.0,36443.70280672001
8885,2016-09-19 18:00:00,36648.0,36649.60777150161
8886,2016-09-19 19:00:00,36575.0,36547.920032579656
8887,2016-09-19 20:00:00,37129.0,37098.88368061721
8888,2016-09-19 21:00:00,36476.0,36427.98080706929
8889,2016-09-19 22:00:00,34462.0,34470.55207851045
8890,2016-09-19 23:00:00,31690.0,31660.044121105642
8891,2016-09-20 00:00:00,29064.0,29101.822844582784
8892,2016-09-18 01:00:00,26209.0,26219.377654977583
8893,2016-09-18 02:00:00,24908.0,24913.641432974706
8894,2016-09-18 03:00:00,23963.0,23963.468466460814
8895,2016-09-18 04:00:00,23433.0,23404.53100783909
8896,2016-09-18 05:00:00,23246.0,23292.9410444277
8897,2016-09-18 06:00:00,23559.0,23605.70446294744
8898,2016-09-18 07:00:00,24182.0,24164.127242457984
8899,2016-09-18 08:00:00,25118.0,25145.621622402297
8900,2016-09-18 09:00:00,27167.0,27128.92460657109
8901,2016-09-18 10:00:00,29358.0,29386.052884563185
8902,2016-09-18 11:00:00,31452.0,31430.63319329713
8903,2016-09-18 12:00:00,33343.0,33321.91344759673
8904,2016-09-18 13:00:00,35047.0,35047.72333094476
8905,2016-09-18 14:00:00,36505.0,36494.232896166875
8906,2016-09-18 15:00:00,37769.0,37730.78311429738
8907,2016-09-18 16:00:00,38628.0,38637.307714293
8908,2016-09-18 17:00:00,39200.0,39171.384360938224
8909,2016-09-18 18:00:00,39725.0,39719.44797813048
8910,2016-09-18 19:00:00,39513.0,39486.10106898309
8911,2016-09-18 20:00:00,40153.0,40188.75852416266
8912,2016-09-18 21:00:00,39420.0,39403.802167727205
8913,2016-09-18 22:00:00,37304.0,37342.749082516595
8914,2016-09-18 23:00:00,34597.0,34579.60972435593
8915,2016-09-19 00:00:00,31969.0,31936.94970720533
8916,2016-09-17 01:00:00,24155.0,24162.66346426825
8917,2016-09-17 02:00:00,22976.0,22981.513777625576
8918,2016-09-17 03:00:00,22149.0,22160.891355711297
8919,2016-09-17 04:00:00,21729.0,21709.213959857636
8920,2016-09-17 05:00:00,21671.0,21652.996891586336
8921,2016-09-17 06:00:00,22155.0,22128.743008352758
8922,2016-09-17 07:00:00,22957.0,22999.8400970225
8923,2016-09-17 08:00:00,23927.0,23945.29557315639
8924,2016-09-17 09:00:00,25592.0,25617.62557487942
8925,2016-09-17 10:00:00,27018.0,26987.416314010756
8926,2016-09-17 11:00:00,28136.0,28152.15782908665
8927,2016-09-17 12:00:00,29070.0,29096.26643172623
8928,2016-09-17 13:00:00,30056.0,30040.245610707625
8929,2016-09-17 14:00:00,31047.0,31012.769260701247
8930,2016-09-17 15:00:00,31908.0,31927.70042495112
8931,2016-09-17 16:00:00,32483.0,32494.114359203348
8932,2016-09-17 17:00:00,32981.0,32988.56182481422
8933,2016-09-17 18:00:00,33121.0,33089.25666459055
8934,2016-09-17 19:00:00,32797.0,32773.249209043795
8935,2016-09-17 20:00:00,33252.0,33264.488452918966
8936,2016-09-17 21:00:00,32956.0,32967.3586224085
8937,2016-09-17 22:00:00,31721.0,31726.47228334818
8938,2016-09-17 23:00:00,29963.0,29989.813936598726
8939,2016-09-18 00:00:00,28007.0,28038.465719790278
8940,2016-09-16 01:00:00,24681.0,24658.65141353766
8941,2016-09-16 02:00:00,23438.0,23403.760756429117
8942,2016-09-16 03:00:00,22756.0,22726.11677841017
8943,2016-09-16 04:00:00,22411.0,22389.130879593173
8944,2016-09-16 05:00:00,22719.0,22763.774857260916
8945,2016-09-16 06:00:00,24314.0,24277.71621150715
8946,2016-09-16 07:00:00,27039.0,27076.876149112533
8947,2016-09-16 08:00:00,28578.0,28548.337745920417
8948,2016-09-16 09:00:00,29533.0,29517.844571304937
8949,2016-09-16 10:00:00,30458.0,30420.58726633963
8950,2016-09-16 11:00:00,31263.0,31223.336035097574
8951,2016-09-16 12:00:00,31866.0,31825.514304312288
8952,2016-09-16 13:00:00,32370.0,32354.27589066658
8953,2016-09-16 14:00:00,32897.0,32899.36920889942
8954,2016-09-16 15:00:00,33385.0,33355.08075400124
8955,2016-09-16 16:00:00,33755.0,33798.26742314463
8956,2016-09-16 17:00:00,34121.0,34129.64187801676
8957,2016-09-16 18:00:00,33764.0,33802.50647549504
8958,2016-09-16 19:00:00,32736.0,32700.881878364755
8959,2016-09-16 20:00:00,32654.0,32618.349448807283
8960,2016-09-16 21:00:00,32004.0,32038.67527020828
8961,2016-09-16 22:00:00,30419.0,30425.79813545687
8962,2016-09-16 23:00:00,28342.0,28385.858679527108
8963,2016-09-17 00:00:00,26046.0,26010.689685234775
8964,2016-09-15 01:00:00,29261.0,29213.601797962085
8965,2016-09-15 02:00:00,27378.0,27419.65605490855
8966,2016-09-15 03:00:00,26110.0,26129.883710524788
8967,2016-09-15 04:00:00,25379.0,25409.716804834996
8968,2016-09-15 05:00:00,25438.0,25417.601401359916
8969,2016-09-15 06:00:00,26810.0,26760.30664194831
8970,2016-09-15 07:00:00,29515.0,29513.287984954906
8971,2016-09-15 08:00:00,30740.0,30789.00094157847
8972,2016-09-15 09:00:00,31431.0,31471.753741706787
8973,2016-09-15 10:00:00,32121.0,32078.20227850441
8974,2016-09-15 11:00:00,32806.0,32774.77836599735
8975,2016-09-15 12:00:00,33377.0,33358.12278971188
8976,2016-09-15 13:00:00,33863.0,33896.04004552764
8977,2016-09-15 14:00:00,34629.0,34661.4714431746
8978,2016-09-15 15:00:00,35222.0,35190.50045028338
8979,2016-09-15 16:00:00,35814.0,35817.30800771448
8980,2016-09-15 17:00:00,36206.0,36206.179486587745
8981,2016-09-15 18:00:00,35920.0,35911.428049579794
8982,2016-09-15 19:00:00,34740.0,34743.592045590194
8983,2016-09-15 20:00:00,34678.0,34657.27888640258
8984,2016-09-15 21:00:00,34148.0,34151.15491726585
8985,2016-09-15 22:00:00,32075.0,32093.560818307564
8986,2016-09-15 23:00:00,29320.0,29276.250327733433
8987,2016-09-16 00:00:00,26701.0,26747.730589987572
8988,2016-09-14 01:00:00,28125.0,28091.53035989668
8989,2016-09-14 02:00:00,26548.0,26534.029866321973
8990,2016-09-14 03:00:00,25515.0,25512.062736251224
8991,2016-09-14 04:00:00,25075.0,25029.098444052863
8992,2016-09-14 05:00:00,25330.0,25334.83618355826
8993,2016-09-14 06:00:00,26992.0,27028.997376696563
8994,2016-09-14 07:00:00,29947.0,29987.101816294744
8995,2016-09-14 08:00:00,31637.0,31619.61916275893
8996,2016-09-14 09:00:00,33261.0,33266.8796608676
8997,2016-09-14 10:00:00,35241.0,35268.679743160974
8998,2016-09-14 11:00:00,37470.0,37445.28457118862
8999,2016-09-14 12:00:00,39588.0,39590.847250810846
9000,2016-09-14 13:00:00,41527.0,41513.67215996648
9001,2016-09-14 14:00:00,43596.0,43583.8174959681
9002,2016-09-14 15:00:00,45300.0,45259.413753267974
9003,2016-09-14 16:00:00,46758.0,46748.68896351035
9004,2016-09-14 17:00:00,47715.0,47681.08792568031
9005,2016-09-14 18:00:00,47130.0,47110.12700724579
9006,2016-09-14 19:00:00,45107.0,45090.02811029
9007,2016-09-14 20:00:00,43900.0,43893.059994548945
9008,2016-09-14 21:00:00,42237.0,42278.691373895956
9009,2016-09-14 22:00:00,39316.0,39329.09970856511
9010,2016-09-14 23:00:00,35621.0,35668.44620384881
9011,2016-09-15 00:00:00,32057.0,32066.06515162588
9012,2016-09-13 01:00:00,25887.0,25917.549004310047
9013,2016-09-13 02:00:00,24540.0,24573.415146629228
9014,2016-09-13 03:00:00,23768.0,23791.900380456012
9015,2016-09-13 04:00:00,23446.0,23462.99149724717
9016,2016-09-13 05:00:00,23829.0,23820.791499183648
9017,2016-09-13 06:00:00,25495.0,25501.727614520503
9018,2016-09-13 07:00:00,28423.0,28392.37166736329
9019,2016-09-13 08:00:00,30048.0,30059.824664638345
9020,2016-09-13 09:00:00,31399.0,31400.429652209834
9021,2016-09-13 10:00:00,32855.0,32885.4325255643
9022,2016-09-13 11:00:00,34351.0,34391.25436244522
9023,2016-09-13 12:00:00,35733.0,35696.27945517929
9024,2016-09-13 13:00:00,37229.0,37248.09078016154
9025,2016-09-13 14:00:00,38808.0,38853.00463080639
9026,2016-09-13 15:00:00,40221.0,40262.78808374172
9027,2016-09-13 16:00:00,41442.0,41475.442625030366
9028,2016-09-13 17:00:00,42564.0,42518.83410004336
9029,2016-09-13 18:00:00,42773.0,42748.24841166399
9030,2016-09-13 19:00:00,41386.0,41350.82884647206
9031,2016-09-13 20:00:00,40701.0,40743.69344608369
9032,2016-09-13 21:00:00,39865.0,39889.88898155457
9033,2016-09-13 22:00:00,37201.0,37204.17846363303
9034,2016-09-13 23:00:00,33832.0,33879.9400235421
9035,2016-09-14 00:00:00,30609.0,30578.471876534102
9036,2016-09-12 01:00:00,26248.0,26262.15719177989
9037,2016-09-12 02:00:00,24773.0,24783.938102827364
9038,2016-09-12 03:00:00,23784.0,23768.045424491986
9039,2016-09-12 04:00:00,23316.0,23314.538029208437
9040,2016-09-12 05:00:00,23654.0,23627.538616865997
9041,2016-09-12 06:00:00,25226.0,25243.711475574797
9042,2016-09-12 07:00:00,27859.0,27850.82407103403
9043,2016-09-12 08:00:00,29317.0,29269.355009697905
9044,2016-09-12 09:00:00,30527.0,30572.078522307394
9045,2016-09-12 10:00:00,31714.0,31714.141915727243
9046,2016-09-12 11:00:00,32962.0,32982.56338797013
9047,2016-09-12 12:00:00,34059.0,34028.6929990178
9048,2016-09-12 13:00:00,35104.0,35066.722971791605
9049,2016-09-12 14:00:00,36299.0,36339.24219296466
9050,2016-09-12 15:00:00,37276.0,37285.09325233189
9051,2016-09-12 16:00:00,38329.0,38328.3350871883
9052,2016-09-12 17:00:00,39115.0,39117.115003565414
9053,2016-09-12 18:00:00,39305.0,39278.62025972051
9054,2016-09-12 19:00:00,38052.0,38093.26863685127
9055,2016-09-12 20:00:00,37224.0,37195.42401846037
9056,2016-09-12 21:00:00,36412.0,36377.8006277834
9057,2016-09-12 22:00:00,33900.0,33943.00458878555
9058,2016-09-12 23:00:00,30891.0,30866.757385630306
9059,2016-09-13 00:00:00,27977.0,28013.248471888975
9060,2016-09-11 01:00:00,35994.0,36021.251280749624
9061,2016-09-11 02:00:00,33927.0,33915.19436175585
9062,2016-09-11 03:00:00,32494.0,32469.40020062891
9063,2016-09-11 04:00:00,31461.0,31486.898857455602
9064,2016-09-11 05:00:00,30916.0,30925.759869095007
9065,2016-09-11 06:00:00,30815.0,30790.404034977302
9066,2016-09-11 07:00:00,31055.0,31094.087946608714
9067,2016-09-11 08:00:00,31550.0,31572.098241775297
9068,2016-09-11 09:00:00,33430.0,33470.92781306897
9069,2016-09-11 10:00:00,35448.0,35441.747038696434
9070,2016-09-11 11:00:00,36739.0,36701.819951421276
9071,2016-09-11 12:00:00,37539.0,37581.407536159
9072,2016-09-11 13:00:00,38077.0,38087.142603056374
9073,2016-09-11 14:00:00,38539.0,38549.60595004708
9074,2016-09-11 15:00:00,38988.0,38996.42654412897
9075,2016-09-11 16:00:00,39535.0,39532.23930225297
9076,2016-09-11 17:00:00,39939.0,39914.504307981035
9077,2016-09-11 18:00:00,39821.0,39832.302187802095
9078,2016-09-11 19:00:00,38600.0,38621.86027443068
9079,2016-09-11 20:00:00,37699.0,37740.65431850231
9080,2016-09-11 21:00:00,36899.0,36856.21477080649
9081,2016-09-11 22:00:00,34464.0,34439.47095325525
9082,2016-09-11 23:00:00,31441.0,31468.66857867555
9083,2016-09-12 00:00:00,28601.0,28628.515069348392
9084,2016-09-10 01:00:00,35939.0,35910.20345061258
9085,2016-09-10 02:00:00,33838.0,33806.47176788764
9086,2016-09-10 03:00:00,32304.0,32290.714020925945
9087,2016-09-10 04:00:00,31200.0,31156.29153650848
9088,2016-09-10 05:00:00,30664.0,30687.03607855364
9089,2016-09-10 06:00:00,30810.0,30826.98087251049
9090,2016-09-10 07:00:00,31428.0,31463.87254943332
9091,2016-09-10 08:00:00,32691.0,32684.00491471056
9092,2016-09-10 09:00:00,35779.0,35792.673600903974
9093,2016-09-10 10:00:00,39196.0,39241.3949488779
9094,2016-09-10 11:00:00,42312.0,42357.880231462535
9095,2016-09-10 12:00:00,45279.0,45236.10776141538
9096,2016-09-10 13:00:00,47539.0,47489.18843449508
9097,2016-09-10 14:00:00,49136.0,49181.998439503004
9098,2016-09-10 15:00:00,49988.0,49991.531660194676
9099,2016-09-10 16:00:00,50253.0,50273.04005409286
9100,2016-09-10 17:00:00,50249.0,50290.25971580386
9101,2016-09-10 18:00:00,49494.0,49487.315459910336
9102,2016-09-10 19:00:00,47983.0,47977.06532819481
9103,2016-09-10 20:00:00,47156.0,47122.69815709225
9104,2016-09-10 21:00:00,46257.0,46297.58282805851
9105,2016-09-10 22:00:00,44073.0,44087.767330603194
9106,2016-09-10 23:00:00,41531.0,41499.02692472916
9107,2016-09-11 00:00:00,38610.0,38615.97920145679
9108,2016-09-09 01:00:00,37033.0,37015.81639383895
9109,2016-09-09 02:00:00,35058.0,35022.718196980655
9110,2016-09-09 03:00:00,33704.0,33672.18694473948
9111,2016-09-09 04:00:00,33055.0,33060.92571578102
9112,2016-09-09 05:00:00,33069.0,33075.43852259328
9113,2016-09-09 06:00:00,34671.0,34699.994078105236
9114,2016-09-09 07:00:00,37665.0,37639.798428420334
9115,2016-09-09 08:00:00,39407.0,39448.58333822414
9116,2016-09-09 09:00:00,41080.0,41081.8612931547
9117,2016-09-09 10:00:00,43372.0,43342.41726888413
9118,2016-09-09 11:00:00,45992.0,45983.32805756034
9119,2016-09-09 12:00:00,48301.0,48343.335927204076
9120,2016-09-09 13:00:00,50264.0,50261.815654286685
9121,2016-09-09 14:00:00,51640.0,51677.4715110479
9122,2016-09-09 15:00:00,52417.0,52382.983273516664
9123,2016-09-09 16:00:00,53074.0,53115.39583986093
9124,2016-09-09 17:00:00,53467.0,53460.06188054995
9125,2016-09-09 18:00:00,52935.0,52978.612694353076
9126,2016-09-09 19:00:00,50992.0,51028.60785194623
9127,2016-09-09 20:00:00,49506.0,49521.99663068829
9128,2016-09-09 21:00:00,48080.0,48097.2846416953
9129,2016-09-09 22:00:00,45481.0,45452.15079878769
9130,2016-09-09 23:00:00,42023.0,42033.28297789229
9131,2016-09-10 00:00:00,38809.0,38813.94955718917
9132,2016-09-08 01:00:00,31591.0,31574.414703634044
9133,2016-09-08 02:00:00,29892.0,29892.562152424845
9134,2016-09-08 03:00:00,28790.0,28832.91435520282
9135,2016-09-08 04:00:00,28231.0,28181.530566379144
9136,2016-09-08 05:00:00,28451.0,28442.71240927976
9137,2016-09-08 06:00:00,30192.0,30175.363872077087
9138,2016-09-08 07:00:00,33286.0,33332.12310674199
9139,2016-09-08 08:00:00,35277.0,35324.38942312857
9140,2016-09-08 09:00:00,37289.0,37297.566053563605
9141,2016-09-08 10:00:00,39718.0,39723.000696844065
9142,2016-09-08 11:00:00,42380.0,42420.32124968105
9143,2016-09-08 12:00:00,44995.0,44945.654247376464
9144,2016-09-08 13:00:00,47572.0,47578.22806029223
9145,2016-09-08 14:00:00,49955.0,49907.463240832156
9146,2016-09-08 15:00:00,51546.0,51592.816227131705
9147,2016-09-08 16:00:00,52814.0,52796.01595573413
9148,2016-09-08 17:00:00,53545.0,53547.08013018385
9149,2016-09-08 18:00:00,53463.0,53454.75685045973
9150,2016-09-08 19:00:00,52302.0,52341.36241241402
9151,2016-09-08 20:00:00,51431.0,51480.98179441584
9152,2016-09-08 21:00:00,50277.0,50233.83879779862
9153,2016-09-08 22:00:00,47329.0,47352.203113598334
9154,2016-09-08 23:00:00,43405.0,43391.79986239482
9155,2016-09-09 00:00:00,39801.0,39764.90729197484
9156,2016-09-07 01:00:00,29696.0,29686.54375296355
9157,2016-09-07 02:00:00,28030.0,28079.814663019086
9158,2016-09-07 03:00:00,26961.0,26946.756729935187
9159,2016-09-07 04:00:00,26421.0,26398.739948846454
9160,2016-09-07 05:00:00,26648.0,26682.61713745999
9161,2016-09-07 06:00:00,28422.0,28458.793799982344
9162,2016-09-07 07:00:00,31445.0,31428.886915483195
9163,2016-09-07 08:00:00,33384.0,33363.867314061245
9164,2016-09-07 09:00:00,34959.0,34973.728147754744
9165,2016-09-07 10:00:00,36633.0,36603.51784837206
9166,2016-09-07 11:00:00,38506.0,38504.36854026227
9167,2016-09-07 12:00:00,40559.0,40523.13436916477
9168,2016-09-07 13:00:00,42429.0,42409.47547782328
9169,2016-09-07 14:00:00,44292.0,44271.748149769875
9170,2016-09-07 15:00:00,45618.0,45637.489996500946
9171,2016-09-07 16:00:00,47055.0,47033.22730349947
9172,2016-09-07 17:00:00,48224.0,48263.84957033906
9173,2016-09-07 18:00:00,48292.0,48340.30460943692
9174,2016-09-07 19:00:00,46617.0,46575.10617012574
9175,2016-09-07 20:00:00,45432.0,45421.76476318476
9176,2016-09-07 21:00:00,44294.0,44274.184106349414
9177,2016-09-07 22:00:00,41501.0,41486.199012851095
9178,2016-09-07 23:00:00,37772.0,37748.535488607
9179,2016-09-08 00:00:00,34311.0,34299.2664861203
9180,2016-09-06 01:00:00,26792.0,26756.1414592769
9181,2016-09-06 02:00:00,25337.0,25314.981827554533
9182,2016-09-06 03:00:00,24514.0,24538.781787795637
9183,2016-09-06 04:00:00,24186.0,24170.404652565176
9184,2016-09-06 05:00:00,24604.0,24574.783489732486
9185,2016-09-06 06:00:00,26329.0,26289.844403856485
9186,2016-09-06 07:00:00,29391.0,29375.800414728317
9187,2016-09-06 08:00:00,31221.0,31235.340908862036
9188,2016-09-06 09:00:00,32918.0,32893.330487106665
9189,2016-09-06 10:00:00,34701.0,34693.244569091585
9190,2016-09-06 11:00:00,36496.0,36541.23985797492
9191,2016-09-06 12:00:00,38165.0,38170.23628518335
9192,2016-09-06 13:00:00,39802.0,39805.19386158641
9193,2016-09-06 14:00:00,41350.0,41340.99433125691
9194,2016-09-06 15:00:00,42475.0,42480.683997700726
9195,2016-09-06 16:00:00,43167.0,43215.45672743972
9196,2016-09-06 17:00:00,43724.0,43699.38069054589
9197,2016-09-06 18:00:00,43782.0,43826.19278948493
9198,2016-09-06 19:00:00,42839.0,42803.9070984377
9199,2016-09-06 20:00:00,42201.0,42162.11053635465
9200,2016-09-06 21:00:00,41698.0,41713.466949574315
9201,2016-09-06 22:00:00,39133.0,39108.1179024669
9202,2016-09-06 23:00:00,35608.0,35602.43923063074
9203,2016-09-07 00:00:00,32289.0,32311.965476857782
9204,2016-09-05 01:00:00,24340.0,24343.484150316308
9205,2016-09-05 02:00:00,22969.0,22920.374934933054
9206,2016-09-05 03:00:00,22116.0,22096.584323297302
9207,2016-09-05 04:00:00,21629.0,21585.468666979228
9208,2016-09-05 05:00:00,21544.0,21586.61145500557
9209,2016-09-05 06:00:00,21896.0,21925.46485934168
9210,2016-09-05 07:00:00,22345.0,22393.38416836764
9211,2016-09-05 08:00:00,22766.0,22804.510951244174
9212,2016-09-05 09:00:00,24415.0,24412.533202065635
9213,2016-09-05 10:00:00,26350.0,26388.259751721052
9214,2016-09-05 11:00:00,28053.0,28070.243861332827
9215,2016-09-05 12:00:00,29427.0,29429.4599656391
9216,2016-09-05 13:00:00,30555.0,30542.06460459179
9217,2016-09-05 14:00:00,31645.0,31663.09661759364
9218,2016-09-05 15:00:00,32821.0,32830.013342295395
9219,2016-09-05 16:00:00,34186.0,34197.41849825832
9220,2016-09-05 17:00:00,35753.0,35742.983133115704
9221,2016-09-05 18:00:00,36938.0,36961.93151142899
9222,2016-09-05 19:00:00,36822.0,36780.134276763376
9223,2016-09-05 20:00:00,36562.0,36584.61589627792
9224,2016-09-05 21:00:00,36688.0,36711.07613136069
9225,2016-09-05 22:00:00,34669.0,34670.59433953814
9226,2016-09-05 23:00:00,31767.0,31743.328315026847
9227,2016-09-06 00:00:00,29003.0,29004.927651440637
9228,2016-09-04 01:00:00,24410.0,24372.308618542604
9229,2016-09-04 02:00:00,23120.0,23098.514377538704
9230,2016-09-04 03:00:00,22279.0,22271.12998785943
9231,2016-09-04 04:00:00,21727.0,21744.323378499008
9232,2016-09-04 05:00:00,21532.0,21500.721676775505
9233,2016-09-04 06:00:00,21673.0,21638.817075173236
9234,2016-09-04 07:00:00,21939.0,21949.77963621678
9235,2016-09-04 08:00:00,22473.0,22490.954554100303
9236,2016-09-04 09:00:00,24063.0,24021.365575281332
9237,2016-09-04 10:00:00,25683.0,25636.31631834696
9238,2016-09-04 11:00:00,27030.0,26994.714985140115
9239,2016-09-04 12:00:00,28117.0,28157.102670160726
9240,2016-09-04 13:00:00,29039.0,29056.263853518736
9241,2016-09-04 14:00:00,29922.0,29964.102591101524
9242,2016-09-04 15:00:00,30746.0,30762.471480316715
9243,2016-09-04 16:00:00,31661.0,31707.523724072307
9244,2016-09-04 17:00:00,32567.0,32560.890667046497
9245,2016-09-04 18:00:00,32984.0,32993.90989382278
9246,2016-09-04 19:00:00,32390.0,32400.118545120542
9247,2016-09-04 20:00:00,31656.0,31606.313991646057
9248,2016-09-04 21:00:00,31536.0,31488.745446036035
9249,2016-09-04 22:00:00,30171.0,30135.52652108123
9250,2016-09-04 23:00:00,28310.0,28311.112955515426
9251,2016-09-05 00:00:00,26246.0,26239.05265204072
9252,2016-09-03 01:00:00,26231.0,26234.974905888284
9253,2016-09-03 02:00:00,24775.0,24805.049079399934
9254,2016-09-03 03:00:00,23818.0,23850.224027852866
9255,2016-09-03 04:00:00,23220.0,23267.701485355505
9256,2016-09-03 05:00:00,23042.0,23047.75478000539
9257,2016-09-03 06:00:00,23367.0,23351.721548896512
9258,2016-09-03 07:00:00,24023.0,24003.802770487353
9259,2016-09-03 08:00:00,24833.0,24817.074157664356
9260,2016-09-03 09:00:00,26606.0,26588.382960192874
9261,2016-09-03 10:00:00,28241.0,28230.29199745554
9262,2016-09-03 11:00:00,29462.0,29419.488142113572
9263,2016-09-03 12:00:00,30246.0,30259.343247354762
9264,2016-09-03 13:00:00,30597.0,30603.804122307603
9265,2016-09-03 14:00:00,30719.0,30715.196089257144
9266,2016-09-03 15:00:00,30868.0,30826.110529041354
9267,2016-09-03 16:00:00,31208.0,31167.32086928088
9268,2016-09-03 17:00:00,31717.0,31721.510517525174
9269,2016-09-03 18:00:00,31954.0,31907.658036696983
9270,2016-09-03 19:00:00,31392.0,31414.478893063293
9271,2016-09-03 20:00:00,31047.0,31096.3778142132
9272,2016-09-03 21:00:00,31171.0,31180.740689889022
9273,2016-09-03 22:00:00,29973.0,29995.343148202843
9274,2016-09-03 23:00:00,28192.0,28185.893599243096
9275,2016-09-04 00:00:00,26228.0,26244.741233098233
9276,2016-09-02 01:00:00,28024.0,28039.17803232986
9277,2016-09-02 02:00:00,26304.0,26336.409089589804
9278,2016-09-02 03:00:00,25080.0,25101.13395853797
9279,2016-09-02 04:00:00,24304.0,24328.90495440334
9280,2016-09-02 05:00:00,24518.0,24523.66359937876
9281,2016-09-02 06:00:00,25844.0,25842.451493592755
9282,2016-09-02 07:00:00,27873.0,27868.871649378067
9283,2016-09-02 08:00:00,29547.0,29536.201092063107
9284,2016-09-02 09:00:00,31137.0,31113.60277633235
9285,2016-09-02 10:00:00,32602.0,32555.331104377798
9286,2016-09-02 11:00:00,33889.0,33906.10956328055
9287,2016-09-02 12:00:00,34973.0,35013.096119472575
9288,2016-09-02 13:00:00,35970.0,36013.04824376214
9289,2016-09-02 14:00:00,37126.0,37134.056170670134
9290,2016-09-02 15:00:00,37916.0,37875.41366082612
9291,2016-09-02 16:00:00,38310.0,38347.86643070425
9292,2016-09-02 17:00:00,38466.0,38490.77448823426
9293,2016-09-02 18:00:00,37987.0,37962.14110542152
9294,2016-09-02 19:00:00,36393.0,36423.35449409039
9295,2016-09-02 20:00:00,35451.0,35448.200794807
9296,2016-09-02 21:00:00,34970.0,35008.75931116723
9297,2016-09-02 22:00:00,33328.0,33302.76109327639
9298,2016-09-02 23:00:00,30929.0,30959.090592062734
9299,2016-09-03 00:00:00,28419.0,28440.191031576753
9300,2016-09-01 01:00:00,32756.0,32707.44411723987
9301,2016-09-01 02:00:00,30913.0,30919.33346088457
9302,2016-09-01 03:00:00,29700.0,29721.553427795756
9303,2016-09-01 04:00:00,29022.0,28987.641078865272
9304,2016-09-01 05:00:00,29132.0,29135.18989354573
9305,2016-09-01 06:00:00,30748.0,30728.40779102454
9306,2016-09-01 07:00:00,33697.0,33716.62529149776
9307,2016-09-01 08:00:00,35389.0,35393.01398128865
9308,2016-09-01 09:00:00,36349.0,36361.14579943217
9309,2016-09-01 10:00:00,37138.0,37095.25398373216
9310,2016-09-01 11:00:00,38104.0,38067.7795140198
9311,2016-09-01 12:00:00,38753.0,38758.208918069045
9312,2016-09-01 13:00:00,39402.0,39370.1172882024
9313,2016-09-01 14:00:00,40288.0,40287.86911712088
9314,2016-09-01 15:00:00,40844.0,40863.00292989277
9315,2016-09-01 16:00:00,40978.0,41008.97717089074
9316,2016-09-01 17:00:00,41180.0,41144.30068060081
9317,2016-09-01 18:00:00,41255.0,41279.18788671603
9318,2016-09-01 19:00:00,40259.0,40245.318608443275
9319,2016-09-01 20:00:00,39492.0,39509.89329699947
9320,2016-09-01 21:00:00,39205.0,39169.528463263116
9321,2016-09-01 22:00:00,37009.0,37010.51751817299
9322,2016-09-01 23:00:00,33776.0,33809.75622754948
9323,2016-09-02 00:00:00,30556.0,30516.643141965145
9324,2016-08-31 01:00:00,31264.0,31296.768075819058
9325,2016-08-31 02:00:00,29495.0,29490.276839574744
9326,2016-08-31 03:00:00,28308.0,28340.327160272245
9327,2016-08-31 04:00:00,27639.0,27684.83877100364
9328,2016-08-31 05:00:00,27852.0,27817.965260930152
9329,2016-08-31 06:00:00,29536.0,29553.456960939275
9330,2016-08-31 07:00:00,32226.0,32199.509645386905
9331,2016-08-31 08:00:00,34149.0,34112.555427537016
9332,2016-08-31 09:00:00,36276.0,36288.80825960473
9333,2016-08-31 10:00:00,38603.0,38563.79836324486
9334,2016-08-31 11:00:00,41143.0,41139.517257012405
9335,2016-08-31 12:00:00,43455.0,43468.59543403495
9336,2016-08-31 13:00:00,45661.0,45660.963072796134
9337,2016-08-31 14:00:00,47161.0,47180.7069277372
9338,2016-08-31 15:00:00,48326.0,48356.14120029665
9339,2016-08-31 16:00:00,49078.0,49115.22464227479
9340,2016-08-31 17:00:00,49386.0,49391.987225573255
9341,2016-08-31 18:00:00,48887.0,48864.66304709013
9342,2016-08-31 19:00:00,47271.0,47271.96618681524
9343,2016-08-31 20:00:00,46283.0,46271.76886073819
9344,2016-08-31 21:00:00,45495.0,45467.59255895832
9345,2016-08-31 22:00:00,42759.0,42761.90673265238
9346,2016-08-31 23:00:00,39112.0,39064.26548627533
9347,2016-09-01 00:00:00,35356.0,35366.55648994565
9348,2016-08-30 01:00:00,32104.0,32136.160379335706
9349,2016-08-30 02:00:00,29909.0,29958.94357205385
9350,2016-08-30 03:00:00,28530.0,28572.1679074764
9351,2016-08-30 04:00:00,27698.0,27656.98159160778
9352,2016-08-30 05:00:00,27663.0,27629.242937969873
9353,2016-08-30 06:00:00,29068.0,29031.864462285994
9354,2016-08-30 07:00:00,31269.0,31274.83515528407
9355,2016-08-30 08:00:00,33146.0,33100.59359661844
9356,2016-08-30 09:00:00,35222.0,35265.69927338782
9357,2016-08-30 10:00:00,37317.0,37273.183667028614
9358,2016-08-30 11:00:00,39577.0,39566.12505553426
9359,2016-08-30 12:00:00,41715.0,41754.396981750106
9360,2016-08-30 13:00:00,43596.0,43640.83783204927
9361,2016-08-30 14:00:00,45271.0,45267.52907855258
9362,2016-08-30 15:00:00,46564.0,46562.84315471478
9363,2016-08-30 16:00:00,47595.0,47608.617709369646
9364,2016-08-30 17:00:00,48361.0,48351.76388018182
9365,2016-08-30 18:00:00,48427.0,48409.466130441346
9366,2016-08-30 19:00:00,46917.0,46940.94270121466
9367,2016-08-30 20:00:00,45025.0,45034.53583046823
9368,2016-08-30 21:00:00,44139.0,44137.16710945969
9369,2016-08-30 22:00:00,41303.0,41263.07873351152
9370,2016-08-30 23:00:00,37566.0,37522.8861620005
9371,2016-08-31 00:00:00,34058.0,34059.08152254385
9372,2016-08-29 01:00:00,31318.0,31329.943171985098
9373,2016-08-29 02:00:00,29563.0,29578.751172409688
9374,2016-08-29 03:00:00,28451.0,28490.489010792196
9375,2016-08-29 04:00:00,27930.0,27961.622486362467
9376,2016-08-29 05:00:00,28185.0,28149.076223887045
9377,2016-08-29 06:00:00,29829.0,29858.44309588499
9378,2016-08-29 07:00:00,32238.0,32255.63031431464
9379,2016-08-29 08:00:00,34298.0,34330.80288944617
9380,2016-08-29 09:00:00,36732.0,36766.33545982439
9381,2016-08-29 10:00:00,39299.0,39283.55325837996
9382,2016-08-29 11:00:00,42164.0,42140.326886305906
9383,2016-08-29 12:00:00,44747.0,44752.263402825214
9384,2016-08-29 13:00:00,47008.0,46987.86076880471
9385,2016-08-29 14:00:00,49006.0,48990.96853400293
9386,2016-08-29 15:00:00,50391.0,50347.91600654197
9387,2016-08-29 16:00:00,51421.0,51470.13637251934
9388,2016-08-29 17:00:00,52038.0,52018.92969594208
9389,2016-08-29 18:00:00,51904.0,51932.00733197233
9390,2016-08-29 19:00:00,50284.0,50333.31582946404
9391,2016-08-29 20:00:00,48083.0,48129.9126016604
9392,2016-08-29 21:00:00,46825.0,46838.38831502541
9393,2016-08-29 22:00:00,43450.0,43453.866144998356
9394,2016-08-29 23:00:00,39234.0,39214.92764948448
9395,2016-08-30 00:00:00,35221.0,35257.150672681775
9396,2016-08-28 01:00:00,31084.0,31067.799514435435
9397,2016-08-28 02:00:00,29154.0,29114.672379577303
9398,2016-08-28 03:00:00,27769.0,27748.409839134307
9399,2016-08-28 04:00:00,26811.0,26792.50973261091
9400,2016-08-28 05:00:00,26309.0,26330.84853723582
9401,2016-08-28 06:00:00,26222.0,26188.954195872437
9402,2016-08-28 07:00:00,26303.0,26284.686323367485
9403,2016-08-28 08:00:00,27277.0,27234.658642450446
9404,2016-08-28 09:00:00,30086.0,30120.840115631363
9405,2016-08-28 10:00:00,33076.0,33098.477545219466
9406,2016-08-28 11:00:00,35996.0,35989.748700323755
9407,2016-08-28 12:00:00,38483.0,38476.00152660894
9408,2016-08-28 13:00:00,40642.0,40608.63717980814
9409,2016-08-28 14:00:00,42448.0,42436.44731251555
9410,2016-08-28 15:00:00,43909.0,43949.68251744523
9411,2016-08-28 16:00:00,45073.0,45036.86580231203
9412,2016-08-28 17:00:00,46007.0,46033.50283824316
9413,2016-08-28 18:00:00,46325.0,46279.71758249176
9414,2016-08-28 19:00:00,45289.0,45270.167954952245
9415,2016-08-28 20:00:00,43653.0,43687.693755105014
9416,2016-08-28 21:00:00,42975.0,42969.498371740076
9417,2016-08-28 22:00:00,40486.0,40506.269404091276
9418,2016-08-28 23:00:00,37195.0,37155.35417586326
9419,2016-08-29 00:00:00,33982.0,34000.34257406667
9420,2016-08-27 01:00:00,33746.0,33777.90206441152
9421,2016-08-27 02:00:00,31387.0,31417.52458632231
9422,2016-08-27 03:00:00,29711.0,29704.8869751922
9423,2016-08-27 04:00:00,28553.0,28593.414119823123
9424,2016-08-27 05:00:00,27930.0,27937.49749759218
9425,2016-08-27 06:00:00,27982.0,28013.78717438896
9426,2016-08-27 07:00:00,28237.0,28208.34593107953
9427,2016-08-27 08:00:00,29657.0,29628.024051328037
9428,2016-08-27 09:00:00,32708.0,32733.436219582793
9429,2016-08-27 10:00:00,35810.0,35824.66351260683
9430,2016-08-27 11:00:00,38446.0,38463.63098884306
9431,2016-08-27 12:00:00,40689.0,40662.65702834892
9432,2016-08-27 13:00:00,42429.0,42418.96226342745
9433,2016-08-27 14:00:00,43802.0,43777.83796902587
9434,2016-08-27 15:00:00,44927.0,44883.812592947346
9435,2016-08-27 16:00:00,45510.0,45480.39411870121
9436,2016-08-27 17:00:00,46352.0,46401.516429488576
9437,2016-08-27 18:00:00,46120.0,46093.40419459923
9438,2016-08-27 19:00:00,44706.0,44671.92932368259
9439,2016-08-27 20:00:00,42703.0,42722.687679850394
9440,2016-08-27 21:00:00,41763.0,41773.21444357661
9441,2016-08-27 22:00:00,39453.0,39477.60130659842
9442,2016-08-27 23:00:00,36571.0,36586.3673095998
9443,2016-08-28 00:00:00,33660.0,33632.29933948862
9444,2016-08-26 01:00:00,33399.0,33399.09060416265
9445,2016-08-26 02:00:00,31479.0,31446.664281047204
9446,2016-08-26 03:00:00,30333.0,30308.35379286404
9447,2016-08-26 04:00:00,29740.0,29788.691764912524
9448,2016-08-26 05:00:00,29890.0,29912.86799417933
9449,2016-08-26 06:00:00,31472.0,31500.28504747379
9450,2016-08-26 07:00:00,33952.0,33905.00591601324
9451,2016-08-26 08:00:00,36364.0,36352.21339398109
9452,2016-08-26 09:00:00,39359.0,39364.52488770924
9453,2016-08-26 10:00:00,42587.0,42551.96740203183
9454,2016-08-26 11:00:00,45477.0,45511.85464216354
9455,2016-08-26 12:00:00,47846.0,47809.96002098337
9456,2016-08-26 13:00:00,49665.0,49678.650547000514
9457,2016-08-26 14:00:00,51165.0,51170.31872066266
9458,2016-08-26 15:00:00,52026.0,52060.93132046129
9459,2016-08-26 16:00:00,52667.0,52648.1810724628
9460,2016-08-26 17:00:00,53069.0,53047.40837083066
9461,2016-08-26 18:00:00,52763.0,52797.641310924424
9462,2016-08-26 19:00:00,50902.0,50874.14058408469
9463,2016-08-26 20:00:00,48375.0,48399.60413966317
9464,2016-08-26 21:00:00,46901.0,46870.11458569945
9465,2016-08-26 22:00:00,44075.0,44112.569541259894
9466,2016-08-26 23:00:00,40454.0,40487.906354224135
9467,2016-08-27 00:00:00,36846.0,36874.74630493466
9468,2016-08-25 01:00:00,29731.0,29730.147127979584
9469,2016-08-25 02:00:00,27996.0,27949.383922117682
9470,2016-08-25 03:00:00,26780.0,26743.24652022982
9471,2016-08-25 04:00:00,26143.0,26138.66051025391
9472,2016-08-25 05:00:00,26263.0,26217.364764441543
9473,2016-08-25 06:00:00,27767.0,27723.347244293487
9474,2016-08-25 07:00:00,30051.0,30013.550383773912
9475,2016-08-25 08:00:00,32213.0,32189.08466975603
9476,2016-08-25 09:00:00,34410.0,34434.93227894463
9477,2016-08-25 10:00:00,36621.0,36575.79823947601
9478,2016-08-25 11:00:00,38924.0,38972.36393953563
9479,2016-08-25 12:00:00,41043.0,41020.382952058695
9480,2016-08-25 13:00:00,43051.0,43033.01977780349
9481,2016-08-25 14:00:00,45096.0,45070.78848878425
9482,2016-08-25 15:00:00,46486.0,46496.23907798825
9483,2016-08-25 16:00:00,47039.0,46990.94266272131
9484,2016-08-25 17:00:00,47346.0,47305.35695257033
9485,2016-08-25 18:00:00,47233.0,47192.87774390479
9486,2016-08-25 19:00:00,46243.0,46259.45324254985
9487,2016-08-25 20:00:00,45192.0,45174.952173760896
9488,2016-08-25 21:00:00,44958.0,44951.74941874723
9489,2016-08-25 22:00:00,42779.0,42823.997335337415
9490,2016-08-25 23:00:00,39373.0,39343.0042876822
9491,2016-08-26 00:00:00,36106.0,36063.01967883459
9492,2016-08-24 01:00:00,27076.0,27070.1423229582
9493,2016-08-24 02:00:00,25844.0,25810.407321240946
9494,2016-08-24 03:00:00,24899.0,24863.46571484882
9495,2016-08-24 04:00:00,24411.0,24402.013208305918
9496,2016-08-24 05:00:00,24584.0,24600.965115588555
9497,2016-08-24 06:00:00,26068.0,26042.285190046012
9498,2016-08-24 07:00:00,28126.0,28163.596389520568
9499,2016-08-24 08:00:00,30183.0,30169.244794696635
9500,2016-08-24 09:00:00,32238.0,32281.404826231395
9501,2016-08-24 10:00:00,34066.0,34065.239527828046
9502,2016-08-24 11:00:00,36157.0,36179.67378931678
9503,2016-08-24 12:00:00,38126.0,38160.90168594198
9504,2016-08-24 13:00:00,39988.0,39990.97198749348
9505,2016-08-24 14:00:00,41758.0,41793.03234512904
9506,2016-08-24 15:00:00,43271.0,43258.7981786642
9507,2016-08-24 16:00:00,44491.0,44477.3404074387
9508,2016-08-24 17:00:00,45379.0,45408.40633902316
9509,2016-08-24 18:00:00,45478.0,45452.12697247062
9510,2016-08-24 19:00:00,44141.0,44162.70384911372
9511,2016-08-24 20:00:00,42319.0,42276.708695711626
9512,2016-08-24 21:00:00,41670.0,41683.562506375914
9513,2016-08-24 22:00:00,39290.0,39334.190971490905
9514,2016-08-24 23:00:00,35745.0,35740.64658869322
9515,2016-08-25 00:00:00,32403.0,32394.59650147119
9516,2016-08-23 01:00:00,26474.0,26478.054086248983
9517,2016-08-23 02:00:00,25017.0,25038.956607449032
9518,2016-08-23 03:00:00,24075.0,24060.883630914934
9519,2016-08-23 04:00:00,23616.0,23566.01300112708
9520,2016-08-23 05:00:00,23808.0,23808.208471025213
9521,2016-08-23 06:00:00,25136.0,25127.927816058214
9522,2016-08-23 07:00:00,27020.0,27023.270306167302
9523,2016-08-23 08:00:00,28943.0,28964.531228128235
9524,2016-08-23 09:00:00,30682.0,30660.3391052701
9525,2016-08-23 10:00:00,32198.0,32198.525967684658
9526,2016-08-23 11:00:00,33641.0,33616.338875028625
9527,2016-08-23 12:00:00,34932.0,34927.93466365431
9528,2016-08-23 13:00:00,36147.0,36131.45391067021
9529,2016-08-23 14:00:00,37461.0,37447.90413008009
9530,2016-08-23 15:00:00,38664.0,38671.93610506856
9531,2016-08-23 16:00:00,39803.0,39821.96109919232
9532,2016-08-23 17:00:00,40813.0,40764.26584973807
9533,2016-08-23 18:00:00,41247.0,41284.66412395027
9534,2016-08-23 19:00:00,40352.0,40338.43354085513
9535,2016-08-23 20:00:00,38711.0,38725.361032279616
9536,2016-08-23 21:00:00,38198.0,38160.23924301799
9537,2016-08-23 22:00:00,35992.0,35999.14560805892
9538,2016-08-23 23:00:00,32834.0,32851.84595305664
9539,2016-08-24 00:00:00,29828.0,29793.74380457763
9540,2016-08-22 01:00:00,29894.0,29935.215480375922
9541,2016-08-22 02:00:00,28158.0,28183.74664070451
9542,2016-08-22 03:00:00,26952.0,26955.39195605726
9543,2016-08-22 04:00:00,26331.0,26297.60660359169
9544,2016-08-22 05:00:00,26399.0,26435.555136941544
9545,2016-08-22 06:00:00,27748.0,27704.862596874907
9546,2016-08-22 07:00:00,29558.0,29519.517155801164
9547,2016-08-22 08:00:00,31700.0,31719.817423768585
9548,2016-08-22 09:00:00,33829.0,33804.38608515425
9549,2016-08-22 10:00:00,35377.0,35372.93178994347
9550,2016-08-22 11:00:00,36795.0,36798.89101228965
9551,2016-08-22 12:00:00,37895.0,37890.823415873725
9552,2016-08-22 13:00:00,38892.0,38850.389365655756
9553,2016-08-22 14:00:00,39840.0,39863.74744386285
9554,2016-08-22 15:00:00,40545.0,40518.999020776064
9555,2016-08-22 16:00:00,40935.0,40958.85316808722
9556,2016-08-22 17:00:00,41252.0,41288.52907856909
9557,2016-08-22 18:00:00,41191.0,41194.63738253897
9558,2016-08-22 19:00:00,39907.0,39927.63764386094
9559,2016-08-22 20:00:00,37958.0,37911.693778607245
9560,2016-08-22 21:00:00,37253.0,37206.674811705605
9561,2016-08-22 22:00:00,35087.0,35056.71622889298
9562,2016-08-22 23:00:00,31933.0,31918.838329149978
9563,2016-08-23 00:00:00,28868.0,28836.278384523037
9564,2016-08-21 01:00:00,33069.0,33082.496026954475
9565,2016-08-21 02:00:00,31160.0,31137.688761693084
9566,2016-08-21 03:00:00,29773.0,29807.57510253873
9567,2016-08-21 04:00:00,28875.0,28881.060379925297
9568,2016-08-21 05:00:00,28415.0,28402.807953329357
9569,2016-08-21 06:00:00,28459.0,28498.30781664846
9570,2016-08-21 07:00:00,28554.0,28586.836306147772
9571,2016-08-21 08:00:00,29822.0,29854.003514620443
9572,2016-08-21 09:00:00,32577.0,32599.835124900623
9573,2016-08-21 10:00:00,35442.0,35453.42143365702
9574,2016-08-21 11:00:00,37713.0,37699.68233991972
9575,2016-08-21 12:00:00,39776.0,39768.26004265366
9576,2016-08-21 13:00:00,41436.0,41450.71239930346
9577,2016-08-21 14:00:00,42614.0,42581.28713326131
9578,2016-08-21 15:00:00,42897.0,42929.78146214453
9579,2016-08-21 16:00:00,42424.0,42467.86702204029
9580,2016-08-21 17:00:00,41726.0,41685.79886061415
9581,2016-08-21 18:00:00,41307.0,41259.24556810558
9582,2016-08-21 19:00:00,40312.0,40276.27001745922
9583,2016-08-21 20:00:00,39561.0,39586.99026052722
9584,2016-08-21 21:00:00,39428.0,39388.78265590567
9585,2016-08-21 22:00:00,37830.0,37817.22495556206
9586,2016-08-21 23:00:00,35242.0,35198.31236159436
9587,2016-08-22 00:00:00,32339.0,32332.25571690541
9588,2016-08-20 01:00:00,32535.0,32545.385906863154
9589,2016-08-20 02:00:00,30424.0,30436.85096001749
9590,2016-08-20 03:00:00,28879.0,28880.891534594444
9591,2016-08-20 04:00:00,27877.0,27920.810791096388
9592,2016-08-20 05:00:00,27375.0,27378.113653051652
9593,2016-08-20 06:00:00,27507.0,27542.92380229515
9594,2016-08-20 07:00:00,27836.0,27885.302574488127
9595,2016-08-20 08:00:00,29417.0,29389.974539816423
9596,2016-08-20 09:00:00,32547.0,32523.553541654946
9597,2016-08-20 10:00:00,35960.0,35962.186953343684
9598,2016-08-20 11:00:00,39006.0,38974.2378382592
9599,2016-08-20 12:00:00,41451.0,41457.41250684577
9600,2016-08-20 13:00:00,43220.0,43238.438990684626
9601,2016-08-20 14:00:00,44414.0,44370.03975490136
9602,2016-08-20 15:00:00,45331.0,45349.13949027456
9603,2016-08-20 16:00:00,46023.0,45988.94668594313
9604,2016-08-20 17:00:00,46501.0,46480.931860752265
9605,2016-08-20 18:00:00,46376.0,46399.880982149596
9606,2016-08-20 19:00:00,45160.0,45126.35899959818
9607,2016-08-20 20:00:00,43236.0,43239.16830481135
9608,2016-08-20 21:00:00,42476.0,42484.917530621475
9609,2016-08-20 22:00:00,40716.0,40682.43578731634
9610,2016-08-20 23:00:00,38123.0,38100.478144566674
9611,2016-08-21 00:00:00,35380.0,35390.64639217343
9612,2016-08-19 01:00:00,33774.0,33770.119850758114
9613,2016-08-19 02:00:00,31744.0,31759.998133413454
9614,2016-08-19 03:00:00,30325.0,30360.471688102698
9615,2016-08-19 04:00:00,29456.0,29419.503402394377
9616,2016-08-19 05:00:00,29390.0,29347.063271399486
9617,2016-08-19 06:00:00,30566.0,30582.67265688371
9618,2016-08-19 07:00:00,32289.0,32316.064364701942
9619,2016-08-19 08:00:00,34689.0,34683.930698861644
9620,2016-08-19 09:00:00,37440.0,37429.390946968786
9621,2016-08-19 10:00:00,39989.0,39998.6771857122
9622,2016-08-19 11:00:00,42448.0,42453.145395226646
9623,2016-08-19 12:00:00,44512.0,44511.01706911185
9624,2016-08-19 13:00:00,46170.0,46201.87051282375
9625,2016-08-19 14:00:00,47620.0,47587.35004600318
9626,2016-08-19 15:00:00,48725.0,48743.12089115504
9627,2016-08-19 16:00:00,49466.0,49490.13397394582
9628,2016-08-19 17:00:00,49835.0,49875.13020104974
9629,2016-08-19 18:00:00,49511.0,49555.51002025814
9630,2016-08-19 19:00:00,47880.0,47880.786562833324
9631,2016-08-19 20:00:00,45533.0,45526.36400161772
9632,2016-08-19 21:00:00,44276.0,44276.39085640146
9633,2016-08-19 22:00:00,41961.0,41984.25792627607
9634,2016-08-19 23:00:00,38812.0,38763.717136877465
9635,2016-08-20 00:00:00,35437.0,35404.41439354524
9636,2016-08-18 01:00:00,34490.0,34530.76663211942
9637,2016-08-18 02:00:00,32478.0,32447.543468029075
9638,2016-08-18 03:00:00,31203.0,31175.84833576391
9639,2016-08-18 04:00:00,30497.0,30540.946433675916
9640,2016-08-18 05:00:00,30604.0,30583.428032370575
9641,2016-08-18 06:00:00,32012.0,31991.044274091688
9642,2016-08-18 07:00:00,34288.0,34330.37088448906
9643,2016-08-18 08:00:00,36154.0,36141.50819940234
9644,2016-08-18 09:00:00,37734.0,37733.394201940355
9645,2016-08-18 10:00:00,39206.0,39212.040734370945
9646,2016-08-18 11:00:00,41057.0,41093.82824779995
9647,2016-08-18 12:00:00,42902.0,42859.75714276924
9648,2016-08-18 13:00:00,44500.0,44476.08562351955
9649,2016-08-18 14:00:00,46112.0,46120.70080964688
9650,2016-08-18 15:00:00,47554.0,47547.46127754908
9651,2016-08-18 16:00:00,48736.0,48713.82807436221
9652,2016-08-18 17:00:00,49645.0,49635.9642259358
9653,2016-08-18 18:00:00,49925.0,49971.62426353098
9654,2016-08-18 19:00:00,48778.0,48730.103256506496
9655,2016-08-18 20:00:00,46746.0,46710.69745027093
9656,2016-08-18 21:00:00,45924.0,45875.86551675903
9657,2016-08-18 22:00:00,43764.0,43773.33966589258
9658,2016-08-18 23:00:00,40293.0,40244.29368752381
9659,2016-08-19 00:00:00,36768.0,36763.40159759797
9660,2016-08-17 01:00:00,38626.0,38661.91962118691
9661,2016-08-17 02:00:00,36004.0,35963.720498967676
9662,2016-08-17 03:00:00,34265.0,34251.51740554931
9663,2016-08-17 04:00:00,33304.0,33291.79979211376
9664,2016-08-17 05:00:00,33188.0,33174.22542638905
9665,2016-08-17 06:00:00,34443.0,34465.746204501505
9666,2016-08-17 07:00:00,36327.0,36277.44095989618
9667,2016-08-17 08:00:00,38799.0,38826.99650742627
9668,2016-08-17 09:00:00,41233.0,41266.90413358917
9669,2016-08-17 10:00:00,43293.0,43286.14635642046
9670,2016-08-17 11:00:00,45074.0,45112.715699575565
9671,2016-08-17 12:00:00,46612.0,46600.10390133755
9672,2016-08-17 13:00:00,47755.0,47774.472278195484
9673,2016-08-17 14:00:00,49052.0,49040.88248802458
9674,2016-08-17 15:00:00,50044.0,49997.78434210208
9675,2016-08-17 16:00:00,50936.0,50894.34263729949
9676,2016-08-17 17:00:00,51574.0,51568.20494157401
9677,2016-08-17 18:00:00,51653.0,51702.0096093222
9678,2016-08-17 19:00:00,50346.0,50313.755685864366
9679,2016-08-17 20:00:00,48341.0,48380.55819569675
9680,2016-08-17 21:00:00,47485.0,47526.93941871803
9681,2016-08-17 22:00:00,44699.0,44689.96488185018
9682,2016-08-17 23:00:00,40825.0,40821.18254874466
9683,2016-08-18 00:00:00,37298.0,37298.282044233
9684,2016-08-16 01:00:00,36089.0,36116.040684828986
9685,2016-08-16 02:00:00,34041.0,34003.3724367271
9686,2016-08-16 03:00:00,32671.0,32653.863726807773
9687,2016-08-16 04:00:00,31847.0,31814.07023381778
9688,2016-08-16 05:00:00,31832.0,31869.841415113915
9689,2016-08-16 06:00:00,33152.0,33109.05180754377
9690,2016-08-16 07:00:00,35174.0,35198.77041522009
9691,2016-08-16 08:00:00,37600.0,37593.974116565085
9692,2016-08-16 09:00:00,40238.0,40259.46041466836
9693,2016-08-16 10:00:00,42900.0,42938.98952577686
9694,2016-08-16 11:00:00,45538.0,45521.96623145691
9695,2016-08-16 12:00:00,48035.0,48007.7001396865
9696,2016-08-16 13:00:00,50073.0,50088.0218594366
9697,2016-08-16 14:00:00,51999.0,52048.752583222384
9698,2016-08-16 15:00:00,53502.0,53524.95084169289
9699,2016-08-16 16:00:00,54547.0,54576.56224079603
9700,2016-08-16 17:00:00,54878.0,54890.98572294208
9701,2016-08-16 18:00:00,54456.0,54442.8183456341
9702,2016-08-16 19:00:00,52658.0,52673.46442858888
9703,2016-08-16 20:00:00,50965.0,50927.855023124284
9704,2016-08-16 21:00:00,50140.0,50138.88180399251
9705,2016-08-16 22:00:00,47957.0,47964.30582308334
9706,2016-08-16 23:00:00,44614.0,44654.674998701645
9707,2016-08-17 00:00:00,41361.0,41402.97193310783
9708,2016-08-15 01:00:00,36819.0,36775.01245096803
9709,2016-08-15 02:00:00,34705.0,34718.18811285293
9710,2016-08-15 03:00:00,33227.0,33256.639074505925
9711,2016-08-15 04:00:00,32314.0,32317.64484428156
9712,2016-08-15 05:00:00,32280.0,32239.567015650464
9713,2016-08-15 06:00:00,33450.0,33423.27293134637
9714,2016-08-15 07:00:00,35221.0,35202.364397106954
9715,2016-08-15 08:00:00,37816.0,37832.27994103622
9716,2016-08-15 09:00:00,40541.0,40497.55784912664
9717,2016-08-15 10:00:00,43214.0,43218.962011697564
9718,2016-08-15 11:00:00,45887.0,45847.89344730893
9719,2016-08-15 12:00:00,48346.0,48335.51197878904
9720,2016-08-15 13:00:00,50496.0,50488.555628346905
9721,2016-08-15 14:00:00,52244.0,52239.18378535246
9722,2016-08-15 15:00:00,53632.0,53653.086937190325
9723,2016-08-15 16:00:00,54402.0,54360.11964176461
9724,2016-08-15 17:00:00,54777.0,54753.82423206758
9725,2016-08-15 18:00:00,54352.0,54366.11297736667
9726,2016-08-15 19:00:00,52524.0,52568.356555661936
9727,2016-08-15 20:00:00,50122.0,50134.07974955034
9728,2016-08-15 21:00:00,49101.0,49139.3366112607
9729,2016-08-15 22:00:00,46572.0,46618.84059175294
9730,2016-08-15 23:00:00,42695.0,42733.39043236839
9731,2016-08-16 00:00:00,39137.0,39184.22068753704
9732,2016-08-14 01:00:00,40597.0,40624.70414402972
9733,2016-08-14 02:00:00,38312.0,38350.71563799456
9734,2016-08-14 03:00:00,36568.0,36567.14515398629
9735,2016-08-14 04:00:00,35225.0,35209.54390632581
9736,2016-08-14 05:00:00,34390.0,34439.97106298144
9737,2016-08-14 06:00:00,34152.0,34111.77599040064
9738,2016-08-14 07:00:00,33932.0,33977.81986428012
9739,2016-08-14 08:00:00,35540.0,35533.08743000511
9740,2016-08-14 09:00:00,39012.0,38964.23833113672
9741,2016-08-14 10:00:00,42680.0,42710.30164299228
9742,2016-08-14 11:00:00,45850.0,45844.421668753566
9743,2016-08-14 12:00:00,48427.0,48456.86861333836
9744,2016-08-14 13:00:00,50265.0,50219.481647046545
9745,2016-08-14 14:00:00,51456.0,51503.41465017942
9746,2016-08-14 15:00:00,52276.0,52293.10379547672
9747,2016-08-14 16:00:00,53046.0,53000.7996181249
9748,2016-08-14 17:00:00,53716.0,53666.464677624004
9749,2016-08-14 18:00:00,53933.0,53942.400157945944
9750,2016-08-14 19:00:00,53014.0,53061.64992988603
9751,2016-08-14 20:00:00,51030.0,51032.39994895533
9752,2016-08-14 21:00:00,49600.0,49585.389438091755
9753,2016-08-14 22:00:00,46599.0,46642.8925935534
9754,2016-08-14 23:00:00,43245.0,43293.39536123938
9755,2016-08-15 00:00:00,39796.0,39824.4484806269
9756,2016-08-13 01:00:00,38746.0,38767.791475394966
9757,2016-08-13 02:00:00,36619.0,36569.20637023952
9758,2016-08-13 03:00:00,35036.0,35017.368265298726
9759,2016-08-13 04:00:00,33988.0,34030.51762448958
9760,2016-08-13 05:00:00,33438.0,33424.81358078439
9761,2016-08-13 06:00:00,33631.0,33614.45795701257
9762,2016-08-13 07:00:00,33987.0,33990.71806562155
9763,2016-08-13 08:00:00,36091.0,36085.77863613965
9764,2016-08-13 09:00:00,39925.0,39960.87978789329
9765,2016-08-13 10:00:00,43843.0,43801.16960686422
9766,2016-08-13 11:00:00,47406.0,47421.87493528112
9767,2016-08-13 12:00:00,50438.0,50457.719018716125
9768,2016-08-13 13:00:00,52465.0,52503.01127624996
9769,2016-08-13 14:00:00,53553.0,53544.578440444675
9770,2016-08-13 15:00:00,54285.0,54264.50053436195
9771,2016-08-13 16:00:00,54899.0,54911.65608623676
9772,2016-08-13 17:00:00,55116.0,55138.49250698701
9773,2016-08-13 18:00:00,54950.0,54917.097927664254
9774,2016-08-13 19:00:00,54069.0,54034.8163624699
9775,2016-08-13 20:00:00,52500.0,52476.36031403719
9776,2016-08-13 21:00:00,51738.0,51712.79173207588
9777,2016-08-13 22:00:00,49666.0,49691.06541067935
9778,2016-08-13 23:00:00,46552.0,46555.07025975216
9779,2016-08-14 00:00:00,43391.0,43395.779085337075
9780,2016-08-12 01:00:00,38580.0,38531.470216594724
9781,2016-08-12 02:00:00,36121.0,36170.42575243811
9782,2016-08-12 03:00:00,34599.0,34631.97900775006
9783,2016-08-12 04:00:00,33720.0,33714.366449587076
9784,2016-08-12 05:00:00,33690.0,33646.68822192399
9785,2016-08-12 06:00:00,35021.0,35040.42879819603
9786,2016-08-12 07:00:00,36891.0,36894.5046143347
9787,2016-08-12 08:00:00,39577.0,39594.75389051693
9788,2016-08-12 09:00:00,42632.0,42649.757748057295
9789,2016-08-12 10:00:00,45771.0,45736.47343634851
9790,2016-08-12 11:00:00,48944.0,48926.88098516924
9791,2016-08-12 12:00:00,51813.0,51764.77600507325
9792,2016-08-12 13:00:00,53999.0,54047.22628236147
9793,2016-08-12 14:00:00,55593.0,55623.64654928435
9794,2016-08-12 15:00:00,56304.0,56346.88085588726
9795,2016-08-12 16:00:00,56382.0,56336.41306371911
9796,2016-08-12 17:00:00,55846.0,55846.034699607364
9797,2016-08-12 18:00:00,54799.0,54823.74337507132
9798,2016-08-12 19:00:00,52715.0,52675.37047481921
9799,2016-08-12 20:00:00,50436.0,50463.70869562452
9800,2016-08-12 21:00:00,49664.0,49678.750227252116
9801,2016-08-12 22:00:00,47839.0,47887.495530295164
9802,2016-08-12 23:00:00,44735.0,44699.086579751325
9803,2016-08-13 00:00:00,41519.0,41531.92772883112
9804,2016-08-11 01:00:00,37301.0,37345.71343622844
9805,2016-08-11 02:00:00,35224.0,35248.36694141058
9806,2016-08-11 03:00:00,33869.0,33852.61479755852
9807,2016-08-11 04:00:00,33107.0,33068.92508334492
9808,2016-08-11 05:00:00,33156.0,33202.3766500759
9809,2016-08-11 06:00:00,34558.0,34515.19037169816
9810,2016-08-11 07:00:00,36688.0,36735.51684567221
9811,2016-08-11 08:00:00,39271.0,39251.35116996275
9812,2016-08-11 09:00:00,41808.0,41844.03111096018
9813,2016-08-11 10:00:00,44176.0,44181.43117789544
9814,2016-08-11 11:00:00,47097.0,47138.259052942456
9815,2016-08-11 12:00:00,49743.0,49735.66189316158
9816,2016-08-11 13:00:00,52000.0,52034.9803964639
9817,2016-08-11 14:00:00,53962.0,53935.83850759297
9818,2016-08-11 15:00:00,55038.0,55034.67415191439
9819,2016-08-11 16:00:00,55644.0,55678.630245457134
9820,2016-08-11 17:00:00,55900.0,55861.83616736873
9821,2016-08-11 18:00:00,55517.0,55539.863429243596
9822,2016-08-11 19:00:00,54115.0,54108.68718285101
9823,2016-08-11 20:00:00,52119.0,52120.321495857585
9824,2016-08-11 21:00:00,51114.0,51121.903192199126
9825,2016-08-11 22:00:00,48813.0,48790.566008891336
9826,2016-08-11 23:00:00,45249.0,45208.63718993908
9827,2016-08-12 00:00:00,41722.0,41673.86593525237
9828,2016-08-10 01:00:00,33248.0,33241.0922103737
9829,2016-08-10 02:00:00,31609.0,31585.887073213406
9830,2016-08-10 03:00:00,30621.0,30634.293007888795
9831,2016-08-10 04:00:00,30137.0,30158.59378779246
9832,2016-08-10 05:00:00,30491.0,30491.374474585482
9833,2016-08-10 06:00:00,32195.0,32206.89613172047
9834,2016-08-10 07:00:00,34629.0,34635.074612604636
9835,2016-08-10 08:00:00,37046.0,36996.45780511143
9836,2016-08-10 09:00:00,39367.0,39401.17019238182
9837,2016-08-10 10:00:00,41575.0,41530.956252696895
9838,2016-08-10 11:00:00,43714.0,43705.03404230676
9839,2016-08-10 12:00:00,45999.0,45960.10185027715
9840,2016-08-10 13:00:00,47698.0,47714.231394557726
9841,2016-08-10 14:00:00,48895.0,48877.558776427526
9842,2016-08-10 15:00:00,50047.0,50004.1152173909
9843,2016-08-10 16:00:00,51195.0,51149.535281803284
9844,2016-08-10 17:00:00,52170.0,52143.7141750924
9845,2016-08-10 18:00:00,52358.0,52374.72647563087
9846,2016-08-10 19:00:00,51420.0,51441.822149817526
9847,2016-08-10 20:00:00,49820.0,49782.84304160961
9848,2016-08-10 21:00:00,49110.0,49073.911221370094
9849,2016-08-10 22:00:00,46930.0,46939.32269409545
9850,2016-08-10 23:00:00,43409.0,43454.72663460355
9851,2016-08-11 00:00:00,39942.0,39947.2911062782
9852,2016-08-09 01:00:00,29496.0,29517.174212728067
9853,2016-08-09 02:00:00,27672.0,27679.541596210536
9854,2016-08-09 03:00:00,26533.0,26493.483578111613
9855,2016-08-09 04:00:00,25909.0,25953.646401068916
9856,2016-08-09 05:00:00,26036.0,25993.19849355984
9857,2016-08-09 06:00:00,27390.0,27415.98701428556
9858,2016-08-09 07:00:00,29313.0,29360.935222825843
9859,2016-08-09 08:00:00,31720.0,31701.89972068039
9860,2016-08-09 09:00:00,34065.0,34032.1630244515
9861,2016-08-09 10:00:00,36341.0,36347.617435512424
9862,2016-08-09 11:00:00,38704.0,38733.50665641623
9863,2016-08-09 12:00:00,40671.0,40715.94750495849
9864,2016-08-09 13:00:00,42323.0,42342.36742541713
9865,2016-08-09 14:00:00,43843.0,43826.58731152381
9866,2016-08-09 15:00:00,44764.0,44763.434615784114
9867,2016-08-09 16:00:00,45345.0,45371.12005858842
9868,2016-08-09 17:00:00,45616.0,45644.79324236677
9869,2016-08-09 18:00:00,45559.0,45516.44372489696
9870,2016-08-09 19:00:00,44497.0,44508.37396606972
9871,2016-08-09 20:00:00,43095.0,43141.73700521078
9872,2016-08-09 21:00:00,42782.0,42810.52567008339
9873,2016-08-09 22:00:00,41234.0,41184.73227858492
9874,2016-08-09 23:00:00,38409.0,38381.494157010886
9875,2016-08-10 00:00:00,35715.0,35709.50087762641
9876,2016-08-08 01:00:00,29930.0,29950.626946815733
9877,2016-08-08 02:00:00,28099.0,28104.52467126748
9878,2016-08-08 03:00:00,26982.0,26939.732785820543
9879,2016-08-08 04:00:00,26422.0,26445.826858288834
9880,2016-08-08 05:00:00,26665.0,26698.87136818797
9881,2016-08-08 06:00:00,27920.0,27890.5757825773
9882,2016-08-08 07:00:00,29654.0,29610.742363311085
9883,2016-08-08 08:00:00,32075.0,32104.095752038163
9884,2016-08-08 09:00:00,34431.0,34445.044635439095
9885,2016-08-08 10:00:00,36658.0,36688.35040258966
9886,2016-08-08 11:00:00,38682.0,38688.659676014715
9887,2016-08-08 12:00:00,40529.0,40521.85378933084
9888,2016-08-08 13:00:00,41879.0,41925.307771290536
9889,2016-08-08 14:00:00,42913.0,42940.99597553213
9890,2016-08-08 15:00:00,43358.0,43349.1916246249
9891,2016-08-08 16:00:00,43596.0,43636.75180863728
9892,2016-08-08 17:00:00,43769.0,43818.34992461681
9893,2016-08-08 18:00:00,43808.0,43788.82365142354
9894,2016-08-08 19:00:00,43144.0,43183.24767888982
9895,2016-08-08 20:00:00,41747.0,41701.53974740211
9896,2016-08-08 21:00:00,40784.0,40755.4349002576
9897,2016-08-08 22:00:00,38991.0,38957.09122726526
9898,2016-08-08 23:00:00,35585.0,35570.65935802578
9899,2016-08-09 00:00:00,32235.0,32241.262257805764
9900,2016-08-07 01:00:00,31702.0,31723.99798483344
9901,2016-08-07 02:00:00,29382.0,29422.280379716714
9902,2016-08-07 03:00:00,27684.0,27649.854763317187
9903,2016-08-07 04:00:00,26469.0,26476.82835149155
9904,2016-08-07 05:00:00,25663.0,25668.469332766905
9905,2016-08-07 06:00:00,25423.0,25418.847386532012
9906,2016-08-07 07:00:00,25192.0,25211.45826473244
9907,2016-08-07 08:00:00,26546.0,26547.336111192366
9908,2016-08-07 09:00:00,29165.0,29170.01913979594
9909,2016-08-07 10:00:00,31799.0,31839.333099837382
9910,2016-08-07 11:00:00,34308.0,34344.02722106475
9911,2016-08-07 12:00:00,36507.0,36514.7334000867
9912,2016-08-07 13:00:00,38266.0,38231.62096565759
9913,2016-08-07 14:00:00,39760.0,39805.87014889442
9914,2016-08-07 15:00:00,41044.0,41056.269993195754
9915,2016-08-07 16:00:00,42211.0,42241.74746247068
9916,2016-08-07 17:00:00,43242.0,43197.50217753356
9917,2016-08-07 18:00:00,43863.0,43902.682537817134
9918,2016-08-07 19:00:00,43381.0,43400.349553241016
9919,2016-08-07 20:00:00,41663.0,41681.542488975356
9920,2016-08-07 21:00:00,40377.0,40338.01123523714
9921,2016-08-07 22:00:00,38744.0,38765.28632848925
9922,2016-08-07 23:00:00,35692.0,35649.66372481206
9923,2016-08-08 00:00:00,32524.0,32479.582595856453
9924,2016-08-06 01:00:00,31016.0,30998.53479315018
9925,2016-08-06 02:00:00,29342.0,29294.31696346445
9926,2016-08-06 03:00:00,28254.0,28219.962522594353
9927,2016-08-06 04:00:00,27658.0,27680.612674263277
9928,2016-08-06 05:00:00,27510.0,27543.49254702431
9929,2016-08-06 06:00:00,28081.0,28048.95214212435
9930,2016-08-06 07:00:00,28694.0,28726.32975415038
9931,2016-08-06 08:00:00,30257.0,30255.053009562882
9932,2016-08-06 09:00:00,33056.0,33101.78946456326
9933,2016-08-06 10:00:00,36174.0,36137.930895384205
9934,2016-08-06 11:00:00,39060.0,39015.356478228896
9935,2016-08-06 12:00:00,41168.0,41202.50799057696
9936,2016-08-06 13:00:00,42875.0,42861.1985545339
9937,2016-08-06 14:00:00,44366.0,44361.71701922043
9938,2016-08-06 15:00:00,45601.0,45602.17940058121
9939,2016-08-06 16:00:00,46445.0,46477.51667279861
9940,2016-08-06 17:00:00,46683.0,46640.60003807573
9941,2016-08-06 18:00:00,46312.0,46317.11242670892
9942,2016-08-06 19:00:00,45190.0,45183.056823918465
9943,2016-08-06 20:00:00,43176.0,43160.02803070974
9944,2016-08-06 21:00:00,42025.0,42009.813122064275
9945,2016-08-06 22:00:00,40657.0,40700.03407545858
9946,2016-08-06 23:00:00,37843.0,37819.811252230335
9947,2016-08-07 00:00:00,34621.0,34616.46191651092
9948,2016-08-05 01:00:00,29503.0,29502.280234773898
9949,2016-08-05 02:00:00,27712.0,27733.98637814939
9950,2016-08-05 03:00:00,26535.0,26536.898655884917
9951,2016-08-05 04:00:00,25870.0,25882.12327390244
9952,2016-08-05 05:00:00,25961.0,25950.883085564466
9953,2016-08-05 06:00:00,27215.0,27236.861663676144
9954,2016-08-05 07:00:00,28935.0,28931.585180072525
9955,2016-08-05 08:00:00,31324.0,31296.271311404293
9956,2016-08-05 09:00:00,33695.0,33726.69302184747
9957,2016-08-05 10:00:00,35589.0,35615.545217086066
9958,2016-08-05 11:00:00,37384.0,37396.749014570305
9959,2016-08-05 12:00:00,39024.0,39026.19472132598
9960,2016-08-05 13:00:00,40431.0,40401.84961066796
9961,2016-08-05 14:00:00,41687.0,41723.835408320505
9962,2016-08-05 15:00:00,42523.0,42482.719234078235
9963,2016-08-05 16:00:00,42950.0,42938.318376862655
9964,2016-08-05 17:00:00,43121.0,43156.256093212156
9965,2016-08-05 18:00:00,43091.0,43100.556678811
9966,2016-08-05 19:00:00,42034.0,42027.861987841796
9967,2016-08-05 20:00:00,40513.0,40542.136080350625
9968,2016-08-05 21:00:00,39840.0,39888.95140432598
9969,2016-08-05 22:00:00,38664.0,38632.881339461615
9970,2016-08-05 23:00:00,36125.0,36080.07330018908
9971,2016-08-06 00:00:00,33373.0,33369.29880390912
9972,2016-08-04 01:00:00,28809.0,28787.739611099507
9973,2016-08-04 02:00:00,27039.0,27055.675153730826
9974,2016-08-04 03:00:00,25881.0,25880.425835871658
9975,2016-08-04 04:00:00,25300.0,25299.900295241223
9976,2016-08-04 05:00:00,25412.0,25397.49820289819
9977,2016-08-04 06:00:00,26757.0,26728.067304913595
9978,2016-08-04 07:00:00,28374.0,28345.34543080324
9979,2016-08-04 08:00:00,30991.0,30979.697024008994
9980,2016-08-04 09:00:00,33248.0,33266.18357808696
9981,2016-08-04 10:00:00,35299.0,35282.71491688412
9982,2016-08-04 11:00:00,37130.0,37112.601711916664
9983,2016-08-04 12:00:00,38835.0,38827.50005821231
9984,2016-08-04 13:00:00,40173.0,40222.08614549886
9985,2016-08-04 14:00:00,41493.0,41452.123564064954
9986,2016-08-04 15:00:00,42631.0,42610.46524835111
9987,2016-08-04 16:00:00,43575.0,43554.200210294206
9988,2016-08-04 17:00:00,44267.0,44314.45007783023
9989,2016-08-04 18:00:00,44460.0,44450.71780000185
9990,2016-08-04 19:00:00,43375.0,43381.6971934504
9991,2016-08-04 20:00:00,41485.0,41454.8130960755
9992,2016-08-04 21:00:00,40249.0,40200.27083396878
9993,2016-08-04 22:00:00,38698.0,38681.92694151826
9994,2016-08-04 23:00:00,35406.0,35419.90330619554
9995,2016-08-05 00:00:00,32094.0,32113.154047751515
9996,2016-08-03 01:00:00,29462.0,29487.387583232423
9997,2016-08-03 02:00:00,27717.0,27753.066364414157
9998,2016-08-03 03:00:00,26540.0,26501.562304234976
9999,2016-08-03 04:00:00,25912.0,25870.27926122214
10000,2016-08-03 05:00:00,26030.0,26058.768540327885
10001,2016-08-03 06:00:00,27298.0,27291.575133903254
10002,2016-08-03 07:00:00,29102.0,29146.711672667167
10003,2016-08-03 08:00:00,31602.0,31646.348470645193
10004,2016-08-03 09:00:00,33578.0,33542.165210572304
10005,2016-08-03 10:00:00,35179.0,35198.122476714285
10006,2016-08-03 11:00:00,36816.0,36772.71073125903
10007,2016-08-03 12:00:00,38268.0,38258.34100244233
10008,2016-08-03 13:00:00,39467.0,39501.17100438076
10009,2016-08-03 14:00:00,40761.0,40757.09595225214
10010,2016-08-03 15:00:00,41703.0,41656.36134332846
10011,2016-08-03 16:00:00,42506.0,42480.0328643688
10012,2016-08-03 17:00:00,43073.0,43031.637044314055
10013,2016-08-03 18:00:00,43129.0,43119.82352918397
10014,2016-08-03 19:00:00,42019.0,42038.66990490095
10015,2016-08-03 20:00:00,40243.0,40259.0357406083
10016,2016-08-03 21:00:00,39183.0,39204.89399947796
10017,2016-08-03 22:00:00,37759.0,37747.38160082216
10018,2016-08-03 23:00:00,34641.0,34617.52795989008
10019,2016-08-04 00:00:00,31470.0,31425.69323173746
10020,2016-08-02 01:00:00,30964.0,31008.1575360324
10021,2016-08-02 02:00:00,29244.0,29205.828027265983
10022,2016-08-02 03:00:00,28163.0,28130.82441611445
10023,2016-08-02 04:00:00,27608.0,27560.500080106427
10024,2016-08-02 05:00:00,27887.0,27868.716822376125
10025,2016-08-02 06:00:00,29368.0,29399.88469701142
10026,2016-08-02 07:00:00,31472.0,31455.224673220288
10027,2016-08-02 08:00:00,33773.0,33789.59827268385
10028,2016-08-02 09:00:00,35726.0,35772.5544576475
10029,2016-08-02 10:00:00,37407.0,37446.253059874645
10030,2016-08-02 11:00:00,39142.0,39109.99721495033
10031,2016-08-02 12:00:00,40430.0,40415.92073371775
10032,2016-08-02 13:00:00,41547.0,41572.11404981119
10033,2016-08-02 14:00:00,42602.0,42649.76586616415
10034,2016-08-02 15:00:00,43316.0,43337.59349387559
10035,2016-08-02 16:00:00,43904.0,43879.22125205255
10036,2016-08-02 17:00:00,44170.0,44133.282270642645
10037,2016-08-02 18:00:00,44150.0,44149.51596860701
10038,2016-08-02 19:00:00,42827.0,42796.29513576879
10039,2016-08-02 20:00:00,41056.0,41028.76147971413
10040,2016-08-02 21:00:00,40151.0,40164.44318010928
10041,2016-08-02 22:00:00,38662.0,38663.48353527227
10042,2016-08-02 23:00:00,35583.0,35545.0693274551
10043,2016-08-03 00:00:00,32181.0,32146.367811109925
10044,2016-08-01 01:00:00,32681.0,32632.943439362465
10045,2016-08-01 02:00:00,30919.0,30890.96598838717
10046,2016-08-01 03:00:00,29784.0,29822.73131603558
10047,2016-08-01 04:00:00,29215.0,29244.303334621978
10048,2016-08-01 05:00:00,29454.0,29445.478190135913
10049,2016-08-01 06:00:00,30850.0,30874.193410106236
10050,2016-08-01 07:00:00,32950.0,32940.69692610711
10051,2016-08-01 08:00:00,35230.0,35259.2104039548
10052,2016-08-01 09:00:00,37043.0,37011.19459755132
10053,2016-08-01 10:00:00,38639.0,38604.251735972306
10054,2016-08-01 11:00:00,40286.0,40243.79406063143
10055,2016-08-01 12:00:00,41693.0,41667.18063427129
10056,2016-08-01 13:00:00,42614.0,42578.63162321624
10057,2016-08-01 14:00:00,43411.0,43440.86413729946
10058,2016-08-01 15:00:00,43798.0,43771.99716901442
10059,2016-08-01 16:00:00,43901.0,43902.62076078033
10060,2016-08-01 17:00:00,43916.0,43941.61971522026
10061,2016-08-01 18:00:00,43635.0,43652.70744506818
10062,2016-08-01 19:00:00,42624.0,42594.45895735187
10063,2016-08-01 20:00:00,41452.0,41409.707184668936
10064,2016-08-01 21:00:00,40979.0,41020.17616414135
10065,2016-08-01 22:00:00,39595.0,39607.19937387535
10066,2016-08-01 23:00:00,36774.0,36794.65637002795
10067,2016-08-02 00:00:00,33643.0,33631.60140462039
10068,2016-07-31 01:00:00,30733.0,30707.160685642917
10069,2016-07-31 02:00:00,29229.0,29232.061746548556
10070,2016-07-31 03:00:00,28171.0,28128.788186774946
10071,2016-07-31 04:00:00,27537.0,27566.997644363753
10072,2016-07-31 05:00:00,27253.0,27268.450503145054
10073,2016-07-31 06:00:00,27406.0,27432.163399044766
10074,2016-07-31 07:00:00,27563.0,27569.92608853799
10075,2016-07-31 08:00:00,28948.0,28955.79091433592
10076,2016-07-31 09:00:00,31475.0,31485.03756601366
10077,2016-07-31 10:00:00,34067.0,34095.4159063773
10078,2016-07-31 11:00:00,36433.0,36405.53854068755
10079,2016-07-31 12:00:00,38467.0,38485.1532111594
10080,2016-07-31 13:00:00,40212.0,40217.270566268155
10081,2016-07-31 14:00:00,41628.0,41627.51077525184
10082,2016-07-31 15:00:00,42776.0,42780.09065537248
10083,2016-07-31 16:00:00,43896.0,43873.22001304798
10084,2016-07-31 17:00:00,44741.0,44694.70806384833
10085,2016-07-31 18:00:00,44732.0,44757.91639607455
10086,2016-07-31 19:00:00,43835.0,43876.61735234264
10087,2016-07-31 20:00:00,42749.0,42747.076258049594
10088,2016-07-31 21:00:00,42201.0,42234.790180453194
10089,2016-07-31 22:00:00,40965.0,40970.52564334719
10090,2016-07-31 23:00:00,38237.0,38280.03022216548
10091,2016-08-01 00:00:00,35244.0,35244.84175200707
10092,2016-07-30 01:00:00,33438.0,33408.48527154146
10093,2016-07-30 02:00:00,31376.0,31413.011511314497
10094,2016-07-30 03:00:00,29893.0,29923.02717933182
10095,2016-07-30 04:00:00,28871.0,28860.801073478768
10096,2016-07-30 05:00:00,28384.0,28418.19115452601
10097,2016-07-30 06:00:00,28522.0,28472.90504727213
10098,2016-07-30 07:00:00,28853.0,28882.974720185488
10099,2016-07-30 08:00:00,30649.0,30667.804016270922
10100,2016-07-30 09:00:00,33455.0,33442.96780997618
10101,2016-07-30 10:00:00,36498.0,36527.158582792144
10102,2016-07-30 11:00:00,39480.0,39442.66618792825
10103,2016-07-30 12:00:00,41885.0,41855.331942006866
10104,2016-07-30 13:00:00,43403.0,43406.35800311355
10105,2016-07-30 14:00:00,43732.0,43770.10262876897
10106,2016-07-30 15:00:00,43139.0,43102.010503130514
10107,2016-07-30 16:00:00,42216.0,42222.42686778666
10108,2016-07-30 17:00:00,41560.0,41585.31317010579
10109,2016-07-30 18:00:00,40505.0,40529.33534738275
10110,2016-07-30 19:00:00,39371.0,39383.79611321698
10111,2016-07-30 20:00:00,38464.0,38508.09210674737
10112,2016-07-30 21:00:00,37955.0,37953.213713072924
10113,2016-07-30 22:00:00,36847.0,36885.024465981754
10114,2016-07-30 23:00:00,35221.0,35232.95839396799
10115,2016-07-31 00:00:00,33008.0,33031.74666788487
10116,2016-07-29 01:00:00,33414.0,33410.48321851134
10117,2016-07-29 02:00:00,31586.0,31552.761933973707
10118,2016-07-29 03:00:00,30503.0,30463.9095421755
10119,2016-07-29 04:00:00,29883.0,29901.233041519103
10120,2016-07-29 05:00:00,29952.0,29939.64761927614
10121,2016-07-29 06:00:00,31089.0,31095.748281491928
10122,2016-07-29 07:00:00,32872.0,32896.60493319415
10123,2016-07-29 08:00:00,34838.0,34866.64817078378
10124,2016-07-29 09:00:00,36630.0,36630.966032862074
10125,2016-07-29 10:00:00,38314.0,38295.45023970631
10126,2016-07-29 11:00:00,40190.0,40217.588027463535
10127,2016-07-29 12:00:00,41998.0,41989.53452731643
10128,2016-07-29 13:00:00,43669.0,43712.67307576127
10129,2016-07-29 14:00:00,45204.0,45236.45720242591
10130,2016-07-29 15:00:00,46633.0,46657.69167283855
10131,2016-07-29 16:00:00,47763.0,47737.12441326236
10132,2016-07-29 17:00:00,48615.0,48601.276200590466
10133,2016-07-29 18:00:00,48948.0,48982.89807315625
10134,2016-07-29 19:00:00,47862.0,47814.31397664996
10135,2016-07-29 20:00:00,45832.0,45860.14687461019
10136,2016-07-29 21:00:00,44228.0,44218.41515589959
10137,2016-07-29 22:00:00,42655.0,42684.934907664785
10138,2016-07-29 23:00:00,39568.0,39573.23918976442
10139,2016-07-30 00:00:00,36326.0,36328.680670089234
10140,2016-07-28 01:00:00,36239.0,36259.15913484465
10141,2016-07-28 02:00:00,33957.0,33987.633383701526
10142,2016-07-28 03:00:00,32411.0,32430.345479549025
10143,2016-07-28 04:00:00,31404.0,31399.071430582822
10144,2016-07-28 05:00:00,31289.0,31271.083607652887
10145,2016-07-28 06:00:00,32436.0,32470.562987886802
10146,2016-07-28 07:00:00,34277.0,34279.077761913075
10147,2016-07-28 08:00:00,37329.0,37357.34607514698
10148,2016-07-28 09:00:00,40335.0,40384.57174431233
10149,2016-07-28 10:00:00,43295.0,43309.3887580269
10150,2016-07-28 11:00:00,46128.0,46105.83461947563
10151,2016-07-28 12:00:00,48510.0,48546.555660692786
10152,2016-07-28 13:00:00,50229.0,50206.36730475778
10153,2016-07-28 14:00:00,51518.0,51494.04009683588
10154,2016-07-28 15:00:00,51604.0,51561.39370216971
10155,2016-07-28 16:00:00,50370.0,50327.85626972499
10156,2016-07-28 17:00:00,48707.0,48743.23213679185
10157,2016-07-28 18:00:00,46908.0,46881.07295150961
10158,2016-07-28 19:00:00,44971.0,44931.86881815238
10159,2016-07-28 20:00:00,43512.0,43497.258799387135
10160,2016-07-28 21:00:00,43078.0,43099.35441059582
10161,2016-07-28 22:00:00,41700.0,41683.96310556329
10162,2016-07-28 23:00:00,38809.0,38789.92800671598
10163,2016-07-29 00:00:00,35915.0,35913.806572949885
10164,2016-07-27 01:00:00,35987.0,35939.120014362066
10165,2016-07-27 02:00:00,33786.0,33785.107347271056
10166,2016-07-27 03:00:00,32281.0,32330.001902202363
10167,2016-07-27 04:00:00,31323.0,31352.93486004033
10168,2016-07-27 05:00:00,31273.0,31230.049179916183
10169,2016-07-27 06:00:00,32397.0,32412.482248985918
10170,2016-07-27 07:00:00,34216.0,34212.11122131393
10171,2016-07-27 08:00:00,36671.0,36703.624856719995
10172,2016-07-27 09:00:00,39172.0,39131.85262157523
10173,2016-07-27 10:00:00,41754.0,41727.272881095116
10174,2016-07-27 11:00:00,44294.0,44323.114108029666
10175,2016-07-27 12:00:00,46459.0,46493.919933806
10176,2016-07-27 13:00:00,48388.0,48390.93157666254
10177,2016-07-27 14:00:00,50088.0,50039.96970269711
10178,2016-07-27 15:00:00,51278.0,51317.37150232046
10179,2016-07-27 16:00:00,52122.0,52110.2765226024
10180,2016-07-27 17:00:00,52916.0,52869.96805341881
10181,2016-07-27 18:00:00,53086.0,53117.88122458496
10182,2016-07-27 19:00:00,52414.0,52405.806912235515
10183,2016-07-27 20:00:00,50534.0,50502.99902904291
10184,2016-07-27 21:00:00,48929.0,48959.15782644195
10185,2016-07-27 22:00:00,47064.0,47059.77156768622
10186,2016-07-27 23:00:00,43414.0,43424.78095634608
10187,2016-07-28 00:00:00,39382.0,39414.31214237197
10188,2016-07-26 01:00:00,35335.0,35337.24220890415
10189,2016-07-26 02:00:00,33195.0,33156.047803206944
10190,2016-07-26 03:00:00,31724.0,31770.376182538654
10191,2016-07-26 04:00:00,30819.0,30797.65405074432
10192,2016-07-26 05:00:00,30834.0,30883.424943155478
10193,2016-07-26 06:00:00,31989.0,31939.602453804644
10194,2016-07-26 07:00:00,34054.0,34052.37880582549
10195,2016-07-26 08:00:00,36987.0,37007.49349967939
10196,2016-07-26 09:00:00,39793.0,39833.630193401834
10197,2016-07-26 10:00:00,42546.0,42574.033694538244
10198,2016-07-26 11:00:00,45181.0,45156.56278186907
10199,2016-07-26 12:00:00,47482.0,47456.33044079299
10200,2016-07-26 13:00:00,49267.0,49252.65866659246
10201,2016-07-26 14:00:00,50748.0,50709.054020070915
10202,2016-07-26 15:00:00,51630.0,51646.95732453952
10203,2016-07-26 16:00:00,52027.0,52071.125834254584
10204,2016-07-26 17:00:00,52509.0,52523.21043810747
10205,2016-07-26 18:00:00,52742.0,52745.33736291698
10206,2016-07-26 19:00:00,52187.0,52187.33492160381
10207,2016-07-26 20:00:00,50274.0,50283.26131271797
10208,2016-07-26 21:00:00,48687.0,48708.06129248628
10209,2016-07-26 22:00:00,46679.0,46708.49993538235
10210,2016-07-26 23:00:00,42888.0,42907.83211716049
10211,2016-07-27 00:00:00,39139.0,39159.50318727747
10212,2016-07-25 01:00:00,36334.0,36379.173380930166
10213,2016-07-25 02:00:00,34448.0,34487.93433953183
10214,2016-07-25 03:00:00,33262.0,33294.39233184568
10215,2016-07-25 04:00:00,32677.0,32631.336024096017
10216,2016-07-25 05:00:00,32784.0,32800.88673470876
10217,2016-07-25 06:00:00,33939.0,33934.49807763808
10218,2016-07-25 07:00:00,35964.0,35975.7599218267
10219,2016-07-25 08:00:00,38492.0,38510.62821731058
10220,2016-07-25 09:00:00,41248.0,41269.46518762635
10221,2016-07-25 10:00:00,44145.0,44181.94262897795
10222,2016-07-25 11:00:00,47261.0,47301.99911682353
10223,2016-07-25 12:00:00,50224.0,50234.68284132445
10224,2016-07-25 13:00:00,52773.0,52812.416423538605
10225,2016-07-25 14:00:00,54740.0,54766.462172033636
10226,2016-07-25 15:00:00,55955.0,55925.27253885555
10227,2016-07-25 16:00:00,56391.0,56344.53118986339
10228,2016-07-25 17:00:00,55796.0,55746.98883185526
10229,2016-07-25 18:00:00,54204.0,54212.66231974729
10230,2016-07-25 19:00:00,52000.0,52002.15932555865
10231,2016-07-25 20:00:00,49411.0,49430.636855250545
10232,2016-07-25 21:00:00,47729.0,47763.28282869494
10233,2016-07-25 22:00:00,45612.0,45578.44424973618
10234,2016-07-25 23:00:00,42047.0,42082.643176950354
10235,2016-07-26 00:00:00,38482.0,38441.808204540604
10236,2016-07-24 01:00:00,35155.0,35193.32433545047
10237,2016-07-24 02:00:00,32788.0,32823.04864438353
10238,2016-07-24 03:00:00,30929.0,30948.695580298558
10239,2016-07-24 04:00:00,29572.0,29552.002921901694
10240,2016-07-24 05:00:00,28718.0,28677.34134594883
10241,2016-07-24 06:00:00,28176.0,28203.80870659288
10242,2016-07-24 07:00:00,27967.0,27938.78794139596
10243,2016-07-24 08:00:00,29849.0,29843.09370829258
10244,2016-07-24 09:00:00,33100.0,33103.08590667144
10245,2016-07-24 10:00:00,36472.0,36490.544231793625
10246,2016-07-24 11:00:00,39612.0,39610.74380722533
10247,2016-07-24 12:00:00,42349.0,42368.4533266151
10248,2016-07-24 13:00:00,44539.0,44570.40382395145
10249,2016-07-24 14:00:00,46158.0,46179.30608877447
10250,2016-07-24 15:00:00,47481.0,47460.9502708458
10251,2016-07-24 16:00:00,48806.0,48845.428615031546
10252,2016-07-24 17:00:00,49817.0,49822.05714388044
10253,2016-07-24 18:00:00,50206.0,50202.53748177674
10254,2016-07-24 19:00:00,49587.0,49594.50470058045
10255,2016-07-24 20:00:00,48007.0,48005.32200002254
10256,2016-07-24 21:00:00,46970.0,46995.51099664068
10257,2016-07-24 22:00:00,45549.0,45541.066397613504
10258,2016-07-24 23:00:00,42455.0,42482.672313929375
10259,2016-07-25 00:00:00,39142.0,39168.015523681366
10260,2016-07-23 01:00:00,37439.0,37416.68704170255
10261,2016-07-23 02:00:00,34956.0,34915.59413305099
10262,2016-07-23 03:00:00,33081.0,33116.095801669486
10263,2016-07-23 04:00:00,31736.0,31702.89197940298
10264,2016-07-23 05:00:00,30958.0,30911.118253957553
10265,2016-07-23 06:00:00,30791.0,30781.23264953295
10266,2016-07-23 07:00:00,31066.0,31041.41494287743
10267,2016-07-23 08:00:00,33616.0,33588.03612121168
10268,2016-07-23 09:00:00,37475.0,37442.23135917681
10269,2016-07-23 10:00:00,41375.0,41399.91965647609
10270,2016-07-23 11:00:00,44652.0,44680.34227190544
10271,2016-07-23 12:00:00,47050.0,47004.63895836636
10272,2016-07-23 13:00:00,48760.0,48764.68117537246
10273,2016-07-23 14:00:00,49996.0,49959.514544593236
10274,2016-07-23 15:00:00,51040.0,51039.95541273003
10275,2016-07-23 16:00:00,51764.0,51748.79298086999
10276,2016-07-23 17:00:00,52031.0,52001.181619374394
10277,2016-07-23 18:00:00,51276.0,51320.80597023099
10278,2016-07-23 19:00:00,49918.0,49963.67461767838
10279,2016-07-23 20:00:00,47963.0,47969.397052108114
10280,2016-07-23 21:00:00,46253.0,46221.80500642663
10281,2016-07-23 22:00:00,44738.0,44746.32659442675
10282,2016-07-23 23:00:00,41617.0,41659.84992667251
10283,2016-07-24 00:00:00,38306.0,38293.7760780067
10284,2016-07-22 01:00:00,33408.0,33371.77367973574
10285,2016-07-22 02:00:00,31207.0,31226.369018453734
10286,2016-07-22 03:00:00,29800.0,29815.626893741308
10287,2016-07-22 04:00:00,28954.0,28904.138824150974
10288,2016-07-22 05:00:00,28954.0,28989.36055879864
10289,2016-07-22 06:00:00,30102.0,30118.07470983759
10290,2016-07-22 07:00:00,31938.0,31907.569859380823
10291,2016-07-22 08:00:00,34767.0,34717.32387588528
10292,2016-07-22 09:00:00,37634.0,37681.23001382995
10293,2016-07-22 10:00:00,40491.0,40516.467973606064
10294,2016-07-22 11:00:00,43366.0,43352.50512012719
10295,2016-07-22 12:00:00,45974.0,45967.27884325523
10296,2016-07-22 13:00:00,48322.0,48325.886051178786
10297,2016-07-22 14:00:00,50246.0,50267.862790342
10298,2016-07-22 15:00:00,51761.0,51728.29309664464
10299,2016-07-22 16:00:00,52728.0,52697.572905009714
10300,2016-07-22 17:00:00,53307.0,53261.82696788971
10301,2016-07-22 18:00:00,53349.0,53397.579423798314
10302,2016-07-22 19:00:00,52406.0,52443.557098753794
10303,2016-07-22 20:00:00,50655.0,50660.29580135969
10304,2016-07-22 21:00:00,48772.0,48765.027364565285
10305,2016-07-22 22:00:00,47348.0,47321.74399526286
10306,2016-07-22 23:00:00,44138.0,44147.49827976834
10307,2016-07-23 00:00:00,40572.0,40591.051035840945
10308,2016-07-21 01:00:00,30359.0,30377.918277336168
10309,2016-07-21 02:00:00,28348.0,28298.643613793825
10310,2016-07-21 03:00:00,27103.0,27123.203891987432
10311,2016-07-21 04:00:00,26419.0,26455.637285124278
10312,2016-07-21 05:00:00,26512.0,26473.491668489623
10313,2016-07-21 06:00:00,27714.0,27739.537701229478
10314,2016-07-21 07:00:00,29598.0,29630.323859256514
10315,2016-07-21 08:00:00,32647.0,32624.616938503088
10316,2016-07-21 09:00:00,35385.0,35406.21061918768
10317,2016-07-21 10:00:00,37905.0,37864.67548730301
10318,2016-07-21 11:00:00,40298.0,40312.921213187896
10319,2016-07-21 12:00:00,42432.0,42433.03293509773
10320,2016-07-21 13:00:00,44269.0,44303.98521472607
10321,2016-07-21 14:00:00,45918.0,45913.19676105759
10322,2016-07-21 15:00:00,47263.0,47255.80958285127
10323,2016-07-21 16:00:00,48219.0,48262.37848438742
10324,2016-07-21 17:00:00,49078.0,49121.426675122064
10325,2016-07-21 18:00:00,49356.0,49309.57116313401
10326,2016-07-21 19:00:00,48541.0,48539.556505258806
10327,2016-07-21 20:00:00,46522.0,46488.09576015334
10328,2016-07-21 21:00:00,44859.0,44836.37062176496
10329,2016-07-21 22:00:00,43257.0,43273.61403424646
10330,2016-07-21 23:00:00,39819.0,39781.928787825986
10331,2016-07-22 00:00:00,36445.0,36396.12704934228
10332,2016-07-20 01:00:00,30999.0,31021.712364260067
10333,2016-07-20 02:00:00,28979.0,28993.134428619825
10334,2016-07-20 03:00:00,27584.0,27624.266428438626
10335,2016-07-20 04:00:00,26810.0,26814.231012111773
10336,2016-07-20 05:00:00,26759.0,26803.533069153567
10337,2016-07-20 06:00:00,27801.0,27811.931336126545
10338,2016-07-20 07:00:00,29686.0,29674.715036539525
10339,2016-07-20 08:00:00,32317.0,32327.84637052934
10340,2016-07-20 09:00:00,34570.0,34594.91802701163
10341,2016-07-20 10:00:00,36502.0,36486.75411526667
10342,2016-07-20 11:00:00,38357.0,38344.2524937096
10343,2016-07-20 12:00:00,39885.0,39897.99372948503
10344,2016-07-20 13:00:00,41238.0,41233.5591956127
10345,2016-07-20 14:00:00,42663.0,42665.69732061475
10346,2016-07-20 15:00:00,43834.0,43882.20816324818
10347,2016-07-20 16:00:00,44829.0,44783.37749323448
10348,2016-07-20 17:00:00,45679.0,45693.790037301886
10349,2016-07-20 18:00:00,46040.0,46082.28854653586
10350,2016-07-20 19:00:00,45058.0,45031.62114065219
10351,2016-07-20 20:00:00,43165.0,43136.202759431406
10352,2016-07-20 21:00:00,41497.0,41483.29980609303
10353,2016-07-20 22:00:00,40078.0,40035.407853225224
10354,2016-07-20 23:00:00,36829.0,36835.0284793182
10355,2016-07-21 00:00:00,33267.0,33281.5458878273
10356,2016-07-19 01:00:00,32657.0,32688.988680950777
10357,2016-07-19 02:00:00,30783.0,30739.61760983149
10358,2016-07-19 03:00:00,29519.0,29512.618497927448
10359,2016-07-19 04:00:00,28720.0,28748.420683647022
10360,2016-07-19 05:00:00,28747.0,28773.83018637913
10361,2016-07-19 06:00:00,29908.0,29865.364055927294
10362,2016-07-19 07:00:00,31738.0,31689.139558964296
10363,2016-07-19 08:00:00,34663.0,34691.33277438612
10364,2016-07-19 09:00:00,37145.0,37108.797763535455
10365,2016-07-19 10:00:00,39211.0,39218.77895645243
10366,2016-07-19 11:00:00,41012.0,40971.424616989025
10367,2016-07-19 12:00:00,42669.0,42648.551113410445
10368,2016-07-19 13:00:00,43947.0,43912.80372820324
10369,2016-07-19 14:00:00,45152.0,45175.63943686562
10370,2016-07-19 15:00:00,46014.0,46031.272441763154
10371,2016-07-19 16:00:00,46497.0,46460.53054805937
10372,2016-07-19 17:00:00,46881.0,46836.93303461372
10373,2016-07-19 18:00:00,46971.0,46967.63352509722
10374,2016-07-19 19:00:00,46053.0,46022.55479491609
10375,2016-07-19 20:00:00,44136.0,44086.8142036903
10376,2016-07-19 21:00:00,42600.0,42576.42727412282
10377,2016-07-19 22:00:00,41151.0,41122.52436769872
10378,2016-07-19 23:00:00,37793.0,37811.49592487198
10379,2016-07-20 00:00:00,34152.0,34188.0863078687
10380,2016-07-18 01:00:00,33423.0,33396.76389159878
10381,2016-07-18 02:00:00,31422.0,31394.30477616098
10382,2016-07-18 03:00:00,30205.0,30193.776633892245
10383,2016-07-18 04:00:00,29534.0,29501.255763396908
10384,2016-07-18 05:00:00,29688.0,29732.681504008124
10385,2016-07-18 06:00:00,30934.0,30908.352653957696
10386,2016-07-18 07:00:00,33094.0,33053.33291135472
10387,2016-07-18 08:00:00,36565.0,36570.688879635694
10388,2016-07-18 09:00:00,39928.0,39931.76195462535
10389,2016-07-18 10:00:00,43177.0,43190.19141723482
10390,2016-07-18 11:00:00,46354.0,46400.6702565372
10391,2016-07-18 12:00:00,49095.0,49077.34871845365
10392,2016-07-18 13:00:00,51056.0,51041.957137658144
10393,2016-07-18 14:00:00,52487.0,52470.70404454113
10394,2016-07-18 15:00:00,52974.0,52986.86296606464
10395,2016-07-18 16:00:00,52134.0,52144.40690389461
10396,2016-07-18 17:00:00,49410.0,49412.880706272554
10397,2016-07-18 18:00:00,47275.0,47261.43259594533
10398,2016-07-18 19:00:00,45881.0,45873.76496528571
10399,2016-07-18 20:00:00,44472.0,44501.25072014256
10400,2016-07-18 21:00:00,43334.0,43344.92467256571
10401,2016-07-18 22:00:00,42114.0,42135.63078537829
10402,2016-07-18 23:00:00,38885.0,38862.672972285116
10403,2016-07-19 00:00:00,35506.0,35547.14920933345
10404,2016-07-17 01:00:00,30934.0,30887.5162721943
10405,2016-07-17 02:00:00,29084.0,29093.56968848273
10406,2016-07-17 03:00:00,27754.0,27785.23500519307
10407,2016-07-17 04:00:00,26811.0,26847.628548032924
10408,2016-07-17 05:00:00,26326.0,26307.955173116727
10409,2016-07-17 06:00:00,26120.0,26115.975086283048
10410,2016-07-17 07:00:00,26019.0,25972.488916004193
10411,2016-07-17 08:00:00,27671.0,27699.976541383305
10412,2016-07-17 09:00:00,30540.0,30502.457198786175
10413,2016-07-17 10:00:00,33751.0,33743.80814257194
10414,2016-07-17 11:00:00,36793.0,36842.08090099951
10415,2016-07-17 12:00:00,39403.0,39444.773723966646
10416,2016-07-17 13:00:00,41580.0,41563.0023564963
10417,2016-07-17 14:00:00,43259.0,43231.38806012659
10418,2016-07-17 15:00:00,44542.0,44517.16924766546
10419,2016-07-17 16:00:00,45687.0,45705.47856570744
10420,2016-07-17 17:00:00,46761.0,46783.579727806886
10421,2016-07-17 18:00:00,47460.0,47431.64930797878
10422,2016-07-17 19:00:00,47152.0,47125.99899599109
10423,2016-07-17 20:00:00,45639.0,45621.33890828514
10424,2016-07-17 21:00:00,44026.0,44019.31779783575
10425,2016-07-17 22:00:00,42767.0,42808.74708827337
10426,2016-07-17 23:00:00,39734.0,39686.65078441466
10427,2016-07-18 00:00:00,36299.0,36312.819738472564
10428,2016-07-16 01:00:00,34802.0,34838.16975999062
10429,2016-07-16 02:00:00,32499.0,32521.336360016106
10430,2016-07-16 03:00:00,30780.0,30751.674211979567
10431,2016-07-16 04:00:00,29556.0,29553.67466543553
10432,2016-07-16 05:00:00,28905.0,28946.028057860323
10433,2016-07-16 06:00:00,28743.0,28704.571746536243
10434,2016-07-16 07:00:00,29061.0,29109.751118236123
10435,2016-07-16 08:00:00,31489.0,31453.36236764063
10436,2016-07-16 09:00:00,34784.0,34748.24175435302
10437,2016-07-16 10:00:00,38029.0,38060.28593177815
10438,2016-07-16 11:00:00,40971.0,41003.834651829435
10439,2016-07-16 12:00:00,43358.0,43311.79186560293
10440,2016-07-16 13:00:00,45116.0,45082.8305406143
10441,2016-07-16 14:00:00,46197.0,46241.852765366784
10442,2016-07-16 15:00:00,46879.0,46856.93452654105
10443,2016-07-16 16:00:00,46901.0,46852.22396651689
10444,2016-07-16 17:00:00,45734.0,45709.40421005383
10445,2016-07-16 18:00:00,44392.0,44415.54325631799
10446,2016-07-16 19:00:00,42616.0,42657.64533791808
10447,2016-07-16 20:00:00,40808.0,40773.5156585228
10448,2016-07-16 21:00:00,39778.0,39750.44138198517
10449,2016-07-16 22:00:00,38695.0,38689.153130419334
10450,2016-07-16 23:00:00,36240.0,36264.83023524009
10451,2016-07-17 00:00:00,33516.0,33531.86970220535
10452,2016-07-15 01:00:00,37476.0,37458.75335810061
10453,2016-07-15 02:00:00,35021.0,34977.63518191625
10454,2016-07-15 03:00:00,33264.0,33239.29606465812
10455,2016-07-15 04:00:00,32165.0,32136.95633963263
10456,2016-07-15 05:00:00,31841.0,31793.10537630741
10457,2016-07-15 06:00:00,32704.0,32751.503997654145
10458,2016-07-15 07:00:00,34655.0,34630.53715313433
10459,2016-07-15 08:00:00,37853.0,37886.65350472606
10460,2016-07-15 09:00:00,40768.0,40766.486160534005
10461,2016-07-15 10:00:00,43401.0,43448.22907569065
10462,2016-07-15 11:00:00,45612.0,45576.95531209536
10463,2016-07-15 12:00:00,47302.0,47263.067316093955
10464,2016-07-15 13:00:00,48569.0,48519.246292449025
10465,2016-07-15 14:00:00,49835.0,49856.84470889866
10466,2016-07-15 15:00:00,50674.0,50654.63762700564
10467,2016-07-15 16:00:00,51096.0,51133.03549476337
10468,2016-07-15 17:00:00,51129.0,51142.38048521471
10469,2016-07-15 18:00:00,51062.0,51069.74318886868
10470,2016-07-15 19:00:00,49845.0,49843.68915367272
10471,2016-07-15 20:00:00,47829.0,47804.817364508446
10472,2016-07-15 21:00:00,45925.0,45881.46885312589
10473,2016-07-15 22:00:00,44544.0,44538.35679785524
10474,2016-07-15 23:00:00,41420.0,41379.911965198524
10475,2016-07-16 00:00:00,37958.0,37998.57311320954
10476,2016-07-14 01:00:00,32765.0,32797.93291184033
10477,2016-07-14 02:00:00,31035.0,31046.976128947405
10478,2016-07-14 03:00:00,29947.0,29942.243969296775
10479,2016-07-14 04:00:00,29460.0,29455.419540196457
10480,2016-07-14 05:00:00,29765.0,29761.45150770106
10481,2016-07-14 06:00:00,31231.0,31255.546313397346
10482,2016-07-14 07:00:00,33625.0,33587.62050637962
10483,2016-07-14 08:00:00,36658.0,36661.12957828144
10484,2016-07-14 09:00:00,39147.0,39178.26666613652
10485,2016-07-14 10:00:00,41410.0,41411.01258764022
10486,2016-07-14 11:00:00,43911.0,43862.37412318852
10487,2016-07-14 12:00:00,46180.0,46154.469059393785
10488,2016-07-14 13:00:00,48037.0,48053.8584642313
10489,2016-07-14 14:00:00,49724.0,49767.419957499296
10490,2016-07-14 15:00:00,50974.0,51013.37480848685
10491,2016-07-14 16:00:00,51906.0,51938.27049195234
10492,2016-07-14 17:00:00,51932.0,51977.01641632886
10493,2016-07-14 18:00:00,52552.0,52529.99178554687
10494,2016-07-14 19:00:00,52743.0,52694.239767906714
10495,2016-07-14 20:00:00,51505.0,51490.437459587825
10496,2016-07-14 21:00:00,49801.0,49808.701100192695
10497,2016-07-14 22:00:00,48284.0,48265.64660001437
10498,2016-07-14 23:00:00,44643.0,44597.420375854585
10499,2016-07-15 00:00:00,40766.0,40766.71869915167
10500,2016-07-13 01:00:00,32029.0,31998.96963609867
10501,2016-07-13 02:00:00,30079.0,30101.75712771395
10502,2016-07-13 03:00:00,28801.0,28759.92015764466
10503,2016-07-13 04:00:00,28095.0,28140.81257800601
10504,2016-07-13 05:00:00,28233.0,28270.66804791099
10505,2016-07-13 06:00:00,29599.0,29636.385415072833
10506,2016-07-13 07:00:00,31917.0,31945.989063875353
10507,2016-07-13 08:00:00,34649.0,34662.358929245915
10508,2016-07-13 09:00:00,36662.0,36617.34290393096
10509,2016-07-13 10:00:00,38318.0,38334.24258884405
10510,2016-07-13 11:00:00,40372.0,40396.69272816792
10511,2016-07-13 12:00:00,42120.0,42083.08199154552
10512,2016-07-13 13:00:00,43555.0,43566.575602550714
10513,2016-07-13 14:00:00,44879.0,44876.886747420154
10514,2016-07-13 15:00:00,45329.0,45326.244154232
10515,2016-07-13 16:00:00,44995.0,44964.946223351835
10516,2016-07-13 17:00:00,44766.0,44789.94381855961
10517,2016-07-13 18:00:00,44248.0,44290.512466094464
10518,2016-07-13 19:00:00,43494.0,43522.78033162501
10519,2016-07-13 20:00:00,42517.0,42503.90322228174
10520,2016-07-13 21:00:00,41868.0,41916.417731054484
10521,2016-07-13 22:00:00,41106.0,41092.417030595694
10522,2016-07-13 23:00:00,38394.0,38367.442386316776
10523,2016-07-14 00:00:00,35352.0,35398.80846389331
10524,2016-07-12 01:00:00,29438.0,29466.981653498464
10525,2016-07-12 02:00:00,27528.0,27554.124414153346
10526,2016-07-12 03:00:00,26297.0,26254.743194340703
10527,2016-07-12 04:00:00,25668.0,25637.202360622392
10528,2016-07-12 05:00:00,25799.0,25750.851796151735
10529,2016-07-12 06:00:00,26930.0,26957.664917824415
10530,2016-07-12 07:00:00,29051.0,29028.82429612925
10531,2016-07-12 08:00:00,31952.0,31915.22238254601
10532,2016-07-12 09:00:00,34524.0,34492.18912036324
10533,2016-07-12 10:00:00,36849.0,36863.113194358404
10534,2016-07-12 11:00:00,39217.0,39210.305069079135
10535,2016-07-12 12:00:00,41233.0,41277.1396389244
10536,2016-07-12 13:00:00,42952.0,42938.589161733136
10537,2016-07-12 14:00:00,44402.0,44435.38743309125
10538,2016-07-12 15:00:00,45457.0,45461.646501151205
10539,2016-07-12 16:00:00,46287.0,46307.53474941925
10540,2016-07-12 17:00:00,47045.0,47011.866076152306
10541,2016-07-12 18:00:00,47233.0,47257.8984526057
10542,2016-07-12 19:00:00,46378.0,46336.56553590435
10543,2016-07-12 20:00:00,44555.0,44574.11213899252
10544,2016-07-12 21:00:00,42849.0,42845.55175987219
10545,2016-07-12 22:00:00,41636.0,41608.85261399525
10546,2016-07-12 23:00:00,38415.0,38413.038712747126
10547,2016-07-13 00:00:00,34939.0,34974.56781294761
10548,2016-07-11 01:00:00,27941.0,27906.47191780844
10549,2016-07-11 02:00:00,26076.0,26042.962641676324
10550,2016-07-11 03:00:00,25072.0,25075.399724562852
10551,2016-07-11 04:00:00,24482.0,24494.525455031184
10552,2016-07-11 05:00:00,24678.0,24670.019977206823
10553,2016-07-11 06:00:00,25807.0,25783.63925981265
10554,2016-07-11 07:00:00,27866.0,27822.719207857837
10555,2016-07-11 08:00:00,30451.0,30405.97931289824
10556,2016-07-11 09:00:00,32710.0,32664.08201029748
10557,2016-07-11 10:00:00,34528.0,34568.128303336525
10558,2016-07-11 11:00:00,36446.0,36409.135715567194
10559,2016-07-11 12:00:00,37948.0,37927.512346075644
10560,2016-07-11 13:00:00,39179.0,39227.58922858179
10561,2016-07-11 14:00:00,40494.0,40536.74747444956
10562,2016-07-11 15:00:00,41451.0,41405.28619134023
10563,2016-07-11 16:00:00,42592.0,42597.126358800866
10564,2016-07-11 17:00:00,43730.0,43743.349849349506
10565,2016-07-11 18:00:00,44166.0,44121.41141264349
10566,2016-07-11 19:00:00,43715.0,43737.81261248085
10567,2016-07-11 20:00:00,41998.0,42046.78699877236
10568,2016-07-11 21:00:00,40365.0,40357.93795755859
10569,2016-07-11 22:00:00,39141.0,39135.94175472372
10570,2016-07-11 23:00:00,35936.0,35951.93468847836
10571,2016-07-12 00:00:00,32426.0,32449.654205538034
10572,2016-07-10 01:00:00,29284.0,29312.977233411784
10573,2016-07-10 02:00:00,27421.0,27378.757984231102
10574,2016-07-10 03:00:00,26089.0,26119.068888816397
10575,2016-07-10 04:00:00,25210.0,25246.4073952271
10576,2016-07-10 05:00:00,24678.0,24632.5227244089
10577,2016-07-10 06:00:00,24379.0,24332.913499816346
10578,2016-07-10 07:00:00,24473.0,24478.089048519898
10579,2016-07-10 08:00:00,26108.0,26107.680661044913
10580,2016-07-10 09:00:00,28529.0,28577.009669875846
10581,2016-07-10 10:00:00,30716.0,30695.440150169386
10582,2016-07-10 11:00:00,32621.0,32630.019997960677
10583,2016-07-10 12:00:00,34070.0,34070.66732536618
10584,2016-07-10 13:00:00,35139.0,35142.57333247255
10585,2016-07-10 14:00:00,35857.0,35872.96683150242
10586,2016-07-10 15:00:00,36744.0,36747.75949906601
10587,2016-07-10 16:00:00,37701.0,37651.69445527489
10588,2016-07-10 17:00:00,38690.0,38724.37102674557
10589,2016-07-10 18:00:00,39498.0,39468.115440763555
10590,2016-07-10 19:00:00,39426.0,39399.11546096176
10591,2016-07-10 20:00:00,38239.0,38253.79727626552
10592,2016-07-10 21:00:00,36905.0,36902.77516554599
10593,2016-07-10 22:00:00,36180.0,36187.447996020426
10594,2016-07-10 23:00:00,33568.0,33567.749893753244
10595,2016-07-11 00:00:00,30549.0,30540.7862629234
10596,2016-07-09 01:00:00,32530.0,32528.330247138518
10597,2016-07-09 02:00:00,30597.0,30561.108541023303
10598,2016-07-09 03:00:00,29252.0,29298.930578099807
10599,2016-07-09 04:00:00,28330.0,28337.475176467724
10600,2016-07-09 05:00:00,27925.0,27903.681698648696
10601,2016-07-09 06:00:00,28076.0,28097.284026473422
10602,2016-07-09 07:00:00,28458.0,28496.010611738788
10603,2016-07-09 08:00:00,29790.0,29769.646765333102
10604,2016-07-09 09:00:00,31855.0,31837.451158123942
10605,2016-07-09 10:00:00,33966.0,33959.85487054485
10606,2016-07-09 11:00:00,35601.0,35572.72897717816
10607,2016-07-09 12:00:00,36763.0,36793.978837684896
10608,2016-07-09 13:00:00,37527.0,37535.417667483256
10609,2016-07-09 14:00:00,37969.0,37924.70445060827
10610,2016-07-09 15:00:00,38277.0,38326.67040765066
10611,2016-07-09 16:00:00,38552.0,38559.49715061639
10612,2016-07-09 17:00:00,38774.0,38812.993632902166
10613,2016-07-09 18:00:00,38784.0,38784.16181662784
10614,2016-07-09 19:00:00,38393.0,38401.24494988408
10615,2016-07-09 20:00:00,37560.0,37555.44752497189
10616,2016-07-09 21:00:00,36912.0,36904.27607334704
10617,2016-07-09 22:00:00,36295.0,36266.83044422657
10618,2016-07-09 23:00:00,34219.0,34265.21242515669
10619,2016-07-10 00:00:00,31676.0,31644.177124362413
10620,2016-07-08 01:00:00,35526.0,35528.64042787895
10621,2016-07-08 02:00:00,33312.0,33270.709684593705
10622,2016-07-08 03:00:00,31693.0,31742.33769031371
10623,2016-07-08 04:00:00,30664.0,30669.56763932048
10624,2016-07-08 05:00:00,30549.0,30580.458322991388
10625,2016-07-08 06:00:00,31497.0,31503.292885387764
10626,2016-07-08 07:00:00,33560.0,33590.49852198297
10627,2016-07-08 08:00:00,36856.0,36859.44099264072
10628,2016-07-08 09:00:00,40016.0,40010.49743676182
10629,2016-07-08 10:00:00,42956.0,42951.59057986505
10630,2016-07-08 11:00:00,45652.0,45602.234353984655
10631,2016-07-08 12:00:00,47853.0,47840.06549507849
10632,2016-07-08 13:00:00,49533.0,49578.19440554235
10633,2016-07-08 14:00:00,50138.0,50155.557684278334
10634,2016-07-08 15:00:00,50198.0,50239.93190029525
10635,2016-07-08 16:00:00,49464.0,49434.02625698133
10636,2016-07-08 17:00:00,48363.0,48362.116024860974
10637,2016-07-08 18:00:00,47241.0,47194.44819304188
10638,2016-07-08 19:00:00,45624.0,45641.70521519149
10639,2016-07-08 20:00:00,43790.0,43818.40162680089
10640,2016-07-08 21:00:00,42390.0,42414.780139121154
10641,2016-07-08 22:00:00,41153.0,41111.67699929312
10642,2016-07-08 23:00:00,38474.0,38448.752765661884
10643,2016-07-09 00:00:00,35349.0,35364.582736688266
10644,2016-07-07 01:00:00,35690.0,35715.89911008901
10645,2016-07-07 02:00:00,33427.0,33404.42105450309
10646,2016-07-07 03:00:00,31769.0,31759.624104438113
10647,2016-07-07 04:00:00,30768.0,30753.126607761566
10648,2016-07-07 05:00:00,30571.0,30521.456492320278
10649,2016-07-07 06:00:00,31597.0,31604.651310644185
10650,2016-07-07 07:00:00,33836.0,33852.91127655211
10651,2016-07-07 08:00:00,37271.0,37248.64357085818
10652,2016-07-07 09:00:00,40295.0,40313.77845242928
10653,2016-07-07 10:00:00,43213.0,43187.27488000052
10654,2016-07-07 11:00:00,46149.0,46170.5530392
10655,2016-07-07 12:00:00,48571.0,48566.71874223094
10656,2016-07-07 13:00:00,50204.0,50241.19348965539
10657,2016-07-07 14:00:00,51204.0,51208.473442540526
10658,2016-07-07 15:00:00,51394.0,51362.46528883775
10659,2016-07-07 16:00:00,51371.0,51403.20112760928
10660,2016-07-07 17:00:00,51543.0,51570.7678500747
10661,2016-07-07 18:00:00,51268.0,51226.42281813605
10662,2016-07-07 19:00:00,50254.0,50208.80406925664
10663,2016-07-07 20:00:00,48783.0,48746.62910414506
10664,2016-07-07 21:00:00,47390.0,47424.531506119216
10665,2016-07-07 22:00:00,46078.0,46060.03825557215
10666,2016-07-07 23:00:00,42512.0,42512.47514326392
10667,2016-07-08 00:00:00,38742.0,38752.29663993916
10668,2016-07-06 01:00:00,32757.0,32781.348143190095
10669,2016-07-06 02:00:00,30532.0,30564.995531419954
10670,2016-07-06 03:00:00,28979.0,28980.586551301993
10671,2016-07-06 04:00:00,28138.0,28129.575961004033
10672,2016-07-06 05:00:00,28133.0,28102.59417857776
10673,2016-07-06 06:00:00,29243.0,29253.75203557285
10674,2016-07-06 07:00:00,31629.0,31633.987705933636
10675,2016-07-06 08:00:00,35060.0,35039.11603543454
10676,2016-07-06 09:00:00,38070.0,38064.62034799907
10677,2016-07-06 10:00:00,41020.0,41043.96510254286
10678,2016-07-06 11:00:00,43917.0,43929.70800310691
10679,2016-07-06 12:00:00,46275.0,46273.174073926915
10680,2016-07-06 13:00:00,48090.0,48067.231644862775
10681,2016-07-06 14:00:00,49625.0,49641.80043190125
10682,2016-07-06 15:00:00,50686.0,50698.76579854811
10683,2016-07-06 16:00:00,51421.0,51416.82335559865
10684,2016-07-06 17:00:00,52145.0,52118.852404769146
10685,2016-07-06 18:00:00,52421.0,52388.487650097246
10686,2016-07-06 19:00:00,51782.0,51765.93994947521
10687,2016-07-06 20:00:00,50171.0,50211.87148640751
10688,2016-07-06 21:00:00,48376.0,48401.388658999625
10689,2016-07-06 22:00:00,46799.0,46838.1069794433
10690,2016-07-06 23:00:00,42931.0,42965.259898491735
10691,2016-07-07 00:00:00,39017.0,39012.88825652053
10692,2016-07-05 01:00:00,26750.0,26753.0442488657
10693,2016-07-05 02:00:00,25635.0,25601.958606993743
10694,2016-07-05 03:00:00,25033.0,25055.087215160038
10695,2016-07-05 04:00:00,24795.0,24787.194882738924
10696,2016-07-05 05:00:00,25281.0,25247.126902593584
10697,2016-07-05 06:00:00,26888.0,26847.53548000852
10698,2016-07-05 07:00:00,29145.0,29164.613480985478
10699,2016-07-05 08:00:00,31833.0,31831.22029731369
10700,2016-07-05 09:00:00,34280.0,34230.899539233884
10701,2016-07-05 10:00:00,36489.0,36521.45156022596
10702,2016-07-05 11:00:00,38553.0,38564.94622260874
10703,2016-07-05 12:00:00,40041.0,39994.83764023976
10704,2016-07-05 13:00:00,41366.0,41346.46848323138
10705,2016-07-05 14:00:00,42862.0,42884.24056801409
10706,2016-07-05 15:00:00,44320.0,44275.90297392871
10707,2016-07-05 16:00:00,45772.0,45795.62525590212
10708,2016-07-05 17:00:00,47076.0,47076.48952311065
10709,2016-07-05 18:00:00,47895.0,47923.28574031656
10710,2016-07-05 19:00:00,47532.0,47567.52369377181
10711,2016-07-05 20:00:00,46123.0,46149.775845107215
10712,2016-07-05 21:00:00,44341.0,44298.80749151873
10713,2016-07-05 22:00:00,43036.0,43032.037349417085
10714,2016-07-05 23:00:00,39632.0,39613.8735598594
10715,2016-07-06 00:00:00,35941.0,35941.84924167292
10716,2016-07-04 01:00:00,24795.0,24841.580193704525
10717,2016-07-04 02:00:00,23371.0,23333.43962024606
10718,2016-07-04 03:00:00,22472.0,22508.559830862567
10719,2016-07-04 04:00:00,22001.0,22050.085313262418
10720,2016-07-04 05:00:00,21933.0,21982.002197854083
10721,2016-07-04 06:00:00,22054.0,22083.668928688676
10722,2016-07-04 07:00:00,22392.0,22388.558047714083
10723,2016-07-04 08:00:00,23589.0,23556.800062077265
10724,2016-07-04 09:00:00,25409.0,25419.82130757274
10725,2016-07-04 10:00:00,27524.0,27535.037267426032
10726,2016-07-04 11:00:00,29441.0,29422.643453373214
10727,2016-07-04 12:00:00,30972.0,30983.682221661897
10728,2016-07-04 13:00:00,32189.0,32150.65471795084
10729,2016-07-04 14:00:00,33002.0,33015.40084179531
10730,2016-07-04 15:00:00,33429.0,33468.672238301355
10731,2016-07-04 16:00:00,33545.0,33542.20653138398
10732,2016-07-04 17:00:00,33548.0,33574.456297584424
10733,2016-07-04 18:00:00,33389.0,33402.56405659055
10734,2016-07-04 19:00:00,32813.0,32763.30641257965
10735,2016-07-04 20:00:00,32407.0,32369.199842436563
10736,2016-07-04 21:00:00,32390.0,32417.48353835998
10737,2016-07-04 22:00:00,31776.0,31730.045292730676
10738,2016-07-04 23:00:00,30461.0,30506.62476571298
10739,2016-07-05 00:00:00,28530.0,28569.40761617913
10740,2016-07-03 01:00:00,24847.0,24833.23749421328
10741,2016-07-03 02:00:00,23400.0,23381.038386415425
10742,2016-07-03 03:00:00,22458.0,22469.29317867564
10743,2016-07-03 04:00:00,21874.0,21885.17926219855
10744,2016-07-03 05:00:00,21625.0,21583.903319330326
10745,2016-07-03 06:00:00,21457.0,21428.538567916832
10746,2016-07-03 07:00:00,21605.0,21618.646658586913
10747,2016-07-03 08:00:00,22615.0,22645.07705106138
10748,2016-07-03 09:00:00,24262.0,24231.200249662365
10749,2016-07-03 10:00:00,25908.0,25928.193221457343
10750,2016-07-03 11:00:00,27397.0,27434.04752535733
10751,2016-07-03 12:00:00,28694.0,28655.780514287653
10752,2016-07-03 13:00:00,29866.0,29859.910339573195
10753,2016-07-03 14:00:00,30667.0,30702.055552169055
10754,2016-07-03 15:00:00,31053.0,31040.06268970824
10755,2016-07-03 16:00:00,31208.0,31184.94573266391
10756,2016-07-03 17:00:00,31280.0,31304.561475260813
10757,2016-07-03 18:00:00,31102.0,31092.07779179836
10758,2016-07-03 19:00:00,30482.0,30502.631174212493
10759,2016-07-03 20:00:00,29794.0,29756.639120436048
10760,2016-07-03 21:00:00,29672.0,29677.351090167806
10761,2016-07-03 22:00:00,29630.0,29617.946084223684
10762,2016-07-03 23:00:00,28428.0,28477.73050626606
10763,2016-07-04 00:00:00,26697.0,26706.139141960364
10764,2016-07-02 01:00:00,28957.0,28975.216531617527
10765,2016-07-02 02:00:00,27101.0,27064.10351168472
10766,2016-07-02 03:00:00,25723.0,25772.196921775812
10767,2016-07-02 04:00:00,24668.0,24623.140446615645
10768,2016-07-02 05:00:00,23994.0,23951.083667100338
10769,2016-07-02 06:00:00,23637.0,23594.57352742682
10770,2016-07-02 07:00:00,23921.0,23958.060064488036
10771,2016-07-02 08:00:00,25586.0,25608.858930874685
10772,2016-07-02 09:00:00,27591.0,27638.3052950883
10773,2016-07-02 10:00:00,29221.0,29177.65603330576
10774,2016-07-02 11:00:00,30305.0,30324.1675643592
10775,2016-07-02 12:00:00,30992.0,30995.326928403472
10776,2016-07-02 13:00:00,31507.0,31520.91361891109
10777,2016-07-02 14:00:00,31931.0,31932.291637349637
10778,2016-07-02 15:00:00,32472.0,32489.53469552815
10779,2016-07-02 16:00:00,32978.0,33018.70590939963
10780,2016-07-02 17:00:00,33334.0,33342.7473876019
10781,2016-07-02 18:00:00,33205.0,33244.641587585356
10782,2016-07-02 19:00:00,32559.0,32587.216231571794
10783,2016-07-02 20:00:00,31413.0,31449.492403406042
10784,2016-07-02 21:00:00,30821.0,30836.92508672965
10785,2016-07-02 22:00:00,30498.0,30499.860577622614
10786,2016-07-02 23:00:00,28953.0,28909.95543740087
10787,2016-07-03 00:00:00,26903.0,26936.490246364807
10788,2016-07-01 01:00:00,29201.0,29175.20107399596
10789,2016-07-01 02:00:00,27336.0,27289.666099320104
10790,2016-07-01 03:00:00,26099.0,26100.907117993604
10791,2016-07-01 04:00:00,25451.0,25464.251563650345
10792,2016-07-01 05:00:00,25489.0,25505.183140140223
10793,2016-07-01 06:00:00,26371.0,26387.971578953526
10794,2016-07-01 07:00:00,28306.0,28321.372239352426
10795,2016-07-01 08:00:00,31096.0,31126.81921420609
10796,2016-07-01 09:00:00,33486.0,33512.93616089489
10797,2016-07-01 10:00:00,35673.0,35704.283402760804
10798,2016-07-01 11:00:00,37820.0,37816.026213933794
10799,2016-07-01 12:00:00,39583.0,39539.28187458541
10800,2016-07-01 13:00:00,41140.0,41153.9576264546
10801,2016-07-01 14:00:00,42495.0,42466.02147476846
10802,2016-07-01 15:00:00,43205.0,43240.95215566476
10803,2016-07-01 16:00:00,43269.0,43291.166571976915
10804,2016-07-01 17:00:00,42918.0,42944.586988332354
10805,2016-07-01 18:00:00,42324.0,42302.6422210457
10806,2016-07-01 19:00:00,41085.0,41098.3054102672
10807,2016-07-01 20:00:00,39449.0,39451.80839374483
10808,2016-07-01 21:00:00,37981.0,37957.845186472645
10809,2016-07-01 22:00:00,37018.0,37049.222562687384
10810,2016-07-01 23:00:00,34442.0,34446.995841519834
10811,2016-07-02 00:00:00,31570.0,31539.078825606055
10812,2016-06-30 01:00:00,27731.0,27711.52471253802
10813,2016-06-30 02:00:00,25902.0,25874.71074592483
10814,2016-06-30 03:00:00,24775.0,24756.239992049934
10815,2016-06-30 04:00:00,24151.0,24119.81691925893
10816,2016-06-30 05:00:00,24280.0,24267.113889719327
10817,2016-06-30 06:00:00,25219.0,25238.398317006537
10818,2016-06-30 07:00:00,27280.0,27325.929942928844
10819,2016-06-30 08:00:00,29994.0,29965.053605748624
10820,2016-06-30 09:00:00,32051.0,32030.98296087338
10821,2016-06-30 10:00:00,33958.0,33908.215357099725
10822,2016-06-30 11:00:00,35795.0,35767.53046680411
10823,2016-06-30 12:00:00,37379.0,37370.84518531715
10824,2016-06-30 13:00:00,38692.0,38688.1737405069
10825,2016-06-30 14:00:00,40131.0,40107.63314912443
10826,2016-06-30 15:00:00,41297.0,41262.032296849495
10827,2016-06-30 16:00:00,42282.0,42288.30697184909
10828,2016-06-30 17:00:00,42978.0,42968.91892122998
10829,2016-06-30 18:00:00,43108.0,43100.62658750198
10830,2016-06-30 19:00:00,42357.0,42396.49805841079
10831,2016-06-30 20:00:00,40835.0,40841.14429045407
10832,2016-06-30 21:00:00,39255.0,39243.83393915828
10833,2016-06-30 22:00:00,38300.0,38275.378980457775
10834,2016-06-30 23:00:00,35288.0,35280.85977048102
10835,2016-07-01 00:00:00,31976.0,32012.186845023272
10836,2016-06-29 01:00:00,28852.0,28898.51000495915
10837,2016-06-29 02:00:00,27192.0,27179.723076465834
10838,2016-06-29 03:00:00,26062.0,26032.89821406181
10839,2016-06-29 04:00:00,25487.0,25528.451965863453
10840,2016-06-29 05:00:00,25639.0,25603.44370052044
10841,2016-06-29 06:00:00,26746.0,26725.73852580776
10842,2016-06-29 07:00:00,28855.0,28825.414593984668
10843,2016-06-29 08:00:00,31657.0,31663.58295853132
10844,2016-06-29 09:00:00,33765.0,33755.86411234686
10845,2016-06-29 10:00:00,35382.0,35360.716635079385
10846,2016-06-29 11:00:00,37008.0,37034.79281197167
10847,2016-06-29 12:00:00,38353.0,38369.411670798596
10848,2016-06-29 13:00:00,39523.0,39572.551147461476
10849,2016-06-29 14:00:00,40650.0,40631.198820825935
10850,2016-06-29 15:00:00,41467.0,41501.52810671058
10851,2016-06-29 16:00:00,42127.0,42107.2507466933
10852,2016-06-29 17:00:00,42655.0,42605.90373583392
10853,2016-06-29 18:00:00,42762.0,42727.08976863709
10854,2016-06-29 19:00:00,41780.0,41780.84705183679
10855,2016-06-29 20:00:00,40062.0,40093.00093399581
10856,2016-06-29 21:00:00,38187.0,38142.741259403374
10857,2016-06-29 22:00:00,37124.0,37157.20145994387
10858,2016-06-29 23:00:00,34013.0,34034.607439322834
10859,2016-06-30 00:00:00,30561.0,30514.45190830976
10860,2016-06-28 01:00:00,30038.0,29998.629576638275
10861,2016-06-28 02:00:00,28401.0,28358.56299633411
10862,2016-06-28 03:00:00,27338.0,27355.899299634737
10863,2016-06-28 04:00:00,26804.0,26810.10295928603
10864,2016-06-28 05:00:00,27051.0,27036.885829447045
10865,2016-06-28 06:00:00,28483.0,28441.83115750946
10866,2016-06-28 07:00:00,30863.0,30852.298150659943
10867,2016-06-28 08:00:00,33351.0,33369.21730668634
10868,2016-06-28 09:00:00,35011.0,34970.341173299916
10869,2016-06-28 10:00:00,36276.0,36311.65849515531
10870,2016-06-28 11:00:00,37541.0,37497.290861730624
10871,2016-06-28 12:00:00,38522.0,38532.81937601501
10872,2016-06-28 13:00:00,39485.0,39453.91477032924
10873,2016-06-28 14:00:00,40407.0,40366.16396742897
10874,2016-06-28 15:00:00,41485.0,41470.497153712946
10875,2016-06-28 16:00:00,42423.0,42439.69280413076
10876,2016-06-28 17:00:00,43068.0,43030.10529450871
10877,2016-06-28 18:00:00,43122.0,43119.569732403565
10878,2016-06-28 19:00:00,41795.0,41785.610711561494
10879,2016-06-28 20:00:00,40158.0,40150.74542414226
10880,2016-06-28 21:00:00,39059.0,39103.34167501695
10881,2016-06-28 22:00:00,37793.0,37777.90299015449
10882,2016-06-28 23:00:00,34768.0,34817.16289078537
10883,2016-06-29 00:00:00,31555.0,31558.839116745217
10884,2016-06-27 01:00:00,27488.0,27522.248088548142
10885,2016-06-27 02:00:00,25735.0,25719.8864335218
10886,2016-06-27 03:00:00,24668.0,24626.47738212436
10887,2016-06-27 04:00:00,24177.0,24135.440364739214
10888,2016-06-27 05:00:00,24403.0,24410.414928813134
10889,2016-06-27 06:00:00,25516.0,25558.991579960457
10890,2016-06-27 07:00:00,27639.0,27596.12208185912
10891,2016-06-27 08:00:00,30442.0,30460.911729831612
10892,2016-06-27 09:00:00,32668.0,32674.325109052654
10893,2016-06-27 10:00:00,34715.0,34730.225061343896
10894,2016-06-27 11:00:00,36806.0,36777.554095600244
10895,2016-06-27 12:00:00,38504.0,38461.05085123908
10896,2016-06-27 13:00:00,40072.0,40029.47282294098
10897,2016-06-27 14:00:00,41644.0,41618.672477758526
10898,2016-06-27 15:00:00,43027.0,42998.363926543956
10899,2016-06-27 16:00:00,43892.0,43854.63576089215
10900,2016-06-27 17:00:00,44233.0,44209.46829612541
10901,2016-06-27 18:00:00,43868.0,43871.397369181184
10902,2016-06-27 19:00:00,42571.0,42615.95138101827
10903,2016-06-27 20:00:00,41192.0,41234.22687598782
10904,2016-06-27 21:00:00,40205.0,40182.17136421156
10905,2016-06-27 22:00:00,38875.0,38831.62097940925
10906,2016-06-27 23:00:00,35875.0,35924.5633588503
10907,2016-06-28 00:00:00,32629.0,32626.640835283368
10908,2016-06-26 01:00:00,27130.0,27177.830104291337
10909,2016-06-26 02:00:00,25282.0,25285.764201780552
10910,2016-06-26 03:00:00,24050.0,24088.636082053366
10911,2016-06-26 04:00:00,23186.0,23180.72206518528
10912,2016-06-26 05:00:00,22773.0,22785.202301104488
10913,2016-06-26 06:00:00,22458.0,22461.574031785527
10914,2016-06-26 07:00:00,22662.0,22633.98773190958
10915,2016-06-26 08:00:00,24312.0,24338.379828510202
10916,2016-06-26 09:00:00,26698.0,26653.48055736181
10917,2016-06-26 10:00:00,29141.0,29127.24117458952
10918,2016-06-26 11:00:00,31483.0,31519.99027136075
10919,2016-06-26 12:00:00,33619.0,33619.268376268505
10920,2016-06-26 13:00:00,35349.0,35306.76454773751
10921,2016-06-26 14:00:00,36856.0,36826.753025351136
10922,2016-06-26 15:00:00,38028.0,37988.9639530057
10923,2016-06-26 16:00:00,39112.0,39089.76333069676
10924,2016-06-26 17:00:00,39992.0,39958.53118312643
10925,2016-06-26 18:00:00,40402.0,40423.195078342564
10926,2016-06-26 19:00:00,39822.0,39837.942631090744
10927,2016-06-26 20:00:00,38309.0,38272.507886707244
10928,2016-06-26 21:00:00,36757.0,36751.49908326046
10929,2016-06-26 22:00:00,35873.0,35852.58415790111
10930,2016-06-26 23:00:00,33138.0,33121.72159693517
10931,2016-06-27 00:00:00,30101.0,30108.59797676586
10932,2016-06-25 01:00:00,27821.0,27860.868904520543
10933,2016-06-25 02:00:00,26045.0,26084.732501733863
10934,2016-06-25 03:00:00,24847.0,24838.302149644216
10935,2016-06-25 04:00:00,24114.0,24103.3195150613
10936,2016-06-25 05:00:00,23855.0,23856.797587091656
10937,2016-06-25 06:00:00,23978.0,23975.411500703616
10938,2016-06-25 07:00:00,24546.0,24502.17850238328
10939,2016-06-25 08:00:00,26305.0,26312.87494515522
10940,2016-06-25 09:00:00,28677.0,28685.473245966034
10941,2016-06-25 10:00:00,30932.0,30927.03374087329
10942,2016-06-25 11:00:00,32996.0,32987.39647433202
10943,2016-06-25 12:00:00,34487.0,34530.89457447846
10944,2016-06-25 13:00:00,35686.0,35696.082400180814
10945,2016-06-25 14:00:00,36538.0,36569.627944021275
10946,2016-06-25 15:00:00,37451.0,37496.38410641325
10947,2016-06-25 16:00:00,38327.0,38358.01016899794
10948,2016-06-25 17:00:00,39166.0,39210.29795721333
10949,2016-06-25 18:00:00,39465.0,39490.929357683206
10950,2016-06-25 19:00:00,38959.0,38926.0120521893
10951,2016-06-25 20:00:00,37421.0,37393.69304226802
10952,2016-06-25 21:00:00,35639.0,35608.38952509283
10953,2016-06-25 22:00:00,34734.0,34716.212608925314
10954,2016-06-25 23:00:00,32369.0,32354.49927956039
10955,2016-06-26 00:00:00,29646.0,29677.11819784806
10956,2016-06-24 01:00:00,29130.0,29116.085196568427
10957,2016-06-24 02:00:00,27407.0,27429.721867747634
10958,2016-06-24 03:00:00,26271.0,26311.38167736851
10959,2016-06-24 04:00:00,25714.0,25675.45534156089
10960,2016-06-24 05:00:00,25828.0,25778.026125294295
10961,2016-06-24 06:00:00,26827.0,26865.865859505913
10962,2016-06-24 07:00:00,28787.0,28760.825618167466
10963,2016-06-24 08:00:00,31382.0,31347.343775014335
10964,2016-06-24 09:00:00,33467.0,33446.520877704585
10965,2016-06-24 10:00:00,35211.0,35179.60261077739
10966,2016-06-24 11:00:00,37047.0,37076.36520035046
10967,2016-06-24 12:00:00,38485.0,38498.450801697334
10968,2016-06-24 13:00:00,39438.0,39404.73042877953
10969,2016-06-24 14:00:00,40451.0,40459.356377488795
10970,2016-06-24 15:00:00,41148.0,41118.80910574593
10971,2016-06-24 16:00:00,41338.0,41307.75559724176
10972,2016-06-24 17:00:00,41226.0,41235.54470038108
10973,2016-06-24 18:00:00,40716.0,40732.46870368744
10974,2016-06-24 19:00:00,39198.0,39182.620205210886
10975,2016-06-24 20:00:00,37411.0,37437.340758098726
10976,2016-06-24 21:00:00,36314.0,36347.72144893975
10977,2016-06-24 22:00:00,35551.0,35592.63442047339
10978,2016-06-24 23:00:00,33234.0,33246.60599261637
10979,2016-06-25 00:00:00,30414.0,30386.002488985487
10980,2016-06-23 01:00:00,28626.0,28650.846480168697
10981,2016-06-23 02:00:00,26786.0,26746.784584124736
10982,2016-06-23 03:00:00,25751.0,25719.12148614743
10983,2016-06-23 04:00:00,25294.0,25327.27881273442
10984,2016-06-23 05:00:00,25389.0,25430.082944248054
10985,2016-06-23 06:00:00,26733.0,26689.6717066058
10986,2016-06-23 07:00:00,29024.0,29005.212153082357
10987,2016-06-23 08:00:00,31217.0,31229.91775318004
10988,2016-06-23 09:00:00,32760.0,32803.86477399365
10989,2016-06-23 10:00:00,34105.0,34112.07254405713
10990,2016-06-23 11:00:00,35467.0,35499.099255229135
10991,2016-06-23 12:00:00,36755.0,36797.27551189725
10992,2016-06-23 13:00:00,38120.0,38121.90428862523
10993,2016-06-23 14:00:00,39485.0,39509.04495695857
10994,2016-06-23 15:00:00,40428.0,40444.24129126464
10995,2016-06-23 16:00:00,41570.0,41587.13622284779
10996,2016-06-23 17:00:00,41890.0,41891.70666670086
10997,2016-06-23 18:00:00,41611.0,41623.31916572276
10998,2016-06-23 19:00:00,40432.0,40437.437450613914
10999,2016-06-23 20:00:00,39245.0,39258.77430119521
11000,2016-06-23 21:00:00,38638.0,38638.519778977556
11001,2016-06-23 22:00:00,37807.0,37779.24970148204
11002,2016-06-23 23:00:00,35010.0,35029.36184502854
11003,2016-06-24 00:00:00,31816.0,31804.40316836615
11004,2016-06-22 01:00:00,29353.0,29315.774151418394
11005,2016-06-22 02:00:00,27478.0,27513.132419496993
11006,2016-06-22 03:00:00,26248.0,26216.134700362112
11007,2016-06-22 04:00:00,25634.0,25638.070897354308
11008,2016-06-22 05:00:00,25785.0,25807.111739035558
11009,2016-06-22 06:00:00,26917.0,26931.770241851475
11010,2016-06-22 07:00:00,29124.0,29090.08595003154
11011,2016-06-22 08:00:00,31914.0,31883.41381266128
11012,2016-06-22 09:00:00,34118.0,34082.88479837698
11013,2016-06-22 10:00:00,36082.0,36039.25471881094
11014,2016-06-22 11:00:00,37935.0,37913.32734829898
11015,2016-06-22 12:00:00,39198.0,39200.41383399337
11016,2016-06-22 13:00:00,40157.0,40124.29508874632
11017,2016-06-22 14:00:00,41072.0,41119.08592718636
11018,2016-06-22 15:00:00,41663.0,41682.88304813016
11019,2016-06-22 16:00:00,42108.0,42116.3434583311
11020,2016-06-22 17:00:00,42590.0,42608.14186131932
11021,2016-06-22 18:00:00,42752.0,42745.59500105475
11022,2016-06-22 19:00:00,41964.0,41960.99081778342
11023,2016-06-22 20:00:00,40620.0,40658.86649563474
11024,2016-06-22 21:00:00,39042.0,39064.19394538454
11025,2016-06-22 22:00:00,38069.0,38077.818683804406
11026,2016-06-22 23:00:00,34951.0,34996.02125554329
11027,2016-06-23 00:00:00,31572.0,31588.264129119176
11028,2016-06-21 01:00:00,31689.0,31678.86901009411
11029,2016-06-21 02:00:00,29791.0,29745.745792158912
11030,2016-06-21 03:00:00,28588.0,28577.067610623006
11031,2016-06-21 04:00:00,27978.0,28020.48058049249
11032,2016-06-21 05:00:00,28166.0,28120.464985802973
11033,2016-06-21 06:00:00,29466.0,29434.45626459186
11034,2016-06-21 07:00:00,31737.0,31767.874755009445
11035,2016-06-21 08:00:00,34283.0,34269.495482611084
11036,2016-06-21 09:00:00,36540.0,36508.589867769326
11037,2016-06-21 10:00:00,38690.0,38721.56651460256
11038,2016-06-21 11:00:00,40806.0,40811.843964233914
11039,2016-06-21 12:00:00,42621.0,42625.84634617375
11040,2016-06-21 13:00:00,44070.0,44049.37849473167
11041,2016-06-21 14:00:00,45135.0,45152.51347034019
11042,2016-06-21 15:00:00,44730.0,44766.18260883645
11043,2016-06-21 16:00:00,44188.0,44213.02053082786
11044,2016-06-21 17:00:00,44016.0,44027.24260786032
11045,2016-06-21 18:00:00,43835.0,43820.051952917
11046,2016-06-21 19:00:00,42785.0,42820.48035976541
11047,2016-06-21 20:00:00,41282.0,41288.610759003415
11048,2016-06-21 21:00:00,39980.0,40018.958478136694
11049,2016-06-21 22:00:00,38792.0,38767.417860329144
11050,2016-06-21 23:00:00,35627.0,35642.42955029605
11051,2016-06-22 00:00:00,32182.0,32225.518890062736
11052,2016-06-20 01:00:00,28137.0,28124.40856801506
11053,2016-06-20 02:00:00,26280.0,26325.126636307883
11054,2016-06-20 03:00:00,25101.0,25090.246202764458
11055,2016-06-20 04:00:00,24463.0,24456.768803016756
11056,2016-06-20 05:00:00,24698.0,24728.644737323368
11057,2016-06-20 06:00:00,25721.0,25697.077164861104
11058,2016-06-20 07:00:00,28001.0,28021.587305054425
11059,2016-06-20 08:00:00,30971.0,30950.838919051334
11060,2016-06-20 09:00:00,33545.0,33554.37702067818
11061,2016-06-20 10:00:00,35889.0,35916.5960879572
11062,2016-06-20 11:00:00,38439.0,38391.613930836626
11063,2016-06-20 12:00:00,40699.0,40657.847707375695
11064,2016-06-20 13:00:00,42620.0,42663.43743554975
11065,2016-06-20 14:00:00,44357.0,44388.58295464332
11066,2016-06-20 15:00:00,45698.0,45735.70095206038
11067,2016-06-20 16:00:00,46641.0,46634.89416675518
11068,2016-06-20 17:00:00,47415.0,47436.63518733471
11069,2016-06-20 18:00:00,47406.0,47455.82752369849
11070,2016-06-20 19:00:00,46418.0,46411.25312385553
11071,2016-06-20 20:00:00,44780.0,44814.67798298132
11072,2016-06-20 21:00:00,43121.0,43078.92830130659
11073,2016-06-20 22:00:00,41797.0,41801.386269141156
11074,2016-06-20 23:00:00,38423.0,38406.32398189705
11075,2016-06-21 00:00:00,34692.0,34694.30903991522
11076,2016-06-19 01:00:00,26096.0,26057.40743899296
11077,2016-06-19 02:00:00,24348.0,24334.76819338765
11078,2016-06-19 03:00:00,23205.0,23162.652973707696
11079,2016-06-19 04:00:00,22445.0,22440.309313745714
11080,2016-06-19 05:00:00,22060.0,22054.179488614416
11081,2016-06-19 06:00:00,21732.0,21714.971014083134
11082,2016-06-19 07:00:00,21966.0,22010.831205363564
11083,2016-06-19 08:00:00,23575.0,23533.29335573604
11084,2016-06-19 09:00:00,26024.0,26056.487864734183
11085,2016-06-19 10:00:00,28489.0,28474.49271375876
11086,2016-06-19 11:00:00,30944.0,30913.931371855957
11087,2016-06-19 12:00:00,33323.0,33300.25589015819
11088,2016-06-19 13:00:00,35222.0,35262.18938168838
11089,2016-06-19 14:00:00,36778.0,36810.489862067334
11090,2016-06-19 15:00:00,38036.0,37987.575764362766
11091,2016-06-19 16:00:00,39271.0,39235.732944634074
11092,2016-06-19 17:00:00,40353.0,40370.50271406323
11093,2016-06-19 18:00:00,40778.0,40759.7414013491
11094,2016-06-19 19:00:00,40174.0,40215.914110901496
11095,2016-06-19 20:00:00,38813.0,38841.65016658674
11096,2016-06-19 21:00:00,37618.0,37655.503876458526
11097,2016-06-19 22:00:00,36874.0,36843.28704588983
11098,2016-06-19 23:00:00,34116.0,34081.070521680085
11099,2016-06-20 00:00:00,30959.0,31002.192994058547
11100,2016-06-18 01:00:00,25204.0,25194.419403903965
11101,2016-06-18 02:00:00,23536.0,23527.57167091049
11102,2016-06-18 03:00:00,22476.0,22494.457063452162
11103,2016-06-18 04:00:00,22011.0,22000.7451115458
11104,2016-06-18 05:00:00,21646.0,21683.51913488423
11105,2016-06-18 06:00:00,21467.0,21512.907488382272
11106,2016-06-18 07:00:00,22007.0,21990.251899098737
11107,2016-06-18 08:00:00,23795.0,23765.80576722993
11108,2016-06-18 09:00:00,25997.0,25954.530562143565
11109,2016-06-18 10:00:00,27994.0,27965.43627862183
11110,2016-06-18 11:00:00,29652.0,29615.94454240388
11111,2016-06-18 12:00:00,31096.0,31048.912033366993
11112,2016-06-18 13:00:00,32323.0,32277.66576111444
11113,2016-06-18 14:00:00,33502.0,33502.93637359471
11114,2016-06-18 15:00:00,34712.0,34732.779382889625
11115,2016-06-18 16:00:00,35852.0,35900.32581247321
11116,2016-06-18 17:00:00,36848.0,36813.56804546571
11117,2016-06-18 18:00:00,37306.0,37325.822982089565
11118,2016-06-18 19:00:00,36923.0,36928.39969214772
11119,2016-06-18 20:00:00,35509.0,35506.81254445788
11120,2016-06-18 21:00:00,34187.0,34209.18404481691
11121,2016-06-18 22:00:00,33385.0,33358.86553015941
11122,2016-06-18 23:00:00,31116.0,31097.129174646958
11123,2016-06-19 00:00:00,28526.0,28514.461121427154
11124,2016-06-17 01:00:00,25874.0,25842.239620018303
11125,2016-06-17 02:00:00,24377.0,24374.862145801424
11126,2016-06-17 03:00:00,23557.0,23520.186657424227
11127,2016-06-17 04:00:00,23111.0,23092.814316042004
11128,2016-06-17 05:00:00,23335.0,23296.316228877527
11129,2016-06-17 06:00:00,24481.0,24434.588296879978
11130,2016-06-17 07:00:00,26561.0,26546.520996313295
11131,2016-06-17 08:00:00,28887.0,28898.75504370036
11132,2016-06-17 09:00:00,30584.0,30549.189010484635
11133,2016-06-17 10:00:00,32026.0,32075.345720469388
11134,2016-06-17 11:00:00,33351.0,33328.43483359831
11135,2016-06-17 12:00:00,34477.0,34429.26947752577
11136,2016-06-17 13:00:00,35414.0,35366.80343419739
11137,2016-06-17 14:00:00,36443.0,36459.65686271081
11138,2016-06-17 15:00:00,37150.0,37166.98703649484
11139,2016-06-17 16:00:00,37760.0,37800.27028500558
11140,2016-06-17 17:00:00,38193.0,38152.08412918339
11141,2016-06-17 18:00:00,38095.0,38082.63685951623
11142,2016-06-17 19:00:00,36798.0,36836.927308971375
11143,2016-06-17 20:00:00,35034.0,35063.76772983511
11144,2016-06-17 21:00:00,33576.0,33549.34497401432
11145,2016-06-17 22:00:00,32807.0,32845.99672970733
11146,2016-06-17 23:00:00,30392.0,30410.081650945907
11147,2016-06-18 00:00:00,27626.0,27602.431704001796
11148,2016-06-16 01:00:00,27820.0,27774.482438333056
11149,2016-06-16 02:00:00,26237.0,26236.74432068885
11150,2016-06-16 03:00:00,25242.0,25263.307761519438
11151,2016-06-16 04:00:00,24741.0,24717.864417935103
11152,2016-06-16 05:00:00,25006.0,24972.873601268275
11153,2016-06-16 06:00:00,26398.0,26355.528122942535
11154,2016-06-16 07:00:00,28738.0,28772.20246479707
11155,2016-06-16 08:00:00,31030.0,30985.473142799994
11156,2016-06-16 09:00:00,32397.0,32407.94037678513
11157,2016-06-16 10:00:00,33277.0,33303.32432204858
11158,2016-06-16 11:00:00,34038.0,34066.04818675788
11159,2016-06-16 12:00:00,34481.0,34496.36999157664
11160,2016-06-16 13:00:00,34770.0,34785.27959558086
11161,2016-06-16 14:00:00,35172.0,35169.409190891056
11162,2016-06-16 15:00:00,35422.0,35413.670685111545
11163,2016-06-16 16:00:00,35483.0,35446.73547853905
11164,2016-06-16 17:00:00,35658.0,35661.535376591986
11165,2016-06-16 18:00:00,35539.0,35496.10298509301
11166,2016-06-16 19:00:00,34865.0,34861.81971600527
11167,2016-06-16 20:00:00,34161.0,34184.09007587801
11168,2016-06-16 21:00:00,34109.0,34103.28629880257
11169,2016-06-16 22:00:00,33320.0,33320.828298071414
11170,2016-06-16 23:00:00,30793.0,30827.22058884282
11171,2016-06-17 00:00:00,28063.0,28077.658232442278
11172,2016-06-15 01:00:00,25180.0,25142.75965416423
11173,2016-06-15 02:00:00,23718.0,23722.29371025434
11174,2016-06-15 03:00:00,22891.0,22877.45753724786
11175,2016-06-15 04:00:00,22509.0,22479.683255273336
11176,2016-06-15 05:00:00,22798.0,22812.796868058795
11177,2016-06-15 06:00:00,23948.0,23936.65033225891
11178,2016-06-15 07:00:00,26346.0,26372.730692953184
11179,2016-06-15 08:00:00,28795.0,28803.65007876589
11180,2016-06-15 09:00:00,30257.0,30217.42566191071
11181,2016-06-15 10:00:00,31454.0,31439.03492793488
11182,2016-06-15 11:00:00,32708.0,32684.98429311152
11183,2016-06-15 12:00:00,33816.0,33780.99725672999
11184,2016-06-15 13:00:00,34733.0,34763.02195104944
11185,2016-06-15 14:00:00,35722.0,35709.85287041267
11186,2016-06-15 15:00:00,36737.0,36748.32588474964
11187,2016-06-15 16:00:00,37813.0,37851.20121196941
11188,2016-06-15 17:00:00,38645.0,38649.300661068344
11189,2016-06-15 18:00:00,38955.0,38930.808055273636
11190,2016-06-15 19:00:00,38285.0,38314.068480168484
11191,2016-06-15 20:00:00,37235.0,37228.57548157371
11192,2016-06-15 21:00:00,36839.0,36845.383653926714
11193,2016-06-15 22:00:00,36216.0,36256.208321754864
11194,2016-06-15 23:00:00,33440.0,33438.92751865029
11195,2016-06-16 00:00:00,30389.0,30372.469421770602
11196,2016-06-14 01:00:00,25696.0,25718.7393579512
11197,2016-06-14 02:00:00,24158.0,24121.35004244517
11198,2016-06-14 03:00:00,23306.0,23347.372422617387
11199,2016-06-14 04:00:00,22825.0,22866.55463839185
11200,2016-06-14 05:00:00,23087.0,23094.940734410822
11201,2016-06-14 06:00:00,24135.0,24100.429583854642
11202,2016-06-14 07:00:00,26388.0,26383.20910796667
11203,2016-06-14 08:00:00,28578.0,28570.330503394653
11204,2016-06-14 09:00:00,29835.0,29814.83136611313
11205,2016-06-14 10:00:00,30794.0,30761.510012276198
11206,2016-06-14 11:00:00,31730.0,31706.36955656896
11207,2016-06-14 12:00:00,32415.0,32420.55284985247
11208,2016-06-14 13:00:00,33083.0,33101.57067617126
11209,2016-06-14 14:00:00,33858.0,33905.959617874265
11210,2016-06-14 15:00:00,34690.0,34661.575838656914
11211,2016-06-14 16:00:00,35700.0,35670.401623830105
11212,2016-06-14 17:00:00,36766.0,36727.70333456368
11213,2016-06-14 18:00:00,37433.0,37476.89934887832
11214,2016-06-14 19:00:00,37047.0,37035.1849095941
11215,2016-06-14 20:00:00,35896.0,35938.398079922816
11216,2016-06-14 21:00:00,34618.0,34656.94354938633
11217,2016-06-14 22:00:00,33688.0,33642.39757063224
11218,2016-06-14 23:00:00,30729.0,30706.977116076134
11219,2016-06-15 00:00:00,27677.0,27657.252289777975
11220,2016-06-13 01:00:00,25215.0,25192.734705703173
11221,2016-06-13 02:00:00,23737.0,23729.533581285697
11222,2016-06-13 03:00:00,22807.0,22806.93078531525
11223,2016-06-13 04:00:00,22419.0,22444.819942505626
11224,2016-06-13 05:00:00,22665.0,22641.77028976466
11225,2016-06-13 06:00:00,23789.0,23768.874665521136
11226,2016-06-13 07:00:00,26044.0,26053.860563662736
11227,2016-06-13 08:00:00,28254.0,28221.926895859277
11228,2016-06-13 09:00:00,29450.0,29447.319285306734
11229,2016-06-13 10:00:00,30337.0,30312.098509975072
11230,2016-06-13 11:00:00,31248.0,31217.79901018819
11231,2016-06-13 12:00:00,31863.0,31892.56530763073
11232,2016-06-13 13:00:00,32439.0,32459.712279714382
11233,2016-06-13 14:00:00,33303.0,33277.981261434215
11234,2016-06-13 15:00:00,34139.0,34130.51735251494
11235,2016-06-13 16:00:00,35155.0,35120.42240619321
11236,2016-06-13 17:00:00,35780.0,35735.316843872264
11237,2016-06-13 18:00:00,35865.0,35873.52202035796
11238,2016-06-13 19:00:00,34890.0,34876.35638249279
11239,2016-06-13 20:00:00,33964.0,33934.72512074905
11240,2016-06-13 21:00:00,33894.0,33855.46061457575
11241,2016-06-13 22:00:00,33209.0,33227.00278026003
11242,2016-06-13 23:00:00,30585.0,30562.146000601453
11243,2016-06-14 00:00:00,27927.0,27967.738891027522
11244,2016-06-12 01:00:00,31565.0,31534.280564976245
11245,2016-06-12 02:00:00,29447.0,29421.37751156248
11246,2016-06-12 03:00:00,27930.0,27965.173465651926
11247,2016-06-12 04:00:00,27020.0,27027.24307257098
11248,2016-06-12 05:00:00,26522.0,26482.83786700544
11249,2016-06-12 06:00:00,26177.0,26181.946018790717
11250,2016-06-12 07:00:00,26616.0,26596.812805348967
11251,2016-06-12 08:00:00,28795.0,28818.69416943123
11252,2016-06-12 09:00:00,31928.0,31885.779012440697
11253,2016-06-12 10:00:00,34920.0,34961.78855493954
11254,2016-06-12 11:00:00,36784.0,36781.82025480859
11255,2016-06-12 12:00:00,37878.0,37901.428516272266
11256,2016-06-12 13:00:00,38239.0,38259.46615927538
11257,2016-06-12 14:00:00,38262.0,38229.82508491245
11258,2016-06-12 15:00:00,38254.0,38292.009327595944
11259,2016-06-12 16:00:00,38433.0,38406.27012941985
11260,2016-06-12 17:00:00,38682.0,38651.05673213672
11261,2016-06-12 18:00:00,38675.0,38677.06418583295
11262,2016-06-12 19:00:00,37758.0,37806.454668106075
11263,2016-06-12 20:00:00,36011.0,35992.33945498555
11264,2016-06-12 21:00:00,34366.0,34412.445120390206
11265,2016-06-12 22:00:00,33319.0,33312.50911996286
11266,2016-06-12 23:00:00,30615.0,30648.467575481372
11267,2016-06-13 00:00:00,27664.0,27666.99843497353
11268,2016-06-11 01:00:00,23775.0,23745.526122246698
11269,2016-06-11 02:00:00,22440.0,22477.99932408112
11270,2016-06-11 03:00:00,21596.0,21553.196624535798
11271,2016-06-11 04:00:00,21131.0,21149.275446721527
11272,2016-06-11 05:00:00,20988.0,21021.07584618027
11273,2016-06-11 06:00:00,21065.0,21098.20254669275
11274,2016-06-11 07:00:00,21621.0,21636.529911607868
11275,2016-06-11 08:00:00,23282.0,23257.099739553654
11276,2016-06-11 09:00:00,25394.0,25397.166674768927
11277,2016-06-11 10:00:00,27261.0,27273.953631551638
11278,2016-06-11 11:00:00,29134.0,29172.96943531052
11279,2016-06-11 12:00:00,30825.0,30790.96680206943
11280,2016-06-11 13:00:00,32612.0,32608.49194156687
11281,2016-06-11 14:00:00,34349.0,34332.313593732724
11282,2016-06-11 15:00:00,36147.0,36139.771237958914
11283,2016-06-11 16:00:00,37937.0,37905.304932912964
11284,2016-06-11 17:00:00,39715.0,39686.74308854557
11285,2016-06-11 18:00:00,40998.0,41024.98489385131
11286,2016-06-11 19:00:00,41298.0,41295.83763335706
11287,2016-06-11 20:00:00,40672.0,40673.41472097276
11288,2016-06-11 21:00:00,39991.0,40030.74781070164
11289,2016-06-11 22:00:00,39464.0,39437.99796236266
11290,2016-06-11 23:00:00,37136.0,37118.92715545589
11291,2016-06-12 00:00:00,34326.0,34306.86163735697
11292,2016-06-10 01:00:00,23355.0,23370.923814255904
11293,2016-06-10 02:00:00,22176.0,22182.24507184871
11294,2016-06-10 03:00:00,21466.0,21463.154462238846
11295,2016-06-10 04:00:00,21206.0,21222.798433856475
11296,2016-06-10 05:00:00,21435.0,21433.39186434705
11297,2016-06-10 06:00:00,22539.0,22570.595735635674
11298,2016-06-10 07:00:00,24841.0,24832.024312716832
11299,2016-06-10 08:00:00,27003.0,27042.06076099873
11300,2016-06-10 09:00:00,28208.0,28169.963003356064
11301,2016-06-10 10:00:00,28917.0,28876.39480817498
11302,2016-06-10 11:00:00,29532.0,29547.570151561424
11303,2016-06-10 12:00:00,29971.0,29959.970586853477
11304,2016-06-10 13:00:00,30304.0,30299.57143572107
11305,2016-06-10 14:00:00,30800.0,30819.60186440944
11306,2016-06-10 15:00:00,31486.0,31457.453938307088
11307,2016-06-10 16:00:00,32051.0,32005.392797676577
11308,2016-06-10 17:00:00,32927.0,32920.88892060166
11309,2016-06-10 18:00:00,33124.0,33163.472534548906
11310,2016-06-10 19:00:00,32501.0,32496.073787836413
11311,2016-06-10 20:00:00,31568.0,31575.19643403992
11312,2016-06-10 21:00:00,30946.0,30916.836808220905
11313,2016-06-10 22:00:00,30543.0,30539.407393727153
11314,2016-06-10 23:00:00,28367.0,28365.065456273333
11315,2016-06-11 00:00:00,25902.0,25875.51412217512
11316,2016-06-09 01:00:00,22693.0,22659.379666745426
11317,2016-06-09 02:00:00,21634.0,21619.025776801445
11318,2016-06-09 03:00:00,21028.0,20981.886544992216
11319,2016-06-09 04:00:00,20825.0,20791.645178461695
11320,2016-06-09 05:00:00,21212.0,21235.135348915468
11321,2016-06-09 06:00:00,22479.0,22493.913384893367
11322,2016-06-09 07:00:00,24904.0,24885.278081619017
11323,2016-06-09 08:00:00,27058.0,27063.11619685079
11324,2016-06-09 09:00:00,27944.0,27976.93849548984
11325,2016-06-09 10:00:00,28452.0,28485.91447007744
11326,2016-06-09 11:00:00,28991.0,29006.43769079496
11327,2016-06-09 12:00:00,29231.0,29193.4053387329
11328,2016-06-09 13:00:00,29439.0,29405.290023470017
11329,2016-06-09 14:00:00,29849.0,29828.167320162276
11330,2016-06-09 15:00:00,30175.0,30192.071473904416
11331,2016-06-09 16:00:00,30721.0,30696.800386959898
11332,2016-06-09 17:00:00,31351.0,31347.443248378735
11333,2016-06-09 18:00:00,31742.0,31774.55256401668
11334,2016-06-09 19:00:00,31454.0,31493.177374996172
11335,2016-06-09 20:00:00,30844.0,30877.85453652005
11336,2016-06-09 21:00:00,30705.0,30666.643868425985
11337,2016-06-09 22:00:00,30407.0,30448.075411515372
11338,2016-06-09 23:00:00,28019.0,28037.413871937297
11339,2016-06-10 00:00:00,25332.0,25343.878659834674
11340,2016-06-08 01:00:00,25433.0,25407.754510238912
11341,2016-06-08 02:00:00,23883.0,23925.822786915945
11342,2016-06-08 03:00:00,22950.0,22901.736106640703
11343,2016-06-08 04:00:00,22466.0,22424.218601345907
11344,2016-06-08 05:00:00,22637.0,22602.367457700737
11345,2016-06-08 06:00:00,23845.0,23864.4144432786
11346,2016-06-08 07:00:00,26176.0,26188.285728492916
11347,2016-06-08 08:00:00,28459.0,28503.467779766794
11348,2016-06-08 09:00:00,29649.0,29633.89817175734
11349,2016-06-08 10:00:00,30383.0,30367.76167407588
11350,2016-06-08 11:00:00,31194.0,31210.953400826027
11351,2016-06-08 12:00:00,31255.0,31222.415721316556
11352,2016-06-08 13:00:00,30809.0,30805.404263945893
11353,2016-06-08 14:00:00,30396.0,30347.543324904684
11354,2016-06-08 15:00:00,29956.0,29965.20395072719
11355,2016-06-08 16:00:00,29824.0,29852.39903943128
11356,2016-06-08 17:00:00,29962.0,29932.375432985325
11357,2016-06-08 18:00:00,30063.0,30043.717066208123
11358,2016-06-08 19:00:00,29764.0,29727.183932087857
11359,2016-06-08 20:00:00,29297.0,29308.567451108865
11360,2016-06-08 21:00:00,29373.0,29379.40205294878
11361,2016-06-08 22:00:00,29150.0,29182.639617538185
11362,2016-06-08 23:00:00,26933.0,26980.034370597386
11363,2016-06-09 00:00:00,24477.0,24525.36435837412
11364,2016-06-07 01:00:00,29099.0,29059.716776571186
11365,2016-06-07 02:00:00,27361.0,27366.31365110219
11366,2016-06-07 03:00:00,26184.0,26212.96547292568
11367,2016-06-07 04:00:00,25660.0,25675.898308052678
11368,2016-06-07 05:00:00,25800.0,25839.698672253897
11369,2016-06-07 06:00:00,27074.0,27068.17191878929
11370,2016-06-07 07:00:00,29821.0,29813.709707318074
11371,2016-06-07 08:00:00,32757.0,32709.611254219904
11372,2016-06-07 09:00:00,34590.0,34541.56498131076
11373,2016-06-07 10:00:00,36150.0,36169.26459716003
11374,2016-06-07 11:00:00,37763.0,37760.14661465366
11375,2016-06-07 12:00:00,39235.0,39251.02307891443
11376,2016-06-07 13:00:00,40408.0,40381.822233087056
11377,2016-06-07 14:00:00,41329.0,41365.3092264098
11378,2016-06-07 15:00:00,41440.0,41480.28645103103
11379,2016-06-07 16:00:00,40816.0,40832.229671802335
11380,2016-06-07 17:00:00,39756.0,39733.78013384347
11381,2016-06-07 18:00:00,39161.0,39132.615596941105
11382,2016-06-07 19:00:00,38081.0,38093.54998663015
11383,2016-06-07 20:00:00,36665.0,36709.077797754086
11384,2016-06-07 21:00:00,35383.0,35390.811245116885
11385,2016-06-07 22:00:00,34306.0,34339.93048437749
11386,2016-06-07 23:00:00,31218.0,31224.540554855455
11387,2016-06-08 00:00:00,27987.0,28004.460129376115
11388,2016-06-06 01:00:00,25674.0,25680.777664531986
11389,2016-06-06 02:00:00,24387.0,24394.53637495223
11390,2016-06-06 03:00:00,23629.0,23652.92500927926
11391,2016-06-06 04:00:00,23383.0,23372.624438780054
11392,2016-06-06 05:00:00,23826.0,23866.39976943594
11393,2016-06-06 06:00:00,25324.0,25360.349284847274
11394,2016-06-06 07:00:00,28150.0,28172.53142592991
11395,2016-06-06 08:00:00,31094.0,31118.34261923583
11396,2016-06-06 09:00:00,33117.0,33108.324080843
11397,2016-06-06 10:00:00,34699.0,34732.25264756727
11398,2016-06-06 11:00:00,36061.0,36104.26095335783
11399,2016-06-06 12:00:00,37217.0,37246.51486076491
11400,2016-06-06 13:00:00,38226.0,38189.30229041444
11401,2016-06-06 14:00:00,39453.0,39481.662192171534
11402,2016-06-06 15:00:00,40616.0,40612.457149379734
11403,2016-06-06 16:00:00,41658.0,41668.86995099041
11404,2016-06-06 17:00:00,42464.0,42513.115995815126
11405,2016-06-06 18:00:00,42699.0,42684.93548094607
11406,2016-06-06 19:00:00,41583.0,41567.852838510735
11407,2016-06-06 20:00:00,40170.0,40146.31329798274
11408,2016-06-06 21:00:00,39459.0,39421.71231202875
11409,2016-06-06 22:00:00,38463.0,38429.8173673513
11410,2016-06-06 23:00:00,35226.0,35227.42689904608
11411,2016-06-07 00:00:00,31787.0,31827.979982687433
11412,2016-06-05 01:00:00,27831.0,27861.989926749084
11413,2016-06-05 02:00:00,26145.0,26113.24920735063
11414,2016-06-05 03:00:00,24927.0,24933.169014569678
11415,2016-06-05 04:00:00,24199.0,24233.69246415331
11416,2016-06-05 05:00:00,23835.0,23838.949303117228
11417,2016-06-05 06:00:00,23840.0,23881.143212133382
11418,2016-06-05 07:00:00,24048.0,24088.788495972683
11419,2016-06-05 08:00:00,25229.0,25213.824402952796
11420,2016-06-05 09:00:00,27174.0,27211.3929572911
11421,2016-06-05 10:00:00,28957.0,28965.511580379003
11422,2016-06-05 11:00:00,30461.0,30458.984630920917
11423,2016-06-05 12:00:00,31583.0,31610.426527479754
11424,2016-06-05 13:00:00,32682.0,32710.96167580218
11425,2016-06-05 14:00:00,33675.0,33692.54223616542
11426,2016-06-05 15:00:00,34611.0,34642.08937707559
11427,2016-06-05 16:00:00,35483.0,35528.14239123559
11428,2016-06-05 17:00:00,35986.0,36023.30874537062
11429,2016-06-05 18:00:00,35718.0,35675.425327088655
11430,2016-06-05 19:00:00,34716.0,34751.00289768087
11431,2016-06-05 20:00:00,33565.0,33593.152769193206
11432,2016-06-05 21:00:00,33120.0,33162.67413939175
11433,2016-06-05 22:00:00,32553.0,32576.956895678828
11434,2016-06-05 23:00:00,30428.0,30465.78535172686
11435,2016-06-06 00:00:00,27748.0,27699.02187617847
11436,2016-06-04 01:00:00,26426.0,26473.78053243325
11437,2016-06-04 02:00:00,24920.0,24889.090630406048
11438,2016-06-04 03:00:00,23934.0,23970.422955542865
11439,2016-06-04 04:00:00,23422.0,23464.961063288025
11440,2016-06-04 05:00:00,23289.0,23239.22234334458
11441,2016-06-04 06:00:00,23596.0,23637.367809066807
11442,2016-06-04 07:00:00,24240.0,24272.921188291584
11443,2016-06-04 08:00:00,25842.0,25884.24126455946
11444,2016-06-04 09:00:00,27929.0,27896.68823049951
11445,2016-06-04 10:00:00,30036.0,30063.744093345234
11446,2016-06-04 11:00:00,31955.0,31953.748585475452
11447,2016-06-04 12:00:00,33578.0,33553.76890349997
11448,2016-06-04 13:00:00,34838.0,34863.617140396185
11449,2016-06-04 14:00:00,35896.0,35893.32532263678
11450,2016-06-04 15:00:00,36637.0,36676.9884687534
11451,2016-06-04 16:00:00,37298.0,37319.07315033239
11452,2016-06-04 17:00:00,37930.0,37893.91453829603
11453,2016-06-04 18:00:00,37965.0,37940.07634708908
11454,2016-06-04 19:00:00,37215.0,37191.45335303044
11455,2016-06-04 20:00:00,36055.0,36039.40500902528
11456,2016-06-04 21:00:00,35759.0,35775.645042924494
11457,2016-06-04 22:00:00,34959.0,34998.43325637543
11458,2016-06-04 23:00:00,32775.0,32784.37002570941
11459,2016-06-05 00:00:00,30179.0,30204.180171163214
11460,2016-06-03 01:00:00,27490.0,27471.673289663093
11461,2016-06-03 02:00:00,25870.0,25872.246480589292
11462,2016-06-03 03:00:00,24930.0,24930.412634361106
11463,2016-06-03 04:00:00,24524.0,24544.105982463945
11464,2016-06-03 05:00:00,24876.0,24877.795894433337
11465,2016-06-03 06:00:00,26380.0,26363.42536306388
11466,2016-06-03 07:00:00,29056.0,29030.390740285235
11467,2016-06-03 08:00:00,31387.0,31362.470594887345
11468,2016-06-03 09:00:00,32611.0,32659.088442732384
11469,2016-06-03 10:00:00,33453.0,33438.747648677076
11470,2016-06-03 11:00:00,33992.0,34022.66040970138
11471,2016-06-03 12:00:00,34364.0,34321.13664020642
11472,2016-06-03 13:00:00,34563.0,34521.96532291
11473,2016-06-03 14:00:00,34977.0,34995.61511524599
11474,2016-06-03 15:00:00,35159.0,35154.72091181025
11475,2016-06-03 16:00:00,35289.0,35327.049329929185
11476,2016-06-03 17:00:00,35423.0,35459.22202742823
11477,2016-06-03 18:00:00,35211.0,35236.56572407474
11478,2016-06-03 19:00:00,34545.0,34576.53162212852
11479,2016-06-03 20:00:00,33779.0,33816.05040791262
11480,2016-06-03 21:00:00,33731.0,33759.35755494493
11481,2016-06-03 22:00:00,33316.0,33318.689224993585
11482,2016-06-03 23:00:00,31247.0,31223.47465369973
11483,2016-06-04 00:00:00,28756.0,28784.73823411627
11484,2016-06-02 01:00:00,28052.0,28033.77082710114
11485,2016-06-02 02:00:00,26234.0,26208.481799454807
11486,2016-06-02 03:00:00,25095.0,25062.166761841585
11487,2016-06-02 04:00:00,24502.0,24514.71885272571
11488,2016-06-02 05:00:00,24676.0,24650.247897630365
11489,2016-06-02 06:00:00,25942.0,25929.482763694603
11490,2016-06-02 07:00:00,28605.0,28625.906299932238
11491,2016-06-02 08:00:00,30947.0,30976.38292583434
11492,2016-06-02 09:00:00,32158.0,32139.476466435444
11493,2016-06-02 10:00:00,33243.0,33277.28000904494
11494,2016-06-02 11:00:00,34286.0,34241.79567363525
11495,2016-06-02 12:00:00,35286.0,35334.58727959408
11496,2016-06-02 13:00:00,36267.0,36258.68764649683
11497,2016-06-02 14:00:00,37531.0,37513.488521654595
11498,2016-06-02 15:00:00,38620.0,38662.36757461232
11499,2016-06-02 16:00:00,39621.0,39584.23890255476
11500,2016-06-02 17:00:00,40318.0,40303.77987123991
11501,2016-06-02 18:00:00,40307.0,40292.89011179986
11502,2016-06-02 19:00:00,38989.0,38981.436169846675
11503,2016-06-02 20:00:00,37420.0,37454.833907713415
11504,2016-06-02 21:00:00,37055.0,37089.93814840594
11505,2016-06-02 22:00:00,35931.0,35940.163729674125
11506,2016-06-02 23:00:00,32981.0,33030.175876207184
11507,2016-06-03 00:00:00,29890.0,29924.41607784136
11508,2016-06-01 01:00:00,28697.0,28715.10692599669
11509,2016-06-01 02:00:00,26819.0,26788.945842249967
11510,2016-06-01 03:00:00,25666.0,25670.97307388701
11511,2016-06-01 04:00:00,24989.0,24960.3906739994
11512,2016-06-01 05:00:00,25137.0,25117.16562329896
11513,2016-06-01 06:00:00,26404.0,26422.586380764096
11514,2016-06-01 07:00:00,29079.0,29047.44197137991
11515,2016-06-01 08:00:00,31945.0,31904.084098319643
11516,2016-06-01 09:00:00,33971.0,33974.15455924957
11517,2016-06-01 10:00:00,35765.0,35715.095145912
11518,2016-06-01 11:00:00,37662.0,37672.89153482311
11519,2016-06-01 12:00:00,39358.0,39398.13415812019
11520,2016-06-01 13:00:00,40725.0,40694.024268886336
11521,2016-06-01 14:00:00,42026.0,42014.27691281582
11522,2016-06-01 15:00:00,42920.0,42961.63664951052
11523,2016-06-01 16:00:00,43806.0,43826.387118021856
11524,2016-06-01 17:00:00,44472.0,44435.53137176647
11525,2016-06-01 18:00:00,44307.0,44295.19945224664
11526,2016-06-01 19:00:00,42783.0,42808.599518130555
11527,2016-06-01 20:00:00,40885.0,40901.47778061369
11528,2016-06-01 21:00:00,39665.0,39630.56586359297
11529,2016-06-01 22:00:00,38157.0,38113.248208352845
11530,2016-06-01 23:00:00,34554.0,34572.1664813258
11531,2016-06-02 00:00:00,30846.0,30856.902278191566
11532,2016-05-31 01:00:00,27151.0,27106.934270419177
11533,2016-05-31 02:00:00,25643.0,25690.48118915441
11534,2016-05-31 03:00:00,24820.0,24795.243857101374
11535,2016-05-31 04:00:00,24413.0,24401.602354864313
11536,2016-05-31 05:00:00,24811.0,24778.759748924145
11537,2016-05-31 06:00:00,26328.0,26360.852217020674
11538,2016-05-31 07:00:00,29150.0,29196.25682084582
11539,2016-05-31 08:00:00,32060.0,32031.330567336303
11540,2016-05-31 09:00:00,34030.0,34008.316908406305
11541,2016-05-31 10:00:00,35750.0,35770.65159854844
11542,2016-05-31 11:00:00,37440.0,37442.7889193552
11543,2016-05-31 12:00:00,38918.0,38878.50674876472
11544,2016-05-31 13:00:00,40207.0,40249.86192969143
11545,2016-05-31 14:00:00,41445.0,41456.11511089822
11546,2016-05-31 15:00:00,42446.0,42426.12575098939
11547,2016-05-31 16:00:00,43581.0,43579.9803129018
11548,2016-05-31 17:00:00,44438.0,44438.02468516003
11549,2016-05-31 18:00:00,44726.0,44728.541776271646
11550,2016-05-31 19:00:00,43840.0,43839.730569805426
11551,2016-05-31 20:00:00,42018.0,42024.17932530499
11552,2016-05-31 21:00:00,40769.0,40758.335270055904
11553,2016-05-31 22:00:00,39280.0,39244.61626951765
11554,2016-05-31 23:00:00,35440.0,35456.458310920425
11555,2016-06-01 00:00:00,31610.0,31639.24864972522
11556,2016-05-30 01:00:00,27786.0,27820.101820315234
11557,2016-05-30 02:00:00,26034.0,25986.195210576287
11558,2016-05-30 03:00:00,24922.0,24912.462533022135
11559,2016-05-30 04:00:00,24295.0,24342.84382419347
11560,2016-05-30 05:00:00,24165.0,24121.256309884713
11561,2016-05-30 06:00:00,24459.0,24487.55540942896
11562,2016-05-30 07:00:00,24723.0,24685.611295090755
11563,2016-05-30 08:00:00,25811.0,25843.46391606919
11564,2016-05-30 09:00:00,27626.0,27643.222129898637
11565,2016-05-30 10:00:00,29665.0,29687.50330882894
11566,2016-05-30 11:00:00,31567.0,31614.732114965376
11567,2016-05-30 12:00:00,33507.0,33550.94837831069
11568,2016-05-30 13:00:00,35019.0,34999.43714824122
11569,2016-05-30 14:00:00,36051.0,36038.52165193646
11570,2016-05-30 15:00:00,36749.0,36739.71817151896
11571,2016-05-30 16:00:00,36937.0,36905.05748865611
11572,2016-05-30 17:00:00,36981.0,36969.11348824979
11573,2016-05-30 18:00:00,36894.0,36941.90248676532
11574,2016-05-30 19:00:00,36198.0,36196.956303581464
11575,2016-05-30 20:00:00,35669.0,35714.260088882125
11576,2016-05-30 21:00:00,35766.0,35723.14579689643
11577,2016-05-30 22:00:00,34887.0,34840.92855253304
11578,2016-05-30 23:00:00,32293.0,32300.53301336258
11579,2016-05-31 00:00:00,29435.0,29458.62537912889
11580,2016-05-29 01:00:00,29200.0,29171.745901199483
11581,2016-05-29 02:00:00,27129.0,27129.335848857634
11582,2016-05-29 03:00:00,25529.0,25566.294050014803
11583,2016-05-29 04:00:00,24443.0,24469.17244493378
11584,2016-05-29 05:00:00,23792.0,23765.18139179328
11585,2016-05-29 06:00:00,23292.0,23275.447141529625
11586,2016-05-29 07:00:00,23511.0,23491.579126809487
11587,2016-05-29 08:00:00,25196.0,25217.95069013375
11588,2016-05-29 09:00:00,27819.0,27865.818114772177
11589,2016-05-29 10:00:00,30524.0,30502.007844347965
11590,2016-05-29 11:00:00,33100.0,33108.83005195481
11591,2016-05-29 12:00:00,35109.0,35157.8558503733
11592,2016-05-29 13:00:00,36664.0,36629.75794434786
11593,2016-05-29 14:00:00,37733.0,37748.90823151184
11594,2016-05-29 15:00:00,38477.0,38460.19880971459
11595,2016-05-29 16:00:00,38949.0,38998.16685578565
11596,2016-05-29 17:00:00,39184.0,39144.877135501534
11597,2016-05-29 18:00:00,38764.0,38759.12566170426
11598,2016-05-29 19:00:00,37509.0,37484.497336294655
11599,2016-05-29 20:00:00,36223.0,36176.168234153665
11600,2016-05-29 21:00:00,35781.0,35827.35971715636
11601,2016-05-29 22:00:00,34814.0,34820.81718742579
11602,2016-05-29 23:00:00,32668.0,32688.078715633852
11603,2016-05-30 00:00:00,30157.0,30169.02749443974
11604,2016-05-28 01:00:00,30016.0,29980.84736065979
11605,2016-05-28 02:00:00,27893.0,27860.056040384243
11606,2016-05-28 03:00:00,26352.0,26364.644552330512
11607,2016-05-28 04:00:00,25381.0,25408.980951620477
11608,2016-05-28 05:00:00,24852.0,24863.10702020307
11609,2016-05-28 06:00:00,24680.0,24687.037387357977
11610,2016-05-28 07:00:00,25057.0,25081.596231840747
11611,2016-05-28 08:00:00,27023.0,26997.36083570835
11612,2016-05-28 09:00:00,29823.0,29846.164614929603
11613,2016-05-28 10:00:00,32641.0,32632.122044498883
11614,2016-05-28 11:00:00,35169.0,35186.405009287075
11615,2016-05-28 12:00:00,37382.0,37359.47166530762
11616,2016-05-28 13:00:00,39181.0,39144.74649512532
11617,2016-05-28 14:00:00,40553.0,40505.91590163425
11618,2016-05-28 15:00:00,41582.0,41612.3474208475
11619,2016-05-28 16:00:00,42362.0,42331.69692182427
11620,2016-05-28 17:00:00,42855.0,42841.34643501339
11621,2016-05-28 18:00:00,42802.0,42828.88549307597
11622,2016-05-28 19:00:00,41885.0,41880.018193521726
11623,2016-05-28 20:00:00,40244.0,40215.75489188061
11624,2016-05-28 21:00:00,39086.0,39055.47624029882
11625,2016-05-28 22:00:00,37943.0,37933.79353471203
11626,2016-05-28 23:00:00,35133.0,35139.51763659435
11627,2016-05-29 00:00:00,32025.0,32014.235169702097
11628,2016-05-27 01:00:00,28615.0,28655.45695742195
11629,2016-05-27 02:00:00,26854.0,26804.383403031345
11630,2016-05-27 03:00:00,25688.0,25678.20116033658
11631,2016-05-27 04:00:00,25057.0,25081.283487421493
11632,2016-05-27 05:00:00,25130.0,25169.089111713394
11633,2016-05-27 06:00:00,26299.0,26284.840181759373
11634,2016-05-27 07:00:00,28836.0,28853.358912937227
11635,2016-05-27 08:00:00,31668.0,31676.034875301837
11636,2016-05-27 09:00:00,33905.0,33875.15324665372
11637,2016-05-27 10:00:00,35933.0,35951.09443503484
11638,2016-05-27 11:00:00,38071.0,38045.95646079665
11639,2016-05-27 12:00:00,39968.0,39996.3907666824
11640,2016-05-27 13:00:00,41440.0,41476.590119516775
11641,2016-05-27 14:00:00,42769.0,42766.84222969482
11642,2016-05-27 15:00:00,43655.0,43610.4124591334
11643,2016-05-27 16:00:00,44249.0,44272.735255895815
11644,2016-05-27 17:00:00,44715.0,44711.72151618069
11645,2016-05-27 18:00:00,44667.0,44626.45192300707
11646,2016-05-27 19:00:00,43406.0,43389.11370210715
11647,2016-05-27 20:00:00,41687.0,41666.06411498598
11648,2016-05-27 21:00:00,40689.0,40711.63593985739
11649,2016-05-27 22:00:00,39356.0,39348.4066704879
11650,2016-05-27 23:00:00,36320.0,36328.704769935
11651,2016-05-28 00:00:00,32945.0,32945.10986118969
11652,2016-05-26 01:00:00,25734.0,25756.425692823923
11653,2016-05-26 02:00:00,24106.0,24127.805084574393
11654,2016-05-26 03:00:00,23142.0,23136.878983242557
11655,2016-05-26 04:00:00,22660.0,22623.5033331798
11656,2016-05-26 05:00:00,22847.0,22837.787635544886
11657,2016-05-26 06:00:00,24150.0,24116.01352159082
11658,2016-05-26 07:00:00,26815.0,26860.915791560536
11659,2016-05-26 08:00:00,29410.0,29455.014409800013
11660,2016-05-26 09:00:00,30983.0,30978.66856622856
11661,2016-05-26 10:00:00,32532.0,32484.76278758764
11662,2016-05-26 11:00:00,34181.0,34168.46436895664
11663,2016-05-26 12:00:00,35718.0,35757.50940086625
11664,2016-05-26 13:00:00,37075.0,37053.802113591344
11665,2016-05-26 14:00:00,38359.0,38371.19798444586
11666,2016-05-26 15:00:00,39405.0,39373.39372289046
11667,2016-05-26 16:00:00,40404.0,40436.516420568485
11668,2016-05-26 17:00:00,41316.0,41355.18973208647
11669,2016-05-26 18:00:00,41446.0,41457.51196960302
11670,2016-05-26 19:00:00,40689.0,40701.376248060835
11671,2016-05-26 20:00:00,39558.0,39545.85600294031
11672,2016-05-26 21:00:00,39211.0,39231.70913656205
11673,2016-05-26 22:00:00,38098.0,38095.84615865296
11674,2016-05-26 23:00:00,34811.0,34835.54868679261
11675,2016-05-27 00:00:00,31440.0,31486.851189571775
11676,2016-05-25 01:00:00,23451.0,23483.237586404495
11677,2016-05-25 02:00:00,22185.0,22186.73312446388
11678,2016-05-25 03:00:00,21488.0,21535.888851561653
11679,2016-05-25 04:00:00,21211.0,21221.70822293684
11680,2016-05-25 05:00:00,21587.0,21543.48724195625
11681,2016-05-25 06:00:00,22995.0,23018.036762372016
11682,2016-05-25 07:00:00,25635.0,25667.00621307506
11683,2016-05-25 08:00:00,27964.0,27927.483940597034
11684,2016-05-25 09:00:00,29227.0,29244.928996648072
11685,2016-05-25 10:00:00,30262.0,30304.09166407042
11686,2016-05-25 11:00:00,31322.0,31297.142595283618
11687,2016-05-25 12:00:00,32161.0,32169.500860886987
11688,2016-05-25 13:00:00,32991.0,32968.45882846582
11689,2016-05-25 14:00:00,33928.0,33955.440741480736
11690,2016-05-25 15:00:00,34627.0,34635.066003722466
11691,2016-05-25 16:00:00,35397.0,35389.8076347723
11692,2016-05-25 17:00:00,36224.0,36176.89879890364
11693,2016-05-25 18:00:00,36639.0,36683.479894791824
11694,2016-05-25 19:00:00,36230.0,36229.773927297836
11695,2016-05-25 20:00:00,35453.0,35483.41095431664
11696,2016-05-25 21:00:00,35411.0,35400.18949112714
11697,2016-05-25 22:00:00,34488.0,34522.91036370122
11698,2016-05-25 23:00:00,31346.0,31312.003895042555
11699,2016-05-26 00:00:00,28119.0,28092.14939120515
11700,2016-05-24 01:00:00,22468.0,22451.33913959461
11701,2016-05-24 02:00:00,21480.0,21438.859533732433
11702,2016-05-24 03:00:00,20951.0,20945.38409427004
11703,2016-05-24 04:00:00,20805.0,20803.59243888633
11704,2016-05-24 05:00:00,21289.0,21250.47999977466
11705,2016-05-24 06:00:00,22904.0,22896.709870623974
11706,2016-05-24 07:00:00,25549.0,25518.7296050691
11707,2016-05-24 08:00:00,27637.0,27674.521176978236
11708,2016-05-24 09:00:00,28526.0,28526.929342410953
11709,2016-05-24 10:00:00,29262.0,29307.196614229975
11710,2016-05-24 11:00:00,29834.0,29818.143149352556
11711,2016-05-24 12:00:00,30185.0,30169.139514275674
11712,2016-05-24 13:00:00,30367.0,30350.871184681746
11713,2016-05-24 14:00:00,30684.0,30660.82845138884
11714,2016-05-24 15:00:00,30868.0,30896.423661523553
11715,2016-05-24 16:00:00,31204.0,31182.27408111914
11716,2016-05-24 17:00:00,31696.0,31674.801321337876
11717,2016-05-24 18:00:00,31923.0,31877.689625866562
11718,2016-05-24 19:00:00,31584.0,31630.53613815719
11719,2016-05-24 20:00:00,31227.0,31265.6293848847
11720,2016-05-24 21:00:00,31575.0,31554.25096558425
11721,2016-05-24 22:00:00,30818.0,30820.076903729092
11722,2016-05-24 23:00:00,28056.0,28054.274509634444
11723,2016-05-25 00:00:00,25485.0,25443.770309652577
11724,2016-05-23 01:00:00,21532.0,21535.11971387709
11725,2016-05-23 02:00:00,20671.0,20632.33265968913
11726,2016-05-23 03:00:00,20305.0,20298.408962662306
11727,2016-05-23 04:00:00,20290.0,20248.780428686103
11728,2016-05-23 05:00:00,20888.0,20896.89161856872
11729,2016-05-23 06:00:00,22599.0,22553.900888372587
11730,2016-05-23 07:00:00,25346.0,25358.842863019694
11731,2016-05-23 08:00:00,27402.0,27422.721846927147
11732,2016-05-23 09:00:00,28072.0,28079.086319307768
11733,2016-05-23 10:00:00,28503.0,28499.94900304099
11734,2016-05-23 11:00:00,29014.0,28970.07927063356
11735,2016-05-23 12:00:00,29318.0,29269.135327090728
11736,2016-05-23 13:00:00,29660.0,29644.24315292773
11737,2016-05-23 14:00:00,30002.0,30029.12524340641
11738,2016-05-23 15:00:00,30153.0,30167.727789496737
11739,2016-05-23 16:00:00,30114.0,30076.528094373054
11740,2016-05-23 17:00:00,30152.0,30170.79391632037
11741,2016-05-23 18:00:00,30224.0,30231.4915590411
11742,2016-05-23 19:00:00,29867.0,29833.672319354566
11743,2016-05-23 20:00:00,29572.0,29597.53016414213
11744,2016-05-23 21:00:00,30013.0,30046.030450868282
11745,2016-05-23 22:00:00,29063.0,29036.255743167363
11746,2016-05-23 23:00:00,26531.0,26544.588629336333
11747,2016-05-24 00:00:00,24229.0,24216.813248023027
11748,2016-05-22 01:00:00,21558.0,21513.846099818587
11749,2016-05-22 02:00:00,20572.0,20608.13532238863
11750,2016-05-22 03:00:00,20017.0,20049.074448096177
11751,2016-05-22 04:00:00,19707.0,19688.794250814015
11752,2016-05-22 05:00:00,19693.0,19696.15051668105
11753,2016-05-22 06:00:00,19981.0,19982.23696394117
11754,2016-05-22 07:00:00,20366.0,20333.745913137016
11755,2016-05-22 08:00:00,21434.0,21398.567390839573
11756,2016-05-22 09:00:00,22935.0,22969.426787540506
11757,2016-05-22 10:00:00,24106.0,24142.735811450777
11758,2016-05-22 11:00:00,24810.0,24832.517971010082
11759,2016-05-22 12:00:00,25079.0,25036.276552500745
11760,2016-05-22 13:00:00,25098.0,25138.91421752404
11761,2016-05-22 14:00:00,25049.0,25097.075273485832
11762,2016-05-22 15:00:00,25016.0,25043.56139290897
11763,2016-05-22 16:00:00,25019.0,25004.341266824667
11764,2016-05-22 17:00:00,25384.0,25374.5774772353
11765,2016-05-22 18:00:00,25861.0,25897.963672677997
11766,2016-05-22 19:00:00,26184.0,26162.018610755702
11767,2016-05-22 20:00:00,26480.0,26444.185761111585
11768,2016-05-22 21:00:00,27293.0,27325.28042916715
11769,2016-05-22 22:00:00,26703.0,26672.3332550279
11770,2016-05-22 23:00:00,24962.0,25002.729982875037
11771,2016-05-23 00:00:00,22966.0,22975.568212701608
11772,2016-05-21 01:00:00,22031.0,22036.536985237144
11773,2016-05-21 02:00:00,20922.0,20949.57493314002
11774,2016-05-21 03:00:00,20210.0,20161.64652882072
11775,2016-05-21 04:00:00,19876.0,19897.35389964199
11776,2016-05-21 05:00:00,19887.0,19896.84939543937
11777,2016-05-21 06:00:00,20244.0,20246.37806878303
11778,2016-05-21 07:00:00,20889.0,20860.732612332573
11779,2016-05-21 08:00:00,22265.0,22297.943444475888
11780,2016-05-21 09:00:00,23977.0,23952.065032290728
11781,2016-05-21 10:00:00,25381.0,25379.97728751583
11782,2016-05-21 11:00:00,26175.0,26140.808034594378
11783,2016-05-21 12:00:00,26415.0,26462.371020708408
11784,2016-05-21 13:00:00,26249.0,26218.453288431305
11785,2016-05-21 14:00:00,25731.0,25761.321840142715
11786,2016-05-21 15:00:00,25384.0,25360.307925082965
11787,2016-05-21 16:00:00,25201.0,25176.6043237408
11788,2016-05-21 17:00:00,25284.0,25276.171038890378
11789,2016-05-21 18:00:00,25534.0,25568.58475957005
11790,2016-05-21 19:00:00,25679.0,25697.75574174795
11791,2016-05-21 20:00:00,25983.0,26020.163484437333
11792,2016-05-21 21:00:00,26566.0,26520.721230423882
11793,2016-05-21 22:00:00,25995.0,26040.56927280538
11794,2016-05-21 23:00:00,24638.0,24595.713689502758
11795,2016-05-22 00:00:00,22983.0,23005.106538913144
11796,2016-05-20 01:00:00,22035.0,22005.717315468137
11797,2016-05-20 02:00:00,21113.0,21147.084485661508
11798,2016-05-20 03:00:00,20625.0,20661.236169751905
11799,2016-05-20 04:00:00,20478.0,20483.124974298033
11800,2016-05-20 05:00:00,21009.0,20999.287071926745
11801,2016-05-20 06:00:00,22608.0,22637.337120666958
11802,2016-05-20 07:00:00,25158.0,25195.403136343997
11803,2016-05-20 08:00:00,27212.0,27235.8259650674
11804,2016-05-20 09:00:00,27756.0,27796.691675834347
11805,2016-05-20 10:00:00,27994.0,28006.653158705558
11806,2016-05-20 11:00:00,28303.0,28320.04719316
11807,2016-05-20 12:00:00,28464.0,28471.18619616105
11808,2016-05-20 13:00:00,28543.0,28541.81622372298
11809,2016-05-20 14:00:00,28754.0,28769.486059812392
11810,2016-05-20 15:00:00,28861.0,28867.11553958791
11811,2016-05-20 16:00:00,28996.0,29019.123997545816
11812,2016-05-20 17:00:00,29210.0,29253.423438604328
11813,2016-05-20 18:00:00,29113.0,29100.3047181347
11814,2016-05-20 19:00:00,28393.0,28384.116841843654
11815,2016-05-20 20:00:00,27837.0,27788.5033577521
11816,2016-05-20 21:00:00,28393.0,28395.70345640511
11817,2016-05-20 22:00:00,27844.0,27807.14009563944
11818,2016-05-20 23:00:00,25935.0,25956.600071074823
11819,2016-05-21 00:00:00,23778.0,23805.958693133292
11820,2016-05-19 01:00:00,22358.0,22380.274056665858
11821,2016-05-19 02:00:00,21413.0,21417.664434830913
11822,2016-05-19 03:00:00,20975.0,20978.42172906008
11823,2016-05-19 04:00:00,20820.0,20834.655394082507
11824,2016-05-19 05:00:00,21378.0,21383.470081599593
11825,2016-05-19 06:00:00,23099.0,23124.02908941335
11826,2016-05-19 07:00:00,25781.0,25820.452781468044
11827,2016-05-19 08:00:00,27680.0,27683.612949357357
11828,2016-05-19 09:00:00,28129.0,28090.034161802872
11829,2016-05-19 10:00:00,28212.0,28175.103288361253
11830,2016-05-19 11:00:00,28375.0,28362.59184468937
11831,2016-05-19 12:00:00,28527.0,28526.629274350264
11832,2016-05-19 13:00:00,28753.0,28725.505037453906
11833,2016-05-19 14:00:00,29025.0,29020.27502066882
11834,2016-05-19 15:00:00,28795.0,28758.573391689068
11835,2016-05-19 16:00:00,28667.0,28641.083000764524
11836,2016-05-19 17:00:00,28776.0,28799.395894811627
11837,2016-05-19 18:00:00,28890.0,28938.55703223744
11838,2016-05-19 19:00:00,28512.0,28480.62030955441
11839,2016-05-19 20:00:00,28358.0,28341.90965799792
11840,2016-05-19 21:00:00,29127.0,29112.068664696188
11841,2016-05-19 22:00:00,28674.0,28646.332607965527
11842,2016-05-19 23:00:00,26224.0,26194.40569521492
11843,2016-05-20 00:00:00,23861.0,23824.169433387837
11844,2016-05-18 01:00:00,22574.0,22614.75145957729
11845,2016-05-18 02:00:00,21714.0,21728.93723535917
11846,2016-05-18 03:00:00,21263.0,21242.046794313555
11847,2016-05-18 04:00:00,21219.0,21194.809446384308
11848,2016-05-18 05:00:00,21791.0,21799.972315438372
11849,2016-05-18 06:00:00,23598.0,23617.72223779515
11850,2016-05-18 07:00:00,26392.0,26367.300856894402
11851,2016-05-18 08:00:00,28328.0,28312.716285092225
11852,2016-05-18 09:00:00,28870.0,28849.061232207987
11853,2016-05-18 10:00:00,29034.0,28992.770833098584
11854,2016-05-18 11:00:00,28978.0,28966.652844042153
11855,2016-05-18 12:00:00,28568.0,28571.361117426994
11856,2016-05-18 13:00:00,28263.0,28278.536625433437
11857,2016-05-18 14:00:00,28241.0,28232.673668548996
11858,2016-05-18 15:00:00,28179.0,28227.337011842963
11859,2016-05-18 16:00:00,28235.0,28247.583769265188
11860,2016-05-18 17:00:00,28465.0,28503.658455857123
11861,2016-05-18 18:00:00,28642.0,28683.598776264356
11862,2016-05-18 19:00:00,28475.0,28507.139936395128
11863,2016-05-18 20:00:00,28667.0,28643.998558232743
11864,2016-05-18 21:00:00,29479.0,29472.127710738125
11865,2016-05-18 22:00:00,28492.0,28442.03851507474
11866,2016-05-18 23:00:00,26232.0,26227.140688615265
11867,2016-05-19 00:00:00,23957.0,23936.3752705557
11868,2016-05-17 01:00:00,22257.0,22218.189607633078
11869,2016-05-17 02:00:00,21448.0,21481.85878520233
11870,2016-05-17 03:00:00,21023.0,21040.344686598008
11871,2016-05-17 04:00:00,20988.0,21037.910354179283
11872,2016-05-17 05:00:00,21499.0,21498.838844240876
11873,2016-05-17 06:00:00,23322.0,23305.070613597087
11874,2016-05-17 07:00:00,26101.0,26077.381139511966
11875,2016-05-17 08:00:00,28143.0,28136.536109693694
11876,2016-05-17 09:00:00,28831.0,28811.987217857848
11877,2016-05-17 10:00:00,29056.0,29105.075855358205
11878,2016-05-17 11:00:00,29213.0,29181.279392545042
11879,2016-05-17 12:00:00,29293.0,29244.91296949445
11880,2016-05-17 13:00:00,29239.0,29201.999949390076
11881,2016-05-17 14:00:00,29330.0,29369.153232672397
11882,2016-05-17 15:00:00,29052.0,29071.39192592895
11883,2016-05-17 16:00:00,28866.0,28894.397221056446
11884,2016-05-17 17:00:00,29061.0,29043.047156699893
11885,2016-05-17 18:00:00,29168.0,29180.270355838406
11886,2016-05-17 19:00:00,28872.0,28892.789863679493
11887,2016-05-17 20:00:00,28848.0,28830.641611218456
11888,2016-05-17 21:00:00,29519.0,29541.452769109284
11889,2016-05-17 22:00:00,28810.0,28822.965871579887
11890,2016-05-17 23:00:00,26407.0,26386.62350003001
11891,2016-05-18 00:00:00,24188.0,24143.285588517974
11892,2016-05-16 01:00:00,22241.0,22214.78648219077
11893,2016-05-16 02:00:00,21632.0,21643.953618092648
11894,2016-05-16 03:00:00,21411.0,21420.903065727627
11895,2016-05-16 04:00:00,21569.0,21569.76491513149
11896,2016-05-16 05:00:00,22383.0,22358.14751015234
11897,2016-05-16 06:00:00,24405.0,24399.45367425514
11898,2016-05-16 07:00:00,27284.0,27248.404375322956
11899,2016-05-16 08:00:00,28850.0,28866.238294607105
11900,2016-05-16 09:00:00,28841.0,28877.91600465768
11901,2016-05-16 10:00:00,28624.0,28620.36858987027
11902,2016-05-16 11:00:00,28509.0,28480.299754657713
11903,2016-05-16 12:00:00,28252.0,28284.788629114344
11904,2016-05-16 13:00:00,27951.0,27932.30794246121
11905,2016-05-16 14:00:00,27769.0,27778.39676322276
11906,2016-05-16 15:00:00,27512.0,27469.54215257201
11907,2016-05-16 16:00:00,27382.0,27403.793744422965
11908,2016-05-16 17:00:00,27549.0,27545.067170493083
11909,2016-05-16 18:00:00,27816.0,27808.334862212338
11910,2016-05-16 19:00:00,27840.0,27883.483647016106
11911,2016-05-16 20:00:00,28014.0,28013.14895429918
11912,2016-05-16 21:00:00,29036.0,28987.67505132288
11913,2016-05-16 22:00:00,28435.0,28480.982088335866
11914,2016-05-16 23:00:00,26074.0,26025.22128935602
11915,2016-05-17 00:00:00,23878.0,23881.586944425813
11916,2016-05-15 01:00:00,21267.0,21280.35970223842
11917,2016-05-15 02:00:00,20328.0,20367.448415539173
11918,2016-05-15 03:00:00,19763.0,19780.921246100017
11919,2016-05-15 04:00:00,19524.0,19555.11327869476
11920,2016-05-15 05:00:00,19609.0,19635.992260134797
11921,2016-05-15 06:00:00,19891.0,19862.35348621033
11922,2016-05-15 07:00:00,20302.0,20322.04680719252
11923,2016-05-15 08:00:00,21302.0,21315.758217514816
11924,2016-05-15 09:00:00,22574.0,22548.397085309207
11925,2016-05-15 10:00:00,23590.0,23552.83309696388
11926,2016-05-15 11:00:00,24077.0,24102.16393709756
11927,2016-05-15 12:00:00,24388.0,24435.112627046787
11928,2016-05-15 13:00:00,24423.0,24446.84458363637
11929,2016-05-15 14:00:00,24259.0,24283.944987644834
11930,2016-05-15 15:00:00,24062.0,24028.67045139656
11931,2016-05-15 16:00:00,23892.0,23866.705536157948
11932,2016-05-15 17:00:00,24137.0,24145.57626351534
11933,2016-05-15 18:00:00,24824.0,24777.143083985495
11934,2016-05-15 19:00:00,25297.0,25313.79229430332
11935,2016-05-15 20:00:00,25873.0,25837.4811251789
11936,2016-05-15 21:00:00,27244.0,27235.339637121302
11937,2016-05-15 22:00:00,26951.0,26933.01881260653
11938,2016-05-15 23:00:00,25314.0,25274.645550047757
11939,2016-05-16 00:00:00,23564.0,23571.87714855145
11940,2016-05-14 01:00:00,22296.0,22282.12458519071
11941,2016-05-14 02:00:00,21134.0,21088.398498533075
11942,2016-05-14 03:00:00,20410.0,20404.441997824124
11943,2016-05-14 04:00:00,20016.0,20025.02588707351
11944,2016-05-14 05:00:00,19994.0,19957.041435560106
11945,2016-05-14 06:00:00,20393.0,20401.499390104993
11946,2016-05-14 07:00:00,20909.0,20889.20241365688
11947,2016-05-14 08:00:00,22293.0,22268.964813971328
11948,2016-05-14 09:00:00,23742.0,23771.54832099621
11949,2016-05-14 10:00:00,24749.0,24745.7741672129
11950,2016-05-14 11:00:00,25391.0,25378.79230012023
11951,2016-05-14 12:00:00,25691.0,25722.302238977707
11952,2016-05-14 13:00:00,25832.0,25873.034425260783
11953,2016-05-14 14:00:00,25782.0,25763.508361845805
11954,2016-05-14 15:00:00,25804.0,25759.03980633011
11955,2016-05-14 16:00:00,25810.0,25814.071756342826
11956,2016-05-14 17:00:00,25866.0,25887.51537035254
11957,2016-05-14 18:00:00,26121.0,26129.779074426224
11958,2016-05-14 19:00:00,26030.0,26048.805575022016
11959,2016-05-14 20:00:00,25826.0,25840.672427720252
11960,2016-05-14 21:00:00,26395.0,26440.599490923007
11961,2016-05-14 22:00:00,25913.0,25949.591797962625
11962,2016-05-14 23:00:00,24482.0,24445.18435224109
11963,2016-05-15 00:00:00,22768.0,22763.260387804337
11964,2016-05-13 01:00:00,22831.0,22826.476855769095
11965,2016-05-13 02:00:00,21777.0,21772.63337104603
11966,2016-05-13 03:00:00,21161.0,21204.070394910927
11967,2016-05-13 04:00:00,20937.0,20919.71928637054
11968,2016-05-13 05:00:00,21353.0,21364.427303718217
11969,2016-05-13 06:00:00,22934.0,22973.63134466673
11970,2016-05-13 07:00:00,25567.0,25522.053865299862
11971,2016-05-13 08:00:00,27775.0,27812.855397277766
11972,2016-05-13 09:00:00,28806.0,28832.495899815316
11973,2016-05-13 10:00:00,29525.0,29495.78723920089
11974,2016-05-13 11:00:00,30072.0,30054.5511294661
11975,2016-05-13 12:00:00,30245.0,30226.058674711734
11976,2016-05-13 13:00:00,30191.0,30163.130650478895
11977,2016-05-13 14:00:00,30158.0,30171.852137202324
11978,2016-05-13 15:00:00,29803.0,29851.282829973672
11979,2016-05-13 16:00:00,29659.0,29625.661179346393
11980,2016-05-13 17:00:00,29373.0,29346.218885941937
11981,2016-05-13 18:00:00,29255.0,29234.037413164824
11982,2016-05-13 19:00:00,28657.0,28700.757105090677
11983,2016-05-13 20:00:00,28221.0,28233.582158557572
11984,2016-05-13 21:00:00,28745.0,28716.266826764717
11985,2016-05-13 22:00:00,28204.0,28234.398906764614
11986,2016-05-13 23:00:00,26273.0,26315.287269612072
11987,2016-05-14 00:00:00,24106.0,24096.34421943527
11988,2016-05-12 01:00:00,22395.0,22362.281688931365
11989,2016-05-12 02:00:00,21438.0,21418.991655548733
11990,2016-05-12 03:00:00,20919.0,20890.711475260847
11991,2016-05-12 04:00:00,20793.0,20763.14270177862
11992,2016-05-12 05:00:00,21191.0,21158.078873748625
11993,2016-05-12 06:00:00,22949.0,22986.60478204608
11994,2016-05-12 07:00:00,25623.0,25581.58880204575
11995,2016-05-12 08:00:00,27574.0,27565.334952954356
11996,2016-05-12 09:00:00,28175.0,28126.473506641814
11997,2016-05-12 10:00:00,28525.0,28504.33952998507
11998,2016-05-12 11:00:00,29001.0,29021.693516441443
11999,2016-05-12 12:00:00,29171.0,29141.283575686404
12000,2016-05-12 13:00:00,29390.0,29439.87296497208
12001,2016-05-12 14:00:00,29652.0,29606.82992421537
12002,2016-05-12 15:00:00,29770.0,29733.64836678021
12003,2016-05-12 16:00:00,29725.0,29753.68809685982
12004,2016-05-12 17:00:00,29964.0,30011.59983566448
12005,2016-05-12 18:00:00,30013.0,30058.401300617978
12006,2016-05-12 19:00:00,29747.0,29776.82364454139
12007,2016-05-12 20:00:00,29561.0,29608.298656858908
12008,2016-05-12 21:00:00,30480.0,30514.079444932817
12009,2016-05-12 22:00:00,29588.0,29543.802479639606
12010,2016-05-12 23:00:00,27137.0,27171.563411760962
12011,2016-05-13 00:00:00,24662.0,24660.37799358457
12012,2016-05-11 01:00:00,22380.0,22375.67532129074
12013,2016-05-11 02:00:00,21527.0,21477.252731684
12014,2016-05-11 03:00:00,21079.0,21091.02571649332
12015,2016-05-11 04:00:00,21041.0,21058.16086730333
12016,2016-05-11 05:00:00,21566.0,21595.071544229515
12017,2016-05-11 06:00:00,23390.0,23372.595298655317
12018,2016-05-11 07:00:00,26242.0,26204.813360166347
12019,2016-05-11 08:00:00,28028.0,28021.985031080047
12020,2016-05-11 09:00:00,28573.0,28559.228793044917
12021,2016-05-11 10:00:00,28860.0,28885.313324330826
12022,2016-05-11 11:00:00,28990.0,28962.943877880956
12023,2016-05-11 12:00:00,29059.0,29022.81709791528
12024,2016-05-11 13:00:00,28947.0,28941.01854812314
12025,2016-05-11 14:00:00,28941.0,28953.79895907359
12026,2016-05-11 15:00:00,28852.0,28830.0997617173
12027,2016-05-11 16:00:00,28959.0,28920.443316120964
12028,2016-05-11 17:00:00,29171.0,29164.911639141363
12029,2016-05-11 18:00:00,29259.0,29305.18773460735
12030,2016-05-11 19:00:00,28995.0,29041.73144725437
12031,2016-05-11 20:00:00,29036.0,29056.868564669
12032,2016-05-11 21:00:00,29858.0,29885.71534143807
12033,2016-05-11 22:00:00,28865.0,28835.351013697233
12034,2016-05-11 23:00:00,26502.0,26489.46539256075
12035,2016-05-12 00:00:00,24159.0,24169.47541538767
12036,2016-05-10 01:00:00,22201.0,22226.04166217753
12037,2016-05-10 02:00:00,21281.0,21247.66249335268
12038,2016-05-10 03:00:00,20811.0,20806.762837259274
12039,2016-05-10 04:00:00,20735.0,20701.275438043427
12040,2016-05-10 05:00:00,21314.0,21327.335856725003
12041,2016-05-10 06:00:00,23148.0,23175.21622072485
12042,2016-05-10 07:00:00,26054.0,26087.330847111483
12043,2016-05-10 08:00:00,28077.0,28100.236515633726
12044,2016-05-10 09:00:00,28617.0,28582.914515357443
12045,2016-05-10 10:00:00,28816.0,28848.841193775035
12046,2016-05-10 11:00:00,29023.0,29006.44139142165
12047,2016-05-10 12:00:00,28973.0,29006.576633005756
12048,2016-05-10 13:00:00,28705.0,28680.09006184114
12049,2016-05-10 14:00:00,28627.0,28624.570325625093
12050,2016-05-10 15:00:00,28380.0,28387.657172751773
12051,2016-05-10 16:00:00,28222.0,28175.472154698884
12052,2016-05-10 17:00:00,28317.0,28357.369456539032
12053,2016-05-10 18:00:00,28333.0,28334.154328645836
12054,2016-05-10 19:00:00,28165.0,28134.20417697039
12055,2016-05-10 20:00:00,28373.0,28339.081192828944
12056,2016-05-10 21:00:00,29563.0,29581.654824061563
12057,2016-05-10 22:00:00,28751.0,28709.173311998995
12058,2016-05-10 23:00:00,26315.0,26308.98217189344
12059,2016-05-11 00:00:00,24029.0,24033.02764853847
12060,2016-05-09 01:00:00,21333.0,21306.313107644488
12061,2016-05-09 02:00:00,20622.0,20584.919985300043
12062,2016-05-09 03:00:00,20384.0,20383.070653922314
12063,2016-05-09 04:00:00,20487.0,20471.032776951528
12064,2016-05-09 05:00:00,21282.0,21246.02416195021
12065,2016-05-09 06:00:00,23214.0,23185.03736017241
12066,2016-05-09 07:00:00,26005.0,26002.093968135207
12067,2016-05-09 08:00:00,27733.0,27696.30503978363
12068,2016-05-09 09:00:00,28005.0,28048.61193319441
12069,2016-05-09 10:00:00,28135.0,28162.545582039977
12070,2016-05-09 11:00:00,28376.0,28358.555783708434
12071,2016-05-09 12:00:00,28560.0,28535.835576210346
12072,2016-05-09 13:00:00,28624.0,28661.429550681725
12073,2016-05-09 14:00:00,28714.0,28706.692805323088
12074,2016-05-09 15:00:00,28430.0,28466.271782366675
12075,2016-05-09 16:00:00,28193.0,28217.24563768283
12076,2016-05-09 17:00:00,28264.0,28223.21180081933
12077,2016-05-09 18:00:00,28489.0,28520.360393691044
12078,2016-05-09 19:00:00,28464.0,28467.988104326432
12079,2016-05-09 20:00:00,28695.0,28712.76001404931
12080,2016-05-09 21:00:00,29653.0,29624.900446633
12081,2016-05-09 22:00:00,28595.0,28545.0270575439
12082,2016-05-09 23:00:00,26175.0,26158.368809321135
12083,2016-05-10 00:00:00,23825.0,23794.062733831477
12084,2016-05-08 01:00:00,21847.0,21840.52165145653
12085,2016-05-08 02:00:00,20905.0,20864.08978110497
12086,2016-05-08 03:00:00,20298.0,20337.504630074807
12087,2016-05-08 04:00:00,20052.0,20013.872387160824
12088,2016-05-08 05:00:00,20041.0,20067.418493055968
12089,2016-05-08 06:00:00,20393.0,20436.932453166723
12090,2016-05-08 07:00:00,20813.0,20777.822846639774
12091,2016-05-08 08:00:00,21930.0,21914.647679359034
12092,2016-05-08 09:00:00,23229.0,23252.106248809676
12093,2016-05-08 10:00:00,23908.0,23929.446207804438
12094,2016-05-08 11:00:00,24024.0,23977.739505027457
12095,2016-05-08 12:00:00,23703.0,23660.069405484875
12096,2016-05-08 13:00:00,23418.0,23380.01396323268
12097,2016-05-08 14:00:00,23031.0,23037.802186560486
12098,2016-05-08 15:00:00,22794.0,22749.504310848155
12099,2016-05-08 16:00:00,22736.0,22744.840994792456
12100,2016-05-08 17:00:00,23127.0,23111.246198370955
12101,2016-05-08 18:00:00,23602.0,23618.941043338975
12102,2016-05-08 19:00:00,24079.0,24107.204233358538
12103,2016-05-08 20:00:00,24747.0,24776.139932391412
12104,2016-05-08 21:00:00,26350.0,26303.763482422113
12105,2016-05-08 22:00:00,26097.0,26141.719532709343
12106,2016-05-08 23:00:00,24490.0,24498.664628678685
12107,2016-05-09 00:00:00,22609.0,22648.56990954698
12108,2016-05-07 01:00:00,23200.0,23211.514518140943
12109,2016-05-07 02:00:00,22120.0,22118.411702784666
12110,2016-05-07 03:00:00,21563.0,21585.97286158422
12111,2016-05-07 04:00:00,21245.0,21216.94212629455
12112,2016-05-07 05:00:00,21319.0,21279.32262230165
12113,2016-05-07 06:00:00,21941.0,21900.04982196949
12114,2016-05-07 07:00:00,22702.0,22736.91360684543
12115,2016-05-07 08:00:00,23918.0,23959.244479194866
12116,2016-05-07 09:00:00,25353.0,25384.441399894273
12117,2016-05-07 10:00:00,26206.0,26246.443363087055
12118,2016-05-07 11:00:00,26440.0,26488.47757572111
12119,2016-05-07 12:00:00,26303.0,26305.60588798899
12120,2016-05-07 13:00:00,25869.0,25834.38805697239
12121,2016-05-07 14:00:00,25317.0,25327.792651893946
12122,2016-05-07 15:00:00,24891.0,24876.389326964665
12123,2016-05-07 16:00:00,24608.0,24592.644859643504
12124,2016-05-07 17:00:00,24515.0,24537.780811086614
12125,2016-05-07 18:00:00,24607.0,24566.065068809545
12126,2016-05-07 19:00:00,24698.0,24651.75315095387
12127,2016-05-07 20:00:00,25129.0,25148.52744678518
12128,2016-05-07 21:00:00,26449.0,26425.07297854827
12129,2016-05-07 22:00:00,26195.0,26183.550119517324
12130,2016-05-07 23:00:00,24983.0,24963.76329849446
12131,2016-05-08 00:00:00,23359.0,23370.484120840978
12132,2016-05-06 01:00:00,22943.0,22908.451553911913
12133,2016-05-06 02:00:00,22030.0,22052.058805447126
12134,2016-05-06 03:00:00,21576.0,21618.492695661815
12135,2016-05-06 04:00:00,21485.0,21518.610868808933
12136,2016-05-06 05:00:00,22015.0,22055.703696941833
12137,2016-05-06 06:00:00,23831.0,23874.7070856872
12138,2016-05-06 07:00:00,26731.0,26718.2334182363
12139,2016-05-06 08:00:00,28745.0,28774.57401808735
12140,2016-05-06 09:00:00,29646.0,29645.482561488458
12141,2016-05-06 10:00:00,30011.0,29987.97731698429
12142,2016-05-06 11:00:00,30286.0,30310.688202414753
12143,2016-05-06 12:00:00,30204.0,30178.412857687068
12144,2016-05-06 13:00:00,29983.0,29943.96205386182
12145,2016-05-06 14:00:00,29790.0,29810.461955875504
12146,2016-05-06 15:00:00,29406.0,29384.75550135952
12147,2016-05-06 16:00:00,29120.0,29100.59187740692
12148,2016-05-06 17:00:00,29162.0,29200.11228333849
12149,2016-05-06 18:00:00,29150.0,29113.55392253779
12150,2016-05-06 19:00:00,28891.0,28917.484601786124
12151,2016-05-06 20:00:00,28829.0,28817.62125403847
12152,2016-05-06 21:00:00,29340.0,29379.30103509404
12153,2016-05-06 22:00:00,28541.0,28535.034420087737
12154,2016-05-06 23:00:00,26790.0,26780.90228908707
12155,2016-05-07 00:00:00,24821.0,24813.986611137294
12156,2016-05-05 01:00:00,23074.0,23107.76904559637
12157,2016-05-05 02:00:00,22180.0,22131.051020543604
12158,2016-05-05 03:00:00,21684.0,21704.486301981397
12159,2016-05-05 04:00:00,21692.0,21662.52403139718
12160,2016-05-05 05:00:00,22119.0,22157.21255171334
12161,2016-05-05 06:00:00,24092.0,24079.592665413435
12162,2016-05-05 07:00:00,27102.0,27085.8955577697
12163,2016-05-05 08:00:00,29066.0,29087.2624382202
12164,2016-05-05 09:00:00,29554.0,29576.244901534126
12165,2016-05-05 10:00:00,29774.0,29787.37109825806
12166,2016-05-05 11:00:00,29884.0,29866.9808227636
12167,2016-05-05 12:00:00,29750.0,29761.035305174715
12168,2016-05-05 13:00:00,29466.0,29421.426592220792
12169,2016-05-05 14:00:00,29295.0,29340.51798093458
12170,2016-05-05 15:00:00,28921.0,28916.271181193995
12171,2016-05-05 16:00:00,28761.0,28741.44777518122
12172,2016-05-05 17:00:00,28897.0,28933.077898423937
12173,2016-05-05 18:00:00,29076.0,29058.41719862126
12174,2016-05-05 19:00:00,29098.0,29147.71734225656
12175,2016-05-05 20:00:00,29450.0,29469.059954778262
12176,2016-05-05 21:00:00,30251.0,30265.957803593054
12177,2016-05-05 22:00:00,29096.0,29061.185656006106
12178,2016-05-05 23:00:00,26814.0,26824.98627020145
12179,2016-05-06 00:00:00,24579.0,24544.512493411105
12180,2016-05-04 01:00:00,22526.0,22554.360415658884
12181,2016-05-04 02:00:00,21642.0,21605.840239653473
12182,2016-05-04 03:00:00,21197.0,21182.883270643364
12183,2016-05-04 04:00:00,21049.0,21046.67327841784
12184,2016-05-04 05:00:00,21617.0,21647.519356359262
12185,2016-05-04 06:00:00,23506.0,23519.276019918325
12186,2016-05-04 07:00:00,26503.0,26527.796736064105
12187,2016-05-04 08:00:00,28462.0,28436.39741104582
12188,2016-05-04 09:00:00,29026.0,28999.726344843053
12189,2016-05-04 10:00:00,29371.0,29359.061993581458
12190,2016-05-04 11:00:00,29555.0,29506.86808691166
12191,2016-05-04 12:00:00,29609.0,29642.07041338227
12192,2016-05-04 13:00:00,29537.0,29523.996865363963
12193,2016-05-04 14:00:00,29486.0,29442.755363760665
12194,2016-05-04 15:00:00,29213.0,29250.22154652015
12195,2016-05-04 16:00:00,29066.0,29112.78264026916
12196,2016-05-04 17:00:00,29230.0,29244.658453786655
12197,2016-05-04 18:00:00,29484.0,29469.658827564628
12198,2016-05-04 19:00:00,29538.0,29529.375698656506
12199,2016-05-04 20:00:00,29896.0,29871.615566348508
12200,2016-05-04 21:00:00,30468.0,30489.127535078984
12201,2016-05-04 22:00:00,29147.0,29132.60720757021
12202,2016-05-04 23:00:00,26803.0,26756.24837933275
12203,2016-05-05 00:00:00,24661.0,24615.616218107923
12204,2016-05-03 01:00:00,22611.0,22622.474956385657
12205,2016-05-03 02:00:00,21695.0,21674.038400728266
12206,2016-05-03 03:00:00,21202.0,21168.859163829362
12207,2016-05-03 04:00:00,21045.0,21050.23650500112
12208,2016-05-03 05:00:00,21573.0,21550.84364942872
12209,2016-05-03 06:00:00,23344.0,23301.3335294521
12210,2016-05-03 07:00:00,26343.0,26312.35823904919
12211,2016-05-03 08:00:00,28419.0,28446.790671988045
12212,2016-05-03 09:00:00,29079.0,29114.201146699823
12213,2016-05-03 10:00:00,29445.0,29482.21476289195
12214,2016-05-03 11:00:00,29741.0,29744.48328758502
12215,2016-05-03 12:00:00,29742.0,29787.09511320659
12216,2016-05-03 13:00:00,29589.0,29554.16688219288
12217,2016-05-03 14:00:00,29448.0,29465.835615776978
12218,2016-05-03 15:00:00,29111.0,29131.426157706752
12219,2016-05-03 16:00:00,28993.0,28948.318540319702
12220,2016-05-03 17:00:00,29078.0,29056.244764133207
12221,2016-05-03 18:00:00,29286.0,29330.90481355214
12222,2016-05-03 19:00:00,29109.0,29134.902890541653
12223,2016-05-03 20:00:00,29238.0,29193.469392971794
12224,2016-05-03 21:00:00,29985.0,29989.079383069802
12225,2016-05-03 22:00:00,28798.0,28812.8622181776
12226,2016-05-03 23:00:00,26368.0,26415.308339508254
12227,2016-05-04 00:00:00,24184.0,24205.643413006754
12228,2016-05-02 01:00:00,22070.0,22083.86539547206
12229,2016-05-02 02:00:00,21335.0,21375.85274645526
12230,2016-05-02 03:00:00,21028.0,21044.09372677641
12231,2016-05-02 04:00:00,20971.0,21014.212206074124
12232,2016-05-02 05:00:00,21674.0,21673.27761595665
12233,2016-05-02 06:00:00,23656.0,23677.8565030849
12234,2016-05-02 07:00:00,26694.0,26707.175465830263
12235,2016-05-02 08:00:00,28719.0,28724.252602346613
12236,2016-05-02 09:00:00,29323.0,29305.40945878746
12237,2016-05-02 10:00:00,29655.0,29695.37784292062
12238,2016-05-02 11:00:00,29861.0,29838.004465228885
12239,2016-05-02 12:00:00,29705.0,29670.938943093883
12240,2016-05-02 13:00:00,29451.0,29472.205011124504
12241,2016-05-02 14:00:00,29247.0,29251.65528389683
12242,2016-05-02 15:00:00,28870.0,28846.286066414053
12243,2016-05-02 16:00:00,28712.0,28749.030765620362
12244,2016-05-02 17:00:00,28837.0,28815.6207072761
12245,2016-05-02 18:00:00,29048.0,29004.378207402217
12246,2016-05-02 19:00:00,29023.0,28974.53667171183
12247,2016-05-02 20:00:00,29477.0,29519.28550134469
12248,2016-05-02 21:00:00,30445.0,30435.217810007773
12249,2016-05-02 22:00:00,29080.0,29051.348890659123
12250,2016-05-02 23:00:00,26609.0,26615.710141443073
12251,2016-05-03 00:00:00,24327.0,24325.788566475945
12252,2016-05-01 01:00:00,21815.0,21864.984265331903
12253,2016-05-01 02:00:00,20940.0,20978.85049754321
12254,2016-05-01 03:00:00,20429.0,20406.110229907103
12255,2016-05-01 04:00:00,20164.0,20183.770947730565
12256,2016-05-01 05:00:00,20234.0,20222.717470071755
12257,2016-05-01 06:00:00,20706.0,20692.443766287968
12258,2016-05-01 07:00:00,21328.0,21314.710732882235
12259,2016-05-01 08:00:00,22375.0,22388.92551708168
12260,2016-05-01 09:00:00,24000.0,24003.798386968487
12261,2016-05-01 10:00:00,25272.0,25297.504992208982
12262,2016-05-01 11:00:00,26102.0,26067.298584623717
12263,2016-05-01 12:00:00,26503.0,26495.542704645282
12264,2016-05-01 13:00:00,26549.0,26585.032305559605
12265,2016-05-01 14:00:00,26538.0,26488.316438946982
12266,2016-05-01 15:00:00,26374.0,26386.349224881928
12267,2016-05-01 16:00:00,26279.0,26307.57370213634
12268,2016-05-01 17:00:00,26533.0,26521.385447191406
12269,2016-05-01 18:00:00,26942.0,26980.361598834497
12270,2016-05-01 19:00:00,27164.0,27187.569170287938
12271,2016-05-01 20:00:00,27742.0,27752.60481911769
12272,2016-05-01 21:00:00,28327.0,28296.832247824736
12273,2016-05-01 22:00:00,27179.0,27196.010394196357
12274,2016-05-01 23:00:00,25379.0,25412.376686751206
12275,2016-05-02 00:00:00,23433.0,23455.990904446015
12276,2016-04-30 01:00:00,22991.0,22998.485686287768
12277,2016-04-30 02:00:00,22049.0,22070.457683874974
12278,2016-04-30 03:00:00,21503.0,21550.688857313213
12279,2016-04-30 04:00:00,21217.0,21168.080434102052
12280,2016-04-30 05:00:00,21335.0,21351.392861857752
12281,2016-04-30 06:00:00,21968.0,21997.299258071107
12282,2016-04-30 07:00:00,22800.0,22813.889152566044
12283,2016-04-30 08:00:00,24078.0,24055.30920962556
12284,2016-04-30 09:00:00,25380.0,25412.275739655503
12285,2016-04-30 10:00:00,25856.0,25897.329911445577
12286,2016-04-30 11:00:00,25679.0,25697.350473177317
12287,2016-04-30 12:00:00,25332.0,25333.1024205072
12288,2016-04-30 13:00:00,24893.0,24879.63208778596
12289,2016-04-30 14:00:00,24514.0,24497.005675795666
12290,2016-04-30 15:00:00,24287.0,24309.322764547444
12291,2016-04-30 16:00:00,24191.0,24201.712339222195
12292,2016-04-30 17:00:00,24410.0,24375.6850573322
12293,2016-04-30 18:00:00,24814.0,24778.10966455583
12294,2016-04-30 19:00:00,25180.0,25137.10992036687
12295,2016-04-30 20:00:00,25744.0,25762.35119190156
12296,2016-04-30 21:00:00,26712.0,26693.436437101005
12297,2016-04-30 22:00:00,26093.0,26045.02424689701
12298,2016-04-30 23:00:00,24773.0,24756.76927357092
12299,2016-05-01 00:00:00,23213.0,23246.211665198352
12300,2016-04-29 01:00:00,23022.0,22996.766253019072
12301,2016-04-29 02:00:00,22226.0,22239.35493946607
12302,2016-04-29 03:00:00,21792.0,21785.96711829413
12303,2016-04-29 04:00:00,21675.0,21679.88958868641
12304,2016-04-29 05:00:00,22205.0,22214.577270766305
12305,2016-04-29 06:00:00,24041.0,24036.48109807961
12306,2016-04-29 07:00:00,27007.0,26962.78558419072
12307,2016-04-29 08:00:00,28823.0,28829.76954169297
12308,2016-04-29 09:00:00,29349.0,29338.75248123775
12309,2016-04-29 10:00:00,29487.0,29456.98799054854
12310,2016-04-29 11:00:00,29549.0,29588.650820451894
12311,2016-04-29 12:00:00,29412.0,29435.60671885462
12312,2016-04-29 13:00:00,29119.0,29097.40682473724
12313,2016-04-29 14:00:00,29009.0,29012.895717593045
12314,2016-04-29 15:00:00,28764.0,28810.311317072596
12315,2016-04-29 16:00:00,28613.0,28587.546157192446
12316,2016-04-29 17:00:00,28678.0,28722.738447958945
12317,2016-04-29 18:00:00,28846.0,28864.336134515306
12318,2016-04-29 19:00:00,28743.0,28747.083664695077
12319,2016-04-29 20:00:00,29022.0,29070.320769251823
12320,2016-04-29 21:00:00,29385.0,29368.370886142744
12321,2016-04-29 22:00:00,28357.0,28334.82311874366
12322,2016-04-29 23:00:00,26530.0,26513.959327505854
12323,2016-04-30 00:00:00,24598.0,24623.085840190186
12324,2016-04-28 01:00:00,22354.0,22337.70065474189
12325,2016-04-28 02:00:00,21435.0,21395.27623565339
12326,2016-04-28 03:00:00,21013.0,21027.43120964484
12327,2016-04-28 04:00:00,20940.0,20912.298360023276
12328,2016-04-28 05:00:00,21456.0,21406.41630703266
12329,2016-04-28 06:00:00,23433.0,23402.915743673388
12330,2016-04-28 07:00:00,26260.0,26291.914542894367
12331,2016-04-28 08:00:00,27966.0,28010.024810558192
12332,2016-04-28 09:00:00,28423.0,28439.195279734387
12333,2016-04-28 10:00:00,28586.0,28567.04897840241
12334,2016-04-28 11:00:00,28814.0,28807.649734690316
12335,2016-04-28 12:00:00,28815.0,28784.454874094088
12336,2016-04-28 13:00:00,28690.0,28728.077792338445
12337,2016-04-28 14:00:00,28772.0,28788.55815627904
12338,2016-04-28 15:00:00,28638.0,28596.441259737738
12339,2016-04-28 16:00:00,28633.0,28619.693368363627
12340,2016-04-28 17:00:00,29025.0,29028.802259679473
12341,2016-04-28 18:00:00,29537.0,29566.733008100047
12342,2016-04-28 19:00:00,29645.0,29687.05046007961
12343,2016-04-28 20:00:00,30092.0,30055.267342329193
12344,2016-04-28 21:00:00,30414.0,30447.455556019115
12345,2016-04-28 22:00:00,29143.0,29099.57837768624
12346,2016-04-28 23:00:00,26859.0,26833.04904708366
12347,2016-04-29 00:00:00,24689.0,24641.10122920856
12348,2016-04-27 01:00:00,22828.0,22784.382838428162
12349,2016-04-27 02:00:00,21750.0,21703.242018486195
12350,2016-04-27 03:00:00,21137.0,21101.600785994917
12351,2016-04-27 04:00:00,20821.0,20858.652807529637
12352,2016-04-27 05:00:00,21255.0,21233.38265873463
12353,2016-04-27 06:00:00,22959.0,22956.971534450568
12354,2016-04-27 07:00:00,25872.0,25870.711636821816
12355,2016-04-27 08:00:00,27724.0,27773.526293357107
12356,2016-04-27 09:00:00,28386.0,28372.467291072477
12357,2016-04-27 10:00:00,28720.0,28696.50993282668
12358,2016-04-27 11:00:00,28822.0,28868.324469983225
12359,2016-04-27 12:00:00,28750.0,28759.252564709735
12360,2016-04-27 13:00:00,28484.0,28462.948143893704
12361,2016-04-27 14:00:00,28336.0,28314.748593662298
12362,2016-04-27 15:00:00,28014.0,27972.63627083108
12363,2016-04-27 16:00:00,27858.0,27863.68686377927
12364,2016-04-27 17:00:00,28092.0,28114.368788505268
12365,2016-04-27 18:00:00,28269.0,28266.47137979232
12366,2016-04-27 19:00:00,28054.0,28092.443688372703
12367,2016-04-27 20:00:00,28355.0,28353.39647838817
12368,2016-04-27 21:00:00,29451.0,29435.63583378803
12369,2016-04-27 22:00:00,28262.0,28237.07828497516
12370,2016-04-27 23:00:00,26006.0,25980.32933263527
12371,2016-04-28 00:00:00,23908.0,23889.651396717254
12372,2016-04-26 01:00:00,22272.0,22321.197489988033
12373,2016-04-26 02:00:00,21285.0,21271.082652554447
12374,2016-04-26 03:00:00,20736.0,20738.459989537823
12375,2016-04-26 04:00:00,20527.0,20504.46751320368
12376,2016-04-26 05:00:00,20947.0,20911.3535864346
12377,2016-04-26 06:00:00,22720.0,22734.58334401591
12378,2016-04-26 07:00:00,25287.0,25291.522004115548
12379,2016-04-26 08:00:00,27160.0,27116.78263874974
12380,2016-04-26 09:00:00,28095.0,28133.27869089861
12381,2016-04-26 10:00:00,28789.0,28789.770991159923
12382,2016-04-26 11:00:00,29561.0,29544.531978273782
12383,2016-04-26 12:00:00,29869.0,29896.935904796548
12384,2016-04-26 13:00:00,29880.0,29841.209021423063
12385,2016-04-26 14:00:00,30409.0,30406.378018087307
12386,2016-04-26 15:00:00,30829.0,30833.87724890934
12387,2016-04-26 16:00:00,31188.0,31215.51249882832
12388,2016-04-26 17:00:00,31243.0,31230.024462406585
12389,2016-04-26 18:00:00,31314.0,31349.496398721054
12390,2016-04-26 19:00:00,30981.0,31000.76729099475
12391,2016-04-26 20:00:00,30837.0,30864.107536092724
12392,2016-04-26 21:00:00,31484.0,31530.907764279134
12393,2016-04-26 22:00:00,29857.0,29891.475358658397
12394,2016-04-26 23:00:00,27214.0,27198.678836827094
12395,2016-04-27 00:00:00,24662.0,24676.58110603663
12396,2016-04-25 01:00:00,21015.0,21051.861159183813
12397,2016-04-25 02:00:00,20317.0,20319.51215840725
12398,2016-04-25 03:00:00,19996.0,20014.279985012166
12399,2016-04-25 04:00:00,20026.0,19993.226117795013
12400,2016-04-25 05:00:00,20692.0,20723.59142767011
12401,2016-04-25 06:00:00,22642.0,22667.746063130184
12402,2016-04-25 07:00:00,25564.0,25602.88938721661
12403,2016-04-25 08:00:00,27279.0,27300.014875188557
12404,2016-04-25 09:00:00,27554.0,27591.690059398235
12405,2016-04-25 10:00:00,27680.0,27646.221609674358
12406,2016-04-25 11:00:00,27849.0,27880.36473582257
12407,2016-04-25 12:00:00,28056.0,28101.29672578871
12408,2016-04-25 13:00:00,28181.0,28212.550775382606
12409,2016-04-25 14:00:00,28404.0,28415.52279317497
12410,2016-04-25 15:00:00,28591.0,28633.65001038923
12411,2016-04-25 16:00:00,28843.0,28802.448632659798
12412,2016-04-25 17:00:00,29032.0,28983.686459739754
12413,2016-04-25 18:00:00,29264.0,29310.53202152426
12414,2016-04-25 19:00:00,29099.0,29117.30051930835
12415,2016-04-25 20:00:00,29232.0,29193.4166457699
12416,2016-04-25 21:00:00,30281.0,30265.001228353405
12417,2016-04-25 22:00:00,28976.0,29000.880208365055
12418,2016-04-25 23:00:00,26362.0,26387.038756556012
12419,2016-04-26 00:00:00,24016.0,23982.999154208435
12420,2016-04-24 01:00:00,21252.0,21249.014766641652
12421,2016-04-24 02:00:00,20331.0,20361.731109693985
12422,2016-04-24 03:00:00,19814.0,19860.67972646025
12423,2016-04-24 04:00:00,19614.0,19626.2565587894
12424,2016-04-24 05:00:00,19721.0,19734.81333476796
12425,2016-04-24 06:00:00,20199.0,20195.93492982753
12426,2016-04-24 07:00:00,20626.0,20629.905799456
12427,2016-04-24 08:00:00,21476.0,21435.893358060974
12428,2016-04-24 09:00:00,22486.0,22470.958808746516
12429,2016-04-24 10:00:00,23025.0,23025.729370101613
12430,2016-04-24 11:00:00,23142.0,23119.498123184138
12431,2016-04-24 12:00:00,23143.0,23128.982903138633
12432,2016-04-24 13:00:00,23058.0,23105.11966454755
12433,2016-04-24 14:00:00,22954.0,22904.520244890868
12434,2016-04-24 15:00:00,22880.0,22860.264343976574
12435,2016-04-24 16:00:00,23095.0,23103.395401602047
12436,2016-04-24 17:00:00,23659.0,23636.896688379242
12437,2016-04-24 18:00:00,24456.0,24473.646385478965
12438,2016-04-24 19:00:00,24910.0,24889.927508042576
12439,2016-04-24 20:00:00,25563.0,25576.82077031141
12440,2016-04-24 21:00:00,27092.0,27126.986259640053
12441,2016-04-24 22:00:00,26146.0,26161.864394126693
12442,2016-04-24 23:00:00,24340.0,24294.988454261635
12443,2016-04-25 00:00:00,22410.0,22439.521336961487
12444,2016-04-23 01:00:00,22785.0,22756.280137268677
12445,2016-04-23 02:00:00,21678.0,21691.479166448375
12446,2016-04-23 03:00:00,20942.0,20956.67336820861
12447,2016-04-23 04:00:00,20544.0,20574.373710424763
12448,2016-04-23 05:00:00,20487.0,20487.582312040744
12449,2016-04-23 06:00:00,20986.0,20973.596337449017
12450,2016-04-23 07:00:00,21735.0,21736.802822177237
12451,2016-04-23 08:00:00,22949.0,22953.575693215338
12452,2016-04-23 09:00:00,24610.0,24642.153814408608
12453,2016-04-23 10:00:00,25760.0,25730.507101115447
12454,2016-04-23 11:00:00,26303.0,26337.683211500393
12455,2016-04-23 12:00:00,26215.0,26201.57076111092
12456,2016-04-23 13:00:00,25820.0,25844.386231202738
12457,2016-04-23 14:00:00,25175.0,25158.571258481286
12458,2016-04-23 15:00:00,24828.0,24848.888534906127
12459,2016-04-23 16:00:00,24708.0,24737.917932039287
12460,2016-04-23 17:00:00,24832.0,24837.806546961783
12461,2016-04-23 18:00:00,25130.0,25141.95446229714
12462,2016-04-23 19:00:00,25199.0,25219.776057088195
12463,2016-04-23 20:00:00,25388.0,25406.842736160295
12464,2016-04-23 21:00:00,26406.0,26428.741555031454
12465,2016-04-23 22:00:00,25769.0,25803.967533977233
12466,2016-04-23 23:00:00,24349.0,24321.051641820064
12467,2016-04-24 00:00:00,22714.0,22685.473150831083
12468,2016-04-22 01:00:00,22358.0,22405.068241608864
12469,2016-04-22 02:00:00,21373.0,21408.132065608443
12470,2016-04-22 03:00:00,20850.0,20859.170513535733
12471,2016-04-22 04:00:00,20660.0,20610.817879659287
12472,2016-04-22 05:00:00,21087.0,21122.475823109293
12473,2016-04-22 06:00:00,22823.0,22848.15965703437
12474,2016-04-22 07:00:00,25556.0,25601.6376182896
12475,2016-04-22 08:00:00,27423.0,27374.31618243366
12476,2016-04-22 09:00:00,28351.0,28303.852574283617
12477,2016-04-22 10:00:00,28955.0,28956.745050992846
12478,2016-04-22 11:00:00,29428.0,29463.60492092886
12479,2016-04-22 12:00:00,29764.0,29813.131637749262
12480,2016-04-22 13:00:00,29988.0,29970.00252288496
12481,2016-04-22 14:00:00,30245.0,30198.63636858875
12482,2016-04-22 15:00:00,30163.0,30132.55080230562
12483,2016-04-22 16:00:00,30190.0,30227.70103693272
12484,2016-04-22 17:00:00,30141.0,30137.64503786819
12485,2016-04-22 18:00:00,29853.0,29888.330695624412
12486,2016-04-22 19:00:00,29138.0,29132.390829152984
12487,2016-04-22 20:00:00,29262.0,29217.33898131543
12488,2016-04-22 21:00:00,29827.0,29838.757523024433
12489,2016-04-22 22:00:00,28732.0,28725.568049613536
12490,2016-04-22 23:00:00,26768.0,26767.135319861805
12491,2016-04-23 00:00:00,24616.0,24660.897074395256
12492,2016-04-21 01:00:00,21978.0,21973.707498859563
12493,2016-04-21 02:00:00,21196.0,21225.652747242257
12494,2016-04-21 03:00:00,20793.0,20748.89125620155
12495,2016-04-21 04:00:00,20826.0,20823.903895166244
12496,2016-04-21 05:00:00,21441.0,21449.669483425077
12497,2016-04-21 06:00:00,23392.0,23353.323109235425
12498,2016-04-21 07:00:00,26311.0,26291.223331943427
12499,2016-04-21 08:00:00,27897.0,27920.959365028662
12500,2016-04-21 09:00:00,27993.0,27961.390665472365
12501,2016-04-21 10:00:00,28030.0,27992.84513724172
12502,2016-04-21 11:00:00,28077.0,28056.927551029356
12503,2016-04-21 12:00:00,28023.0,28058.896168080137
12504,2016-04-21 13:00:00,28000.0,28026.294349968462
12505,2016-04-21 14:00:00,28203.0,28230.6801577811
12506,2016-04-21 15:00:00,28277.0,28259.24575225727
12507,2016-04-21 16:00:00,28360.0,28319.89390638858
12508,2016-04-21 17:00:00,28637.0,28590.195274784728
12509,2016-04-21 18:00:00,28774.0,28782.619842414253
12510,2016-04-21 19:00:00,28589.0,28609.228559021903
12511,2016-04-21 20:00:00,29078.0,29065.789113831965
12512,2016-04-21 21:00:00,30077.0,30079.886176775275
12513,2016-04-21 22:00:00,28730.0,28707.900387075875
12514,2016-04-21 23:00:00,26311.0,26297.43022179706
12515,2016-04-22 00:00:00,23966.0,23988.981613635777
12516,2016-04-20 01:00:00,22068.0,22089.82202206282
12517,2016-04-20 02:00:00,21182.0,21134.809170606448
12518,2016-04-20 03:00:00,20771.0,20815.423156563087
12519,2016-04-20 04:00:00,20694.0,20670.901191639296
12520,2016-04-20 05:00:00,21270.0,21310.7586500274
12521,2016-04-20 06:00:00,23270.0,23271.189683421497
12522,2016-04-20 07:00:00,26200.0,26199.918201607787
12523,2016-04-20 08:00:00,27854.0,27849.061316364623
12524,2016-04-20 09:00:00,28005.0,28047.242739013196
12525,2016-04-20 10:00:00,27858.0,27828.81079844133
12526,2016-04-20 11:00:00,28000.0,28011.164517213445
12527,2016-04-20 12:00:00,27929.0,27910.778160742477
12528,2016-04-20 13:00:00,27758.0,27799.523861962596
12529,2016-04-20 14:00:00,27889.0,27855.934054345777
12530,2016-04-20 15:00:00,27894.0,27911.618977242524
12531,2016-04-20 16:00:00,27989.0,27981.17584390767
12532,2016-04-20 17:00:00,28273.0,28289.122286571106
12533,2016-04-20 18:00:00,28562.0,28527.760751715457
12534,2016-04-20 19:00:00,28401.0,28390.36590858695
12535,2016-04-20 20:00:00,28579.0,28539.72625164883
12536,2016-04-20 21:00:00,30051.0,30097.87769822924
12537,2016-04-20 22:00:00,28428.0,28399.39924041732
12538,2016-04-20 23:00:00,25924.0,25973.322612623328
12539,2016-04-21 00:00:00,23810.0,23801.849815765665
12540,2016-04-19 01:00:00,22246.0,22203.15491268772
12541,2016-04-19 02:00:00,21280.0,21231.75751825629
12542,2016-04-19 03:00:00,20711.0,20720.89563720102
12543,2016-04-19 04:00:00,20555.0,20566.472965631187
12544,2016-04-19 05:00:00,21053.0,21055.479316419696
12545,2016-04-19 06:00:00,22831.0,22787.639917520355
12546,2016-04-19 07:00:00,25704.0,25687.150436867418
12547,2016-04-19 08:00:00,27529.0,27514.907080634024
12548,2016-04-19 09:00:00,28140.0,28160.48167327258
12549,2016-04-19 10:00:00,28504.0,28495.885472519974
12550,2016-04-19 11:00:00,28842.0,28849.296711018345
12551,2016-04-19 12:00:00,29036.0,29014.633034184353
12552,2016-04-19 13:00:00,29173.0,29195.598173548133
12553,2016-04-19 14:00:00,29335.0,29289.676591489875
12554,2016-04-19 15:00:00,29243.0,29291.850425686112
12555,2016-04-19 16:00:00,29156.0,29170.14925876297
12556,2016-04-19 17:00:00,29203.0,29167.886117616872
12557,2016-04-19 18:00:00,29216.0,29237.749081705995
12558,2016-04-19 19:00:00,28935.0,28963.65571667964
12559,2016-04-19 20:00:00,29057.0,29085.859599405092
12560,2016-04-19 21:00:00,30128.0,30105.073215901113
12561,2016-04-19 22:00:00,28686.0,28731.86377137884
12562,2016-04-19 23:00:00,26117.0,26068.773788078008
12563,2016-04-20 00:00:00,23748.0,23735.983944707026
12564,2016-04-18 01:00:00,21204.0,21164.421817017246
12565,2016-04-18 02:00:00,20456.0,20444.48594060665
12566,2016-04-18 03:00:00,20125.0,20080.72249971343
12567,2016-04-18 04:00:00,20127.0,20141.49797294607
12568,2016-04-18 05:00:00,20883.0,20839.24611568354
12569,2016-04-18 06:00:00,22915.0,22926.584679231055
12570,2016-04-18 07:00:00,25970.0,25943.408425890382
12571,2016-04-18 08:00:00,27663.0,27630.914787559246
12572,2016-04-18 09:00:00,27941.0,27925.70008639255
12573,2016-04-18 10:00:00,28077.0,28091.096102887117
12574,2016-04-18 11:00:00,28336.0,28343.820048832316
12575,2016-04-18 12:00:00,28485.0,28503.04715956633
12576,2016-04-18 13:00:00,28641.0,28682.89809798911
12577,2016-04-18 14:00:00,28947.0,28917.33031785131
12578,2016-04-18 15:00:00,29177.0,29168.33571128092
12579,2016-04-18 16:00:00,29402.0,29378.582061640427
12580,2016-04-18 17:00:00,29781.0,29789.634799458152
12581,2016-04-18 18:00:00,30111.0,30089.34007936821
12582,2016-04-18 19:00:00,29879.0,29884.801670219542
12583,2016-04-18 20:00:00,30078.0,30110.316380191045
12584,2016-04-18 21:00:00,30887.0,30892.094545743144
12585,2016-04-18 22:00:00,29206.0,29239.81291353779
12586,2016-04-18 23:00:00,26528.0,26539.13502032919
12587,2016-04-19 00:00:00,23981.0,24018.029983480006
12588,2016-04-17 01:00:00,21600.0,21643.04170885299
12589,2016-04-17 02:00:00,20865.0,20865.781286958467
12590,2016-04-17 03:00:00,20510.0,20539.06460025708
12591,2016-04-17 04:00:00,20459.0,20455.881544532163
12592,2016-04-17 05:00:00,20714.0,20734.51937781926
12593,2016-04-17 06:00:00,21370.0,21323.750786616896
12594,2016-04-17 07:00:00,22030.0,22076.691244948084
12595,2016-04-17 08:00:00,22802.0,22841.43334604419
12596,2016-04-17 09:00:00,23455.0,23494.328736285464
12597,2016-04-17 10:00:00,23692.0,23670.125128837746
12598,2016-04-17 11:00:00,23737.0,23715.316724409888
12599,2016-04-17 12:00:00,23593.0,23583.260075520477
12600,2016-04-17 13:00:00,23475.0,23513.018954280673
12601,2016-04-17 14:00:00,23328.0,23363.863913664183
12602,2016-04-17 15:00:00,23272.0,23250.945997139315
12603,2016-04-17 16:00:00,23513.0,23517.177616891426
12604,2016-04-17 17:00:00,24113.0,24110.517014667956
12605,2016-04-17 18:00:00,24909.0,24924.067518506567
12606,2016-04-17 19:00:00,25405.0,25376.389990968106
12607,2016-04-17 20:00:00,26170.0,26128.505063213684
12608,2016-04-17 21:00:00,27617.0,27569.72551223973
12609,2016-04-17 22:00:00,26629.0,26617.141731462714
12610,2016-04-17 23:00:00,24565.0,24609.661182688
12611,2016-04-18 00:00:00,22668.0,22686.481431031993
12612,2016-04-16 01:00:00,22535.0,22559.913017075512
12613,2016-04-16 02:00:00,21813.0,21857.51636265597
12614,2016-04-16 03:00:00,21474.0,21466.205153560903
12615,2016-04-16 04:00:00,21462.0,21459.436792666616
12616,2016-04-16 05:00:00,21792.0,21777.95410992813
12617,2016-04-16 06:00:00,22668.0,22636.137266234513
12618,2016-04-16 07:00:00,23765.0,23791.639394411253
12619,2016-04-16 08:00:00,24736.0,24776.668579293102
12620,2016-04-16 09:00:00,25264.0,25295.38755673843
12621,2016-04-16 10:00:00,25329.0,25283.772016116203
12622,2016-04-16 11:00:00,25071.0,25050.91447435729
12623,2016-04-16 12:00:00,24679.0,24688.20855838327
12624,2016-04-16 13:00:00,24213.0,24195.718509182847
12625,2016-04-16 14:00:00,23809.0,23774.0118881424
12626,2016-04-16 15:00:00,23513.0,23516.836309745766
12627,2016-04-16 16:00:00,23485.0,23487.149217261784
12628,2016-04-16 17:00:00,23802.0,23822.989429921905
12629,2016-04-16 18:00:00,24300.0,24349.98672005029
12630,2016-04-16 19:00:00,24611.0,24625.823843204726
12631,2016-04-16 20:00:00,25152.0,25133.688555287838
12632,2016-04-16 21:00:00,26427.0,26472.63811572323
12633,2016-04-16 22:00:00,25786.0,25793.130047615992
12634,2016-04-16 23:00:00,24487.0,24501.573611292657
12635,2016-04-17 00:00:00,22882.0,22867.756097718386
12636,2016-04-15 01:00:00,23249.0,23244.18363831788
12637,2016-04-15 02:00:00,22539.0,22530.86309440483
12638,2016-04-15 03:00:00,22355.0,22398.621576558544
12639,2016-04-15 04:00:00,22603.0,22633.95901342329
12640,2016-04-15 05:00:00,23450.0,23409.07040646019
12641,2016-04-15 06:00:00,25649.0,25630.386636953896
12642,2016-04-15 07:00:00,28816.0,28771.568854021527
12643,2016-04-15 08:00:00,30155.0,30156.675935281175
12644,2016-04-15 09:00:00,29569.0,29546.942429073017
12645,2016-04-15 10:00:00,28837.0,28794.34001939683
12646,2016-04-15 11:00:00,28368.0,28395.20091003722
12647,2016-04-15 12:00:00,27906.0,27865.11282237438
12648,2016-04-15 13:00:00,27470.0,27447.15638499858
12649,2016-04-15 14:00:00,27234.0,27261.16372286091
12650,2016-04-15 15:00:00,26913.0,26914.15718989704
12651,2016-04-15 16:00:00,26717.0,26748.71158656837
12652,2016-04-15 17:00:00,26728.0,26719.448125865914
12653,2016-04-15 18:00:00,26815.0,26846.48622146567
12654,2016-04-15 19:00:00,26711.0,26714.81636975247
12655,2016-04-15 20:00:00,27134.0,27092.79538574999
12656,2016-04-15 21:00:00,28264.0,28261.149049595504
12657,2016-04-15 22:00:00,27475.0,27480.35436194848
12658,2016-04-15 23:00:00,25794.0,25805.21016773303
12659,2016-04-16 00:00:00,23996.0,24038.788328486837
12660,2016-04-14 01:00:00,23977.0,23945.355725553458
12661,2016-04-14 02:00:00,23355.0,23365.602798948497
12662,2016-04-14 03:00:00,23226.0,23251.202242908268
12663,2016-04-14 04:00:00,23451.0,23489.99549888374
12664,2016-04-14 05:00:00,24331.0,24333.53060929194
12665,2016-04-14 06:00:00,26739.0,26710.395053175496
12666,2016-04-14 07:00:00,30054.0,30085.768213382853
12667,2016-04-14 08:00:00,31253.0,31293.504787971433
12668,2016-04-14 09:00:00,30433.0,30393.636810505817
12669,2016-04-14 10:00:00,29469.0,29441.971683633365
12670,2016-04-14 11:00:00,28844.0,28881.14632615162
12671,2016-04-14 12:00:00,28341.0,28339.441556612845
12672,2016-04-14 13:00:00,27914.0,27880.910042730087
12673,2016-04-14 14:00:00,27665.0,27679.529459680292
12674,2016-04-14 15:00:00,27505.0,27500.82889249575
12675,2016-04-14 16:00:00,27196.0,27242.795939443735
12676,2016-04-14 17:00:00,27265.0,27237.271415767285
12677,2016-04-14 18:00:00,27562.0,27548.216186854293
12678,2016-04-14 19:00:00,27648.0,27614.61512079423
12679,2016-04-14 20:00:00,28469.0,28423.973254118227
12680,2016-04-14 21:00:00,29869.0,29846.390332657673
12681,2016-04-14 22:00:00,28815.0,28846.982794040447
12682,2016-04-14 23:00:00,26757.0,26733.723296851404
12683,2016-04-15 00:00:00,24620.0,24639.634306195985
12684,2016-04-13 01:00:00,23911.0,23913.602345254927
12685,2016-04-13 02:00:00,23305.0,23306.971001717116
12686,2016-04-13 03:00:00,23126.0,23154.154325746014
12687,2016-04-13 04:00:00,23258.0,23269.776786451002
12688,2016-04-13 05:00:00,24125.0,24090.985572884605
12689,2016-04-13 06:00:00,26488.0,26460.07642630632
12690,2016-04-13 07:00:00,29877.0,29881.378467720602
12691,2016-04-13 08:00:00,31200.0,31234.53146502021
12692,2016-04-13 09:00:00,30564.0,30529.231926252014
12693,2016-04-13 10:00:00,29798.0,29758.68953235967
12694,2016-04-13 11:00:00,29287.0,29288.753851607376
12695,2016-04-13 12:00:00,28696.0,28664.86509324431
12696,2016-04-13 13:00:00,28151.0,28200.423566130667
12697,2016-04-13 14:00:00,27888.0,27838.43582911979
12698,2016-04-13 15:00:00,27518.0,27512.88632303298
12699,2016-04-13 16:00:00,27315.0,27281.254145474148
12700,2016-04-13 17:00:00,27459.0,27477.107885725472
12701,2016-04-13 18:00:00,27732.0,27745.01345174348
12702,2016-04-13 19:00:00,27996.0,28026.706783826514
12703,2016-04-13 20:00:00,29125.0,29131.3402999028
12704,2016-04-13 21:00:00,30462.0,30430.936856121607
12705,2016-04-13 22:00:00,29438.0,29393.33147296573
12706,2016-04-13 23:00:00,27322.0,27344.214677405143
12707,2016-04-14 00:00:00,25315.0,25308.992186286872
12708,2016-04-12 01:00:00,22997.0,22969.221283343806
12709,2016-04-12 02:00:00,22127.0,22102.18217996735
12710,2016-04-12 03:00:00,21670.0,21634.902676238693
12711,2016-04-12 04:00:00,21531.0,21509.358033439083
12712,2016-04-12 05:00:00,22100.0,22129.202139284254
12713,2016-04-12 06:00:00,23922.0,23934.066006498506
12714,2016-04-12 07:00:00,27357.0,27405.7398309667
12715,2016-04-12 08:00:00,29244.0,29246.42812351345
12716,2016-04-12 09:00:00,29933.0,29935.148964644704
12717,2016-04-12 10:00:00,30320.0,30289.138606133034
12718,2016-04-12 11:00:00,30517.0,30525.64555285333
12719,2016-04-12 12:00:00,30196.0,30206.836766311844
12720,2016-04-12 13:00:00,29659.0,29629.65310640438
12721,2016-04-12 14:00:00,29039.0,28997.796607422628
12722,2016-04-12 15:00:00,28239.0,28225.877129255365
12723,2016-04-12 16:00:00,27827.0,27794.210345767988
12724,2016-04-12 17:00:00,27864.0,27864.32045854835
12725,2016-04-12 18:00:00,28168.0,28170.610982640686
12726,2016-04-12 19:00:00,28293.0,28303.815586715555
12727,2016-04-12 20:00:00,29219.0,29229.28309969788
12728,2016-04-12 21:00:00,30582.0,30599.487812993408
12729,2016-04-12 22:00:00,29468.0,29441.045488733205
12730,2016-04-12 23:00:00,27339.0,27362.084303165786
12731,2016-04-13 00:00:00,25240.0,25242.482333806398
12732,2016-04-11 01:00:00,24497.0,24490.73059607674
12733,2016-04-11 02:00:00,23763.0,23777.789542216855
12734,2016-04-11 03:00:00,23463.0,23463.12606899074
12735,2016-04-11 04:00:00,23484.0,23486.56680303207
12736,2016-04-11 05:00:00,24206.0,24158.32478077285
12737,2016-04-11 06:00:00,26330.0,26360.203683137523
12738,2016-04-11 07:00:00,29771.0,29763.417586389638
12739,2016-04-11 08:00:00,31437.0,31438.807649134316
12740,2016-04-11 09:00:00,31746.0,31734.991052878497
12741,2016-04-11 10:00:00,31738.0,31743.15304745074
12742,2016-04-11 11:00:00,31550.0,31505.404238619685
12743,2016-04-11 12:00:00,30908.0,30896.39090613997
12744,2016-04-11 13:00:00,29716.0,29732.867779212604
12745,2016-04-11 14:00:00,29079.0,29122.844610381748
12746,2016-04-11 15:00:00,28634.0,28668.918024220828
12747,2016-04-11 16:00:00,28410.0,28456.28180305927
12748,2016-04-11 17:00:00,28685.0,28713.15146510172
12749,2016-04-11 18:00:00,29046.0,29059.26172728238
12750,2016-04-11 19:00:00,29201.0,29193.327244240216
12751,2016-04-11 20:00:00,29934.0,29896.314239356983
12752,2016-04-11 21:00:00,30702.0,30677.08021370307
12753,2016-04-11 22:00:00,29226.0,29203.117504640704
12754,2016-04-11 23:00:00,26798.0,26790.78830189836
12755,2016-04-12 00:00:00,24610.0,24620.984097116274
12756,2016-04-10 01:00:00,27189.0,27200.866184614966
12757,2016-04-10 02:00:00,26521.0,26516.55426374396
12758,2016-04-10 03:00:00,26172.0,26149.464375900596
12759,2016-04-10 04:00:00,26119.0,26074.649441185564
12760,2016-04-10 05:00:00,26351.0,26399.883638528034
12761,2016-04-10 06:00:00,27078.0,27121.955989812202
12762,2016-04-10 07:00:00,27941.0,27909.292595926134
12763,2016-04-10 08:00:00,28473.0,28483.539586599298
12764,2016-04-10 09:00:00,28727.0,28706.565434039385
12765,2016-04-10 10:00:00,28584.0,28553.44283632622
12766,2016-04-10 11:00:00,28141.0,28159.441132538177
12767,2016-04-10 12:00:00,27573.0,27601.61927540667
12768,2016-04-10 13:00:00,26920.0,26910.659294832156
12769,2016-04-10 14:00:00,26230.0,26185.906368620494
12770,2016-04-10 15:00:00,25632.0,25622.14958219841
12771,2016-04-10 16:00:00,25395.0,25398.219396665674
12772,2016-04-10 17:00:00,25775.0,25814.321652041053
12773,2016-04-10 18:00:00,26590.0,26605.680265048224
12774,2016-04-10 19:00:00,27475.0,27496.049643707203
12775,2016-04-10 20:00:00,29054.0,29024.263128438728
12776,2016-04-10 21:00:00,30279.0,30301.02716243598
12777,2016-04-10 22:00:00,29400.0,29400.182485699283
12778,2016-04-10 23:00:00,27641.0,27673.041155273528
12779,2016-04-11 00:00:00,25784.0,25755.63694581077
12780,2016-04-09 01:00:00,25487.0,25488.486239964845
12781,2016-04-09 02:00:00,24809.0,24779.94771000763
12782,2016-04-09 03:00:00,24453.0,24431.591644963763
12783,2016-04-09 04:00:00,24383.0,24416.220408440047
12784,2016-04-09 05:00:00,24574.0,24592.779431803716
12785,2016-04-09 06:00:00,25321.0,25343.848804176585
12786,2016-04-09 07:00:00,26449.0,26405.853733796554
12787,2016-04-09 08:00:00,27598.0,27620.875655878233
12788,2016-04-09 09:00:00,29124.0,29123.140709561838
12789,2016-04-09 10:00:00,30134.0,30129.914379279206
12790,2016-04-09 11:00:00,30755.0,30746.262692837616
12791,2016-04-09 12:00:00,30896.0,30931.17948791253
12792,2016-04-09 13:00:00,30630.0,30597.74639390288
12793,2016-04-09 14:00:00,30238.0,30269.411469783267
12794,2016-04-09 15:00:00,29816.0,29858.832384971633
12795,2016-04-09 16:00:00,29544.0,29510.823882333418
12796,2016-04-09 17:00:00,29624.0,29673.95959986501
12797,2016-04-09 18:00:00,29798.0,29847.05342421338
12798,2016-04-09 19:00:00,30008.0,30020.13189291272
12799,2016-04-09 20:00:00,31009.0,30985.853490242393
12800,2016-04-09 21:00:00,31824.0,31816.96250844433
12801,2016-04-09 22:00:00,31196.0,31163.03832452396
12802,2016-04-09 23:00:00,29927.0,29889.020219192134
12803,2016-04-10 00:00:00,28433.0,28453.40296349995
12804,2016-04-08 01:00:00,24052.0,24059.984602540644
12805,2016-04-08 02:00:00,23394.0,23400.35739014621
12806,2016-04-08 03:00:00,23164.0,23138.776087607737
12807,2016-04-08 04:00:00,23270.0,23243.490624480637
12808,2016-04-08 05:00:00,24045.0,24093.97342459022
12809,2016-04-08 06:00:00,26183.0,26195.877381144895
12810,2016-04-08 07:00:00,29532.0,29563.945556294373
12811,2016-04-08 08:00:00,31010.0,30997.851192174523
12812,2016-04-08 09:00:00,31053.0,31087.36810938562
12813,2016-04-08 10:00:00,30972.0,30994.238074630623
12814,2016-04-08 11:00:00,30994.0,30979.01244195017
12815,2016-04-08 12:00:00,30772.0,30793.769444821955
12816,2016-04-08 13:00:00,30336.0,30378.562272760733
12817,2016-04-08 14:00:00,29963.0,29934.37314883757
12818,2016-04-08 15:00:00,29310.0,29314.76326115785
12819,2016-04-08 16:00:00,28816.0,28862.665038716535
12820,2016-04-08 17:00:00,28567.0,28599.139794001738
12821,2016-04-08 18:00:00,28583.0,28595.029118167447
12822,2016-04-08 19:00:00,28774.0,28730.97654375823
12823,2016-04-08 20:00:00,29784.0,29774.63231970695
12824,2016-04-08 21:00:00,30779.0,30794.07654679069
12825,2016-04-08 22:00:00,30033.0,30023.966185478825
12826,2016-04-08 23:00:00,28485.0,28534.70838008761
12827,2016-04-09 00:00:00,26829.0,26854.339280003296
12828,2016-04-07 01:00:00,24820.0,24788.708181878577
12829,2016-04-07 02:00:00,23942.0,23941.038634948214
12830,2016-04-07 03:00:00,23449.0,23437.397220621795
12831,2016-04-07 04:00:00,23365.0,23374.384317986416
12832,2016-04-07 05:00:00,23877.0,23871.656451614774
12833,2016-04-07 06:00:00,25793.0,25766.79007158201
12834,2016-04-07 07:00:00,28907.0,28929.437126532466
12835,2016-04-07 08:00:00,30418.0,30378.66610140559
12836,2016-04-07 09:00:00,30592.0,30595.21339900521
12837,2016-04-07 10:00:00,30669.0,30650.015998244853
12838,2016-04-07 11:00:00,30863.0,30909.653103503024
12839,2016-04-07 12:00:00,30920.0,30900.356135521215
12840,2016-04-07 13:00:00,30536.0,30520.094154447826
12841,2016-04-07 14:00:00,30029.0,30049.708717068937
12842,2016-04-07 15:00:00,29236.0,29198.847524231278
12843,2016-04-07 16:00:00,28740.0,28722.462509922774
12844,2016-04-07 17:00:00,28739.0,28758.591482383876
12845,2016-04-07 18:00:00,29084.0,29037.075374062028
12846,2016-04-07 19:00:00,29287.0,29268.100062906437
12847,2016-04-07 20:00:00,30205.0,30155.825566637133
12848,2016-04-07 21:00:00,30747.0,30712.02291975034
12849,2016-04-07 22:00:00,29533.0,29543.4197394065
12850,2016-04-07 23:00:00,27472.0,27467.671486057014
12851,2016-04-08 00:00:00,25478.0,25443.602591449275
12852,2016-04-06 01:00:00,27704.0,27661.802543817557
12853,2016-04-06 02:00:00,27173.0,27128.63244687273
12854,2016-04-06 03:00:00,27025.0,26983.53581582977
12855,2016-04-06 04:00:00,27300.0,27259.607679392906
12856,2016-04-06 05:00:00,28221.0,28179.63126845821
12857,2016-04-06 06:00:00,30635.0,30590.50802211031
12858,2016-04-06 07:00:00,34141.0,34160.703072576354
12859,2016-04-06 08:00:00,35242.0,35286.12667079266
12860,2016-04-06 09:00:00,34011.0,34046.59788848683
12861,2016-04-06 10:00:00,32597.0,32573.58535641204
12862,2016-04-06 11:00:00,31667.0,31637.427944716663
12863,2016-04-06 12:00:00,30957.0,30911.791205220085
12864,2016-04-06 13:00:00,30234.0,30199.6033680033
12865,2016-04-06 14:00:00,29814.0,29820.77712928259
12866,2016-04-06 15:00:00,29389.0,29438.812485179824
12867,2016-04-06 16:00:00,29083.0,29118.903440687336
12868,2016-04-06 17:00:00,29211.0,29212.49215303455
12869,2016-04-06 18:00:00,29644.0,29636.345488388637
12870,2016-04-06 19:00:00,30168.0,30132.78258840138
12871,2016-04-06 20:00:00,31596.0,31587.859123414015
12872,2016-04-06 21:00:00,32449.0,32458.485818315297
12873,2016-04-06 22:00:00,31086.0,31095.54745081151
12874,2016-04-06 23:00:00,28706.0,28711.754648310856
12875,2016-04-07 00:00:00,26419.0,26451.401883654064
12876,2016-04-05 01:00:00,25968.0,25969.008387361882
12877,2016-04-05 02:00:00,25449.0,25446.28495763124
12878,2016-04-05 03:00:00,25461.0,25441.577390533323
12879,2016-04-05 04:00:00,25697.0,25665.024173247013
12880,2016-04-05 05:00:00,26814.0,26764.140394652957
12881,2016-04-05 06:00:00,29231.0,29213.20982952246
12882,2016-04-05 07:00:00,33070.0,33083.30807654217
12883,2016-04-05 08:00:00,34736.0,34741.889750959286
12884,2016-04-05 09:00:00,34299.0,34302.05165629985
12885,2016-04-05 10:00:00,33589.0,33616.237677149526
12886,2016-04-05 11:00:00,32972.0,32945.284678141375
12887,2016-04-05 12:00:00,32379.0,32396.853800485955
12888,2016-04-05 13:00:00,31773.0,31783.716484997036
12889,2016-04-05 14:00:00,31186.0,31169.89914281242
12890,2016-04-05 15:00:00,30522.0,30493.8543602792
12891,2016-04-05 16:00:00,30027.0,30033.268986955383
12892,2016-04-05 17:00:00,30002.0,30046.514806947947
12893,2016-04-05 18:00:00,30413.0,30370.635084213445
12894,2016-04-05 19:00:00,31001.0,31046.298483929455
12895,2016-04-05 20:00:00,32531.0,32527.47581438878
12896,2016-04-05 21:00:00,33989.0,34010.00435008957
12897,2016-04-05 22:00:00,32984.0,33014.320466703495
12898,2016-04-05 23:00:00,30950.0,30915.151479703516
12899,2016-04-06 00:00:00,28908.0,28862.495806081457
12900,2016-04-04 01:00:00,24495.0,24457.84917265331
12901,2016-04-04 02:00:00,23804.0,23788.095288929042
12902,2016-04-04 03:00:00,23454.0,23499.655422960375
12903,2016-04-04 04:00:00,23541.0,23495.277543791537
12904,2016-04-04 05:00:00,24231.0,24272.979809962475
12905,2016-04-04 06:00:00,26307.0,26313.129469146214
12906,2016-04-04 07:00:00,29673.0,29633.23409614985
12907,2016-04-04 08:00:00,31304.0,31269.274849116933
12908,2016-04-04 09:00:00,31348.0,31366.93311718156
12909,2016-04-04 10:00:00,31062.0,31072.845346021044
12910,2016-04-04 11:00:00,30829.0,30795.745646947606
12911,2016-04-04 12:00:00,30663.0,30703.43310880071
12912,2016-04-04 13:00:00,30465.0,30428.290393325773
12913,2016-04-04 14:00:00,30379.0,30380.157358605396
12914,2016-04-04 15:00:00,30257.0,30259.82943427515
12915,2016-04-04 16:00:00,30162.0,30199.050235660616
12916,2016-04-04 17:00:00,30459.0,30411.21502159879
12917,2016-04-04 18:00:00,31051.0,31014.64517009079
12918,2016-04-04 19:00:00,31383.0,31350.067868005437
12919,2016-04-04 20:00:00,31963.0,31919.28813975248
12920,2016-04-04 21:00:00,32107.0,32120.148328409094
12921,2016-04-04 22:00:00,30930.0,30902.959986070317
12922,2016-04-04 23:00:00,28924.0,28931.666983456038
12923,2016-04-05 00:00:00,27169.0,27197.261220359243
12924,2016-04-03 01:00:00,22457.0,22447.852849328927
12925,2016-04-03 02:00:00,21822.0,21848.885027433007
12926,2016-04-03 03:00:00,21531.0,21558.78685506436
12927,2016-04-03 04:00:00,21591.0,21567.342306574064
12928,2016-04-03 05:00:00,22027.0,21978.574459740306
12929,2016-04-03 06:00:00,22830.0,22790.32818532063
12930,2016-04-03 07:00:00,24060.0,24092.35237401708
12931,2016-04-03 08:00:00,25165.0,25155.53073150141
12932,2016-04-03 09:00:00,26331.0,26364.909601611846
12933,2016-04-03 10:00:00,27036.0,27040.75143203468
12934,2016-04-03 11:00:00,27305.0,27274.73953877217
12935,2016-04-03 12:00:00,27331.0,27352.223725709402
12936,2016-04-03 13:00:00,27068.0,27073.818634263258
12937,2016-04-03 14:00:00,26512.0,26497.180521214716
12938,2016-04-03 15:00:00,25937.0,25895.771699544952
12939,2016-04-03 16:00:00,25660.0,25620.229835615643
12940,2016-04-03 17:00:00,25838.0,25806.851161414637
12941,2016-04-03 18:00:00,26488.0,26505.29311192576
12942,2016-04-03 19:00:00,27276.0,27298.797142211617
12943,2016-04-03 20:00:00,28878.0,28891.091585276525
12944,2016-04-03 21:00:00,30108.0,30091.72683877002
12945,2016-04-03 22:00:00,29184.0,29178.04700431553
12946,2016-04-03 23:00:00,27560.0,27580.955977794645
12947,2016-04-04 00:00:00,25868.0,25883.985507003694
12948,2016-04-02 01:00:00,22434.0,22461.301353091272
12949,2016-04-02 02:00:00,21282.0,21256.113755410162
12950,2016-04-02 03:00:00,20556.0,20506.448889129955
12951,2016-04-02 04:00:00,20135.0,20111.64421007989
12952,2016-04-02 05:00:00,20084.0,20068.78914643736
12953,2016-04-02 06:00:00,20526.0,20572.05134642922
12954,2016-04-02 07:00:00,21593.0,21564.773227330887
12955,2016-04-02 08:00:00,22706.0,22738.64043507348
12956,2016-04-02 09:00:00,24313.0,24325.251152898312
12957,2016-04-02 10:00:00,25694.0,25660.753664789947
12958,2016-04-02 11:00:00,26368.0,26358.350481067362
12959,2016-04-02 12:00:00,26339.0,26340.015865725218
12960,2016-04-02 13:00:00,25837.0,25821.415016365125
12961,2016-04-02 14:00:00,25327.0,25299.61501180811
12962,2016-04-02 15:00:00,24774.0,24749.285093967537
12963,2016-04-02 16:00:00,24476.0,24484.520576533563
12964,2016-04-02 17:00:00,24519.0,24537.810605259405
12965,2016-04-02 18:00:00,24804.0,24800.897125864743
12966,2016-04-02 19:00:00,25160.0,25204.173583674637
12967,2016-04-02 20:00:00,26333.0,26355.856642616687
12968,2016-04-02 21:00:00,26981.0,27020.17579659017
12969,2016-04-02 22:00:00,26262.0,26259.566354628834
12970,2016-04-02 23:00:00,25014.0,24965.48829279558
12971,2016-04-03 00:00:00,23596.0,23605.20705296072
12972,2016-04-01 01:00:00,22516.0,22547.825937947535
12973,2016-04-01 02:00:00,21566.0,21569.65350592898
12974,2016-04-01 03:00:00,21112.0,21118.790104817675
12975,2016-04-01 04:00:00,20905.0,20952.49708958316
12976,2016-04-01 05:00:00,21327.0,21313.6142184375
12977,2016-04-01 06:00:00,22984.0,23014.187281887156
12978,2016-04-01 07:00:00,25943.0,25943.507423947645
12979,2016-04-01 08:00:00,27843.0,27839.371100382843
12980,2016-04-01 09:00:00,28749.0,28713.557706310567
12981,2016-04-01 10:00:00,29340.0,29364.839508358105
12982,2016-04-01 11:00:00,29765.0,29797.329442222195
12983,2016-04-01 12:00:00,29783.0,29776.08774450769
12984,2016-04-01 13:00:00,29364.0,29390.35305933739
12985,2016-04-01 14:00:00,29073.0,29081.112078679984
12986,2016-04-01 15:00:00,28911.0,28886.755431463884
12987,2016-04-01 16:00:00,29017.0,29059.37155278879
12988,2016-04-01 17:00:00,29239.0,29258.677141369702
12989,2016-04-01 18:00:00,29451.0,29488.833461767874
12990,2016-04-01 19:00:00,29257.0,29235.146442563277
12991,2016-04-01 20:00:00,29591.0,29632.636318934656
12992,2016-04-01 21:00:00,29485.0,29471.466686120813
12993,2016-04-01 22:00:00,28237.0,28187.95318859283
12994,2016-04-01 23:00:00,26355.0,26312.502843796483
12995,2016-04-02 00:00:00,24213.0,24171.933848439927
12996,2016-03-31 01:00:00,23574.0,23544.71433682053
12997,2016-03-31 02:00:00,22779.0,22747.652198578235
12998,2016-03-31 03:00:00,22317.0,22272.789399403122
12999,2016-03-31 04:00:00,22230.0,22269.539243233296
13000,2016-03-31 05:00:00,22864.0,22896.831008369998
13001,2016-03-31 06:00:00,24654.0,24680.282323301682
13002,2016-03-31 07:00:00,27708.0,27705.913339611463
13003,2016-03-31 08:00:00,28956.0,28948.514815382227
13004,2016-03-31 09:00:00,28967.0,28959.536448540333
13005,2016-03-31 10:00:00,28766.0,28742.17674098662
13006,2016-03-31 11:00:00,28755.0,28765.825761350523
13007,2016-03-31 12:00:00,28775.0,28730.90796510467
13008,2016-03-31 13:00:00,28566.0,28581.87839108946
13009,2016-03-31 14:00:00,28462.0,28463.38574638532
13010,2016-03-31 15:00:00,28374.0,28405.65202203841
13011,2016-03-31 16:00:00,28168.0,28215.27419368301
13012,2016-03-31 17:00:00,28220.0,28257.66101378732
13013,2016-03-31 18:00:00,28324.0,28345.99241447495
13014,2016-03-31 19:00:00,28263.0,28256.278341264304
13015,2016-03-31 20:00:00,29255.0,29226.452426203996
13016,2016-03-31 21:00:00,29661.0,29677.487331720666
13017,2016-03-31 22:00:00,28336.0,28306.15991090062
13018,2016-03-31 23:00:00,26158.0,26110.02589499267
13019,2016-04-01 00:00:00,24074.0,24081.32329811963
13020,2016-03-30 01:00:00,24557.0,24546.41304117702
13021,2016-03-30 02:00:00,24015.0,24052.60186663693
13022,2016-03-30 03:00:00,23832.0,23846.578006122963
13023,2016-03-30 04:00:00,24101.0,24115.725010356226
13024,2016-03-30 05:00:00,25021.0,25049.789304763635
13025,2016-03-30 06:00:00,27265.0,27248.56520011368
13026,2016-03-30 07:00:00,30708.0,30753.81719516332
13027,2016-03-30 08:00:00,32109.0,32081.132149146455
13028,2016-03-30 09:00:00,31489.0,31526.167989682584
13029,2016-03-30 10:00:00,30411.0,30452.084100165408
13030,2016-03-30 11:00:00,29697.0,29650.90403768644
13031,2016-03-30 12:00:00,29023.0,29036.182210362862
13032,2016-03-30 13:00:00,28385.0,28409.94208399999
13033,2016-03-30 14:00:00,28006.0,28051.383040462548
13034,2016-03-30 15:00:00,27614.0,27589.13788991381
13035,2016-03-30 16:00:00,27385.0,27391.185017549713
13036,2016-03-30 17:00:00,27534.0,27561.311746777254
13037,2016-03-30 18:00:00,27817.0,27781.83555194278
13038,2016-03-30 19:00:00,28267.0,28302.298212955633
13039,2016-03-30 20:00:00,29677.0,29667.363803141925
13040,2016-03-30 21:00:00,30440.0,30453.97508454669
13041,2016-03-30 22:00:00,29142.0,29096.203809896273
13042,2016-03-30 23:00:00,27021.0,26993.293613875074
13043,2016-03-31 00:00:00,25051.0,25048.81849919928
13044,2016-03-29 01:00:00,23447.0,23425.92095425169
13045,2016-03-29 02:00:00,22673.0,22718.78432528836
13046,2016-03-29 03:00:00,22411.0,22440.493250346666
13047,2016-03-29 04:00:00,22418.0,22454.487992000315
13048,2016-03-29 05:00:00,23168.0,23164.63179057865
13049,2016-03-29 06:00:00,25199.0,25196.36420676878
13050,2016-03-29 07:00:00,28417.0,28447.518901271516
13051,2016-03-29 08:00:00,29979.0,29967.753274078543
13052,2016-03-29 09:00:00,29817.0,29815.084930311157
13053,2016-03-29 10:00:00,29463.0,29465.858973213428
13054,2016-03-29 11:00:00,29190.0,29200.715767788228
13055,2016-03-29 12:00:00,28779.0,28793.9970491433
13056,2016-03-29 13:00:00,28407.0,28425.075173675985
13057,2016-03-29 14:00:00,28097.0,28091.400926142407
13058,2016-03-29 15:00:00,27720.0,27699.51468550825
13059,2016-03-29 16:00:00,27470.0,27512.015413897545
13060,2016-03-29 17:00:00,27607.0,27639.672169768826
13061,2016-03-29 18:00:00,27983.0,27933.343739316806
13062,2016-03-29 19:00:00,28406.0,28407.292342099303
13063,2016-03-29 20:00:00,29864.0,29841.460304586566
13064,2016-03-29 21:00:00,30849.0,30863.272898893003
13065,2016-03-29 22:00:00,29666.0,29666.263983537476
13066,2016-03-29 23:00:00,27737.0,27689.11664687657
13067,2016-03-30 00:00:00,25861.0,25883.777252824086
13068,2016-03-28 01:00:00,22115.0,22092.538676891832
13069,2016-03-28 02:00:00,21458.0,21434.023651913372
13070,2016-03-28 03:00:00,21213.0,21166.19261174242
13071,2016-03-28 04:00:00,21269.0,21301.8336165584
13072,2016-03-28 05:00:00,22037.0,22044.88395106175
13073,2016-03-28 06:00:00,23815.0,23813.48427169506
13074,2016-03-28 07:00:00,26635.0,26652.581280746424
13075,2016-03-28 08:00:00,28618.0,28602.53700865986
13076,2016-03-28 09:00:00,29572.0,29578.947447898718
13077,2016-03-28 10:00:00,29994.0,29968.927340806025
13078,2016-03-28 11:00:00,30052.0,30008.2955143861
13079,2016-03-28 12:00:00,29675.0,29681.13433519939
13080,2016-03-28 13:00:00,29244.0,29216.119171977174
13081,2016-03-28 14:00:00,28872.0,28897.00421809754
13082,2016-03-28 15:00:00,28161.0,28156.184315925715
13083,2016-03-28 16:00:00,27864.0,27839.039847954722
13084,2016-03-28 17:00:00,27948.0,27958.834586794153
13085,2016-03-28 18:00:00,28343.0,28304.66207882372
13086,2016-03-28 19:00:00,28798.0,28824.142388062348
13087,2016-03-28 20:00:00,30095.0,30090.21779562932
13088,2016-03-28 21:00:00,30323.0,30354.264562830067
13089,2016-03-28 22:00:00,29010.0,28973.80963700415
13090,2016-03-28 23:00:00,26928.0,26916.254227666694
13091,2016-03-29 00:00:00,24951.0,24919.002968611014
13092,2016-03-27 01:00:00,22422.0,22378.11955693199
13093,2016-03-27 02:00:00,21494.0,21539.534763779673
13094,2016-03-27 03:00:00,21027.0,21049.66485529439
13095,2016-03-27 04:00:00,20782.0,20764.560527748825
13096,2016-03-27 05:00:00,20917.0,20891.6150370086
13097,2016-03-27 06:00:00,21409.0,21379.432191704098
13098,2016-03-27 07:00:00,22326.0,22280.301045294636
13099,2016-03-27 08:00:00,23285.0,23245.266935981814
13100,2016-03-27 09:00:00,24628.0,24588.29071674674
13101,2016-03-27 10:00:00,25587.0,25603.626497953097
13102,2016-03-27 11:00:00,25727.0,25736.47076245654
13103,2016-03-27 12:00:00,25443.0,25449.81933903036
13104,2016-03-27 13:00:00,24731.0,24754.446300960593
13105,2016-03-27 14:00:00,24065.0,24040.117225597405
13106,2016-03-27 15:00:00,23559.0,23543.247500904632
13107,2016-03-27 16:00:00,23379.0,23341.670167763714
13108,2016-03-27 17:00:00,23507.0,23515.77108640638
13109,2016-03-27 18:00:00,23902.0,23945.290555930376
13110,2016-03-27 19:00:00,24561.0,24597.313783302532
13111,2016-03-27 20:00:00,26182.0,26187.499881139025
13112,2016-03-27 21:00:00,26720.0,26734.460773050014
13113,2016-03-27 22:00:00,26063.0,26112.230897449812
13114,2016-03-27 23:00:00,24745.0,24746.735472163327
13115,2016-03-28 00:00:00,23273.0,23310.05882120678
13116,2016-03-26 01:00:00,21948.0,21948.06572624031
13117,2016-03-26 02:00:00,21156.0,21110.786838952034
13118,2016-03-26 03:00:00,20836.0,20879.46614420529
13119,2016-03-26 04:00:00,20782.0,20743.18802782152
13120,2016-03-26 05:00:00,21130.0,21150.418800912612
13121,2016-03-26 06:00:00,22006.0,21979.79589520581
13122,2016-03-26 07:00:00,23287.0,23327.103669729135
13123,2016-03-26 08:00:00,24554.0,24524.048883546064
13124,2016-03-26 09:00:00,25688.0,25652.007438628127
13125,2016-03-26 10:00:00,26081.0,26074.871295786234
13126,2016-03-26 11:00:00,25792.0,25791.668076530303
13127,2016-03-26 12:00:00,25281.0,25312.89274849357
13128,2016-03-26 13:00:00,24629.0,24655.24027564191
13129,2016-03-26 14:00:00,23949.0,23931.826881378944
13130,2016-03-26 15:00:00,23511.0,23499.49498127052
13131,2016-03-26 16:00:00,23357.0,23364.667036159048
13132,2016-03-26 17:00:00,23568.0,23573.157602552026
13133,2016-03-26 18:00:00,24100.0,24136.204659734994
13134,2016-03-26 19:00:00,24721.0,24718.247379255616
13135,2016-03-26 20:00:00,26212.0,26251.350900739828
13136,2016-03-26 21:00:00,27097.0,27067.507167597334
13137,2016-03-26 22:00:00,26515.0,26551.7625754364
13138,2016-03-26 23:00:00,25313.0,25293.429260574598
13139,2016-03-27 00:00:00,23820.0,23848.925765632972
13140,2016-03-25 01:00:00,22257.0,22263.538738881947
13141,2016-03-25 02:00:00,21300.0,21337.55618670768
13142,2016-03-25 03:00:00,20768.0,20741.125376532556
13143,2016-03-25 04:00:00,20600.0,20620.149899359738
13144,2016-03-25 05:00:00,20910.0,20944.895969560548
13145,2016-03-25 06:00:00,22073.0,22100.669048705782
13146,2016-03-25 07:00:00,24094.0,24100.599933764952
13147,2016-03-25 08:00:00,25491.0,25508.53992050668
13148,2016-03-25 09:00:00,26646.0,26615.65171010654
13149,2016-03-25 10:00:00,27424.0,27395.646366191944
13150,2016-03-25 11:00:00,27868.0,27844.729052466926
13151,2016-03-25 12:00:00,27888.0,27920.801369389468
13152,2016-03-25 13:00:00,27497.0,27463.74396458398
13153,2016-03-25 14:00:00,27073.0,27052.892262125755
13154,2016-03-25 15:00:00,26810.0,26852.043423193558
13155,2016-03-25 16:00:00,26526.0,26551.52353909983
13156,2016-03-25 17:00:00,26510.0,26533.312569256024
13157,2016-03-25 18:00:00,26595.0,26590.51414348822
13158,2016-03-25 19:00:00,26341.0,26361.23615576405
13159,2016-03-25 20:00:00,27055.0,27061.572782564002
13160,2016-03-25 21:00:00,27321.0,27278.146461873137
13161,2016-03-25 22:00:00,26345.0,26352.652613950337
13162,2016-03-25 23:00:00,24896.0,24891.224727984278
13163,2016-03-26 00:00:00,23314.0,23275.396276303403
13164,2016-03-24 01:00:00,22526.0,22510.426501514983
13165,2016-03-24 02:00:00,21748.0,21787.47973752134
13166,2016-03-24 03:00:00,21369.0,21399.37024813407
13167,2016-03-24 04:00:00,21395.0,21436.39032620081
13168,2016-03-24 05:00:00,22052.0,22073.70797491813
13169,2016-03-24 06:00:00,23930.0,23943.25536620976
13170,2016-03-24 07:00:00,27180.0,27143.923762478433
13171,2016-03-24 08:00:00,29004.0,28964.720963603977
13172,2016-03-24 09:00:00,28983.0,28957.675344586412
13173,2016-03-24 10:00:00,28665.0,28646.419717687648
13174,2016-03-24 11:00:00,28386.0,28396.70355080385
13175,2016-03-24 12:00:00,28081.0,28118.730908065118
13176,2016-03-24 13:00:00,27848.0,27887.073060049905
13177,2016-03-24 14:00:00,27776.0,27794.235668106754
13178,2016-03-24 15:00:00,27614.0,27621.391396815212
13179,2016-03-24 16:00:00,27479.0,27453.438861891074
13180,2016-03-24 17:00:00,27628.0,27671.794449998757
13181,2016-03-24 18:00:00,27768.0,27785.11128285269
13182,2016-03-24 19:00:00,27822.0,27825.345719388002
13183,2016-03-24 20:00:00,28819.0,28779.395638018825
13184,2016-03-24 21:00:00,29234.0,29266.588330998653
13185,2016-03-24 22:00:00,27998.0,27982.899240346564
13186,2016-03-24 23:00:00,25954.0,25994.058669248265
13187,2016-03-25 00:00:00,23898.0,23864.841486252095
13188,2016-03-23 01:00:00,24146.0,24100.859503578395
13189,2016-03-23 02:00:00,23320.0,23313.472808972718
13190,2016-03-23 03:00:00,22969.0,22926.830320862286
13191,2016-03-23 04:00:00,22942.0,22898.180296498893
13192,2016-03-23 05:00:00,23656.0,23677.37322559509
13193,2016-03-23 06:00:00,25615.0,25590.737565498544
13194,2016-03-23 07:00:00,28980.0,28993.88507106837
13195,2016-03-23 08:00:00,30604.0,30611.083264491535
13196,2016-03-23 09:00:00,30398.0,30362.07527353348
13197,2016-03-23 10:00:00,29841.0,29829.57790388226
13198,2016-03-23 11:00:00,29472.0,29428.606388616794
13199,2016-03-23 12:00:00,29005.0,28997.167329775195
13200,2016-03-23 13:00:00,28512.0,28480.236209070397
13201,2016-03-23 14:00:00,28284.0,28243.63092977934
13202,2016-03-23 15:00:00,27989.0,27970.698522955427
13203,2016-03-23 16:00:00,27739.0,27689.341925330686
13204,2016-03-23 17:00:00,27838.0,27863.776901943533
13205,2016-03-23 18:00:00,28012.0,27977.818371126126
13206,2016-03-23 19:00:00,28146.0,28158.583672850444
13207,2016-03-23 20:00:00,29285.0,29318.25822227978
13208,2016-03-23 21:00:00,29718.0,29759.7238280167
13209,2016-03-23 22:00:00,28362.0,28367.75747660613
13210,2016-03-23 23:00:00,26173.0,26201.828382565964
13211,2016-03-24 00:00:00,24101.0,24096.477173319618
13212,2016-03-22 01:00:00,26596.0,26595.018077642504
13213,2016-03-22 02:00:00,25960.0,25964.67721897931
13214,2016-03-22 03:00:00,25798.0,25815.013703581757
13215,2016-03-22 04:00:00,26020.0,26036.99173890176
13216,2016-03-22 05:00:00,26953.0,26981.537792392424
13217,2016-03-22 06:00:00,29292.0,29303.694398461124
13218,2016-03-22 07:00:00,32949.0,32987.26341694104
13219,2016-03-22 08:00:00,34564.0,34584.923607107965
13220,2016-03-22 09:00:00,33774.0,33816.89526720028
13221,2016-03-22 10:00:00,32509.0,32534.043677760525
13222,2016-03-22 11:00:00,31343.0,31366.870434524953
13223,2016-03-22 12:00:00,30472.0,30508.03972010686
13224,2016-03-22 13:00:00,29624.0,29639.581016956214
13225,2016-03-22 14:00:00,29044.0,29011.95753188326
13226,2016-03-22 15:00:00,28492.0,28450.29683351991
13227,2016-03-22 16:00:00,28146.0,28127.582612563605
13228,2016-03-22 17:00:00,28201.0,28232.439386959148
13229,2016-03-22 18:00:00,28596.0,28548.170785635684
13230,2016-03-22 19:00:00,29071.0,29036.003961314647
13231,2016-03-22 20:00:00,30709.0,30669.611580539113
13232,2016-03-22 21:00:00,31168.0,31121.717496950372
13233,2016-03-22 22:00:00,29906.0,29937.028383724628
13234,2016-03-22 23:00:00,27682.0,27659.958584260126
13235,2016-03-23 00:00:00,25614.0,25636.89260485786
13236,2016-03-21 01:00:00,26140.0,26104.191211092573
13237,2016-03-21 02:00:00,25537.0,25527.89337309144
13238,2016-03-21 03:00:00,25273.0,25234.64656010085
13239,2016-03-21 04:00:00,25453.0,25403.248040718554
13240,2016-03-21 05:00:00,26354.0,26365.3162235676
13241,2016-03-21 06:00:00,28614.0,28612.098192879963
13242,2016-03-21 07:00:00,32331.0,32322.663625133107
13243,2016-03-21 08:00:00,34123.0,34080.86595632517
13244,2016-03-21 09:00:00,33721.0,33729.82048225186
13245,2016-03-21 10:00:00,32719.0,32747.000103604907
13246,2016-03-21 11:00:00,31802.0,31758.72444732829
13247,2016-03-21 12:00:00,31167.0,31158.34583408402
13248,2016-03-21 13:00:00,30595.0,30576.155647717125
13249,2016-03-21 14:00:00,30143.0,30182.18766435863
13250,2016-03-21 15:00:00,29663.0,29639.265578917413
13251,2016-03-21 16:00:00,29540.0,29584.428066661225
13252,2016-03-21 17:00:00,29862.0,29894.840242995902
13253,2016-03-21 18:00:00,30383.0,30343.015888372556
13254,2016-03-21 19:00:00,31076.0,31074.063773824033
13255,2016-03-21 20:00:00,32931.0,32945.900147849614
13256,2016-03-21 21:00:00,33431.0,33440.30717627886
13257,2016-03-21 22:00:00,32173.0,32190.923032027084
13258,2016-03-21 23:00:00,29971.0,29963.630646927108
13259,2016-03-22 00:00:00,27959.0,27999.474273497635
13260,2016-03-20 01:00:00,25517.0,25494.036084767497
13261,2016-03-20 02:00:00,24665.0,24624.410082781727
13262,2016-03-20 03:00:00,24250.0,24297.797389214706
13263,2016-03-20 04:00:00,24063.0,24078.195883051383
13264,2016-03-20 05:00:00,24238.0,24253.919754399198
13265,2016-03-20 06:00:00,24809.0,24840.7526635066
13266,2016-03-20 07:00:00,25864.0,25856.144144669095
13267,2016-03-20 08:00:00,26847.0,26835.623556441955
13268,2016-03-20 09:00:00,28053.0,28097.914500741474
13269,2016-03-20 10:00:00,29000.0,28988.678135581384
13270,2016-03-20 11:00:00,29356.0,29313.847783717418
13271,2016-03-20 12:00:00,29295.0,29275.78294909927
13272,2016-03-20 13:00:00,28985.0,29022.35413282122
13273,2016-03-20 14:00:00,28596.0,28555.496005086978
13274,2016-03-20 15:00:00,28358.0,28379.670528613686
13275,2016-03-20 16:00:00,28452.0,28428.64011275136
13276,2016-03-20 17:00:00,29153.0,29177.57703715728
13277,2016-03-20 18:00:00,30056.0,30057.45544583477
13278,2016-03-20 19:00:00,30813.0,30826.657572099906
13279,2016-03-20 20:00:00,32100.0,32074.31962372433
13280,2016-03-20 21:00:00,32162.0,32128.811861058886
13281,2016-03-20 22:00:00,31031.0,30987.330849720758
13282,2016-03-20 23:00:00,29276.0,29308.55767908247
13283,2016-03-21 00:00:00,27448.0,27469.048460383696
13284,2016-03-19 01:00:00,23853.0,23832.33521415365
13285,2016-03-19 02:00:00,23088.0,23121.691336534273
13286,2016-03-19 03:00:00,22733.0,22766.369666379785
13287,2016-03-19 04:00:00,22658.0,22621.775914415935
13288,2016-03-19 05:00:00,22951.0,22972.368743387047
13289,2016-03-19 06:00:00,23865.0,23844.228189585774
13290,2016-03-19 07:00:00,25344.0,25340.718937180674
13291,2016-03-19 08:00:00,26571.0,26564.014481269594
13292,2016-03-19 09:00:00,27875.0,27885.018374954143
13293,2016-03-19 10:00:00,28743.0,28727.713201956132
13294,2016-03-19 11:00:00,28992.0,28949.32539622784
13295,2016-03-19 12:00:00,28716.0,28733.26501579108
13296,2016-03-19 13:00:00,28475.0,28521.057095833585
13297,2016-03-19 14:00:00,28261.0,28277.78677416729
13298,2016-03-19 15:00:00,28149.0,28152.96053042197
13299,2016-03-19 16:00:00,27905.0,27871.36215456193
13300,2016-03-19 17:00:00,28138.0,28150.5177809609
13301,2016-03-19 18:00:00,28649.0,28660.10868622761
13302,2016-03-19 19:00:00,29264.0,29275.875312429056
13303,2016-03-19 20:00:00,30419.0,30458.231307239235
13304,2016-03-19 21:00:00,30513.0,30534.63200671507
13305,2016-03-19 22:00:00,29691.0,29719.339986637828
13306,2016-03-19 23:00:00,28344.0,28325.33388993965
13307,2016-03-20 00:00:00,26807.0,26784.037501448118
13308,2016-03-18 01:00:00,23469.0,23439.678091374033
13309,2016-03-18 02:00:00,22695.0,22722.837090227924
13310,2016-03-18 03:00:00,22376.0,22395.858848810247
13311,2016-03-18 04:00:00,22424.0,22408.209396875423
13312,2016-03-18 05:00:00,23082.0,23046.11060685923
13313,2016-03-18 06:00:00,25151.0,25185.666730597433
13314,2016-03-18 07:00:00,28693.0,28681.427798508743
13315,2016-03-18 08:00:00,30458.0,30426.974921407138
13316,2016-03-18 09:00:00,30066.0,30030.441061202633
13317,2016-03-18 10:00:00,29412.0,29453.96798642657
13318,2016-03-18 11:00:00,28846.0,28809.016325623063
13319,2016-03-18 12:00:00,28420.0,28405.96734514588
13320,2016-03-18 13:00:00,28116.0,28129.219149990568
13321,2016-03-18 14:00:00,28171.0,28161.80763135302
13322,2016-03-18 15:00:00,28000.0,27997.7460466397
13323,2016-03-18 16:00:00,27680.0,27710.2621786933
13324,2016-03-18 17:00:00,27679.0,27728.92344805032
13325,2016-03-18 18:00:00,27841.0,27837.721778194868
13326,2016-03-18 19:00:00,27899.0,27886.882698110774
13327,2016-03-18 20:00:00,29059.0,29049.676290537307
13328,2016-03-18 21:00:00,29341.0,29327.91085673426
13329,2016-03-18 22:00:00,28466.0,28463.377137123476
13330,2016-03-18 23:00:00,26950.0,26933.310815580502
13331,2016-03-19 00:00:00,25209.0,25205.261653456775
13332,2016-03-17 01:00:00,22898.0,22942.545718117366
13333,2016-03-17 02:00:00,22016.0,21994.621322219864
13334,2016-03-17 03:00:00,21649.0,21664.18747203338
13335,2016-03-17 04:00:00,21710.0,21708.693357364817
13336,2016-03-17 05:00:00,22395.0,22418.239635226182
13337,2016-03-17 06:00:00,24432.0,24429.229205802734
13338,2016-03-17 07:00:00,28014.0,27980.05423243923
13339,2016-03-17 08:00:00,29995.0,30032.24187356905
13340,2016-03-17 09:00:00,29910.0,29927.576706959888
13341,2016-03-17 10:00:00,29449.0,29451.58708330078
13342,2016-03-17 11:00:00,29030.0,29063.108371986993
13343,2016-03-17 12:00:00,28607.0,28654.618559231913
13344,2016-03-17 13:00:00,28496.0,28486.939936844567
13345,2016-03-17 14:00:00,28604.0,28589.306119795823
13346,2016-03-17 15:00:00,28186.0,28211.359224003823
13347,2016-03-17 16:00:00,27965.0,27960.460552867986
13348,2016-03-17 17:00:00,28266.0,28224.576887249856
13349,2016-03-17 18:00:00,28466.0,28451.441492365717
13350,2016-03-17 19:00:00,28593.0,28623.86321060787
13351,2016-03-17 20:00:00,29919.0,29939.669418199283
13352,2016-03-17 21:00:00,30189.0,30225.28437161021
13353,2016-03-17 22:00:00,29004.0,28968.66265294833
13354,2016-03-17 23:00:00,26941.0,26915.392161368585
13355,2016-03-18 00:00:00,24916.0,24887.473526628055
13356,2016-03-16 01:00:00,24013.0,24060.13328228509
13357,2016-03-16 02:00:00,23232.0,23198.8924410816
13358,2016-03-16 03:00:00,22930.0,22939.79300556556
13359,2016-03-16 04:00:00,22941.0,22954.291359856034
13360,2016-03-16 05:00:00,23597.0,23608.889341960483
13361,2016-03-16 06:00:00,25544.0,25563.166304002872
13362,2016-03-16 07:00:00,29074.0,29072.392164576144
13363,2016-03-16 08:00:00,30668.0,30626.36882820679
13364,2016-03-16 09:00:00,30278.0,30298.123610941846
13365,2016-03-16 10:00:00,29527.0,29505.110486544083
13366,2016-03-16 11:00:00,29254.0,29211.587193640666
13367,2016-03-16 12:00:00,28812.0,28778.978598132326
13368,2016-03-16 13:00:00,28455.0,28433.721960241182
13369,2016-03-16 14:00:00,28291.0,28284.243957280854
13370,2016-03-16 15:00:00,28224.0,28260.132352918983
13371,2016-03-16 16:00:00,28176.0,28179.650255770644
13372,2016-03-16 17:00:00,28420.0,28417.196725479556
13373,2016-03-16 18:00:00,28826.0,28795.12578009822
13374,2016-03-16 19:00:00,28925.0,28970.926271819015
13375,2016-03-16 20:00:00,30122.0,30162.85159284
13376,2016-03-16 21:00:00,30262.0,30293.607723009653
13377,2016-03-16 22:00:00,28890.0,28872.31512282574
13378,2016-03-16 23:00:00,26652.0,26658.162762429813
13379,2016-03-17 00:00:00,24419.0,24407.884699926923
13380,2016-03-15 01:00:00,24815.0,24805.291414566705
13381,2016-03-15 02:00:00,23893.0,23850.21313557638
13382,2016-03-15 03:00:00,23436.0,23400.004458237054
13383,2016-03-15 04:00:00,23374.0,23420.116878617562
13384,2016-03-15 05:00:00,23957.0,23968.008382025684
13385,2016-03-15 06:00:00,25885.0,25835.63096082303
13386,2016-03-15 07:00:00,29383.0,29413.91859576919
13387,2016-03-15 08:00:00,31345.0,31303.704161925612
13388,2016-03-15 09:00:00,31352.0,31372.81557581054
13389,2016-03-15 10:00:00,31290.0,31302.08490216263
13390,2016-03-15 11:00:00,31259.0,31215.29512606001
13391,2016-03-15 12:00:00,31057.0,31060.093917060905
13392,2016-03-15 13:00:00,30706.0,30660.743530813957
13393,2016-03-15 14:00:00,30369.0,30325.43897496211
13394,2016-03-15 15:00:00,29880.0,29835.117883813833
13395,2016-03-15 16:00:00,29427.0,29402.54412369536
13396,2016-03-15 17:00:00,29283.0,29313.176928209356
13397,2016-03-15 18:00:00,29388.0,29374.245473330368
13398,2016-03-15 19:00:00,29521.0,29534.95382462167
13399,2016-03-15 20:00:00,30978.0,30940.484901273623
13400,2016-03-15 21:00:00,31296.0,31339.286474408174
13401,2016-03-15 22:00:00,29999.0,29999.424077543106
13402,2016-03-15 23:00:00,27798.0,27750.459489875135
13403,2016-03-16 00:00:00,25606.0,25609.74066635719
13404,2016-03-14 01:00:00,22737.0,22705.453012586848
13405,2016-03-14 02:00:00,21966.0,21935.581642093075
13406,2016-03-14 03:00:00,21627.0,21637.03745037416
13407,2016-03-14 04:00:00,21677.0,21649.638349619207
13408,2016-03-14 05:00:00,22331.0,22302.398107143348
13409,2016-03-14 06:00:00,24399.0,24403.095983822743
13410,2016-03-14 07:00:00,27916.0,27889.54594514211
13411,2016-03-14 08:00:00,30433.0,30394.051260471148
13412,2016-03-14 09:00:00,30929.0,30919.82569153616
13413,2016-03-14 10:00:00,31184.0,31139.19984381942
13414,2016-03-14 11:00:00,31430.0,31470.532308899164
13415,2016-03-14 12:00:00,31395.0,31390.15374159348
13416,2016-03-14 13:00:00,31226.0,31177.309468677657
13417,2016-03-14 14:00:00,31111.0,31083.46520843041
13418,2016-03-14 15:00:00,30842.0,30887.78178476912
13419,2016-03-14 16:00:00,30789.0,30788.639090134355
13420,2016-03-14 17:00:00,31137.0,31122.888966934835
13421,2016-03-14 18:00:00,31663.0,31644.51115077159
13422,2016-03-14 19:00:00,32144.0,32135.697065168
13423,2016-03-14 20:00:00,33092.0,33063.1764403773
13424,2016-03-14 21:00:00,32563.0,32587.912705234205
13425,2016-03-14 22:00:00,30994.0,30994.83051980363
13426,2016-03-14 23:00:00,28692.0,28717.143367216628
13427,2016-03-15 00:00:00,26481.0,26456.438171842652
13428,2016-03-13 01:00:00,22003.0,21953.145242512273
13429,2016-03-13 02:00:00,21292.0,21338.62290014955
13430,2016-03-13 04:00:00,20816.0,20817.20660977656
13431,2016-03-13 05:00:00,20704.0,20661.97392447132
13432,2016-03-13 06:00:00,20979.0,20939.375122365796
13433,2016-03-13 07:00:00,21652.0,21645.467813981722
13434,2016-03-13 08:00:00,22457.0,22476.52642238873
13435,2016-03-13 09:00:00,23413.0,23402.66418432494
13436,2016-03-13 10:00:00,24375.0,24407.015249685563
13437,2016-03-13 11:00:00,25118.0,25100.905948108644
13438,2016-03-13 12:00:00,25738.0,25692.56053986881
13439,2016-03-13 13:00:00,25819.0,25769.829116404497
13440,2016-03-13 14:00:00,25777.0,25812.944429326075
13441,2016-03-13 15:00:00,25679.0,25727.446227590488
13442,2016-03-13 16:00:00,25734.0,25697.27988521168
13443,2016-03-13 17:00:00,26142.0,26098.204076513248
13444,2016-03-13 18:00:00,26865.0,26906.44076392001
13445,2016-03-13 19:00:00,27629.0,27589.07563995458
13446,2016-03-13 20:00:00,28860.0,28832.840418744898
13447,2016-03-13 21:00:00,28791.0,28821.16470908862
13448,2016-03-13 22:00:00,27666.0,27715.798432331947
13449,2016-03-13 23:00:00,25905.0,25903.601388942607
13450,2016-03-14 00:00:00,24119.0,24090.077078902174
13451,2016-03-12 01:00:00,22191.0,22225.771801651652
13452,2016-03-12 02:00:00,21408.0,21397.43115089069
13453,2016-03-12 03:00:00,21058.0,21035.264227335407
13454,2016-03-12 04:00:00,20999.0,20998.041655712732
13455,2016-03-12 05:00:00,21277.0,21312.579827027646
13456,2016-03-12 06:00:00,22193.0,22166.300081849284
13457,2016-03-12 07:00:00,23240.0,23232.383454963336
13458,2016-03-12 08:00:00,24465.0,24459.424368715114
13459,2016-03-12 09:00:00,25520.0,25553.276423789986
13460,2016-03-12 10:00:00,26090.0,26107.60051864923
13461,2016-03-12 11:00:00,26096.0,26124.0486618553
13462,2016-03-12 12:00:00,25844.0,25863.338578478284
13463,2016-03-12 13:00:00,25623.0,25632.267590509608
13464,2016-03-12 14:00:00,25308.0,25271.240922191846
13465,2016-03-12 15:00:00,25219.0,25252.294918961485
13466,2016-03-12 16:00:00,25309.0,25319.727871225066
13467,2016-03-12 17:00:00,25664.0,25684.117161784783
13468,2016-03-12 18:00:00,26259.0,26286.874798412613
13469,2016-03-12 19:00:00,27705.0,27686.16998544849
13470,2016-03-12 20:00:00,27752.0,27745.73144152664
13471,2016-03-12 21:00:00,27336.0,27340.1290668812
13472,2016-03-12 22:00:00,26174.0,26158.282247162704
13473,2016-03-12 23:00:00,24749.0,24724.853682304045
13474,2016-03-13 00:00:00,23265.0,23292.683273798455
13475,2016-03-11 01:00:00,22801.0,22826.373207339377
13476,2016-03-11 02:00:00,21900.0,21933.179928726993
13477,2016-03-11 03:00:00,21301.0,21320.669499570726
13478,2016-03-11 04:00:00,21078.0,21059.172730098162
13479,2016-03-11 05:00:00,21460.0,21442.700226624125
13480,2016-03-11 06:00:00,23056.0,23058.779417872996
13481,2016-03-11 07:00:00,26085.0,26118.55954572545
13482,2016-03-11 08:00:00,27754.0,27738.629316395818
13483,2016-03-11 09:00:00,28312.0,28338.59390013254
13484,2016-03-11 10:00:00,28491.0,28471.569259060612
13485,2016-03-11 11:00:00,28530.0,28513.852538288364
13486,2016-03-11 12:00:00,28367.0,28392.23658861707
13487,2016-03-11 13:00:00,28288.0,28305.857534447845
13488,2016-03-11 14:00:00,28205.0,28175.822838109863
13489,2016-03-11 15:00:00,27932.0,27964.702123165014
13490,2016-03-11 16:00:00,27849.0,27877.46104076378
13491,2016-03-11 17:00:00,28078.0,28107.74180903582
13492,2016-03-11 18:00:00,28321.0,28318.03511788751
13493,2016-03-11 19:00:00,29404.0,29386.863962309555
13494,2016-03-11 20:00:00,29279.0,29313.978180543156
13495,2016-03-11 21:00:00,28410.0,28418.82129660151
13496,2016-03-11 22:00:00,27141.0,27184.09793980999
13497,2016-03-11 23:00:00,25409.0,25384.3827033083
13498,2016-03-12 00:00:00,23602.0,23649.562661639247
13499,2016-03-10 01:00:00,22257.0,22244.921804266007
13500,2016-03-10 02:00:00,21386.0,21374.447180743544
13501,2016-03-10 03:00:00,20927.0,20900.881664936478
13502,2016-03-10 04:00:00,20847.0,20893.502535844862
13503,2016-03-10 05:00:00,21341.0,21294.971423746072
13504,2016-03-10 06:00:00,23285.0,23282.33576311895
13505,2016-03-10 07:00:00,26141.0,26127.548159310558
13506,2016-03-10 08:00:00,27849.0,27814.92633041923
13507,2016-03-10 09:00:00,28205.0,28226.324344188943
13508,2016-03-10 10:00:00,28525.0,28564.832109700827
13509,2016-03-10 11:00:00,29034.0,29008.35692525332
13510,2016-03-10 12:00:00,29325.0,29324.765515846324
13511,2016-03-10 13:00:00,29418.0,29425.821396425006
13512,2016-03-10 14:00:00,29715.0,29704.048893834082
13513,2016-03-10 15:00:00,29731.0,29773.15381302811
13514,2016-03-10 16:00:00,29828.0,29824.151619509576
13515,2016-03-10 17:00:00,30117.0,30165.278023988692
13516,2016-03-10 18:00:00,30558.0,30537.520514764212
13517,2016-03-10 19:00:00,31790.0,31747.324729973865
13518,2016-03-10 20:00:00,31703.0,31710.496726504312
13519,2016-03-10 21:00:00,30732.0,30764.334005835935
13520,2016-03-10 22:00:00,28960.0,28948.839143348247
13521,2016-03-10 23:00:00,26607.0,26575.509886298467
13522,2016-03-11 00:00:00,24429.0,24452.82400010685
13523,2016-03-09 01:00:00,22668.0,22645.088510226353
13524,2016-03-09 02:00:00,21878.0,21904.97376931712
13525,2016-03-09 03:00:00,21552.0,21528.232150262567
13526,2016-03-09 04:00:00,21681.0,21686.728823870937
13527,2016-03-09 05:00:00,22466.0,22504.767714127283
13528,2016-03-09 06:00:00,24623.0,24593.46170718002
13529,2016-03-09 07:00:00,27752.0,27784.069446865346
13530,2016-03-09 08:00:00,29332.0,29308.54296719847
13531,2016-03-09 09:00:00,28870.0,28886.066488120978
13532,2016-03-09 10:00:00,28456.0,28430.371279706287
13533,2016-03-09 11:00:00,28437.0,28398.456931094363
13534,2016-03-09 12:00:00,28479.0,28495.40232796222
13535,2016-03-09 13:00:00,28491.0,28500.4888195136
13536,2016-03-09 14:00:00,28656.0,28646.148355019577
13537,2016-03-09 15:00:00,28766.0,28719.668239483377
13538,2016-03-09 16:00:00,28831.0,28828.5279267891
13539,2016-03-09 17:00:00,29170.0,29134.87065053744
13540,2016-03-09 18:00:00,29513.0,29498.947164104386
13541,2016-03-09 19:00:00,30901.0,30909.619797635823
13542,2016-03-09 20:00:00,31138.0,31181.935237076417
13543,2016-03-09 21:00:00,30154.0,30155.13119625918
13544,2016-03-09 22:00:00,28425.0,28394.47830273116
13545,2016-03-09 23:00:00,25998.0,26042.622630533122
13546,2016-03-10 00:00:00,23737.0,23689.59099568035
13547,2016-03-08 01:00:00,23950.0,23964.282013284133
13548,2016-03-08 02:00:00,23228.0,23204.239211470587
13549,2016-03-08 03:00:00,22950.0,22975.751014790974
13550,2016-03-08 04:00:00,22931.0,22914.12231779015
13551,2016-03-08 05:00:00,23701.0,23693.874644023028
13552,2016-03-08 06:00:00,25914.0,25941.041671319475
13553,2016-03-08 07:00:00,28998.0,29037.78185784529
13554,2016-03-08 08:00:00,30190.0,30158.255344127254
13555,2016-03-08 09:00:00,29735.0,29714.629241306196
13556,2016-03-08 10:00:00,29314.0,29264.432477652008
13557,2016-03-08 11:00:00,29139.0,29174.657160289444
13558,2016-03-08 12:00:00,28767.0,28811.71282505146
13559,2016-03-08 13:00:00,28505.0,28482.94456775722
13560,2016-03-08 14:00:00,28406.0,28394.45550706125
13561,2016-03-08 15:00:00,28229.0,28221.895650514067
13562,2016-03-08 16:00:00,28204.0,28194.97518656668
13563,2016-03-08 17:00:00,28557.0,28546.287534792
13564,2016-03-08 18:00:00,29120.0,29117.587462154817
13565,2016-03-08 19:00:00,30888.0,30853.3783590337
13566,2016-03-08 20:00:00,31029.0,30984.7680001766
13567,2016-03-08 21:00:00,30199.0,30221.352650717687
13568,2016-03-08 22:00:00,28426.0,28460.65660101968
13569,2016-03-08 23:00:00,26105.0,26136.019277916515
13570,2016-03-09 00:00:00,24088.0,24100.662648650137
13571,2016-03-07 01:00:00,27225.0,27271.88112372353
13572,2016-03-07 02:00:00,26815.0,26765.15431119532
13573,2016-03-07 03:00:00,26731.0,26712.954231215204
13574,2016-03-07 04:00:00,27035.0,27016.001611113992
13575,2016-03-07 05:00:00,27934.0,27918.967294724236
13576,2016-03-07 06:00:00,30281.0,30310.998960394423
13577,2016-03-07 07:00:00,33626.0,33611.14965745363
13578,2016-03-07 08:00:00,34436.0,34438.70835822005
13579,2016-03-07 09:00:00,33092.0,33103.3939853388
13580,2016-03-07 10:00:00,31867.0,31901.538324122994
13581,2016-03-07 11:00:00,31039.0,31050.5861577139
13582,2016-03-07 12:00:00,30290.0,30278.130649300303
13583,2016-03-07 13:00:00,29609.0,29628.47421554061
13584,2016-03-07 14:00:00,29123.0,29124.553557867388
13585,2016-03-07 15:00:00,28749.0,28751.840223423787
13586,2016-03-07 16:00:00,28625.0,28608.515253674963
13587,2016-03-07 17:00:00,29069.0,29019.16075182078
13588,2016-03-07 18:00:00,30026.0,30011.584694767007
13589,2016-03-07 19:00:00,32077.0,32057.271792931348
13590,2016-03-07 20:00:00,32285.0,32245.033903419066
13591,2016-03-07 21:00:00,31421.0,31390.863619791482
13592,2016-03-07 22:00:00,29697.0,29745.089007812883
13593,2016-03-07 23:00:00,27428.0,27405.98169528411
13594,2016-03-08 00:00:00,25378.0,25379.815803454992
13595,2016-03-06 01:00:00,27457.0,27461.933261627026
13596,2016-03-06 02:00:00,26728.0,26734.003005639275
13597,2016-03-06 03:00:00,26369.0,26323.73281351202
13598,2016-03-06 04:00:00,26192.0,26219.146218274236
13599,2016-03-06 05:00:00,26395.0,26418.03450242739
13600,2016-03-06 06:00:00,26976.0,27023.719213656943
13601,2016-03-06 07:00:00,27804.0,27772.469126258577
13602,2016-03-06 08:00:00,28562.0,28567.379130512712
13603,2016-03-06 09:00:00,29611.0,29641.38302269241
13604,2016-03-06 10:00:00,30050.0,30012.43460204226
13605,2016-03-06 11:00:00,29764.0,29792.957076796007
13606,2016-03-06 12:00:00,29152.0,29128.99632839407
13607,2016-03-06 13:00:00,28538.0,28516.084607597328
13608,2016-03-06 14:00:00,28040.0,28084.559555506854
13609,2016-03-06 15:00:00,27530.0,27511.387309058966
13610,2016-03-06 16:00:00,27399.0,27407.42374118759
13611,2016-03-06 17:00:00,27985.0,27979.009295328444
13612,2016-03-06 18:00:00,29490.0,29447.815932725327
13613,2016-03-06 19:00:00,32086.0,32131.04825611859
13614,2016-03-06 20:00:00,32764.0,32735.372523996928
13615,2016-03-06 21:00:00,32511.0,32487.76945267997
13616,2016-03-06 22:00:00,31445.0,31432.724655583523
13617,2016-03-06 23:00:00,29866.0,29865.853599421047
13618,2016-03-07 00:00:00,28355.0,28319.42857160662
13619,2016-03-05 01:00:00,28709.0,28721.993658901723
13620,2016-03-05 02:00:00,28025.0,28026.470249347643
13621,2016-03-05 03:00:00,27785.0,27765.301032752945
13622,2016-03-05 04:00:00,27767.0,27786.265180251256
13623,2016-03-05 05:00:00,28084.0,28085.408014209257
13624,2016-03-05 06:00:00,29034.0,29068.068563607725
13625,2016-03-05 07:00:00,30218.0,30253.54047957033
13626,2016-03-05 08:00:00,31011.0,31059.010669725114
13627,2016-03-05 09:00:00,31623.0,31579.733575782884
13628,2016-03-05 10:00:00,31636.0,31626.517864043555
13629,2016-03-05 11:00:00,31337.0,31337.151897415093
13630,2016-03-05 12:00:00,30827.0,30800.380986585104
13631,2016-03-05 13:00:00,30159.0,30201.20351905419
13632,2016-03-05 14:00:00,29374.0,29332.812838466296
13633,2016-03-05 15:00:00,28946.0,28938.85060946906
13634,2016-03-05 16:00:00,28973.0,28941.519072132687
13635,2016-03-05 17:00:00,29511.0,29529.213881083364
13636,2016-03-05 18:00:00,30706.0,30726.499233114042
13637,2016-03-05 19:00:00,32595.0,32632.251401547317
13638,2016-03-05 20:00:00,32722.0,32712.897056516747
13639,2016-03-05 21:00:00,32355.0,32382.511037799184
13640,2016-03-05 22:00:00,31583.0,31587.95805679379
13641,2016-03-05 23:00:00,30246.0,30277.22709099915
13642,2016-03-06 00:00:00,28767.0,28725.53789912287
13643,2016-03-04 01:00:00,28948.0,28944.344765339196
13644,2016-03-04 02:00:00,28374.0,28339.05605922803
13645,2016-03-04 03:00:00,28132.0,28161.035548454147
13646,2016-03-04 04:00:00,28251.0,28216.267138536896
13647,2016-03-04 05:00:00,29115.0,29065.80603705093
13648,2016-03-04 06:00:00,31280.0,31322.952373995173
13649,2016-03-04 07:00:00,34578.0,34576.459831618966
13650,2016-03-04 08:00:00,36173.0,36221.5190887926
13651,2016-03-04 09:00:00,36505.0,36500.299723436096
13652,2016-03-04 10:00:00,36415.0,36424.07926366806
13653,2016-03-04 11:00:00,36156.0,36180.417529587736
13654,2016-03-04 12:00:00,35475.0,35453.079833827534
13655,2016-03-04 13:00:00,34863.0,34826.28563988618
13656,2016-03-04 14:00:00,34412.0,34428.112951305106
13657,2016-03-04 15:00:00,33922.0,33923.068680989025
13658,2016-03-04 16:00:00,33686.0,33718.68011652262
13659,2016-03-04 17:00:00,33949.0,33903.50687925363
13660,2016-03-04 18:00:00,34859.0,34863.477010710245
13661,2016-03-04 19:00:00,36067.0,36035.57558946432
13662,2016-03-04 20:00:00,35670.0,35681.73174446987
13663,2016-03-04 21:00:00,34898.0,34924.043977046225
13664,2016-03-04 22:00:00,33618.0,33594.301019192564
13665,2016-03-04 23:00:00,31861.0,31859.17886799916
13666,2016-03-05 00:00:00,30019.0,30011.020416625932
13667,2016-03-03 01:00:00,29431.0,29456.48708086111
13668,2016-03-03 02:00:00,28796.0,28805.98677862033
13669,2016-03-03 03:00:00,28642.0,28604.07073992559
13670,2016-03-03 04:00:00,28951.0,28998.67481114486
13671,2016-03-03 05:00:00,29943.0,29984.233750923104
13672,2016-03-03 06:00:00,32505.0,32512.87200130048
13673,2016-03-03 07:00:00,35895.0,35922.74769106115
13674,2016-03-03 08:00:00,36739.0,36690.99704902493
13675,2016-03-03 09:00:00,35623.0,35593.14918241531
13676,2016-03-03 10:00:00,34621.0,34647.78630283216
13677,2016-03-03 11:00:00,33967.0,33927.61880136229
13678,2016-03-03 12:00:00,33120.0,33074.27266770737
13679,2016-03-03 13:00:00,32480.0,32491.57159151078
13680,2016-03-03 14:00:00,32264.0,32217.42417942831
13681,2016-03-03 15:00:00,32039.0,32007.311384048477
13682,2016-03-03 16:00:00,32537.0,32494.998191943767
13683,2016-03-03 17:00:00,33651.0,33654.42715815581
13684,2016-03-03 18:00:00,35265.0,35282.69342437674
13685,2016-03-03 19:00:00,36828.0,36796.330919430526
13686,2016-03-03 20:00:00,36680.0,36676.87576216594
13687,2016-03-03 21:00:00,36028.0,35980.017107335545
13688,2016-03-03 22:00:00,34478.0,34454.46603628904
13689,2016-03-03 23:00:00,32331.0,32298.960435174
13690,2016-03-04 00:00:00,30317.0,30283.596435891577
13691,2016-03-02 01:00:00,24052.0,24024.501998105752
13692,2016-03-02 02:00:00,23231.0,23261.534406529863
13693,2016-03-02 03:00:00,22838.0,22882.975059404842
13694,2016-03-02 04:00:00,22868.0,22888.6052294905
13695,2016-03-02 05:00:00,23512.0,23469.225550234205
13696,2016-03-02 06:00:00,25842.0,25854.816381223398
13697,2016-03-02 07:00:00,29545.0,29568.411533582148
13698,2016-03-02 08:00:00,31354.0,31315.112532375035
13699,2016-03-02 09:00:00,31648.0,31627.4322773407
13700,2016-03-02 10:00:00,31651.0,31643.83813218235
13701,2016-03-02 11:00:00,31537.0,31518.072398996464
13702,2016-03-02 12:00:00,31289.0,31290.831839065904
13703,2016-03-02 13:00:00,30981.0,30944.092019949578
13704,2016-03-02 14:00:00,30885.0,30879.47494032054
13705,2016-03-02 15:00:00,30762.0,30785.32802422827
13706,2016-03-02 16:00:00,31022.0,31018.093324296446
13707,2016-03-02 17:00:00,32001.0,31972.043490967415
13708,2016-03-02 18:00:00,33905.0,33935.21125390423
13709,2016-03-02 19:00:00,36323.0,36312.43955844815
13710,2016-03-02 20:00:00,36676.0,36668.509240058076
13711,2016-03-02 21:00:00,36169.0,36154.76235194888
13712,2016-03-02 22:00:00,34869.0,34847.97316340921
13713,2016-03-02 23:00:00,32654.0,32664.194793308514
13714,2016-03-03 00:00:00,30665.0,30633.78072991366
13715,2016-03-01 01:00:00,25207.0,25233.922969377527
13716,2016-03-01 02:00:00,24624.0,24622.169949619143
13717,2016-03-01 03:00:00,24398.0,24436.358749660725
13718,2016-03-01 04:00:00,24605.0,24648.889084460992
13719,2016-03-01 05:00:00,25581.0,25569.297297950132
13720,2016-03-01 06:00:00,27949.0,27914.88232117478
13721,2016-03-01 07:00:00,31495.0,31495.52600644478
13722,2016-03-01 08:00:00,32548.0,32525.045177604945
13723,2016-03-01 09:00:00,31612.0,31604.652295403666
13724,2016-03-01 10:00:00,30663.0,30650.74428722438
13725,2016-03-01 11:00:00,29963.0,29958.047214853905
13726,2016-03-01 12:00:00,29363.0,29362.856559252545
13727,2016-03-01 13:00:00,28875.0,28887.742889318764
13728,2016-03-01 14:00:00,28571.0,28521.381396960664
13729,2016-03-01 15:00:00,28369.0,28344.642037487156
13730,2016-03-01 16:00:00,28505.0,28472.025421156202
13731,2016-03-01 17:00:00,29268.0,29289.044665966616
13732,2016-03-01 18:00:00,30624.0,30657.232717792882
13733,2016-03-01 19:00:00,32578.0,32600.57564575085
13734,2016-03-01 20:00:00,32570.0,32617.46638124326
13735,2016-03-01 21:00:00,31735.0,31692.72475296314
13736,2016-03-01 22:00:00,30088.0,30084.475423715012
13737,2016-03-01 23:00:00,27836.0,27875.937027120952
13738,2016-03-02 00:00:00,25637.0,25618.90883647669
13739,2016-02-29 01:00:00,23940.0,23970.231710760207
13740,2016-02-29 02:00:00,23275.0,23281.174067008284
13741,2016-02-29 03:00:00,23057.0,23104.855667270946
13742,2016-02-29 04:00:00,23208.0,23195.102195224783
13743,2016-02-29 05:00:00,24087.0,24078.716725809325
13744,2016-02-29 06:00:00,26346.0,26312.380649928764
13745,2016-02-29 07:00:00,29687.0,29652.96401318751
13746,2016-02-29 08:00:00,31086.0,31122.10022970484
13747,2016-02-29 09:00:00,31388.0,31378.729512575526
13748,2016-02-29 10:00:00,31548.0,31560.04655331762
13749,2016-02-29 11:00:00,31544.0,31569.22522457237
13750,2016-02-29 12:00:00,31012.0,31005.824323608194
13751,2016-02-29 13:00:00,29933.0,29978.37839945313
13752,2016-02-29 14:00:00,29467.0,29510.817367871914
13753,2016-02-29 15:00:00,29023.0,29041.011830270832
13754,2016-02-29 16:00:00,28828.0,28877.52078133147
13755,2016-02-29 17:00:00,29300.0,29250.264849734547
13756,2016-02-29 18:00:00,30544.0,30494.925270347652
13757,2016-02-29 19:00:00,32661.0,32617.753481539472
13758,2016-02-29 20:00:00,32851.0,32895.35198285934
13759,2016-02-29 21:00:00,32183.0,32193.483454400266
13760,2016-02-29 22:00:00,30654.0,30696.772239206242
13761,2016-02-29 23:00:00,28527.0,28489.709817235747
13762,2016-03-01 00:00:00,26545.0,26498.197866758528
13763,2016-02-28 01:00:00,27585.0,27589.32822524801
13764,2016-02-28 02:00:00,26868.0,26835.52193830977
13765,2016-02-28 03:00:00,26487.0,26522.9833877839
13766,2016-02-28 04:00:00,26392.0,26384.040939029008
13767,2016-02-28 05:00:00,26602.0,26629.045676132366
13768,2016-02-28 06:00:00,27223.0,27224.64388349002
13769,2016-02-28 07:00:00,27991.0,27993.86704546525
13770,2016-02-28 08:00:00,28347.0,28365.18450082421
13771,2016-02-28 09:00:00,28365.0,28348.54518250142
13772,2016-02-28 10:00:00,27942.0,27986.88473012702
13773,2016-02-28 11:00:00,27339.0,27329.041010633508
13774,2016-02-28 12:00:00,26704.0,26693.80423834266
13775,2016-02-28 13:00:00,26099.0,26119.742224095953
13776,2016-02-28 14:00:00,25507.0,25520.625185780726
13777,2016-02-28 15:00:00,25106.0,25155.578161313344
13778,2016-02-28 16:00:00,25148.0,25183.02308095705
13779,2016-02-28 17:00:00,25882.0,25860.45907860773
13780,2016-02-28 18:00:00,27354.0,27314.155261277236
13781,2016-02-28 19:00:00,29792.0,29752.662718014628
13782,2016-02-28 20:00:00,30141.0,30127.16087749188
13783,2016-02-28 21:00:00,29628.0,29625.718599511405
13784,2016-02-28 22:00:00,28397.0,28410.71240915103
13785,2016-02-28 23:00:00,26704.0,26739.77260353626
13786,2016-02-29 00:00:00,25089.0,25137.95404821553
13787,2016-02-27 01:00:00,29909.0,29899.87159985171
13788,2016-02-27 02:00:00,29168.0,29172.558037358634
13789,2016-02-27 03:00:00,28830.0,28840.074732032965
13790,2016-02-27 04:00:00,28779.0,28784.85617424071
13791,2016-02-27 05:00:00,29152.0,29111.031308523303
13792,2016-02-27 06:00:00,30099.0,30060.504066796177
13793,2016-02-27 07:00:00,31382.0,31420.875548385524
13794,2016-02-27 08:00:00,32172.0,32189.5584002617
13795,2016-02-27 09:00:00,32460.0,32477.87611110101
13796,2016-02-27 10:00:00,32016.0,32047.478175166627
13797,2016-02-27 11:00:00,31359.0,31317.414161317203
13798,2016-02-27 12:00:00,30529.0,30520.547994896213
13799,2016-02-27 13:00:00,29713.0,29687.66744245645
13800,2016-02-27 14:00:00,28875.0,28891.08066319314
13801,2016-02-27 15:00:00,28296.0,28267.493489482626
13802,2016-02-27 16:00:00,28157.0,28176.212487591485
13803,2016-02-27 17:00:00,28811.0,28799.79004657907
13804,2016-02-27 18:00:00,30267.0,30260.94055381664
13805,2016-02-27 19:00:00,32503.0,32534.801279682375
13806,2016-02-27 20:00:00,32685.0,32669.81670244509
13807,2016-02-27 21:00:00,32355.0,32330.659920210557
13808,2016-02-27 22:00:00,31604.0,31639.026477336472
13809,2016-02-27 23:00:00,30296.0,30314.539908872004
13810,2016-02-28 00:00:00,28857.0,28847.3895579089
13811,2016-02-26 01:00:00,28119.0,28118.85609207636
13812,2016-02-26 02:00:00,27440.0,27424.785806885924
13813,2016-02-26 03:00:00,27326.0,27331.120898862548
13814,2016-02-26 04:00:00,27616.0,27579.869581630795
13815,2016-02-26 05:00:00,28555.0,28593.844209944513
13816,2016-02-26 06:00:00,30774.0,30779.404802857625
13817,2016-02-26 07:00:00,34250.0,34238.52689393048
13818,2016-02-26 08:00:00,35535.0,35542.15936872471
13819,2016-02-26 09:00:00,35222.0,35188.11926518689
13820,2016-02-26 10:00:00,34772.0,34729.84728176819
13821,2016-02-26 11:00:00,34363.0,34367.81261365804
13822,2016-02-26 12:00:00,33972.0,33929.049671195644
13823,2016-02-26 13:00:00,33357.0,33373.08693228423
13824,2016-02-26 14:00:00,32780.0,32810.02415319196
13825,2016-02-26 15:00:00,32241.0,32289.83673897942
13826,2016-02-26 16:00:00,32194.0,32220.924386692295
13827,2016-02-26 17:00:00,32933.0,32980.41252056182
13828,2016-02-26 18:00:00,34539.0,34491.21828959626
13829,2016-02-26 19:00:00,36550.0,36555.88476219222
13830,2016-02-26 20:00:00,36388.0,36354.47367245205
13831,2016-02-26 21:00:00,35845.0,35819.513531157776
13832,2016-02-26 22:00:00,34716.0,34739.45354249003
13833,2016-02-26 23:00:00,33035.0,33010.28260322494
13834,2016-02-27 00:00:00,31333.0,31300.981157389964
13835,2016-02-25 01:00:00,24155.0,24142.184520408387
13836,2016-02-25 02:00:00,23331.0,23289.325477688148
13837,2016-02-25 03:00:00,22990.0,22954.649396283574
13838,2016-02-25 04:00:00,22953.0,22917.645050189905
13839,2016-02-25 05:00:00,23655.0,23627.605653399234
13840,2016-02-25 06:00:00,25829.0,25866.07015411239
13841,2016-02-25 07:00:00,29341.0,29320.52366823626
13842,2016-02-25 08:00:00,31083.0,31060.38680567047
13843,2016-02-25 09:00:00,31509.0,31471.598839805236
13844,2016-02-25 10:00:00,31665.0,31616.610518165086
13845,2016-02-25 11:00:00,31746.0,31712.037884319085
13846,2016-02-25 12:00:00,31940.0,31962.297125770263
13847,2016-02-25 13:00:00,32103.0,32149.984630189847
13848,2016-02-25 14:00:00,32482.0,32506.3813967461
13849,2016-02-25 15:00:00,32687.0,32722.322767680624
13850,2016-02-25 16:00:00,32913.0,32941.6745660491
13851,2016-02-25 17:00:00,33480.0,33459.60522575003
13852,2016-02-25 18:00:00,34813.0,34836.1230178988
13853,2016-02-25 19:00:00,36230.0,36255.058704998184
13854,2016-02-25 20:00:00,35993.0,35968.85638016637
13855,2016-02-25 21:00:00,35273.0,35315.0653623936
13856,2016-02-25 22:00:00,33763.0,33812.79471746212
13857,2016-02-25 23:00:00,31574.0,31580.129725470742
13858,2016-02-26 00:00:00,29551.0,29532.659514659048
13859,2016-02-24 01:00:00,27575.0,27560.761062832407
13860,2016-02-24 02:00:00,26708.0,26716.244364129463
13861,2016-02-24 03:00:00,26263.0,26213.777969597675
13862,2016-02-24 04:00:00,26246.0,26226.833651450674
13863,2016-02-24 05:00:00,26965.0,26919.900411139617
13864,2016-02-24 06:00:00,29039.0,29051.417981642117
13865,2016-02-24 07:00:00,32381.0,32391.405363563994
13866,2016-02-24 08:00:00,33970.0,33979.10480513225
13867,2016-02-24 09:00:00,34155.0,34120.09906731343
13868,2016-02-24 10:00:00,34071.0,34115.45591744082
13869,2016-02-24 11:00:00,34040.0,34043.42288002112
13870,2016-02-24 12:00:00,33815.0,33820.58619989771
13871,2016-02-24 13:00:00,33398.0,33402.42592455098
13872,2016-02-24 14:00:00,33129.0,33131.44130896854
13873,2016-02-24 15:00:00,32746.0,32789.84279334239
13874,2016-02-24 16:00:00,32617.0,32627.202420522448
13875,2016-02-24 17:00:00,33153.0,33151.512521493605
13876,2016-02-24 18:00:00,34101.0,34127.64451770239
13877,2016-02-24 19:00:00,34281.0,34256.14624989269
13878,2016-02-24 20:00:00,33400.0,33369.20100279387
13879,2016-02-24 21:00:00,32219.0,32212.921264380555
13880,2016-02-24 22:00:00,30360.0,30311.568564593177
13881,2016-02-24 23:00:00,27938.0,27917.35170062563
13882,2016-02-25 00:00:00,25699.0,25691.00744118648
13883,2016-02-23 01:00:00,26654.0,26661.86987294306
13884,2016-02-23 02:00:00,25977.0,25981.320343828116
13885,2016-02-23 03:00:00,25733.0,25719.74018763477
13886,2016-02-23 04:00:00,25844.0,25828.326307939697
13887,2016-02-23 05:00:00,26650.0,26600.1318781026
13888,2016-02-23 06:00:00,28907.0,28945.11127466146
13889,2016-02-23 07:00:00,32514.0,32487.127369992573
13890,2016-02-23 08:00:00,34159.0,34144.800315861736
13891,2016-02-23 09:00:00,34426.0,34378.02549804986
13892,2016-02-23 10:00:00,34492.0,34537.68431474909
13893,2016-02-23 11:00:00,34591.0,34590.4572543674
13894,2016-02-23 12:00:00,34527.0,34479.32724793269
13895,2016-02-23 13:00:00,34405.0,34380.11940325346
13896,2016-02-23 14:00:00,34463.0,34500.92625646015
13897,2016-02-23 15:00:00,34371.0,34358.57016146833
13898,2016-02-23 16:00:00,34456.0,34474.940512230074
13899,2016-02-23 17:00:00,35098.0,35109.38507051179
13900,2016-02-23 18:00:00,36431.0,36428.1938364736
13901,2016-02-23 19:00:00,37196.0,37229.32187975148
13902,2016-02-23 20:00:00,36668.0,36622.03542976555
13903,2016-02-23 21:00:00,35647.0,35688.242361468525
13904,2016-02-23 22:00:00,33847.0,33868.80554076748
13905,2016-02-23 23:00:00,31371.0,31407.371376663552
13906,2016-02-24 00:00:00,29120.0,29071.69324480124
13907,2016-02-22 01:00:00,24620.0,24578.47945932742
13908,2016-02-22 02:00:00,24092.0,24062.587883847238
13909,2016-02-22 03:00:00,24017.0,24026.356079785786
13910,2016-02-22 04:00:00,24341.0,24300.242089545005
13911,2016-02-22 05:00:00,25406.0,25449.15470023146
13912,2016-02-22 06:00:00,27849.0,27873.85941013443
13913,2016-02-22 07:00:00,31676.0,31706.759624762213
13914,2016-02-22 08:00:00,33104.0,33112.38500085389
13915,2016-02-22 09:00:00,32573.0,32586.094806943875
13916,2016-02-22 10:00:00,31708.0,31680.10578407748
13917,2016-02-22 11:00:00,31042.0,31083.00413015371
13918,2016-02-22 12:00:00,30408.0,30422.891781682087
13919,2016-02-22 13:00:00,29886.0,29877.77401820939
13920,2016-02-22 14:00:00,29516.0,29554.16719759714
13921,2016-02-22 15:00:00,29245.0,29281.382187820076
13922,2016-02-22 16:00:00,29297.0,29247.05392141829
13923,2016-02-22 17:00:00,29959.0,30001.48375351552
13924,2016-02-22 18:00:00,31640.0,31626.342719410746
13925,2016-02-22 19:00:00,33860.0,33852.214688715285
13926,2016-02-22 20:00:00,33967.0,33925.531346093834
13927,2016-02-22 21:00:00,33360.0,33397.75771407216
13928,2016-02-22 22:00:00,32023.0,32026.92046580601
13929,2016-02-22 23:00:00,29924.0,29964.570421439457
13930,2016-02-23 00:00:00,27930.0,27958.08156806834
13931,2016-02-21 01:00:00,24374.0,24413.79813248029
13932,2016-02-21 02:00:00,23626.0,23670.825863593465
13933,2016-02-21 03:00:00,23207.0,23245.590436288225
13934,2016-02-21 04:00:00,23141.0,23111.983527968678
13935,2016-02-21 05:00:00,23375.0,23332.011253319186
13936,2016-02-21 06:00:00,24079.0,24091.02531719841
13937,2016-02-21 07:00:00,25090.0,25055.505623210538
13938,2016-02-21 08:00:00,25833.0,25869.31066211261
13939,2016-02-21 09:00:00,26824.0,26868.745629785128
13940,2016-02-21 10:00:00,27401.0,27363.12768378886
13941,2016-02-21 11:00:00,27713.0,27686.58393287647
13942,2016-02-21 12:00:00,28084.0,28096.522510832507
13943,2016-02-21 13:00:00,27829.0,27851.525791603497
13944,2016-02-21 14:00:00,27220.0,27221.231213625266
13945,2016-02-21 15:00:00,27041.0,27027.903247339847
13946,2016-02-21 16:00:00,27388.0,27368.602493425104
13947,2016-02-21 17:00:00,28301.0,28317.596811427753
13948,2016-02-21 18:00:00,30005.0,30029.456148835892
13949,2016-02-21 19:00:00,31161.0,31139.88361104621
13950,2016-02-21 20:00:00,30961.0,30943.599580172755
13951,2016-02-21 21:00:00,30298.0,30294.006735711926
13952,2016-02-21 22:00:00,29013.0,29008.021698294513
13953,2016-02-21 23:00:00,27346.0,27380.26546514946
13954,2016-02-22 00:00:00,25747.0,25740.690954095222
13955,2016-02-20 01:00:00,28851.0,28898.840934507298
13956,2016-02-20 02:00:00,27827.0,27808.09633712318
13957,2016-02-20 03:00:00,27171.0,27190.282080666828
13958,2016-02-20 04:00:00,26848.0,26873.893625539375
13959,2016-02-20 05:00:00,26905.0,26918.040396756292
13960,2016-02-20 06:00:00,27507.0,27493.70477606315
13961,2016-02-20 07:00:00,28616.0,28591.741525356447
13962,2016-02-20 08:00:00,29356.0,29366.428216254037
13963,2016-02-20 09:00:00,29948.0,29963.86311866098
13964,2016-02-20 10:00:00,30116.0,30091.762218636468
13965,2016-02-20 11:00:00,29863.0,29846.648910476455
13966,2016-02-20 12:00:00,29142.0,29178.2062986629
13967,2016-02-20 13:00:00,28402.0,28433.051253782058
13968,2016-02-20 14:00:00,27725.0,27693.37807984774
13969,2016-02-20 15:00:00,26990.0,27033.33558343997
13970,2016-02-20 16:00:00,26440.0,26452.803284653193
13971,2016-02-20 17:00:00,26738.0,26737.675478172823
13972,2016-02-20 18:00:00,27932.0,27902.086454705575
13973,2016-02-20 19:00:00,29902.0,29925.01951730571
13974,2016-02-20 20:00:00,29736.0,29778.07951185338
13975,2016-02-20 21:00:00,29275.0,29231.494839331568
13976,2016-02-20 22:00:00,28428.0,28430.074466562804
13977,2016-02-20 23:00:00,27109.0,27146.71320504258
13978,2016-02-21 00:00:00,25641.0,25686.252289904216
13979,2016-02-19 01:00:00,31897.0,31854.213975742787
13980,2016-02-19 02:00:00,31468.0,31497.105482989162
13981,2016-02-19 03:00:00,31413.0,31391.140623973417
13982,2016-02-19 04:00:00,31767.0,31771.150435359566
13983,2016-02-19 05:00:00,32823.0,32851.37324841705
13984,2016-02-19 06:00:00,35186.0,35190.51345226768
13985,2016-02-19 07:00:00,38637.0,38598.0059912378
13986,2016-02-19 08:00:00,39720.0,39729.05348614722
13987,2016-02-19 09:00:00,38855.0,38816.78109097387
13988,2016-02-19 10:00:00,37817.0,37801.74437724362
13989,2016-02-19 11:00:00,37208.0,37213.823098605724
13990,2016-02-19 12:00:00,36533.0,36582.14149769186
13991,2016-02-19 13:00:00,35985.0,36007.69303155615
13992,2016-02-19 14:00:00,35558.0,35538.330269378814
13993,2016-02-19 15:00:00,35072.0,35109.65523561417
13994,2016-02-19 16:00:00,34959.0,34931.61470641748
13995,2016-02-19 17:00:00,35597.0,35585.39918130044
13996,2016-02-19 18:00:00,36960.0,36974.70213156309
13997,2016-02-19 19:00:00,37921.0,37912.05614287829
13998,2016-02-19 20:00:00,37138.0,37160.95769854965
13999,2016-02-19 21:00:00,36191.0,36206.060723261064
14000,2016-02-19 22:00:00,34682.0,34698.72844865781
14001,2016-02-19 23:00:00,32618.0,32610.026374676843
14002,2016-02-20 00:00:00,30507.0,30462.51299272818
14003,2016-02-18 01:00:00,29821.0,29858.270726960192
14004,2016-02-18 02:00:00,29170.0,29127.402280239352
14005,2016-02-18 03:00:00,29039.0,29035.40345243294
14006,2016-02-18 04:00:00,29253.0,29233.194027441805
14007,2016-02-18 05:00:00,30313.0,30292.633095031455
14008,2016-02-18 06:00:00,32689.0,32661.662428998166
14009,2016-02-18 07:00:00,36443.0,36420.16527422737
14010,2016-02-18 08:00:00,37684.0,37729.5341291975
14011,2016-02-18 09:00:00,37140.0,37187.20528700719
14012,2016-02-18 10:00:00,36199.0,36206.09245582395
14013,2016-02-18 11:00:00,35333.0,35335.465670821475
14014,2016-02-18 12:00:00,34609.0,34563.83650871962
14015,2016-02-18 13:00:00,34025.0,34055.37354168412
14016,2016-02-18 14:00:00,33515.0,33482.05517831268
14017,2016-02-18 15:00:00,33180.0,33144.25834105163
14018,2016-02-18 16:00:00,33274.0,33266.40709262014
14019,2016-02-18 17:00:00,34286.0,34270.75408055232
14020,2016-02-18 18:00:00,36501.0,36460.66365976124
14021,2016-02-18 19:00:00,38763.0,38727.7934293505
14022,2016-02-18 20:00:00,38905.0,38954.233712024885
14023,2016-02-18 21:00:00,38423.0,38446.48256851894
14024,2016-02-18 22:00:00,37163.0,37172.855719569234
14025,2016-02-18 23:00:00,35106.0,35086.36164872714
14026,2016-02-19 00:00:00,33092.0,33084.84401141382
14027,2016-02-17 01:00:00,28407.0,28419.798359538356
14028,2016-02-17 02:00:00,27718.0,27746.427957993852
14029,2016-02-17 03:00:00,27452.0,27496.640913960247
14030,2016-02-17 04:00:00,27697.0,27659.268045370478
14031,2016-02-17 05:00:00,28644.0,28613.164169890275
14032,2016-02-17 06:00:00,30960.0,30966.75715939781
14033,2016-02-17 07:00:00,34535.0,34578.849335962484
14034,2016-02-17 08:00:00,35922.0,35917.25419403641
14035,2016-02-17 09:00:00,35643.0,35656.39464681622
14036,2016-02-17 10:00:00,35274.0,35253.37254740356
14037,2016-02-17 11:00:00,35064.0,35095.17387690841
14038,2016-02-17 12:00:00,34610.0,34620.52611114244
14039,2016-02-17 13:00:00,34289.0,34277.18083602203
14040,2016-02-17 14:00:00,34095.0,34099.262126499896
14041,2016-02-17 15:00:00,33935.0,33954.475719262504
14042,2016-02-17 16:00:00,34007.0,33978.35126722367
14043,2016-02-17 17:00:00,34749.0,34733.14450843721
14044,2016-02-17 18:00:00,36484.0,36459.051047634755
14045,2016-02-17 19:00:00,37674.0,37720.01595129408
14046,2016-02-17 20:00:00,37427.0,37381.296814981564
14047,2016-02-17 21:00:00,36693.0,36648.64412075947
14048,2016-02-17 22:00:00,35255.0,35240.57361775043
14049,2016-02-17 23:00:00,33069.0,33072.80267973571
14050,2016-02-18 00:00:00,31097.0,31079.889724089047
14051,2016-02-16 01:00:00,31729.0,31764.69324155426
14052,2016-02-16 02:00:00,30840.0,30806.93834677205
14053,2016-02-16 03:00:00,30277.0,30263.462607471363
14054,2016-02-16 04:00:00,30201.0,30199.795075862497
14055,2016-02-16 05:00:00,30655.0,30625.216464632904
14056,2016-02-16 06:00:00,32112.0,32091.00903236933
14057,2016-02-16 07:00:00,34285.0,34329.740977265785
14058,2016-02-16 08:00:00,35302.0,35304.02270510368
14059,2016-02-16 09:00:00,35594.0,35630.96665294694
14060,2016-02-16 10:00:00,35720.0,35696.93662806489
14061,2016-02-16 11:00:00,35808.0,35819.236949553095
14062,2016-02-16 12:00:00,35672.0,35698.324483690325
14063,2016-02-16 13:00:00,35337.0,35329.1586788223
14064,2016-02-16 14:00:00,34698.0,34710.471320222685
14065,2016-02-16 15:00:00,33781.0,33817.32194793521
14066,2016-02-16 16:00:00,33157.0,33121.07850561536
14067,2016-02-16 17:00:00,33507.0,33492.47417570148
14068,2016-02-16 18:00:00,35124.0,35156.3903728727
14069,2016-02-16 19:00:00,36681.0,36654.08962833928
14070,2016-02-16 20:00:00,36439.0,36444.61143116904
14071,2016-02-16 21:00:00,35725.0,35718.80155510473
14072,2016-02-16 22:00:00,34230.0,34246.4897114944
14073,2016-02-16 23:00:00,31980.0,31996.800534602495
14074,2016-02-17 00:00:00,29880.0,29887.848126354907
14075,2016-02-15 01:00:00,35465.0,35509.67803827949
14076,2016-02-15 02:00:00,34946.0,34913.532627638124
14077,2016-02-15 03:00:00,34781.0,34814.508697104095
14078,2016-02-15 04:00:00,34927.0,34925.941798387255
14079,2016-02-15 05:00:00,35644.0,35660.18121294987
14080,2016-02-15 06:00:00,37123.0,37100.37468795703
14081,2016-02-15 07:00:00,39265.0,39224.46131030363
14082,2016-02-15 08:00:00,40385.0,40412.770603988545
14083,2016-02-15 09:00:00,41200.0,41175.17505354447
14084,2016-02-15 10:00:00,41919.0,41908.02930472081
14085,2016-02-15 11:00:00,42340.0,42294.752455169386
14086,2016-02-15 12:00:00,42297.0,42312.020391371
14087,2016-02-15 13:00:00,42008.0,42026.74486447153
14088,2016-02-15 14:00:00,41760.0,41800.165943205066
14089,2016-02-15 15:00:00,41320.0,41359.1020619296
14090,2016-02-15 16:00:00,40964.0,40984.51357166639
14091,2016-02-15 17:00:00,41253.0,41235.212905736924
14092,2016-02-15 18:00:00,42571.0,42558.46262372385
14093,2016-02-15 19:00:00,42993.0,42981.17017361647
14094,2016-02-15 20:00:00,42040.0,42002.96322503442
14095,2016-02-15 21:00:00,40568.0,40612.72869606288
14096,2016-02-15 22:00:00,38289.0,38320.816445246724
14097,2016-02-15 23:00:00,35699.0,35663.526976238405
14098,2016-02-16 00:00:00,33373.0,33417.646379530524
14099,2016-02-14 01:00:00,38169.0,38203.322411524656
14100,2016-02-14 02:00:00,37664.0,37705.88532982334
14101,2016-02-14 03:00:00,37402.0,37380.564440691174
14102,2016-02-14 04:00:00,37465.0,37448.556993914644
14103,2016-02-14 05:00:00,37777.0,37773.99254345442
14104,2016-02-14 06:00:00,38479.0,38451.42006665772
14105,2016-02-14 07:00:00,39580.0,39576.5422589019
14106,2016-02-14 08:00:00,40158.0,40108.92016855759
14107,2016-02-14 09:00:00,40257.0,40294.75365710047
14108,2016-02-14 10:00:00,39887.0,39853.229404015205
14109,2016-02-14 11:00:00,39225.0,39225.084782890845
14110,2016-02-14 12:00:00,38436.0,38478.882649272826
14111,2016-02-14 13:00:00,37513.0,37545.09825426116
14112,2016-02-14 14:00:00,36634.0,36661.61245780523
14113,2016-02-14 15:00:00,35984.0,35994.544563930824
14114,2016-02-14 16:00:00,36042.0,36035.62734858843
14115,2016-02-14 17:00:00,37304.0,37298.60373710386
14116,2016-02-14 18:00:00,40029.0,39987.69656030046
14117,2016-02-14 19:00:00,41996.0,41952.478595529
14118,2016-02-14 20:00:00,41925.0,41959.343851895734
14119,2016-02-14 21:00:00,41382.0,41372.86520876014
14120,2016-02-14 22:00:00,40206.0,40161.401604637744
14121,2016-02-14 23:00:00,38459.0,38475.305427419764
14122,2016-02-15 00:00:00,36789.0,36807.33024004816
14123,2016-02-13 01:00:00,33479.0,33451.7440358129
14124,2016-02-13 02:00:00,32827.0,32818.07195897891
14125,2016-02-13 03:00:00,32610.0,32617.34240685374
14126,2016-02-13 04:00:00,32661.0,32670.62817654623
14127,2016-02-13 05:00:00,33199.0,33200.11154926008
14128,2016-02-13 06:00:00,34215.0,34201.41964610728
14129,2016-02-13 07:00:00,35697.0,35653.88200606506
14130,2016-02-13 08:00:00,36790.0,36742.228361523594
14131,2016-02-13 09:00:00,37662.0,37657.95347380785
14132,2016-02-13 10:00:00,38444.0,38414.29426669618
14133,2016-02-13 11:00:00,38543.0,38586.84888453349
14134,2016-02-13 12:00:00,38352.0,38366.04170177312
14135,2016-02-13 13:00:00,38021.0,38029.55081177172
14136,2016-02-13 14:00:00,37823.0,37813.65518523616
14137,2016-02-13 15:00:00,37865.0,37847.95252593431
14138,2016-02-13 16:00:00,38369.0,38336.98079658905
14139,2016-02-13 17:00:00,39672.0,39628.01430849071
14140,2016-02-13 18:00:00,41971.0,41984.44976422059
14141,2016-02-13 19:00:00,43773.0,43800.920045112456
14142,2016-02-13 20:00:00,43599.0,43634.77626664278
14143,2016-02-13 21:00:00,43098.0,43120.4307831452
14144,2016-02-13 22:00:00,42200.0,42239.69508818982
14145,2016-02-13 23:00:00,40707.0,40755.28065114664
14146,2016-02-14 00:00:00,39343.0,39389.16679679139
14147,2016-02-12 01:00:00,35154.0,35163.223028344255
14148,2016-02-12 02:00:00,34611.0,34583.42000032517
14149,2016-02-12 03:00:00,34472.0,34432.63554324743
14150,2016-02-12 04:00:00,34686.0,34735.392499810645
14151,2016-02-12 05:00:00,35617.0,35597.839023143555
14152,2016-02-12 06:00:00,37958.0,37911.39710592549
14153,2016-02-12 07:00:00,41297.0,41286.10460964077
14154,2016-02-12 08:00:00,42477.0,42501.809973525065
14155,2016-02-12 09:00:00,41487.0,41526.07999864932
14156,2016-02-12 10:00:00,40139.0,40136.756384664164
14157,2016-02-12 11:00:00,39171.0,39150.402891512276
14158,2016-02-12 12:00:00,38315.0,38342.84042014943
14159,2016-02-12 13:00:00,37610.0,37610.3768352491
14160,2016-02-12 14:00:00,37413.0,37371.6029591198
14161,2016-02-12 15:00:00,37432.0,37470.774970638166
14162,2016-02-12 16:00:00,37753.0,37768.580704662745
14163,2016-02-12 17:00:00,38692.0,38645.68121185469
14164,2016-02-12 18:00:00,40283.0,40233.90567390436
14165,2016-02-12 19:00:00,41109.0,41067.77215735766
14166,2016-02-12 20:00:00,40499.0,40531.19553917712
14167,2016-02-12 21:00:00,39815.0,39813.13076914403
14168,2016-02-12 22:00:00,38488.0,38471.53011953057
14169,2016-02-12 23:00:00,36607.0,36581.9293412376
14170,2016-02-13 00:00:00,34819.0,34819.68579840382
14171,2016-02-11 01:00:00,32043.0,32001.304022481825
14172,2016-02-11 02:00:00,31643.0,31654.71804600309
14173,2016-02-11 03:00:00,31594.0,31582.05273882446
14174,2016-02-11 04:00:00,31894.0,31929.84400328055
14175,2016-02-11 05:00:00,33034.0,33059.442685419766
14176,2016-02-11 06:00:00,35583.0,35534.836617557405
14177,2016-02-11 07:00:00,39325.0,39291.64980633794
14178,2016-02-11 08:00:00,40745.0,40742.4034513951
14179,2016-02-11 09:00:00,39989.0,40004.86802651598
14180,2016-02-11 10:00:00,39306.0,39327.512594959604
14181,2016-02-11 11:00:00,39167.0,39198.62432629685
14182,2016-02-11 12:00:00,38784.0,38738.921861466006
14183,2016-02-11 13:00:00,38423.0,38374.84832000132
14184,2016-02-11 14:00:00,38198.0,38208.050573330576
14185,2016-02-11 15:00:00,37917.0,37939.38269471945
14186,2016-02-11 16:00:00,38136.0,38164.66961224411
14187,2016-02-11 17:00:00,39241.0,39206.5715584572
14188,2016-02-11 18:00:00,41569.0,41615.873601716856
14189,2016-02-11 19:00:00,43277.0,43249.94290881947
14190,2016-02-11 20:00:00,43027.0,43002.03303799508
14191,2016-02-11 21:00:00,42379.0,42344.42890394674
14192,2016-02-11 22:00:00,40943.0,40897.32474430561
14193,2016-02-11 23:00:00,38612.0,38642.97241248039
14194,2016-02-12 00:00:00,36634.0,36584.564353691865
14195,2016-02-10 01:00:00,29547.0,29543.37798619423
14196,2016-02-10 02:00:00,28913.0,28872.19671838457
14197,2016-02-10 03:00:00,28734.0,28688.479534714555
14198,2016-02-10 04:00:00,28974.0,29017.465692860216
14199,2016-02-10 05:00:00,29850.0,29882.539982862287
14200,2016-02-10 06:00:00,32099.0,32088.48762593435
14201,2016-02-10 07:00:00,35491.0,35486.859372913364
14202,2016-02-10 08:00:00,37171.0,37207.81125590307
14203,2016-02-10 09:00:00,37383.0,37412.683692000384
14204,2016-02-10 10:00:00,36907.0,36926.1615004129
14205,2016-02-10 11:00:00,36234.0,36237.656537996234
14206,2016-02-10 12:00:00,35309.0,35319.78224373396
14207,2016-02-10 13:00:00,34823.0,34812.33583532945
14208,2016-02-10 14:00:00,34740.0,34742.80970244027
14209,2016-02-10 15:00:00,34525.0,34528.96977956278
14210,2016-02-10 16:00:00,34900.0,34936.48396142627
14211,2016-02-10 17:00:00,35958.0,35929.86540587337
14212,2016-02-10 18:00:00,38205.0,38179.662163231456
14213,2016-02-10 19:00:00,39638.0,39609.093756909155
14214,2016-02-10 20:00:00,39397.0,39404.91677741361
14215,2016-02-10 21:00:00,38801.0,38820.51577153463
14216,2016-02-10 22:00:00,37486.0,37459.8502530884
14217,2016-02-10 23:00:00,35200.0,35217.696153129255
14218,2016-02-11 00:00:00,33306.0,33318.80911252297
14219,2016-02-09 01:00:00,28354.0,28336.107817056352
14220,2016-02-09 02:00:00,27731.0,27703.9818843187
14221,2016-02-09 03:00:00,27516.0,27554.180595333084
14222,2016-02-09 04:00:00,27615.0,27621.966886964103
14223,2016-02-09 05:00:00,28521.0,28541.389921193157
14224,2016-02-09 06:00:00,30772.0,30814.533882017164
14225,2016-02-09 07:00:00,34301.0,34271.53975501258
14226,2016-02-09 08:00:00,36217.0,36202.055426979125
14227,2016-02-09 09:00:00,36448.0,36441.44500552522
14228,2016-02-09 10:00:00,36402.0,36375.28945107163
14229,2016-02-09 11:00:00,36292.0,36326.042053975194
14230,2016-02-09 12:00:00,36036.0,35994.34031090928
14231,2016-02-09 13:00:00,35713.0,35686.91594318386
14232,2016-02-09 14:00:00,35534.0,35503.103413639874
14233,2016-02-09 15:00:00,35245.0,35290.33917286819
14234,2016-02-09 16:00:00,35176.0,35188.73541620863
14235,2016-02-09 17:00:00,35963.0,35984.62152100617
14236,2016-02-09 18:00:00,37834.0,37794.8421100609
14237,2016-02-09 19:00:00,38714.0,38683.4010557012
14238,2016-02-09 20:00:00,38306.0,38336.98884714046
14239,2016-02-09 21:00:00,37332.0,37338.773085859735
14240,2016-02-09 22:00:00,35575.0,35529.51215246728
14241,2016-02-09 23:00:00,33118.0,33124.56697661184
14242,2016-02-10 00:00:00,30984.0,30981.538543683393
14243,2016-02-08 01:00:00,27172.0,27137.36936987789
14244,2016-02-08 02:00:00,26535.0,26544.2940832289
14245,2016-02-08 03:00:00,26354.0,26321.381763141544
14246,2016-02-08 04:00:00,26580.0,26611.1450106203
14247,2016-02-08 05:00:00,27470.0,27481.848932904137
14248,2016-02-08 06:00:00,29744.0,29781.131171996087
14249,2016-02-08 07:00:00,33421.0,33413.46662630543
14250,2016-02-08 08:00:00,35300.0,35301.192088938136
14251,2016-02-08 09:00:00,35132.0,35158.05844583646
14252,2016-02-08 10:00:00,34572.0,34576.62761907024
14253,2016-02-08 11:00:00,34022.0,34029.19841867651
14254,2016-02-08 12:00:00,33284.0,33289.33389874027
14255,2016-02-08 13:00:00,32732.0,32731.13154987391
14256,2016-02-08 14:00:00,32456.0,32486.569699113064
14257,2016-02-08 15:00:00,32341.0,32339.521164174384
14258,2016-02-08 16:00:00,32717.0,32757.079454591927
14259,2016-02-08 17:00:00,33832.0,33862.861664602904
14260,2016-02-08 18:00:00,35835.0,35854.24400564391
14261,2016-02-08 19:00:00,36756.0,36795.86585065603
14262,2016-02-08 20:00:00,36332.0,36335.70933109212
14263,2016-02-08 21:00:00,35503.0,35535.18409337238
14264,2016-02-08 22:00:00,33966.0,33940.18230399641
14265,2016-02-08 23:00:00,31757.0,31714.297563888536
14266,2016-02-09 00:00:00,29752.0,29770.500063405943
14267,2016-02-07 01:00:00,28582.0,28562.161030014315
14268,2016-02-07 02:00:00,27915.0,27928.46046657866
14269,2016-02-07 03:00:00,27677.0,27634.73943454393
14270,2016-02-07 04:00:00,27760.0,27805.56477493992
14271,2016-02-07 05:00:00,28161.0,28162.511467772743
14272,2016-02-07 06:00:00,28965.0,28915.9526254853
14273,2016-02-07 07:00:00,30201.0,30198.60768821634
14274,2016-02-07 08:00:00,31057.0,31085.972083666704
14275,2016-02-07 09:00:00,31615.0,31651.521907730385
14276,2016-02-07 10:00:00,31395.0,31391.126142647245
14277,2016-02-07 11:00:00,30911.0,30873.593650123643
14278,2016-02-07 12:00:00,30504.0,30544.6169944637
14279,2016-02-07 13:00:00,30092.0,30140.11703923342
14280,2016-02-07 14:00:00,29762.0,29718.319390956724
14281,2016-02-07 15:00:00,29602.0,29559.806780663417
14282,2016-02-07 16:00:00,29898.0,29904.55944747088
14283,2016-02-07 17:00:00,30863.0,30866.3900448837
14284,2016-02-07 18:00:00,32827.0,32835.86546577778
14285,2016-02-07 19:00:00,33418.0,33399.71126145005
14286,2016-02-07 20:00:00,32514.0,32469.034307322574
14287,2016-02-07 21:00:00,32014.0,32022.035114335366
14288,2016-02-07 22:00:00,31333.0,31298.144556989657
14289,2016-02-07 23:00:00,30094.0,30078.12591129759
14290,2016-02-08 00:00:00,28693.0,28701.244917730684
14291,2016-02-06 01:00:00,29318.0,29288.848656283313
14292,2016-02-06 02:00:00,28673.0,28677.246274507124
14293,2016-02-06 03:00:00,28445.0,28466.471817305464
14294,2016-02-06 04:00:00,28502.0,28458.57803944196
14295,2016-02-06 05:00:00,28949.0,28960.947233450246
14296,2016-02-06 06:00:00,29972.0,29972.943430750187
14297,2016-02-06 07:00:00,31468.0,31427.74433844438
14298,2016-02-06 08:00:00,32668.0,32688.634531017582
14299,2016-02-06 09:00:00,33474.0,33455.0889725298
14300,2016-02-06 10:00:00,32987.0,32955.22968927777
14301,2016-02-06 11:00:00,32173.0,32151.24553806452
14302,2016-02-06 12:00:00,31337.0,31341.62002726489
14303,2016-02-06 13:00:00,30545.0,30553.00562676732
14304,2016-02-06 14:00:00,29757.0,29723.96515047649
14305,2016-02-06 15:00:00,29254.0,29297.663670972783
14306,2016-02-06 16:00:00,29111.0,29093.8943607293
14307,2016-02-06 17:00:00,29858.0,29834.82906479012
14308,2016-02-06 18:00:00,32057.0,32025.67228110199
14309,2016-02-06 19:00:00,33607.0,33569.05271830071
14310,2016-02-06 20:00:00,33539.0,33587.20819156456
14311,2016-02-06 21:00:00,33115.0,33132.47239546713
14312,2016-02-06 22:00:00,32317.0,32345.703073163477
14313,2016-02-06 23:00:00,31121.0,31111.14869917373
14314,2016-02-07 00:00:00,29752.0,29743.461088136137
14315,2016-02-05 01:00:00,26385.0,26433.689172087346
14316,2016-02-05 02:00:00,25761.0,25731.069025003064
14317,2016-02-05 03:00:00,25628.0,25610.693246441482
14318,2016-02-05 04:00:00,25979.0,25948.516154002624
14319,2016-02-05 05:00:00,26966.0,26944.262401928438
14320,2016-02-05 06:00:00,29294.0,29310.357419073778
14321,2016-02-05 07:00:00,32792.0,32772.89168629514
14322,2016-02-05 08:00:00,34869.0,34906.55230480152
14323,2016-02-05 09:00:00,35272.0,35226.86505485656
14324,2016-02-05 10:00:00,35386.0,35371.47211988755
14325,2016-02-05 11:00:00,35145.0,35181.07070069996
14326,2016-02-05 12:00:00,34414.0,34426.13783730603
14327,2016-02-05 13:00:00,33579.0,33606.09605212929
14328,2016-02-05 14:00:00,33078.0,33060.36459921467
14329,2016-02-05 15:00:00,32621.0,32607.93048356831
14330,2016-02-05 16:00:00,32456.0,32494.822884419395
14331,2016-02-05 17:00:00,33107.0,33131.95781892365
14332,2016-02-05 18:00:00,35099.0,35087.42606095114
14333,2016-02-05 19:00:00,36282.0,36253.53582455872
14334,2016-02-05 20:00:00,35784.0,35744.62899812336
14335,2016-02-05 21:00:00,35177.0,35213.182797285794
14336,2016-02-05 22:00:00,34061.0,34080.7648154405
14337,2016-02-05 23:00:00,32395.0,32405.73421235109
14338,2016-02-06 00:00:00,30685.0,30712.658783429903
14339,2016-02-04 01:00:00,24744.0,24785.498942571532
14340,2016-02-04 02:00:00,23820.0,23846.158925977415
14341,2016-02-04 03:00:00,23379.0,23371.06593387194
14342,2016-02-04 04:00:00,23301.0,23268.647021740977
14343,2016-02-04 05:00:00,23941.0,23962.38241789041
14344,2016-02-04 06:00:00,25999.0,25973.67213432647
14345,2016-02-04 07:00:00,29530.0,29558.261336993262
14346,2016-02-04 08:00:00,31411.0,31394.873059315745
14347,2016-02-04 09:00:00,31557.0,31522.677193311953
14348,2016-02-04 10:00:00,31566.0,31541.464705464976
14349,2016-02-04 11:00:00,31632.0,31608.663822266328
14350,2016-02-04 12:00:00,31475.0,31462.880123723684
14351,2016-02-04 13:00:00,31419.0,31394.729041387323
14352,2016-02-04 14:00:00,31302.0,31274.55574989409
14353,2016-02-04 15:00:00,31141.0,31130.17488886825
14354,2016-02-04 16:00:00,31202.0,31238.810020941142
14355,2016-02-04 17:00:00,32117.0,32074.045584691386
14356,2016-02-04 18:00:00,34003.0,33982.62402842921
14357,2016-02-04 19:00:00,34690.0,34696.23084117857
14358,2016-02-04 20:00:00,34301.0,34338.4480292917
14359,2016-02-04 21:00:00,33526.0,33504.413181998956
14360,2016-02-04 22:00:00,32005.0,31989.874242254533
14361,2016-02-04 23:00:00,29824.0,29853.795070233118
14362,2016-02-05 00:00:00,27824.0,27811.251767242662
14363,2016-02-03 01:00:00,26772.0,26807.155379804688
14364,2016-02-03 02:00:00,25966.0,25961.527090929703
14365,2016-02-03 03:00:00,25546.0,25552.90965876767
14366,2016-02-03 04:00:00,25454.0,25460.08809663054
14367,2016-02-03 05:00:00,26121.0,26082.930617139966
14368,2016-02-03 06:00:00,28287.0,28272.494253632092
14369,2016-02-03 07:00:00,31727.0,31701.15854177389
14370,2016-02-03 08:00:00,33483.0,33501.30212411106
14371,2016-02-03 09:00:00,33339.0,33382.36468368703
14372,2016-02-03 10:00:00,33283.0,33254.241965429756
14373,2016-02-03 11:00:00,33251.0,33210.12606306677
14374,2016-02-03 12:00:00,33100.0,33100.659072797556
14375,2016-02-03 13:00:00,32815.0,32804.083682287994
14376,2016-02-03 14:00:00,32699.0,32652.571771522034
14377,2016-02-03 15:00:00,32430.0,32472.162164104047
14378,2016-02-03 16:00:00,32463.0,32507.015066847296
14379,2016-02-03 17:00:00,33018.0,33053.041286818836
14380,2016-02-03 18:00:00,34435.0,34413.051960910336
14381,2016-02-03 19:00:00,34580.0,34542.242794567814
14382,2016-02-03 20:00:00,33782.0,33791.249442220236
14383,2016-02-03 21:00:00,32722.0,32700.151359113766
14384,2016-02-03 22:00:00,30941.0,30911.17178394707
14385,2016-02-03 23:00:00,28524.0,28538.13047735762
14386,2016-02-04 00:00:00,26319.0,26344.037838235803
14387,2016-02-02 01:00:00,26293.0,26295.72826123309
14388,2016-02-02 02:00:00,25749.0,25730.99941059599
14389,2016-02-02 03:00:00,25697.0,25698.252096747296
14390,2016-02-02 04:00:00,25988.0,25997.973597332097
14391,2016-02-02 05:00:00,27082.0,27037.188833519485
14392,2016-02-02 06:00:00,29553.0,29547.381372799646
14393,2016-02-02 07:00:00,33497.0,33506.833066748215
14394,2016-02-02 08:00:00,35028.0,34990.9484982897
14395,2016-02-02 09:00:00,34229.0,34223.88362631718
14396,2016-02-02 10:00:00,32856.0,32840.6728551229
14397,2016-02-02 11:00:00,31940.0,31976.78848683983
14398,2016-02-02 12:00:00,31242.0,31240.938601176913
14399,2016-02-02 13:00:00,30529.0,30521.627563314192
14400,2016-02-02 14:00:00,30140.0,30114.388157186117
14401,2016-02-02 15:00:00,29864.0,29909.7470927384
14402,2016-02-02 16:00:00,30015.0,30061.116095313977
14403,2016-02-02 17:00:00,31005.0,30991.675489118905
14404,2016-02-02 18:00:00,33370.0,33412.904021801485
14405,2016-02-02 19:00:00,34848.0,34859.860097852215
14406,2016-02-02 20:00:00,34662.0,34690.10471426556
14407,2016-02-02 21:00:00,34068.0,34026.9846490519
14408,2016-02-02 22:00:00,32552.0,32504.13098975006
14409,2016-02-02 23:00:00,30322.0,30323.40776232466
14410,2016-02-03 00:00:00,28170.0,28127.590817324275
14411,2016-02-01 01:00:00,25134.0,25173.17001543549
14412,2016-02-01 02:00:00,24549.0,24581.015245244325
14413,2016-02-01 03:00:00,24282.0,24303.483327774786
14414,2016-02-01 04:00:00,24378.0,24331.13965103591
14415,2016-02-01 05:00:00,25262.0,25257.8334506283
14416,2016-02-01 06:00:00,27427.0,27384.809094050022
14417,2016-02-01 07:00:00,31022.0,31064.86424463511
14418,2016-02-01 08:00:00,32562.0,32573.26185727465
14419,2016-02-01 09:00:00,32166.0,32131.65322730448
14420,2016-02-01 10:00:00,31732.0,31738.06091839395
14421,2016-02-01 11:00:00,31466.0,31427.85328997355
14422,2016-02-01 12:00:00,31040.0,31004.567675148388
14423,2016-02-01 13:00:00,30693.0,30651.095591205012
14424,2016-02-01 14:00:00,30779.0,30816.17293720894
14425,2016-02-01 15:00:00,30745.0,30749.5680523596
14426,2016-02-01 16:00:00,31066.0,31048.79040223945
14427,2016-02-01 17:00:00,31919.0,31869.067782991413
14428,2016-02-01 18:00:00,33797.0,33794.20249760908
14429,2016-02-01 19:00:00,34474.0,34475.27733236952
14430,2016-02-01 20:00:00,34087.0,34070.6566200091
14431,2016-02-01 21:00:00,33233.0,33231.43247790431
14432,2016-02-01 22:00:00,31641.0,31601.072281308738
14433,2016-02-01 23:00:00,29484.0,29526.206160204118
14434,2016-02-02 00:00:00,27571.0,27546.83405694247
14435,2016-01-31 01:00:00,28173.0,28217.849811618056
14436,2016-01-31 02:00:00,27328.0,27327.287881136923
14437,2016-01-31 03:00:00,26922.0,26957.672495885578
14438,2016-01-31 04:00:00,26774.0,26781.72051991687
14439,2016-01-31 05:00:00,26964.0,26998.441572672997
14440,2016-01-31 06:00:00,27570.0,27521.013832469824
14441,2016-01-31 07:00:00,28559.0,28527.647471650474
14442,2016-01-31 08:00:00,29253.0,29238.39048582503
14443,2016-01-31 09:00:00,29975.0,29954.61338428435
14444,2016-01-31 10:00:00,29875.0,29919.673044010902
14445,2016-01-31 11:00:00,29081.0,29070.467063585973
14446,2016-01-31 12:00:00,28405.0,28452.211278314888
14447,2016-01-31 13:00:00,27749.0,27764.101491867423
14448,2016-01-31 14:00:00,27151.0,27184.555107276017
14449,2016-01-31 15:00:00,26747.0,26736.38553327555
14450,2016-01-31 16:00:00,26992.0,26961.00763473351
14451,2016-01-31 17:00:00,27998.0,27953.045764880106
14452,2016-01-31 18:00:00,30482.0,30497.640510571553
14453,2016-01-31 19:00:00,31845.0,31892.179954973875
14454,2016-01-31 20:00:00,31714.0,31675.8257086411
14455,2016-01-31 21:00:00,31093.0,31120.175421775566
14456,2016-01-31 22:00:00,29814.0,29800.461250328422
14457,2016-01-31 23:00:00,28110.0,28159.346295701765
14458,2016-02-01 00:00:00,26361.0,26398.00362574571
14459,2016-01-30 01:00:00,30578.0,30551.076702946095
14460,2016-01-30 02:00:00,29819.0,29845.575652132407
14461,2016-01-30 03:00:00,29507.0,29530.422986304024
14462,2016-01-30 04:00:00,29502.0,29528.341365299184
14463,2016-01-30 05:00:00,29899.0,29857.282295079167
14464,2016-01-30 06:00:00,30873.0,30903.941642676367
14465,2016-01-30 07:00:00,32432.0,32408.143256812724
14466,2016-01-30 08:00:00,33641.0,33650.042266843404
14467,2016-01-30 09:00:00,34169.0,34130.540296194056
14468,2016-01-30 10:00:00,33619.0,33624.812470097524
14469,2016-01-30 11:00:00,32777.0,32817.641786150125
14470,2016-01-30 12:00:00,31824.0,31791.71752012622
14471,2016-01-30 13:00:00,30851.0,30886.50420830915
14472,2016-01-30 14:00:00,29896.0,29889.544541916945
14473,2016-01-30 15:00:00,29373.0,29355.23308567245
14474,2016-01-30 16:00:00,29473.0,29428.709797544536
14475,2016-01-30 17:00:00,30324.0,30326.851033954692
14476,2016-01-30 18:00:00,32715.0,32684.99382102729
14477,2016-01-30 19:00:00,34015.0,34059.0100349383
14478,2016-01-30 20:00:00,33714.0,33687.81422831734
14479,2016-01-30 21:00:00,33302.0,33310.67856042097
14480,2016-01-30 22:00:00,32336.0,32341.853704945697
14481,2016-01-30 23:00:00,30934.0,30917.68221863596
14482,2016-01-31 00:00:00,29447.0,29482.206436595996
14483,2016-01-29 01:00:00,28909.0,28877.32441152184
14484,2016-01-29 02:00:00,28229.0,28260.70589223634
14485,2016-01-29 03:00:00,28113.0,28083.74790256492
14486,2016-01-29 04:00:00,28376.0,28329.909862249897
14487,2016-01-29 05:00:00,29413.0,29457.38514746382
14488,2016-01-29 06:00:00,31625.0,31638.72984080569
14489,2016-01-29 07:00:00,35112.0,35125.04789124362
14490,2016-01-29 08:00:00,36698.0,36674.50452758512
14491,2016-01-29 09:00:00,36396.0,36359.917028290496
14492,2016-01-29 10:00:00,35989.0,36009.60607041839
14493,2016-01-29 11:00:00,35581.0,35582.87391326173
14494,2016-01-29 12:00:00,34944.0,34925.79091847187
14495,2016-01-29 13:00:00,34534.0,34515.67875996743
14496,2016-01-29 14:00:00,34294.0,34332.925689778334
14497,2016-01-29 15:00:00,33998.0,34036.96679280006
14498,2016-01-29 16:00:00,34178.0,34155.4626910872
14499,2016-01-29 17:00:00,35184.0,35213.41524743369
14500,2016-01-29 18:00:00,37333.0,37305.668155065076
14501,2016-01-29 19:00:00,37999.0,38029.79583392372
14502,2016-01-29 20:00:00,37464.0,37426.62835360773
14503,2016-01-29 21:00:00,36774.0,36799.81550151908
14504,2016-01-29 22:00:00,35555.0,35560.56837513638
14505,2016-01-29 23:00:00,33755.0,33716.761960498545
14506,2016-01-30 00:00:00,31911.0,31922.575338899973
14507,2016-01-28 01:00:00,30302.0,30271.240855078857
14508,2016-01-28 02:00:00,29950.0,29919.411973721577
14509,2016-01-28 03:00:00,29944.0,29938.734785252487
14510,2016-01-28 04:00:00,30356.0,30402.42825068274
14511,2016-01-28 05:00:00,31568.0,31607.223090684885
14512,2016-01-28 06:00:00,34004.0,34036.648207952356
14513,2016-01-28 07:00:00,37689.0,37724.11381721112
14514,2016-01-28 08:00:00,39495.0,39494.7288713616
14515,2016-01-28 09:00:00,38686.0,38673.47223293658
14516,2016-01-28 10:00:00,37138.0,37176.39870602119
14517,2016-01-28 11:00:00,35561.0,35519.087186751465
14518,2016-01-28 12:00:00,34332.0,34381.60948823751
14519,2016-01-28 13:00:00,33342.0,33347.297548980605
14520,2016-01-28 14:00:00,32792.0,32796.04611885334
14521,2016-01-28 15:00:00,32627.0,32606.194695290364
14522,2016-01-28 16:00:00,33023.0,32990.03605878259
14523,2016-01-28 17:00:00,34039.0,34057.02936272502
14524,2016-01-28 18:00:00,36310.0,36296.1711860931
14525,2016-01-28 19:00:00,37297.0,37277.24447554121
14526,2016-01-28 20:00:00,37024.0,36990.23423413734
14527,2016-01-28 21:00:00,36308.0,36311.51293809796
14528,2016-01-28 22:00:00,34709.0,34717.830429598616
14529,2016-01-28 23:00:00,32447.0,32441.306670827624
14530,2016-01-29 00:00:00,30336.0,30287.203408390506
14531,2016-01-27 01:00:00,27241.0,27240.167325110066
14532,2016-01-27 02:00:00,26491.0,26468.196377336455
14533,2016-01-27 03:00:00,26167.0,26130.864211402477
14534,2016-01-27 04:00:00,26348.0,26355.75706210958
14535,2016-01-27 05:00:00,27208.0,27225.123434859142
14536,2016-01-27 06:00:00,29370.0,29371.876900103616
14537,2016-01-27 07:00:00,32728.0,32739.42944566444
14538,2016-01-27 08:00:00,34645.0,34655.65564625606
14539,2016-01-27 09:00:00,34961.0,34923.42401694186
14540,2016-01-27 10:00:00,34916.0,34887.580910731725
14541,2016-01-27 11:00:00,34556.0,34506.948583218196
14542,2016-01-27 12:00:00,33700.0,33748.190307515164
14543,2016-01-27 13:00:00,32885.0,32856.122591736734
14544,2016-01-27 14:00:00,32486.0,32517.4704417644
14545,2016-01-27 15:00:00,32202.0,32230.123467140893
14546,2016-01-27 16:00:00,32350.0,32370.50115141245
14547,2016-01-27 17:00:00,33532.0,33526.97481725192
14548,2016-01-27 18:00:00,36098.0,36106.38660315316
14549,2016-01-27 19:00:00,37343.0,37311.633530613384
14550,2016-01-27 20:00:00,37204.0,37164.61015256058
14551,2016-01-27 21:00:00,36669.0,36654.17614921082
14552,2016-01-27 22:00:00,35415.0,35447.558541915285
14553,2016-01-27 23:00:00,33300.0,33306.40262655785
14554,2016-01-28 00:00:00,31501.0,31527.38619690836
14555,2016-01-26 01:00:00,30499.0,30538.032472212915
14556,2016-01-26 02:00:00,29909.0,29915.0536535357
14557,2016-01-26 03:00:00,29772.0,29758.72813356255
14558,2016-01-26 04:00:00,29995.0,30030.56780167211
14559,2016-01-26 05:00:00,30749.0,30721.96302975845
14560,2016-01-26 06:00:00,32510.0,32462.476535663725
14561,2016-01-26 07:00:00,35221.0,35176.06734281102
14562,2016-01-26 08:00:00,36581.0,36589.22374194829
14563,2016-01-26 09:00:00,36676.0,36715.23373377231
14564,2016-01-26 10:00:00,36345.0,36351.42769743665
14565,2016-01-26 11:00:00,35484.0,35474.919400011626
14566,2016-01-26 12:00:00,34572.0,34579.70685946278
14567,2016-01-26 13:00:00,33779.0,33796.110312116165
14568,2016-01-26 14:00:00,33238.0,33263.84992340061
14569,2016-01-26 15:00:00,32997.0,32981.73028513046
14570,2016-01-26 16:00:00,33180.0,33168.68934432278
14571,2016-01-26 17:00:00,33848.0,33800.3639738099
14572,2016-01-26 18:00:00,36056.0,36070.9627761313
14573,2016-01-26 19:00:00,36577.0,36604.67318152872
14574,2016-01-26 20:00:00,35910.0,35911.090528216555
14575,2016-01-26 21:00:00,35011.0,34998.65503201867
14576,2016-01-26 22:00:00,33216.0,33199.31517759718
14577,2016-01-26 23:00:00,30928.0,30942.50383047443
14578,2016-01-27 00:00:00,28779.0,28762.074970525595
14579,2016-01-25 01:00:00,31368.0,31377.907956144936
14580,2016-01-25 02:00:00,31065.0,31107.696700853136
14581,2016-01-25 03:00:00,31197.0,31180.06161865865
14582,2016-01-25 04:00:00,31668.0,31624.830892766135
14583,2016-01-25 05:00:00,32657.0,32694.40110435685
14584,2016-01-25 06:00:00,34614.0,34591.35515378709
14585,2016-01-25 07:00:00,37149.0,37197.85665941257
14586,2016-01-25 08:00:00,38595.0,38629.012200134144
14587,2016-01-25 09:00:00,38779.0,38771.68958278357
14588,2016-01-25 10:00:00,37879.0,37891.81959712268
14589,2016-01-25 11:00:00,36887.0,36864.75394053365
14590,2016-01-25 12:00:00,36073.0,36031.41711185789
14591,2016-01-25 13:00:00,35246.0,35248.5803945413
14592,2016-01-25 14:00:00,34554.0,34546.46708662155
14593,2016-01-25 15:00:00,33994.0,34040.9918071307
14594,2016-01-25 16:00:00,33797.0,33806.74531989575
14595,2016-01-25 17:00:00,34756.0,34780.714738768926
14596,2016-01-25 18:00:00,37834.0,37797.52439372663
14597,2016-01-25 19:00:00,38945.0,38967.36657935332
14598,2016-01-25 20:00:00,38563.0,38518.63319566912
14599,2016-01-25 21:00:00,37613.0,37624.30590078766
14600,2016-01-25 22:00:00,35944.0,35977.85472566058
14601,2016-01-25 23:00:00,33707.0,33705.30650043404
14602,2016-01-26 00:00:00,31758.0,31729.508210250173
14603,2016-01-24 01:00:00,31547.0,31541.37017872726
14604,2016-01-24 02:00:00,30782.0,30816.112100563787
14605,2016-01-24 03:00:00,30479.0,30500.439260576044
14606,2016-01-24 04:00:00,30504.0,30514.54436237498
14607,2016-01-24 05:00:00,30884.0,30903.383550734812
14608,2016-01-24 06:00:00,31674.0,31707.419616420768
14609,2016-01-24 07:00:00,32760.0,32725.18631203653
14610,2016-01-24 08:00:00,33505.0,33539.19241039848
14611,2016-01-24 09:00:00,34124.0,34154.65869076429
14612,2016-01-24 10:00:00,34095.0,34092.748800574336
14613,2016-01-24 11:00:00,33705.0,33695.287995840576
14614,2016-01-24 12:00:00,33291.0,33334.25585520437
14615,2016-01-24 13:00:00,32836.0,32867.94178989129
14616,2016-01-24 14:00:00,32389.0,32437.866606151805
14617,2016-01-24 15:00:00,32151.0,32165.17536738914
14618,2016-01-24 16:00:00,32346.0,32299.15263227427
14619,2016-01-24 17:00:00,33514.0,33479.38850235237
14620,2016-01-24 18:00:00,36724.0,36756.03136632606
14621,2016-01-24 19:00:00,37924.0,37937.899212286546
14622,2016-01-24 20:00:00,37828.0,37797.80473420846
14623,2016-01-24 21:00:00,36957.0,36908.19386873696
14624,2016-01-24 22:00:00,35558.0,35534.28870652023
14625,2016-01-24 23:00:00,33844.0,33807.75633152497
14626,2016-01-25 00:00:00,32308.0,32345.62309430644
14627,2016-01-23 01:00:00,33530.0,33568.27855085546
14628,2016-01-23 02:00:00,32675.0,32709.233408842156
14629,2016-01-23 03:00:00,32291.0,32250.460668857897
14630,2016-01-23 04:00:00,32116.0,32079.504386615
14631,2016-01-23 05:00:00,32365.0,32328.552081280563
14632,2016-01-23 06:00:00,32834.0,32809.841625428795
14633,2016-01-23 07:00:00,33575.0,33532.288486485115
14634,2016-01-23 08:00:00,34321.0,34369.15653354158
14635,2016-01-23 09:00:00,35279.0,35314.5155900246
14636,2016-01-23 10:00:00,36526.0,36482.918792048484
14637,2016-01-23 11:00:00,37351.0,37315.367401643045
14638,2016-01-23 12:00:00,37677.0,37653.23170320629
14639,2016-01-23 13:00:00,37612.0,37639.50142591665
14640,2016-01-23 14:00:00,37332.0,37353.409796639025
14641,2016-01-23 15:00:00,37142.0,37155.050087262534
14642,2016-01-23 16:00:00,37260.0,37301.21943358755
14643,2016-01-23 17:00:00,37959.0,37912.628716207895
14644,2016-01-23 18:00:00,39972.0,39938.12891139004
14645,2016-01-23 19:00:00,40098.0,40066.98165977966
14646,2016-01-23 20:00:00,39164.0,39119.96476808154
14647,2016-01-23 21:00:00,37994.0,38005.82876438851
14648,2016-01-23 22:00:00,36524.0,36494.96994689717
14649,2016-01-23 23:00:00,34713.0,34711.26364541554
14650,2016-01-24 00:00:00,33017.0,33035.54338247379
14651,2016-01-22 01:00:00,32620.0,32629.541478739335
14652,2016-01-22 02:00:00,32084.0,32063.013364169306
14653,2016-01-22 03:00:00,31965.0,31956.417656360485
14654,2016-01-22 04:00:00,32224.0,32207.98235840669
14655,2016-01-22 05:00:00,33262.0,33297.246299601495
14656,2016-01-22 06:00:00,35581.0,35572.99322822323
14657,2016-01-22 07:00:00,38958.0,38914.166878883225
14658,2016-01-22 08:00:00,40544.0,40555.93585932658
14659,2016-01-22 09:00:00,40299.0,40268.76817079838
14660,2016-01-22 10:00:00,39970.0,39953.86309156273
14661,2016-01-22 11:00:00,39539.0,39521.76989772304
14662,2016-01-22 12:00:00,39121.0,39078.242416883826
14663,2016-01-22 13:00:00,39049.0,39094.09465869128
14664,2016-01-22 14:00:00,39104.0,39108.70648025704
14665,2016-01-22 15:00:00,39105.0,39070.62498807684
14666,2016-01-22 16:00:00,39236.0,39241.575580301214
14667,2016-01-22 17:00:00,40095.0,40090.15754182445
14668,2016-01-22 18:00:00,41865.0,41849.48686866644
14669,2016-01-22 19:00:00,41762.0,41759.24713844755
14670,2016-01-22 20:00:00,41054.0,41070.96193270361
14671,2016-01-22 21:00:00,40104.0,40073.95222291015
14672,2016-01-22 22:00:00,38692.0,38695.78807845769
14673,2016-01-22 23:00:00,36760.0,36791.2990020803
14674,2016-01-23 00:00:00,34943.0,34915.24915320645
14675,2016-01-21 01:00:00,31786.0,31787.55312162661
14676,2016-01-21 02:00:00,31162.0,31208.57334781499
14677,2016-01-21 03:00:00,30966.0,30996.050596517463
14678,2016-01-21 04:00:00,31218.0,31227.301732351076
14679,2016-01-21 05:00:00,32253.0,32277.911353697582
14680,2016-01-21 06:00:00,34532.0,34534.563116620135
14681,2016-01-21 07:00:00,38150.0,38198.65684900075
14682,2016-01-21 08:00:00,39952.0,39918.91798777529
14683,2016-01-21 09:00:00,39313.0,39334.95794477626
14684,2016-01-21 10:00:00,38083.0,38033.59542462477
14685,2016-01-21 11:00:00,37100.0,37062.5695042369
14686,2016-01-21 12:00:00,36357.0,36379.1812193823
14687,2016-01-21 13:00:00,35720.0,35745.93474973283
14688,2016-01-21 14:00:00,35536.0,35489.939775082596
14689,2016-01-21 15:00:00,35341.0,35324.38583134914
14690,2016-01-21 16:00:00,35725.0,35686.81906167987
14691,2016-01-21 17:00:00,37006.0,37045.01440252287
14692,2016-01-21 18:00:00,39692.0,39687.388257059254
14693,2016-01-21 19:00:00,40450.0,40444.25348527495
14694,2016-01-21 20:00:00,40185.0,40217.38681224308
14695,2016-01-21 21:00:00,39606.0,39625.5368914072
14696,2016-01-21 22:00:00,38117.0,38159.22926090418
14697,2016-01-21 23:00:00,36003.0,36046.86596346348
14698,2016-01-22 00:00:00,33950.0,33931.31940847729
14699,2016-01-20 01:00:00,34856.0,34870.83784349833
14700,2016-01-20 02:00:00,34066.0,34070.17894320414
14701,2016-01-20 03:00:00,33684.0,33693.58141462833
14702,2016-01-20 04:00:00,33876.0,33888.530981543074
14703,2016-01-20 05:00:00,34740.0,34696.001919742426
14704,2016-01-20 06:00:00,36809.0,36848.50658691871
14705,2016-01-20 07:00:00,40238.0,40202.027796398266
14706,2016-01-20 08:00:00,41633.0,41625.44323316766
14707,2016-01-20 09:00:00,40674.0,40653.20790363757
14708,2016-01-20 10:00:00,39770.0,39775.374813920025
14709,2016-01-20 11:00:00,38820.0,38866.14885423293
14710,2016-01-20 12:00:00,37552.0,37543.24246293101
14711,2016-01-20 13:00:00,36695.0,36705.31848393347
14712,2016-01-20 14:00:00,36415.0,36379.1143648134
14713,2016-01-20 15:00:00,36410.0,36406.301848081406
14714,2016-01-20 16:00:00,36878.0,36919.57845516858
14715,2016-01-20 17:00:00,38132.0,38175.24130731341
14716,2016-01-20 18:00:00,40476.0,40480.64296593021
14717,2016-01-20 19:00:00,40851.0,40877.858954099196
14718,2016-01-20 20:00:00,40478.0,40428.32177030216
14719,2016-01-20 21:00:00,39658.0,39661.150545613935
14720,2016-01-20 22:00:00,38081.0,38104.246929579385
14721,2016-01-20 23:00:00,35564.0,35546.98672743923
14722,2016-01-21 00:00:00,33294.0,33334.11558812159
14723,2016-01-19 01:00:00,36127.0,36154.96277723647
14724,2016-01-19 02:00:00,35683.0,35709.969730216544
14725,2016-01-19 03:00:00,35501.0,35453.123363329934
14726,2016-01-19 04:00:00,35776.0,35744.38819189873
14727,2016-01-19 05:00:00,36678.0,36699.360663825726
14728,2016-01-19 06:00:00,39050.0,39056.17208212002
14729,2016-01-19 07:00:00,42636.0,42643.846434271894
14730,2016-01-19 08:00:00,44187.0,44138.48101909576
14731,2016-01-19 09:00:00,43337.0,43331.205400474166
14732,2016-01-19 10:00:00,42142.0,42170.643533785886
14733,2016-01-19 11:00:00,41271.0,41287.35581557026
14734,2016-01-19 12:00:00,40526.0,40533.242811351316
14735,2016-01-19 13:00:00,39705.0,39724.65979347747
14736,2016-01-19 14:00:00,39118.0,39153.09836970274
14737,2016-01-19 15:00:00,38683.0,38717.95310132427
14738,2016-01-19 16:00:00,39027.0,39022.60240450122
14739,2016-01-19 17:00:00,40505.0,40485.779525551625
14740,2016-01-19 18:00:00,43491.0,43477.63782681209
14741,2016-01-19 19:00:00,44176.0,44178.13785769652
14742,2016-01-19 20:00:00,43932.0,43890.9366953363
14743,2016-01-19 21:00:00,43061.0,43070.09920941127
14744,2016-01-19 22:00:00,41249.0,41244.32579007666
14745,2016-01-19 23:00:00,38642.0,38667.89322439824
14746,2016-01-20 00:00:00,36333.0,36310.394152290006
14747,2016-01-18 01:00:00,29347.0,29303.630623105277
14748,2016-01-18 02:00:00,28877.0,28916.456984265544
14749,2016-01-18 03:00:00,28875.0,28831.807689276586
14750,2016-01-18 04:00:00,29412.0,29454.72803677666
14751,2016-01-18 05:00:00,30813.0,30812.749379294783
14752,2016-01-18 06:00:00,33218.0,33173.62836763202
14753,2016-01-18 07:00:00,36155.0,36117.58437428128
14754,2016-01-18 08:00:00,38102.0,38105.29535545963
14755,2016-01-18 09:00:00,38876.0,38827.5787209221
14756,2016-01-18 10:00:00,39012.0,39053.51308669736
14757,2016-01-18 11:00:00,38844.0,38873.6265149991
14758,2016-01-18 12:00:00,38447.0,38447.4551781305
14759,2016-01-18 13:00:00,37947.0,37989.62454807819
14760,2016-01-18 14:00:00,37768.0,37743.97496999697
14761,2016-01-18 15:00:00,37868.0,37903.34101566762
14762,2016-01-18 16:00:00,38477.0,38507.51255847654
14763,2016-01-18 17:00:00,40047.0,40055.18195044331
14764,2016-01-18 18:00:00,43270.0,43251.88421989403
14765,2016-01-18 19:00:00,44097.0,44102.83314115772
14766,2016-01-18 20:00:00,43856.0,43901.721884052764
14767,2016-01-18 21:00:00,43165.0,43123.45740613284
14768,2016-01-18 22:00:00,41647.0,41617.10077044091
14769,2016-01-18 23:00:00,39265.0,39279.38921145843
14770,2016-01-19 00:00:00,37345.0,37362.842582980695
14771,2016-01-17 01:00:00,26266.0,26232.447074539126
14772,2016-01-17 02:00:00,25484.0,25514.629301377656
14773,2016-01-17 03:00:00,25089.0,25131.848279840437
14774,2016-01-17 04:00:00,25040.0,24997.966291733173
14775,2016-01-17 05:00:00,25304.0,25351.424994888028
14776,2016-01-17 06:00:00,25960.0,25938.121230901917
14777,2016-01-17 07:00:00,27033.0,27013.8859590562
14778,2016-01-17 08:00:00,28159.0,28113.489979122933
14779,2016-01-17 09:00:00,29405.0,29404.74068858046
14780,2016-01-17 10:00:00,30660.0,30705.47582842796
14781,2016-01-17 11:00:00,31427.0,31393.09846561262
14782,2016-01-17 12:00:00,31953.0,31960.686174418795
14783,2016-01-17 13:00:00,32297.0,32274.445191973908
14784,2016-01-17 14:00:00,32431.0,32382.864000465557
14785,2016-01-17 15:00:00,32414.0,32462.7144883772
14786,2016-01-17 16:00:00,32435.0,32456.617654205118
14787,2016-01-17 17:00:00,33227.0,33250.54632272609
14788,2016-01-17 18:00:00,35297.0,35313.29586538137
14789,2016-01-17 19:00:00,35679.0,35643.37384696281
14790,2016-01-17 20:00:00,35089.0,35059.669442303515
14791,2016-01-17 21:00:00,34657.0,34645.56676371121
14792,2016-01-17 22:00:00,33551.0,33600.546703557164
14793,2016-01-17 23:00:00,32034.0,32051.25741302472
14794,2016-01-18 00:00:00,30545.0,30539.2380230534
14795,2016-01-16 01:00:00,26144.0,26142.47266009655
14796,2016-01-16 02:00:00,25204.0,25246.220560959497
14797,2016-01-16 03:00:00,24694.0,24663.643509584195
14798,2016-01-16 04:00:00,24438.0,24420.08737116283
14799,2016-01-16 05:00:00,24611.0,24598.087398187643
14800,2016-01-16 06:00:00,25317.0,25356.762920050212
14801,2016-01-16 07:00:00,26534.0,26561.67855998064
14802,2016-01-16 08:00:00,27836.0,27845.078524773344
14803,2016-01-16 09:00:00,29127.0,29108.47272727901
14804,2016-01-16 10:00:00,29752.0,29722.220227475715
14805,2016-01-16 11:00:00,29563.0,29546.07554813318
14806,2016-01-16 12:00:00,28977.0,29019.94524860032
14807,2016-01-16 13:00:00,28711.0,28752.02255907084
14808,2016-01-16 14:00:00,28664.0,28656.195497230477
14809,2016-01-16 15:00:00,28673.0,28655.553189874132
14810,2016-01-16 16:00:00,28956.0,28994.459103294965
14811,2016-01-16 17:00:00,30029.0,30023.623092644044
14812,2016-01-16 18:00:00,31923.0,31876.869978858846
14813,2016-01-16 19:00:00,32174.0,32158.57398968765
14814,2016-01-16 20:00:00,31696.0,31706.72951372974
14815,2016-01-16 21:00:00,31221.0,31265.459043002375
14816,2016-01-16 22:00:00,30304.0,30296.459210880927
14817,2016-01-16 23:00:00,28959.0,28933.012499663822
14818,2016-01-17 00:00:00,27532.0,27520.449800061313
14819,2016-01-15 01:00:00,28481.0,28436.70588041373
14820,2016-01-15 02:00:00,27771.0,27810.88373170287
14821,2016-01-15 03:00:00,27507.0,27460.34229259216
14822,2016-01-15 04:00:00,27614.0,27564.097231286498
14823,2016-01-15 05:00:00,28498.0,28509.41332998197
14824,2016-01-15 06:00:00,30717.0,30682.39920777472
14825,2016-01-15 07:00:00,34233.0,34212.607629139915
14826,2016-01-15 08:00:00,35989.0,35988.09840259251
14827,2016-01-15 09:00:00,35395.0,35424.21171148549
14828,2016-01-15 10:00:00,34441.0,34429.75106470296
14829,2016-01-15 11:00:00,33514.0,33559.7107271271
14830,2016-01-15 12:00:00,32670.0,32665.319674653427
14831,2016-01-15 13:00:00,31891.0,31932.998930846512
14832,2016-01-15 14:00:00,31858.0,31853.233017297738
14833,2016-01-15 15:00:00,31950.0,31951.614924574933
14834,2016-01-15 16:00:00,32213.0,32258.8076735418
14835,2016-01-15 17:00:00,33219.0,33236.49013800422
14836,2016-01-15 18:00:00,34799.0,34763.937217891034
14837,2016-01-15 19:00:00,34437.0,34446.85535728375
14838,2016-01-15 20:00:00,33590.0,33562.52216361321
14839,2016-01-15 21:00:00,32686.0,32666.966744478428
14840,2016-01-15 22:00:00,31280.0,31313.815011956918
14841,2016-01-15 23:00:00,29532.0,29550.214503368126
14842,2016-01-16 00:00:00,27669.0,27647.687876691372
14843,2016-01-14 01:00:00,32650.0,32600.468864618288
14844,2016-01-14 02:00:00,31785.0,31788.118133008076
14845,2016-01-14 03:00:00,31399.0,31374.017124735954
14846,2016-01-14 04:00:00,31338.0,31290.831220663924
14847,2016-01-14 05:00:00,32030.0,31986.328143258128
14848,2016-01-14 06:00:00,34095.0,34112.325016272975
14849,2016-01-14 07:00:00,37570.0,37561.428442972894
14850,2016-01-14 08:00:00,39229.0,39205.247761745304
14851,2016-01-14 09:00:00,38407.0,38444.970023215246
14852,2016-01-14 10:00:00,37254.0,37286.508612073
14853,2016-01-14 11:00:00,36127.0,36123.61893509342
14854,2016-01-14 12:00:00,35149.0,35126.558744762995
14855,2016-01-14 13:00:00,34406.0,34406.71759695075
14856,2016-01-14 14:00:00,33603.0,33628.292708775014
14857,2016-01-14 15:00:00,33225.0,33176.07441847744
14858,2016-01-14 16:00:00,33312.0,33323.25661363991
14859,2016-01-14 17:00:00,34468.0,34489.01274721134
14860,2016-01-14 18:00:00,36846.0,36877.6795537017
14861,2016-01-14 19:00:00,37170.0,37141.66146566519
14862,2016-01-14 20:00:00,36804.0,36774.343775304296
14863,2016-01-14 21:00:00,36062.0,36033.57264397536
14864,2016-01-14 22:00:00,34392.0,34435.14319015814
14865,2016-01-14 23:00:00,32162.0,32126.097657997114
14866,2016-01-15 00:00:00,29982.0,30008.46449303632
14867,2016-01-13 01:00:00,31907.0,31955.67504413291
14868,2016-01-13 02:00:00,31467.0,31511.628579433334
14869,2016-01-13 03:00:00,31437.0,31427.989169312274
14870,2016-01-13 04:00:00,31770.0,31803.935131832663
14871,2016-01-13 05:00:00,32930.0,32947.01409115509
14872,2016-01-13 06:00:00,35444.0,35480.846319878125
14873,2016-01-13 07:00:00,39149.0,39115.11638761669
14874,2016-01-13 08:00:00,40829.0,40855.493691525975
14875,2016-01-13 09:00:00,40140.0,40148.65570909536
14876,2016-01-13 10:00:00,39130.0,39134.01094662635
14877,2016-01-13 11:00:00,38270.0,38292.89000501134
14878,2016-01-13 12:00:00,37590.0,37567.30603907299
14879,2016-01-13 13:00:00,36913.0,36870.459156315446
14880,2016-01-13 14:00:00,36582.0,36582.212093928305
14881,2016-01-13 15:00:00,36581.0,36561.21337285604
14882,2016-01-13 16:00:00,37272.0,37247.64054699189
14883,2016-01-13 17:00:00,38807.0,38856.85223634408
14884,2016-01-13 18:00:00,41616.0,41585.78608095869
14885,2016-01-13 19:00:00,42024.0,41997.55767040388
14886,2016-01-13 20:00:00,41563.0,41546.38826451216
14887,2016-01-13 21:00:00,40645.0,40644.70020207793
14888,2016-01-13 22:00:00,38879.0,38915.9111007889
14889,2016-01-13 23:00:00,36509.0,36476.639395834485
14890,2016-01-14 00:00:00,34269.0,34280.596495924336
14891,2016-01-12 01:00:00,31462.0,31448.852377691248
14892,2016-01-12 02:00:00,30764.0,30793.691472651346
14893,2016-01-12 03:00:00,30538.0,30548.187957162347
14894,2016-01-12 04:00:00,30637.0,30666.509325714927
14895,2016-01-12 05:00:00,31432.0,31467.509092902936
14896,2016-01-12 06:00:00,33565.0,33606.21301638148
14897,2016-01-12 07:00:00,37086.0,37135.56766951641
14898,2016-01-12 08:00:00,38761.0,38772.88642402158
14899,2016-01-12 09:00:00,38007.0,38020.753601497345
14900,2016-01-12 10:00:00,37245.0,37209.0578689934
14901,2016-01-12 11:00:00,36563.0,36523.509501289715
14902,2016-01-12 12:00:00,36105.0,36103.76260073559
14903,2016-01-12 13:00:00,35741.0,35760.36882394679
14904,2016-01-12 14:00:00,35633.0,35607.819728998424
14905,2016-01-12 15:00:00,35374.0,35356.71623535861
14906,2016-01-12 16:00:00,35108.0,35128.0127938493
14907,2016-01-12 17:00:00,36124.0,36095.16612191568
14908,2016-01-12 18:00:00,38502.0,38504.137110619224
14909,2016-01-12 19:00:00,38757.0,38760.86222709968
14910,2016-01-12 20:00:00,38453.0,38494.69524893783
14911,2016-01-12 21:00:00,37975.0,37965.227368321386
14912,2016-01-12 22:00:00,36630.0,36601.054702768575
14913,2016-01-12 23:00:00,34741.0,34708.38941678093
14914,2016-01-13 00:00:00,32958.0,32937.31545022292
14915,2016-01-11 01:00:00,26298.0,26275.892052913863
14916,2016-01-11 02:00:00,25975.0,26000.019734248075
14917,2016-01-11 03:00:00,26067.0,26076.37222627417
14918,2016-01-11 04:00:00,26642.0,26660.242731682345
14919,2016-01-11 05:00:00,27972.0,27985.02953930289
14920,2016-01-11 06:00:00,30648.0,30646.124519602374
14921,2016-01-11 07:00:00,34684.0,34726.82762466782
14922,2016-01-11 08:00:00,36818.0,36849.741935094615
14923,2016-01-11 09:00:00,36438.0,36409.08229424255
14924,2016-01-11 10:00:00,35686.0,35678.36630757035
14925,2016-01-11 11:00:00,35123.0,35101.790044978305
14926,2016-01-11 12:00:00,34566.0,34590.56862306773
14927,2016-01-11 13:00:00,34125.0,34109.445622236606
14928,2016-01-11 14:00:00,33867.0,33881.021471873624
14929,2016-01-11 15:00:00,33707.0,33686.22135381603
14930,2016-01-11 16:00:00,34096.0,34063.164708346994
14931,2016-01-11 17:00:00,35705.0,35655.91890983293
14932,2016-01-11 18:00:00,38885.0,38934.46227300135
14933,2016-01-11 19:00:00,39565.0,39536.95111475713
14934,2016-01-11 20:00:00,39341.0,39374.22447405234
14935,2016-01-11 21:00:00,38645.0,38677.208370386244
14936,2016-01-11 22:00:00,37121.0,37094.5962455462
14937,2016-01-11 23:00:00,34850.0,34841.563518548704
14938,2016-01-12 00:00:00,32814.0,32847.611125491436
14939,2016-01-10 01:00:00,24834.0,24852.98079307249
14940,2016-01-10 02:00:00,23735.0,23721.98780933843
14941,2016-01-10 03:00:00,23054.0,23098.913945850098
14942,2016-01-10 04:00:00,22772.0,22756.234168058265
14943,2016-01-10 05:00:00,22710.0,22681.2067215327
14944,2016-01-10 06:00:00,23076.0,23040.67207720079
14945,2016-01-10 07:00:00,23815.0,23835.13185439868
14946,2016-01-10 08:00:00,24704.0,24656.900490414737
14947,2016-01-10 09:00:00,25704.0,25738.58407766806
14948,2016-01-10 10:00:00,26703.0,26683.422110183506
14949,2016-01-10 11:00:00,27263.0,27249.980699302963
14950,2016-01-10 12:00:00,27547.0,27577.18313332585
14951,2016-01-10 13:00:00,27425.0,27456.417723212024
14952,2016-01-10 14:00:00,26990.0,26980.000902772787
14953,2016-01-10 15:00:00,26754.0,26759.382468403397
14954,2016-01-10 16:00:00,27066.0,27083.92096867981
14955,2016-01-10 17:00:00,28285.0,28303.8606528385
14956,2016-01-10 18:00:00,30836.0,30839.405515141214
14957,2016-01-10 19:00:00,31679.0,31713.41055237757
14958,2016-01-10 20:00:00,31613.0,31647.144051597847
14959,2016-01-10 21:00:00,31362.0,31396.880188069143
14960,2016-01-10 22:00:00,30360.0,30336.82181724315
14961,2016-01-10 23:00:00,28820.0,28795.690552430417
14962,2016-01-11 00:00:00,27274.0,27237.982206256205
14963,2016-01-09 01:00:00,26597.0,26629.639932607843
14964,2016-01-09 02:00:00,25601.0,25557.066030391034
14965,2016-01-09 03:00:00,25045.0,25008.53054671682
14966,2016-01-09 04:00:00,24797.0,24839.62100793425
14967,2016-01-09 05:00:00,24967.0,24929.51133721575
14968,2016-01-09 06:00:00,25654.0,25616.128262800252
14969,2016-01-09 07:00:00,26840.0,26880.910932964467
14970,2016-01-09 08:00:00,28051.0,28032.010378192917
14971,2016-01-09 09:00:00,29245.0,29283.14235607068
14972,2016-01-09 10:00:00,30212.0,30199.76565586205
14973,2016-01-09 11:00:00,30603.0,30590.363961649007
14974,2016-01-09 12:00:00,30444.0,30407.51825404926
14975,2016-01-09 13:00:00,29970.0,30011.862270752765
14976,2016-01-09 14:00:00,29468.0,29494.168700070164
14977,2016-01-09 15:00:00,29126.0,29098.564936711253
14978,2016-01-09 16:00:00,29172.0,29194.77977080139
14979,2016-01-09 17:00:00,30187.0,30147.369270385418
14980,2016-01-09 18:00:00,31863.0,31865.381086522877
14981,2016-01-09 19:00:00,31774.0,31749.426711458487
14982,2016-01-09 20:00:00,31170.0,31205.05844266627
14983,2016-01-09 21:00:00,30420.0,30421.112917756724
14984,2016-01-09 22:00:00,29306.0,29348.121155506222
14985,2016-01-09 23:00:00,27862.0,27870.516458549057
14986,2016-01-10 00:00:00,26284.0,26284.397691438524
14987,2016-01-08 01:00:00,28198.0,28217.39345970154
14988,2016-01-08 02:00:00,27348.0,27376.397130235597
14989,2016-01-08 03:00:00,26939.0,26890.52577686555
14990,2016-01-08 04:00:00,26958.0,26960.228356035746
14991,2016-01-08 05:00:00,27678.0,27705.571739541127
14992,2016-01-08 06:00:00,29671.0,29661.749507941862
14993,2016-01-08 07:00:00,33194.0,33148.511968507024
14994,2016-01-08 08:00:00,34981.0,34932.755364011464
14995,2016-01-08 09:00:00,34855.0,34884.38506245419
14996,2016-01-08 10:00:00,34610.0,34579.80756412975
14997,2016-01-08 11:00:00,34323.0,34290.491677884995
14998,2016-01-08 12:00:00,33904.0,33882.956062013036
14999,2016-01-08 13:00:00,33482.0,33442.216826159274
15000,2016-01-08 14:00:00,33296.0,33251.32865003965
15001,2016-01-08 15:00:00,33072.0,33109.22585455678
15002,2016-01-08 16:00:00,33113.0,33093.27836238863
15003,2016-01-08 17:00:00,34138.0,34146.23919919391
15004,2016-01-08 18:00:00,35874.0,35909.78008877782
15005,2016-01-08 19:00:00,35448.0,35495.74597416842
15006,2016-01-08 20:00:00,34608.0,34626.849036206055
15007,2016-01-08 21:00:00,33617.0,33662.01640949561
15008,2016-01-08 22:00:00,32223.0,32215.35217287465
15009,2016-01-08 23:00:00,30311.0,30339.954421189574
15010,2016-01-09 00:00:00,28297.0,28340.760273947028
15011,2016-01-07 01:00:00,31009.0,30964.315938608517
15012,2016-01-07 02:00:00,30314.0,30295.744853121992
15013,2016-01-07 03:00:00,30008.0,30032.025346827697
15014,2016-01-07 04:00:00,30058.0,30039.52699045161
15015,2016-01-07 05:00:00,30682.0,30633.70323719446
15016,2016-01-07 06:00:00,32775.0,32805.70252402901
15017,2016-01-07 07:00:00,36211.0,36177.472287636396
15018,2016-01-07 08:00:00,38022.0,38004.08687353905
15019,2016-01-07 09:00:00,37387.0,37428.05755806399
15020,2016-01-07 10:00:00,36516.0,36486.886008378024
15021,2016-01-07 11:00:00,35703.0,35742.47597580216
15022,2016-01-07 12:00:00,34846.0,34838.25468529461
15023,2016-01-07 13:00:00,34085.0,34126.81318966104
15024,2016-01-07 14:00:00,33573.0,33610.68520304827
15025,2016-01-07 15:00:00,33176.0,33167.524391976
15026,2016-01-07 16:00:00,33246.0,33288.18723954313
15027,2016-01-07 17:00:00,34441.0,34454.272083598684
15028,2016-01-07 18:00:00,36941.0,36938.56151389944
15029,2016-01-07 19:00:00,37184.0,37187.06907533681
15030,2016-01-07 20:00:00,36658.0,36614.33005319155
15031,2016-01-07 21:00:00,35874.0,35904.759098328985
15032,2016-01-07 22:00:00,34314.0,34293.24665595579
15033,2016-01-07 23:00:00,31972.0,31949.016866848717
15034,2016-01-08 00:00:00,29761.0,29782.539838807374
15035,2016-01-06 01:00:00,33850.0,33837.08079136084
15036,2016-01-06 02:00:00,33319.0,33320.41632453157
15037,2016-01-06 03:00:00,33283.0,33275.157387896
15038,2016-01-06 04:00:00,33630.0,33630.46353665696
15039,2016-01-06 05:00:00,34663.0,34635.217283060214
15040,2016-01-06 06:00:00,37056.0,37094.49358328573
15041,2016-01-06 07:00:00,40670.0,40681.01766391419
15042,2016-01-06 08:00:00,42229.0,42202.37083767632
15043,2016-01-06 09:00:00,41101.0,41060.153909977074
15044,2016-01-06 10:00:00,39234.0,39237.5468114835
15045,2016-01-06 11:00:00,37528.0,37524.81194676773
15046,2016-01-06 12:00:00,36192.0,36235.24899549946
15047,2016-01-06 13:00:00,35066.0,35039.07002581711
15048,2016-01-06 14:00:00,34326.0,34364.16052420718
15049,2016-01-06 15:00:00,33933.0,33959.649432076774
15050,2016-01-06 16:00:00,34115.0,34112.650456959025
15051,2016-01-06 17:00:00,35661.0,35698.37725730318
15052,2016-01-06 18:00:00,38903.0,38939.18790162131
15053,2016-01-06 19:00:00,39598.0,39619.44216767672
15054,2016-01-06 20:00:00,39339.0,39299.15510207784
15055,2016-01-06 21:00:00,38667.0,38633.01911097007
15056,2016-01-06 22:00:00,37097.0,37106.16005186602
15057,2016-01-06 23:00:00,34702.0,34676.54194075088
15058,2016-01-07 00:00:00,32479.0,32484.116729280693
15059,2016-01-05 01:00:00,34721.0,34727.07846380905
15060,2016-01-05 02:00:00,34253.0,34261.70945378792
15061,2016-01-05 03:00:00,34182.0,34188.98416075758
15062,2016-01-05 04:00:00,34468.0,34455.92586232942
15063,2016-01-05 05:00:00,35464.0,35435.024492581484
15064,2016-01-05 06:00:00,37753.0,37754.85428104541
15065,2016-01-05 07:00:00,41248.0,41247.51645345726
15066,2016-01-05 08:00:00,42872.0,42849.51936525209
15067,2016-01-05 09:00:00,42077.0,42032.118326973425
15068,2016-01-05 10:00:00,40702.0,40672.556930911145
15069,2016-01-05 11:00:00,39519.0,39524.078155472875
15070,2016-01-05 12:00:00,38392.0,38395.56192253862
15071,2016-01-05 13:00:00,37298.0,37261.363944405
15072,2016-01-05 14:00:00,36584.0,36594.60521931035
15073,2016-01-05 15:00:00,36078.0,36070.264953009755
15074,2016-01-05 16:00:00,36292.0,36307.36703173842
15075,2016-01-05 17:00:00,37959.0,37997.80051784996
15076,2016-01-05 18:00:00,41241.0,41221.85474891139
15077,2016-01-05 19:00:00,41910.0,41894.730740192215
15078,2016-01-05 20:00:00,41778.0,41795.681431115714
15079,2016-01-05 21:00:00,41185.0,41229.9155517031
15080,2016-01-05 22:00:00,39625.0,39623.61228136646
15081,2016-01-05 23:00:00,37219.0,37185.928649554706
15082,2016-01-06 00:00:00,35121.0,35164.50050974522
15083,2016-01-04 01:00:00,26909.0,26905.97772708813
15084,2016-01-04 02:00:00,26369.0,26365.06994504206
15085,2016-01-04 03:00:00,26292.0,26295.98084313437
15086,2016-01-04 04:00:00,26573.0,26548.25044059624
15087,2016-01-04 05:00:00,27662.0,27690.46934191355
15088,2016-01-04 06:00:00,30097.0,30111.104361225433
15089,2016-01-04 07:00:00,33869.0,33914.48702638438
15090,2016-01-04 08:00:00,35862.0,35832.38881166514
15091,2016-01-04 09:00:00,35755.0,35766.91344725688
15092,2016-01-04 10:00:00,35344.0,35345.663409097935
15093,2016-01-04 11:00:00,34844.0,34883.47538423713
15094,2016-01-04 12:00:00,34397.0,34350.036685664294
15095,2016-01-04 13:00:00,34078.0,34104.080082355234
15096,2016-01-04 14:00:00,34026.0,34038.30597145496
15097,2016-01-04 15:00:00,34255.0,34265.75491155048
15098,2016-01-04 16:00:00,35189.0,35226.53214351161
15099,2016-01-04 17:00:00,37399.0,37407.97981054678
15100,2016-01-04 18:00:00,40942.0,40963.592275615934
15101,2016-01-04 19:00:00,41830.0,41844.57073662462
15102,2016-01-04 20:00:00,41772.0,41728.95047045981
15103,2016-01-04 21:00:00,41393.0,41354.28300328004
15104,2016-01-04 22:00:00,40092.0,40075.84971545871
15105,2016-01-04 23:00:00,37911.0,37928.57016620121
15106,2016-01-05 00:00:00,35931.0,35883.64492894173
15107,2016-01-03 01:00:00,27708.0,27735.259544643926
15108,2016-01-03 02:00:00,26836.0,26806.300978105286
15109,2016-01-03 03:00:00,26451.0,26456.951961555114
15110,2016-01-03 04:00:00,26312.0,26282.11568749618
15111,2016-01-03 05:00:00,26554.0,26521.596796965194
15112,2016-01-03 06:00:00,27150.0,27133.41912995335
15113,2016-01-03 07:00:00,28180.0,28222.150870666424
15114,2016-01-03 08:00:00,28910.0,28883.784498134657
15115,2016-01-03 09:00:00,29277.0,29231.852292332173
15116,2016-01-03 10:00:00,28915.0,28953.224432418374
15117,2016-01-03 11:00:00,28382.0,28375.893072217492
15118,2016-01-03 12:00:00,28065.0,28077.105632304483
15119,2016-01-03 13:00:00,27862.0,27900.57783426044
15120,2016-01-03 14:00:00,27755.0,27780.564958317034
15121,2016-01-03 15:00:00,27765.0,27794.65050280881
15122,2016-01-03 16:00:00,28200.0,28198.009348476233
15123,2016-01-03 17:00:00,30021.0,30039.7342008273
15124,2016-01-03 18:00:00,33156.0,33202.37665887411
15125,2016-01-03 19:00:00,33781.0,33819.978906634424
15126,2016-01-03 20:00:00,33634.0,33645.24274593445
15127,2016-01-03 21:00:00,33098.0,33056.53725731609
15128,2016-01-03 22:00:00,31779.0,31826.970145690433
15129,2016-01-03 23:00:00,29976.0,29948.54869240884
15130,2016-01-04 00:00:00,28152.0,28138.075770311265
15131,2016-01-02 01:00:00,26953.0,26917.03526800055
15132,2016-01-02 02:00:00,26080.0,26046.661333285207
15133,2016-01-02 03:00:00,25632.0,25661.57782310467
15134,2016-01-02 04:00:00,25476.0,25438.82677184031
15135,2016-01-02 05:00:00,25755.0,25723.93754257247
15136,2016-01-02 06:00:00,26588.0,26555.14910729819
15137,2016-01-02 07:00:00,27840.0,27827.018659068977
15138,2016-01-02 08:00:00,28891.0,28910.468616849725
15139,2016-01-02 09:00:00,29641.0,29655.383696654157
15140,2016-01-02 10:00:00,29815.0,29837.469552269587
15141,2016-01-02 11:00:00,29699.0,29721.68118775777
15142,2016-01-02 12:00:00,29286.0,29236.300070575562
15143,2016-01-02 13:00:00,28697.0,28715.453981094557
15144,2016-01-02 14:00:00,28132.0,28150.4572604512
15145,2016-01-02 15:00:00,27984.0,27940.211175062654
15146,2016-01-02 16:00:00,28332.0,28324.712121660843
15147,2016-01-02 17:00:00,29770.0,29727.864716778167
15148,2016-01-02 18:00:00,32574.0,32543.08300059938
15149,2016-01-02 19:00:00,33041.0,33039.975087228995
15150,2016-01-02 20:00:00,32878.0,32829.201206440826
15151,2016-01-02 21:00:00,32586.0,32545.4999955157
15152,2016-01-02 22:00:00,31877.0,31835.492121270574
15153,2016-01-02 23:00:00,30590.0,30552.45441037785
15154,2016-01-03 00:00:00,29036.0,28990.978243983347
15155,2016-01-01 01:00:00,25509.0,25520.20770255729
15156,2016-01-01 02:00:00,24599.0,24566.859670613543
15157,2016-01-01 03:00:00,23896.0,23932.26030192864
15158,2016-01-01 04:00:00,23567.0,23605.480026272042
15159,2016-01-01 05:00:00,23673.0,23692.103378854255
15160,2016-01-01 06:00:00,24286.0,24242.49560189648
15161,2016-01-01 07:00:00,25025.0,25064.16037389964
15162,2016-01-01 08:00:00,25512.0,25503.868425771918
15163,2016-01-01 09:00:00,26047.0,26015.1114508462
15164,2016-01-01 10:00:00,27098.0,27125.877870458102
15165,2016-01-01 11:00:00,28037.0,28021.669330966415
15166,2016-01-01 12:00:00,28543.0,28543.607267628202
15167,2016-01-01 13:00:00,28838.0,28862.304062245537
15168,2016-01-01 14:00:00,28961.0,28921.112033651807
15169,2016-01-01 15:00:00,29023.0,28989.95537499837
15170,2016-01-01 16:00:00,29300.0,29346.85598261263
15171,2016-01-01 17:00:00,30529.0,30550.354461091603
15172,2016-01-01 18:00:00,32845.0,32818.11256685906
15173,2016-01-01 19:00:00,32868.0,32875.378630395724
15174,2016-01-01 20:00:00,32530.0,32498.79876797649
15175,2016-01-01 21:00:00,32131.0,32167.54627396631
15176,2016-01-01 22:00:00,31318.0,31312.861517707493
15177,2016-01-01 23:00:00,29930.0,29960.687085339734
15178,2016-01-02 00:00:00,28315.0,28362.191595694072
15179,2017-12-31 01:00:00,35242.0,35290.087490842576
15180,2017-12-31 02:00:00,34410.0,34373.76162583935
15181,2017-12-31 03:00:00,34150.0,34194.48059688593
15182,2017-12-31 04:00:00,34220.0,34197.0289331794
15183,2017-12-31 05:00:00,34627.0,34612.962229507495
15184,2017-12-31 06:00:00,35438.0,35394.299255459584
15185,2017-12-31 07:00:00,36615.0,36629.559743251106
15186,2017-12-31 08:00:00,37612.0,37626.411724737096
15187,2017-12-31 09:00:00,38435.0,38462.70389668508
15188,2017-12-31 10:00:00,38803.0,38847.626009738655
15189,2017-12-31 11:00:00,39375.0,39367.81666065972
15190,2017-12-31 12:00:00,39565.0,39555.7434173166
15191,2017-12-31 13:00:00,39664.0,39677.911493547275
15192,2017-12-31 14:00:00,39888.0,39904.741034013954
15193,2017-12-31 15:00:00,40210.0,40204.52423470907
15194,2017-12-31 16:00:00,40604.0,40645.93283186967
15195,2017-12-31 17:00:00,42013.0,41968.217320160096
15196,2017-12-31 18:00:00,44605.0,44630.64016365028
15197,2017-12-31 19:00:00,44650.0,44620.7942963659
15198,2017-12-31 20:00:00,43948.0,43947.53293967902
15199,2017-12-31 21:00:00,43092.0,43127.149292561895
15200,2017-12-31 22:00:00,42090.0,42072.9605815598
15201,2017-12-31 23:00:00,40972.0,41011.96847164447
15202,2018-01-01 00:00:00,39928.0,39923.06833655325
15203,2017-12-30 01:00:00,35657.0,35677.27526528955
15204,2017-12-30 02:00:00,34540.0,34562.2680957406
15205,2017-12-30 03:00:00,33812.0,33788.08135107205
15206,2017-12-30 04:00:00,33635.0,33675.06575881088
15207,2017-12-30 05:00:00,33975.0,33937.461115986574
15208,2017-12-30 06:00:00,34625.0,34634.00711211523
15209,2017-12-30 07:00:00,35660.0,35702.9008400117
15210,2017-12-30 08:00:00,36743.0,36696.099332231264
15211,2017-12-30 09:00:00,37753.0,37756.12510652934
15212,2017-12-30 10:00:00,38948.0,38922.64378693694
15213,2017-12-30 11:00:00,39344.0,39313.24567511401
15214,2017-12-30 12:00:00,38996.0,38969.37664826301
15215,2017-12-30 13:00:00,38194.0,38234.268713298334
15216,2017-12-30 14:00:00,37309.0,37301.551586750276
15217,2017-12-30 15:00:00,37004.0,36977.58956667463
15218,2017-12-30 16:00:00,36982.0,37024.75574749392
15219,2017-12-30 17:00:00,38164.0,38146.161733125846
15220,2017-12-30 18:00:00,40447.0,40469.346657253176
15221,2017-12-30 19:00:00,40782.0,40785.717253920004
15222,2017-12-30 20:00:00,40506.0,40523.91657398245
15223,2017-12-30 21:00:00,40383.0,40351.267624033295
15224,2017-12-30 22:00:00,39438.0,39455.85273928046
15225,2017-12-30 23:00:00,37874.0,37914.58214860778
15226,2017-12-31 00:00:00,36156.0,36116.090507334324
15227,2017-12-29 01:00:00,37263.0,37245.65305782159
15228,2017-12-29 02:00:00,36393.0,36440.26044570669
15229,2017-12-29 03:00:00,36128.0,36100.51964395634
15230,2017-12-29 04:00:00,36164.0,36119.95567974675
15231,2017-12-29 05:00:00,36408.0,36363.50589377823
15232,2017-12-29 06:00:00,37602.0,37579.52992739235
15233,2017-12-29 07:00:00,39607.0,39606.48732518858
15234,2017-12-29 08:00:00,41148.0,41124.88274176056
15235,2017-12-29 09:00:00,41411.0,41389.0902898562
15236,2017-12-29 10:00:00,40683.0,40716.14256226229
15237,2017-12-29 11:00:00,40156.0,40182.69402010368
15238,2017-12-29 12:00:00,39874.0,39855.08461678666
15239,2017-12-29 13:00:00,39287.0,39271.48875591319
15240,2017-12-29 14:00:00,37977.0,38023.967301508426
15241,2017-12-29 15:00:00,37776.0,37821.01556912764
15242,2017-12-29 16:00:00,38432.0,38479.30991897939
15243,2017-12-29 17:00:00,40134.0,40177.919986248824
15244,2017-12-29 18:00:00,42982.0,42994.808709870136
15245,2017-12-29 19:00:00,42882.0,42862.83259704769
15246,2017-12-29 20:00:00,42555.0,42601.949613701494
15247,2017-12-29 21:00:00,41865.0,41889.28182675493
15248,2017-12-29 22:00:00,40769.0,40790.124614280845
15249,2017-12-29 23:00:00,39088.0,39117.761926263935
15250,2017-12-30 00:00:00,37286.0,37295.84681022213
15251,2017-12-28 01:00:00,35776.0,35784.32598197182
15252,2017-12-28 02:00:00,35231.0,35217.133173451555
15253,2017-12-28 03:00:00,35109.0,35074.07376047978
15254,2017-12-28 04:00:00,35384.0,35377.85262331562
15255,2017-12-28 05:00:00,36213.0,36214.737481621574
15256,2017-12-28 06:00:00,37794.0,37831.7810144494
15257,2017-12-28 07:00:00,40209.0,40199.16004902168
15258,2017-12-28 08:00:00,41719.0,41757.30188178881
15259,2017-12-28 09:00:00,42322.0,42303.75177961587
15260,2017-12-28 10:00:00,41625.0,41669.46772878876
15261,2017-12-28 11:00:00,40756.0,40709.89354202657
15262,2017-12-28 12:00:00,39895.0,39897.53324935162
15263,2017-12-28 13:00:00,39369.0,39351.15915445691
15264,2017-12-28 14:00:00,39132.0,39111.44130597233
15265,2017-12-28 15:00:00,39023.0,38980.939251739575
15266,2017-12-28 16:00:00,39620.0,39638.128843539715
15267,2017-12-28 17:00:00,41556.0,41545.25487866569
15268,2017-12-28 18:00:00,44628.0,44672.905306946945
15269,2017-12-28 19:00:00,44715.0,44736.24236523985
15270,2017-12-28 20:00:00,44411.0,44405.28910153626
15271,2017-12-28 21:00:00,43686.0,43698.729779239955
15272,2017-12-28 22:00:00,42977.0,42933.60011777624
15273,2017-12-28 23:00:00,40722.0,40730.913819466725
15274,2017-12-29 00:00:00,38835.0,38851.614973336975
15275,2017-12-27 01:00:00,32068.0,32028.61644020526
15276,2017-12-27 02:00:00,31130.0,31148.242995122677
15277,2017-12-27 03:00:00,30780.0,30777.40073940033
15278,2017-12-27 04:00:00,30928.0,30925.96172311784
15279,2017-12-27 05:00:00,31584.0,31606.357758925824
15280,2017-12-27 06:00:00,33274.0,33268.98068882681
15281,2017-12-27 07:00:00,35834.0,35807.43472852465
15282,2017-12-27 08:00:00,37635.0,37614.82838725667
15283,2017-12-27 09:00:00,38521.0,38544.83512106323
15284,2017-12-27 10:00:00,38883.0,38840.09956538368
15285,2017-12-27 11:00:00,38762.0,38796.082548124316
15286,2017-12-27 12:00:00,38009.0,38017.22035291144
15287,2017-12-27 13:00:00,37100.0,37122.69708875094
15288,2017-12-27 14:00:00,36893.0,36877.36877733762
15289,2017-12-27 15:00:00,36965.0,36937.274200377906
15290,2017-12-27 16:00:00,37393.0,37423.45757062924
15291,2017-12-27 17:00:00,39472.0,39432.22085242187
15292,2017-12-27 18:00:00,42622.0,42588.58540157285
15293,2017-12-27 19:00:00,42852.0,42830.49210070256
15294,2017-12-27 20:00:00,42636.0,42621.12227273874
15295,2017-12-27 21:00:00,42095.0,42065.36554465482
15296,2017-12-27 22:00:00,40825.0,40866.2629562314
15297,2017-12-27 23:00:00,38963.0,38915.71790357267
15298,2017-12-28 00:00:00,37245.0,37275.34662391525
15299,2017-12-26 01:00:00,29834.0,29825.106984090748
15300,2017-12-26 02:00:00,29126.0,29159.611336494178
15301,2017-12-26 03:00:00,28881.0,28910.596511672484
15302,2017-12-26 04:00:00,29050.0,29012.103738189733
15303,2017-12-26 05:00:00,29763.0,29779.641501086935
15304,2017-12-26 06:00:00,31345.0,31332.844641278018
15305,2017-12-26 07:00:00,33546.0,33578.101271026164
15306,2017-12-26 08:00:00,35095.0,35130.101860185896
15307,2017-12-26 09:00:00,35778.0,35746.90462459797
15308,2017-12-26 10:00:00,36167.0,36164.86484059912
15309,2017-12-26 11:00:00,36174.0,36183.44037484944
15310,2017-12-26 12:00:00,35383.0,35387.40761540018
15311,2017-12-26 13:00:00,34365.0,34340.17708688117
15312,2017-12-26 14:00:00,34005.0,33982.24911197073
15313,2017-12-26 15:00:00,34027.0,34062.81915190726
15314,2017-12-26 16:00:00,34548.0,34501.27002051341
15315,2017-12-26 17:00:00,36633.0,36609.23630073121
15316,2017-12-26 18:00:00,39550.0,39522.30746382888
15317,2017-12-26 19:00:00,39664.0,39651.06680381071
15318,2017-12-26 20:00:00,39235.0,39253.61024366619
15319,2017-12-26 21:00:00,38577.0,38580.22605329828
15320,2017-12-26 22:00:00,37313.0,37317.06295556098
15321,2017-12-26 23:00:00,35355.0,35378.12876758448
15322,2017-12-27 00:00:00,33445.0,33476.21606501834
15323,2017-12-25 01:00:00,26710.0,26675.987449730084
15324,2017-12-25 02:00:00,25666.0,25626.803051153212
15325,2017-12-25 03:00:00,25085.0,25065.121882615415
15326,2017-12-25 04:00:00,24923.0,24955.755329682623
15327,2017-12-25 05:00:00,25259.0,25263.17435669112
15328,2017-12-25 06:00:00,26232.0,26196.282572939996
15329,2017-12-25 07:00:00,27605.0,27571.37377724333
15330,2017-12-25 08:00:00,28948.0,28987.82690540052
15331,2017-12-25 09:00:00,30051.0,30037.69687364971
15332,2017-12-25 10:00:00,30606.0,30581.527927964307
15333,2017-12-25 11:00:00,30794.0,30813.374026289992
15334,2017-12-25 12:00:00,30775.0,30811.0784390987
15335,2017-12-25 13:00:00,30487.0,30481.240999733345
15336,2017-12-25 14:00:00,30217.0,30246.113216231523
15337,2017-12-25 15:00:00,30232.0,30225.003704562816
15338,2017-12-25 16:00:00,30663.0,30682.14239154064
15339,2017-12-25 17:00:00,32197.0,32204.481780920276
15340,2017-12-25 18:00:00,34215.0,34254.44468066919
15341,2017-12-25 19:00:00,34422.0,34404.505140471236
15342,2017-12-25 20:00:00,34405.0,34432.04192364714
15343,2017-12-25 21:00:00,34305.0,34323.39373501577
15344,2017-12-25 22:00:00,33652.0,33685.88237922546
15345,2017-12-25 23:00:00,32554.0,32564.754049880994
15346,2017-12-26 00:00:00,31272.0,31268.013819680607
15347,2017-12-24 01:00:00,25482.0,25436.945410323133
15348,2017-12-24 02:00:00,24531.0,24564.969845305302
15349,2017-12-24 03:00:00,24000.0,24040.99345492869
15350,2017-12-24 04:00:00,23884.0,23878.965326539674
15351,2017-12-24 05:00:00,24085.0,24057.226252489207
15352,2017-12-24 06:00:00,24771.0,24785.715547537056
15353,2017-12-24 07:00:00,25994.0,25956.17004639574
15354,2017-12-24 08:00:00,27240.0,27194.084690146945
15355,2017-12-24 09:00:00,28397.0,28376.010604044823
15356,2017-12-24 10:00:00,29089.0,29106.99129471216
15357,2017-12-24 11:00:00,29362.0,29393.42032320779
15358,2017-12-24 12:00:00,29421.0,29386.6854832677
15359,2017-12-24 13:00:00,29413.0,29457.614917714887
15360,2017-12-24 14:00:00,29372.0,29377.207642329224
15361,2017-12-24 15:00:00,29521.0,29563.525830787585
15362,2017-12-24 16:00:00,29741.0,29705.9789404531
15363,2017-12-24 17:00:00,31116.0,31111.797559754916
15364,2017-12-24 18:00:00,32489.0,32482.080919473756
15365,2017-12-24 19:00:00,31939.0,31930.169258825437
15366,2017-12-24 20:00:00,31363.0,31406.078821117248
15367,2017-12-24 21:00:00,30988.0,31022.94118219354
15368,2017-12-24 22:00:00,30574.0,30603.42775478325
15369,2017-12-24 23:00:00,29595.0,29573.612390908835
15370,2017-12-25 00:00:00,28154.0,28137.904195165924
15371,2017-12-23 01:00:00,26040.0,26015.930281607085
15372,2017-12-23 02:00:00,24877.0,24906.348335441362
15373,2017-12-23 03:00:00,24233.0,24222.282649527555
15374,2017-12-23 04:00:00,23992.0,24039.8687014439
15375,2017-12-23 05:00:00,24118.0,24104.43162905453
15376,2017-12-23 06:00:00,24713.0,24679.978582189076
15377,2017-12-23 07:00:00,25853.0,25895.98542505666
15378,2017-12-23 08:00:00,27177.0,27205.271036071143
15379,2017-12-23 09:00:00,28685.0,28693.323715590832
15380,2017-12-23 10:00:00,29963.0,29998.84386009013
15381,2017-12-23 11:00:00,30622.0,30666.944574830668
15382,2017-12-23 12:00:00,30703.0,30739.13712621923
15383,2017-12-23 13:00:00,30342.0,30382.451913725425
15384,2017-12-23 14:00:00,29789.0,29766.123841202156
15385,2017-12-23 15:00:00,29391.0,29392.084897273864
15386,2017-12-23 16:00:00,29316.0,29345.52923431943
15387,2017-12-23 17:00:00,30387.0,30389.60198541542
15388,2017-12-23 18:00:00,31663.0,31677.18395359729
15389,2017-12-23 19:00:00,31418.0,31460.284465962704
15390,2017-12-23 20:00:00,31071.0,31050.53441497343
15391,2017-12-23 21:00:00,30559.0,30562.940599518723
15392,2017-12-23 22:00:00,29772.0,29778.353885152814
15393,2017-12-23 23:00:00,28581.0,28566.95370964218
15394,2017-12-24 00:00:00,27044.0,27030.827295699648
15395,2017-12-22 01:00:00,29501.0,29527.903895595715
15396,2017-12-22 02:00:00,28509.0,28551.951470854838
15397,2017-12-22 03:00:00,27979.0,27992.373458652044
15398,2017-12-22 04:00:00,27878.0,27876.79439210112
15399,2017-12-22 05:00:00,28388.0,28413.035947127948
15400,2017-12-22 06:00:00,30070.0,30119.78091918403
15401,2017-12-22 07:00:00,32898.0,32856.2401616072
15402,2017-12-22 08:00:00,34651.0,34666.15828000503
15403,2017-12-22 09:00:00,34902.0,34907.61080851378
15404,2017-12-22 10:00:00,34739.0,34750.02465780229
15405,2017-12-22 11:00:00,34350.0,34302.28197084354
15406,2017-12-22 12:00:00,33557.0,33602.56738601808
15407,2017-12-22 13:00:00,32556.0,32514.53990995807
15408,2017-12-22 14:00:00,31978.0,31958.747367131655
15409,2017-12-22 15:00:00,31633.0,31612.829771779943
15410,2017-12-22 16:00:00,31912.0,31935.311350026703
15411,2017-12-22 17:00:00,33408.0,33425.093702165985
15412,2017-12-22 18:00:00,35052.0,35008.17253218074
15413,2017-12-22 19:00:00,34553.0,34517.970884607195
15414,2017-12-22 20:00:00,33787.0,33768.87847802115
15415,2017-12-22 21:00:00,32940.0,32960.41039723874
15416,2017-12-22 22:00:00,31756.0,31798.92351753146
15417,2017-12-22 23:00:00,29934.0,29915.54742528248
15418,2017-12-23 00:00:00,27861.0,27863.557404343734
15419,2017-12-21 01:00:00,29298.0,29285.261048550845
15420,2017-12-21 02:00:00,28547.0,28554.735713100326
15421,2017-12-21 03:00:00,28281.0,28293.79745371238
15422,2017-12-21 04:00:00,28477.0,28478.829485421415
15423,2017-12-21 05:00:00,29401.0,29389.90223877706
15424,2017-12-21 06:00:00,31616.0,31653.978296367884
15425,2017-12-21 07:00:00,35063.0,35093.19176098561
15426,2017-12-21 08:00:00,36751.0,36800.84055718121
15427,2017-12-21 09:00:00,36240.0,36231.269287695206
15428,2017-12-21 10:00:00,34769.0,34722.87434919418
15429,2017-12-21 11:00:00,33622.0,33637.137059534485
15430,2017-12-21 12:00:00,32632.0,32660.34268555907
15431,2017-12-21 13:00:00,31828.0,31871.678429327243
15432,2017-12-21 14:00:00,31575.0,31526.036396719664
15433,2017-12-21 15:00:00,31564.0,31601.958201083482
15434,2017-12-21 16:00:00,32149.0,32150.673807325373
15435,2017-12-21 17:00:00,34175.0,34162.48178337933
15436,2017-12-21 18:00:00,37117.0,37089.19369355855
15437,2017-12-21 19:00:00,37394.0,37425.41238620129
15438,2017-12-21 20:00:00,37176.0,37162.3740366724
15439,2017-12-21 21:00:00,36687.0,36697.45569363585
15440,2017-12-21 22:00:00,35509.0,35510.166671704836
15441,2017-12-21 23:00:00,33429.0,33405.31547079425
15442,2017-12-22 00:00:00,31293.0,31321.778243918896
15443,2017-12-20 01:00:00,26055.0,26034.81738199794
15444,2017-12-20 02:00:00,25105.0,25133.731549717046
15445,2017-12-20 03:00:00,24601.0,24591.954113254636
15446,2017-12-20 04:00:00,24591.0,24544.008526620513
15447,2017-12-20 05:00:00,25395.0,25421.742736658663
15448,2017-12-20 06:00:00,27495.0,27534.927430305157
15449,2017-12-20 07:00:00,31087.0,31048.978725607165
15450,2017-12-20 08:00:00,33035.0,33043.52348887525
15451,2017-12-20 09:00:00,33095.0,33052.1757554665
15452,2017-12-20 10:00:00,33022.0,33054.988754295766
15453,2017-12-20 11:00:00,32908.0,32956.795896835196
15454,2017-12-20 12:00:00,32521.0,32520.499246848653
15455,2017-12-20 13:00:00,31937.0,31918.339773569194
15456,2017-12-20 14:00:00,31602.0,31636.574928175876
15457,2017-12-20 15:00:00,31484.0,31486.07791203148
15458,2017-12-20 16:00:00,31814.0,31808.90257105027
15459,2017-12-20 17:00:00,33567.0,33539.78075866778
15460,2017-12-20 18:00:00,36439.0,36450.60178102661
15461,2017-12-20 19:00:00,36713.0,36723.631757310024
15462,2017-12-20 20:00:00,36605.0,36581.28344108461
15463,2017-12-20 21:00:00,36256.0,36227.1410101327
15464,2017-12-20 22:00:00,35018.0,35011.85659505489
15465,2017-12-20 23:00:00,32959.0,32954.08161011449
15466,2017-12-21 00:00:00,30817.0,30779.841118731612
15467,2017-12-19 01:00:00,26533.0,26510.605865528993
15468,2017-12-19 02:00:00,25716.0,25682.035212411378
15469,2017-12-19 03:00:00,25364.0,25404.144531472917
15470,2017-12-19 04:00:00,25392.0,25349.433800050716
15471,2017-12-19 05:00:00,26161.0,26198.87587888159
15472,2017-12-19 06:00:00,28261.0,28263.788417687265
15473,2017-12-19 07:00:00,31687.0,31703.53213910993
15474,2017-12-19 08:00:00,33521.0,33563.324970675676
15475,2017-12-19 09:00:00,33254.0,33240.53866019074
15476,2017-12-19 10:00:00,32446.0,32466.26183734668
15477,2017-12-19 11:00:00,31556.0,31573.16968799748
15478,2017-12-19 12:00:00,30707.0,30755.834695877766
15479,2017-12-19 13:00:00,30123.0,30077.604830181812
15480,2017-12-19 14:00:00,29936.0,29931.54360465305
15481,2017-12-19 15:00:00,29846.0,29894.95550422584
15482,2017-12-19 16:00:00,30237.0,30219.787545037634
15483,2017-12-19 17:00:00,31966.0,32012.56639899176
15484,2017-12-19 18:00:00,34631.0,34662.67189904702
15485,2017-12-19 19:00:00,34736.0,34719.93232576683
15486,2017-12-19 20:00:00,34335.0,34287.910585593585
15487,2017-12-19 21:00:00,33735.0,33713.03444690054
15488,2017-12-19 22:00:00,32334.0,32296.37209265822
15489,2017-12-19 23:00:00,30019.0,30011.845802440515
15490,2017-12-20 00:00:00,27700.0,27743.952236325305
15491,2017-12-18 01:00:00,27725.0,27726.26173936115
15492,2017-12-18 02:00:00,26806.0,26800.75081699608
15493,2017-12-18 03:00:00,26439.0,26410.575749810458
15494,2017-12-18 04:00:00,26569.0,26581.143623963217
15495,2017-12-18 05:00:00,27449.0,27444.537376431246
15496,2017-12-18 06:00:00,29685.0,29712.271618976836
15497,2017-12-18 07:00:00,33016.0,33017.612197596725
15498,2017-12-18 08:00:00,34978.0,35016.657612426025
15499,2017-12-18 09:00:00,34924.0,34952.301432404674
15500,2017-12-18 10:00:00,34074.0,34038.50653021401
15501,2017-12-18 11:00:00,33188.0,33151.60015858831
15502,2017-12-18 12:00:00,32341.0,32293.435098221307
15503,2017-12-18 13:00:00,31687.0,31673.901000032987
15504,2017-12-18 14:00:00,31444.0,31399.46187306166
15505,2017-12-18 15:00:00,31336.0,31330.995158637757
15506,2017-12-18 16:00:00,31875.0,31849.135392369953
15507,2017-12-18 17:00:00,33788.0,33787.823826885535
15508,2017-12-18 18:00:00,36077.0,36042.83024012407
15509,2017-12-18 19:00:00,36189.0,36193.91901908133
15510,2017-12-18 20:00:00,35659.0,35705.64335106837
15511,2017-12-18 21:00:00,34843.0,34856.72321944726
15512,2017-12-18 22:00:00,33299.0,33305.4389560613
15513,2017-12-18 23:00:00,30861.0,30889.804602724616
15514,2017-12-19 00:00:00,28336.0,28286.55671451843
15515,2017-12-17 01:00:00,29450.0,29428.246310484425
15516,2017-12-17 02:00:00,28590.0,28638.69779052927
15517,2017-12-17 03:00:00,28159.0,28187.26190690795
15518,2017-12-17 04:00:00,28116.0,28075.0267222883
15519,2017-12-17 05:00:00,28425.0,28407.645998903365
15520,2017-12-17 06:00:00,29188.0,29181.98642004403
15521,2017-12-17 07:00:00,30382.0,30425.458396460508
15522,2017-12-17 08:00:00,31355.0,31363.618706459634
15523,2017-12-17 09:00:00,32141.0,32098.72256164461
15524,2017-12-17 10:00:00,32210.0,32210.907325961474
15525,2017-12-17 11:00:00,31609.0,31587.93871364854
15526,2017-12-17 12:00:00,30994.0,30977.87014216062
15527,2017-12-17 13:00:00,30750.0,30711.42692722996
15528,2017-12-17 14:00:00,30658.0,30653.875571688164
15529,2017-12-17 15:00:00,30727.0,30743.948479997733
15530,2017-12-17 16:00:00,31159.0,31184.95508494906
15531,2017-12-17 17:00:00,33150.0,33169.538688648
15532,2017-12-17 18:00:00,35346.0,35362.05133832858
15533,2017-12-17 19:00:00,35400.0,35436.92170542799
15534,2017-12-17 20:00:00,35177.0,35160.23711032871
15535,2017-12-17 21:00:00,34719.0,34690.459401035565
15536,2017-12-17 22:00:00,33371.0,33329.94383990893
15537,2017-12-17 23:00:00,31278.0,31244.570629620117
15538,2017-12-18 00:00:00,29154.0,29118.93916530907
15539,2017-12-16 01:00:00,33642.0,33683.24969801011
15540,2017-12-16 02:00:00,32655.0,32623.05169300473
15541,2017-12-16 03:00:00,32065.0,32024.394442550678
15542,2017-12-16 04:00:00,31676.0,31666.025232200012
15543,2017-12-16 05:00:00,31868.0,31834.96107603502
15544,2017-12-16 06:00:00,32754.0,32717.05681153243
15545,2017-12-16 07:00:00,34159.0,34145.24090070397
15546,2017-12-16 08:00:00,35303.0,35344.938386987305
15547,2017-12-16 09:00:00,36240.0,36193.043389762664
15548,2017-12-16 10:00:00,36368.0,36338.77168327165
15549,2017-12-16 11:00:00,35475.0,35507.42270129715
15550,2017-12-16 12:00:00,34389.0,34363.5235627064
15551,2017-12-16 13:00:00,33264.0,33258.10917479968
15552,2017-12-16 14:00:00,32637.0,32596.85422226352
15553,2017-12-16 15:00:00,32397.0,32426.51742385611
15554,2017-12-16 16:00:00,32592.0,32615.64610274987
15555,2017-12-16 17:00:00,34104.0,34066.806368084275
15556,2017-12-16 18:00:00,36171.0,36215.79625581023
15557,2017-12-16 19:00:00,36000.0,36009.06232586931
15558,2017-12-16 20:00:00,35523.0,35552.815781273675
15559,2017-12-16 21:00:00,34999.0,35025.37992867636
15560,2017-12-16 22:00:00,34122.0,34123.90729594463
15561,2017-12-16 23:00:00,32635.0,32659.749162210373
15562,2017-12-17 00:00:00,30928.0,30901.779766530322
15563,2017-12-15 01:00:00,32407.0,32359.126392892165
15564,2017-12-15 02:00:00,31685.0,31669.207607487246
15565,2017-12-15 03:00:00,31500.0,31465.250272656063
15566,2017-12-15 04:00:00,31746.0,31794.108069352675
15567,2017-12-15 05:00:00,32683.0,32725.362513932814
15568,2017-12-15 06:00:00,34887.0,34851.41377407447
15569,2017-12-15 07:00:00,38212.0,38196.39899321916
15570,2017-12-15 08:00:00,39878.0,39878.93167706555
15571,2017-12-15 09:00:00,39874.0,39863.872898210764
15572,2017-12-15 10:00:00,39539.0,39559.00186864942
15573,2017-12-15 11:00:00,39323.0,39323.351843732235
15574,2017-12-15 12:00:00,39103.0,39109.526320976845
15575,2017-12-15 13:00:00,38733.0,38750.76395903427
15576,2017-12-15 14:00:00,38760.0,38712.36676421095
15577,2017-12-15 15:00:00,38849.0,38800.242557503254
15578,2017-12-15 16:00:00,39112.0,39079.812388422186
15579,2017-12-15 17:00:00,40494.0,40515.83050501484
15580,2017-12-15 18:00:00,42177.0,42151.042139758734
15581,2017-12-15 19:00:00,41864.0,41906.017679575605
15582,2017-12-15 20:00:00,41185.0,41142.84972464275
15583,2017-12-15 21:00:00,40385.0,40392.99087578124
15584,2017-12-15 22:00:00,39159.0,39111.55471226322
15585,2017-12-15 23:00:00,37230.0,37277.20585652646
15586,2017-12-16 00:00:00,35249.0,35220.36698298505
15587,2017-12-14 01:00:00,31919.0,31927.7637207657
15588,2017-12-14 02:00:00,30921.0,30966.30554150503
15589,2017-12-14 03:00:00,30498.0,30451.03651019845
15590,2017-12-14 04:00:00,30416.0,30417.27346413956
15591,2017-12-14 05:00:00,31130.0,31132.671328699515
15592,2017-12-14 06:00:00,33045.0,33030.14851292064
15593,2017-12-14 07:00:00,35997.0,36012.455271629166
15594,2017-12-14 08:00:00,37565.0,37569.25299689311
15595,2017-12-14 09:00:00,37413.0,37387.91413090284
15596,2017-12-14 10:00:00,36920.0,36940.53096108018
15597,2017-12-14 11:00:00,36443.0,36439.61710589447
15598,2017-12-14 12:00:00,35847.0,35844.03105255685
15599,2017-12-14 13:00:00,35162.0,35207.19203219481
15600,2017-12-14 14:00:00,34779.0,34782.50322739833
15601,2017-12-14 15:00:00,34835.0,34863.46572496123
15602,2017-12-14 16:00:00,35433.0,35469.73869341075
15603,2017-12-14 17:00:00,37713.0,37721.07297924617
15604,2017-12-14 18:00:00,40566.0,40594.63742139442
15605,2017-12-14 19:00:00,40715.0,40695.95425665668
15606,2017-12-14 20:00:00,40376.0,40344.19260329084
15607,2017-12-14 21:00:00,39825.0,39844.553890447634
15608,2017-12-14 22:00:00,38460.0,38502.61927097754
15609,2017-12-14 23:00:00,36128.0,36082.249681317946
15610,2017-12-15 00:00:00,33909.0,33935.305767637496
15611,2017-12-13 01:00:00,32697.0,32649.839882207198
15612,2017-12-13 02:00:00,32202.0,32197.860233588624
15613,2017-12-13 03:00:00,32189.0,32206.718968292094
15614,2017-12-13 04:00:00,32536.0,32526.53043876736
15615,2017-12-13 05:00:00,33562.0,33542.09506271602
15616,2017-12-13 06:00:00,36069.0,36037.68364701023
15617,2017-12-13 07:00:00,39759.0,39806.78716916093
15618,2017-12-13 08:00:00,41160.0,41167.03160493201
15619,2017-12-13 09:00:00,40449.0,40411.784451373496
15620,2017-12-13 10:00:00,39312.0,39266.81501153828
15621,2017-12-13 11:00:00,38594.0,38568.33907822472
15622,2017-12-13 12:00:00,37756.0,37759.862510233506
15623,2017-12-13 13:00:00,36947.0,36972.19908638992
15624,2017-12-13 14:00:00,36677.0,36725.095969710375
15625,2017-12-13 15:00:00,36444.0,36477.394671091395
15626,2017-12-13 16:00:00,37057.0,37068.19684625512
15627,2017-12-13 17:00:00,39391.0,39407.64773905286
15628,2017-12-13 18:00:00,42018.0,42020.206976937865
15629,2017-12-13 19:00:00,41911.0,41904.45738357491
15630,2017-12-13 20:00:00,41225.0,41253.47248846406
15631,2017-12-13 21:00:00,40392.0,40359.735691890535
15632,2017-12-13 22:00:00,38630.0,38613.393323612276
15633,2017-12-13 23:00:00,36038.0,36085.86832782194
15634,2017-12-14 00:00:00,33673.0,33680.173038787434
15635,2017-12-12 01:00:00,28399.0,28398.85099529096
15636,2017-12-12 02:00:00,27423.0,27458.078902351113
15637,2017-12-12 03:00:00,27014.0,27040.20198828503
15638,2017-12-12 04:00:00,26906.0,26888.604178204674
15639,2017-12-12 05:00:00,27572.0,27584.59616308658
15640,2017-12-12 06:00:00,29673.0,29641.53913095239
15641,2017-12-12 07:00:00,33037.0,32992.29775091595
15642,2017-12-12 08:00:00,34625.0,34673.98482409215
15643,2017-12-12 09:00:00,34478.0,34501.72121021632
15644,2017-12-12 10:00:00,34215.0,34258.07653510444
15645,2017-12-12 11:00:00,33953.0,33986.18870767694
15646,2017-12-12 12:00:00,33685.0,33677.80744094882
15647,2017-12-12 13:00:00,33321.0,33357.144098469515
15648,2017-12-12 14:00:00,33292.0,33320.66994115595
15649,2017-12-12 15:00:00,33272.0,33247.82549474356
15650,2017-12-12 16:00:00,33844.0,33856.300864836696
15651,2017-12-12 17:00:00,35848.0,35828.50175298877
15652,2017-12-12 18:00:00,38174.0,38147.40355259482
15653,2017-12-12 19:00:00,38533.0,38491.17334942637
15654,2017-12-12 20:00:00,38705.0,38709.316069497785
15655,2017-12-12 21:00:00,38537.0,38526.24264703935
15656,2017-12-12 22:00:00,37655.0,37613.804529613415
15657,2017-12-12 23:00:00,35771.0,35792.83556474001
15658,2017-12-13 00:00:00,33958.0,33980.30607830089
15659,2017-12-11 01:00:00,28445.0,28418.53120839433
15660,2017-12-11 02:00:00,27644.0,27689.590710805005
15661,2017-12-11 03:00:00,27382.0,27409.786343879397
15662,2017-12-11 04:00:00,27504.0,27534.530424307533
15663,2017-12-11 05:00:00,28510.0,28460.370139096434
15664,2017-12-11 06:00:00,30692.0,30739.843721921538
15665,2017-12-11 07:00:00,34301.0,34350.0294390716
15666,2017-12-11 08:00:00,36021.0,36021.7220482402
15667,2017-12-11 09:00:00,35764.0,35812.50164313552
15668,2017-12-11 10:00:00,34869.0,34880.214069454814
15669,2017-12-11 11:00:00,33912.0,33875.39883711559
15670,2017-12-11 12:00:00,33159.0,33190.42302239541
15671,2017-12-11 13:00:00,32635.0,32640.80849351999
15672,2017-12-11 14:00:00,32392.0,32376.228978635125
15673,2017-12-11 15:00:00,32382.0,32355.618137533238
15674,2017-12-11 16:00:00,32999.0,33000.88970063327
15675,2017-12-11 17:00:00,34943.0,34962.17505417488
15676,2017-12-11 18:00:00,37841.0,37878.70074492989
15677,2017-12-11 19:00:00,37918.0,37927.86386304135
15678,2017-12-11 20:00:00,37511.0,37502.52932862887
15679,2017-12-11 21:00:00,36698.0,36711.21341155968
15680,2017-12-11 22:00:00,35093.0,35092.69594530927
15681,2017-12-11 23:00:00,32508.0,32523.199258892684
15682,2017-12-12 00:00:00,30063.0,30073.897129678746
15683,2017-12-10 01:00:00,29629.0,29676.86833445846
15684,2017-12-10 02:00:00,28813.0,28825.224657105875
15685,2017-12-10 03:00:00,28312.0,28331.10387374259
15686,2017-12-10 04:00:00,28220.0,28259.23846026715
15687,2017-12-10 05:00:00,28413.0,28454.302127668794
15688,2017-12-10 06:00:00,29038.0,29002.087767938334
15689,2017-12-10 07:00:00,30126.0,30121.380502140983
15690,2017-12-10 08:00:00,31044.0,31088.276918807624
15691,2017-12-10 09:00:00,31978.0,32023.97690928862
15692,2017-12-10 10:00:00,32308.0,32277.003244700885
15693,2017-12-10 11:00:00,32086.0,32080.370442521405
15694,2017-12-10 12:00:00,31762.0,31739.865028224634
15695,2017-12-10 13:00:00,31528.0,31557.073635486697
15696,2017-12-10 14:00:00,31341.0,31376.2167401016
15697,2017-12-10 15:00:00,31398.0,31394.924574153516
15698,2017-12-10 16:00:00,31861.0,31878.5660007694
15699,2017-12-10 17:00:00,33840.0,33876.99662856613
15700,2017-12-10 18:00:00,36360.0,36380.95189779969
15701,2017-12-10 19:00:00,36581.0,36546.64263900222
15702,2017-12-10 20:00:00,36321.0,36342.19923365577
15703,2017-12-10 21:00:00,35828.0,35793.89471310647
15704,2017-12-10 22:00:00,34289.0,34304.37454705847
15705,2017-12-10 23:00:00,32083.0,32066.353364832954
15706,2017-12-11 00:00:00,29894.0,29849.644365692482
15707,2017-12-09 01:00:00,28496.0,28468.648172900193
15708,2017-12-09 02:00:00,27587.0,27583.838221385067
15709,2017-12-09 03:00:00,26974.0,27023.401622602963
15710,2017-12-09 04:00:00,26849.0,26824.571124436898
15711,2017-12-09 05:00:00,27108.0,27155.87824958754
15712,2017-12-09 06:00:00,27939.0,27925.421914183407
15713,2017-12-09 07:00:00,29241.0,29287.001097238182
15714,2017-12-09 08:00:00,30676.0,30721.61034381428
15715,2017-12-09 09:00:00,32219.0,32183.289759524185
15716,2017-12-09 10:00:00,33618.0,33650.87192300267
15717,2017-12-09 11:00:00,34609.0,34610.73121149263
15718,2017-12-09 12:00:00,35038.0,35056.62001208395
15719,2017-12-09 13:00:00,34985.0,35012.60755698349
15720,2017-12-09 14:00:00,34811.0,34773.45342235324
15721,2017-12-09 15:00:00,34681.0,34710.89724947261
15722,2017-12-09 16:00:00,34796.0,34776.2794169388
15723,2017-12-09 17:00:00,36151.0,36174.2369737623
15724,2017-12-09 18:00:00,37739.0,37746.36588078712
15725,2017-12-09 19:00:00,37439.0,37457.46650584071
15726,2017-12-09 20:00:00,36728.0,36740.28784884276
15727,2017-12-09 21:00:00,35908.0,35939.04205437396
15728,2017-12-09 22:00:00,34735.0,34774.45600791329
15729,2017-12-09 23:00:00,32969.0,32963.91020813931
15730,2017-12-10 00:00:00,31151.0,31140.217095237622
15731,2017-12-08 01:00:00,27743.0,27717.219032023204
15732,2017-12-08 02:00:00,26999.0,27030.383902187146
15733,2017-12-08 03:00:00,26708.0,26754.701375817796
15734,2017-12-08 04:00:00,26872.0,26841.532163342916
15735,2017-12-08 05:00:00,27713.0,27708.784238174645
15736,2017-12-08 06:00:00,29922.0,29949.033750472252
15737,2017-12-08 07:00:00,33446.0,33459.60429566435
15738,2017-12-08 08:00:00,35168.0,35199.50308789353
15739,2017-12-08 09:00:00,35137.0,35088.61453505407
15740,2017-12-08 10:00:00,34817.0,34858.1347456204
15741,2017-12-08 11:00:00,34451.0,34407.13517661682
15742,2017-12-08 12:00:00,33868.0,33862.54781490603
15743,2017-12-08 13:00:00,33622.0,33599.57643983114
15744,2017-12-08 14:00:00,33762.0,33804.81937321115
15745,2017-12-08 15:00:00,33880.0,33857.5143133563
15746,2017-12-08 16:00:00,34355.0,34342.33369278689
15747,2017-12-08 17:00:00,36112.0,36150.834006003875
15748,2017-12-08 18:00:00,37533.0,37536.740614033784
15749,2017-12-08 19:00:00,37039.0,37078.820170617604
15750,2017-12-08 20:00:00,36301.0,36317.096910473774
15751,2017-12-08 21:00:00,35469.0,35426.91916026315
15752,2017-12-08 22:00:00,34188.0,34181.47866785019
15753,2017-12-08 23:00:00,32287.0,32254.63884875323
15754,2017-12-09 00:00:00,30207.0,30163.51332863274
15755,2017-12-07 01:00:00,27350.0,27337.381893110436
15756,2017-12-07 02:00:00,26629.0,26669.842908854258
15757,2017-12-07 03:00:00,26284.0,26245.766993462592
15758,2017-12-07 04:00:00,26317.0,26267.67720999409
15759,2017-12-07 05:00:00,27167.0,27210.508912117275
15760,2017-12-07 06:00:00,29418.0,29421.01054909303
15761,2017-12-07 07:00:00,33045.0,33050.858028997005
15762,2017-12-07 08:00:00,34574.0,34616.84530097799
15763,2017-12-07 09:00:00,33952.0,33972.01787639272
15764,2017-12-07 10:00:00,32905.0,32937.681283688304
15765,2017-12-07 11:00:00,32227.0,32254.04934762824
15766,2017-12-07 12:00:00,31648.0,31659.18574336335
15767,2017-12-07 13:00:00,31169.0,31187.839869174008
15768,2017-12-07 14:00:00,31088.0,31094.070299465104
15769,2017-12-07 15:00:00,31214.0,31199.539730390487
15770,2017-12-07 16:00:00,31830.0,31808.535258543892
15771,2017-12-07 17:00:00,33785.0,33752.594445491544
15772,2017-12-07 18:00:00,36357.0,36342.400198184725
15773,2017-12-07 19:00:00,36469.0,36476.68962861578
15774,2017-12-07 20:00:00,36099.0,36107.75373122641
15775,2017-12-07 21:00:00,35442.0,35460.34193375926
15776,2017-12-07 22:00:00,33981.0,34018.94252377151
15777,2017-12-07 23:00:00,31624.0,31639.1848167032
15778,2017-12-08 00:00:00,29311.0,29278.088628151814
15779,2017-12-06 01:00:00,23997.0,23949.56977488461
15780,2017-12-06 02:00:00,23266.0,23235.68728191966
15781,2017-12-06 03:00:00,22998.0,23038.810240289404
15782,2017-12-06 04:00:00,23135.0,23141.76546348603
15783,2017-12-06 05:00:00,23976.0,24010.860690975434
15784,2017-12-06 06:00:00,26331.0,26304.430844033486
15785,2017-12-06 07:00:00,30118.0,30138.988060639265
15786,2017-12-06 08:00:00,32315.0,32338.16741913374
15787,2017-12-06 09:00:00,32496.0,32526.953519447907
15788,2017-12-06 10:00:00,32484.0,32487.551415340793
15789,2017-12-06 11:00:00,32140.0,32169.351156111385
15790,2017-12-06 12:00:00,31444.0,31487.544435845688
15791,2017-12-06 13:00:00,30785.0,30830.739345027567
15792,2017-12-06 14:00:00,30822.0,30784.543657910537
15793,2017-12-06 15:00:00,31425.0,31437.430770125127
15794,2017-12-06 16:00:00,32097.0,32058.348597208384
15795,2017-12-06 17:00:00,34167.0,34209.25855248676
15796,2017-12-06 18:00:00,36332.0,36377.53938664177
15797,2017-12-06 19:00:00,36330.0,36329.959201596415
15798,2017-12-06 20:00:00,35924.0,35969.989321006906
15799,2017-12-06 21:00:00,35205.0,35231.624162283326
15800,2017-12-06 22:00:00,33727.0,33746.59388104397
15801,2017-12-06 23:00:00,31274.0,31282.07577994953
15802,2017-12-07 00:00:00,28913.0,28903.677759306778
15803,2017-12-05 01:00:00,25728.0,25774.37801133316
15804,2017-12-05 02:00:00,24851.0,24820.705134471973
15805,2017-12-05 03:00:00,24430.0,24460.253789697163
15806,2017-12-05 04:00:00,24356.0,24342.745294148754
15807,2017-12-05 05:00:00,24970.0,24995.324570622884
15808,2017-12-05 06:00:00,26934.0,26900.36876884644
15809,2017-12-05 07:00:00,30164.0,30151.330431081686
15810,2017-12-05 08:00:00,31749.0,31793.614632594705
15811,2017-12-05 09:00:00,31613.0,31618.729523640868
15812,2017-12-05 10:00:00,31426.0,31425.124897514248
15813,2017-12-05 11:00:00,31257.0,31282.2106954347
15814,2017-12-05 12:00:00,31115.0,31106.705366634716
15815,2017-12-05 13:00:00,30699.0,30698.30245509945
15816,2017-12-05 14:00:00,30804.0,30810.060698682177
15817,2017-12-05 15:00:00,30783.0,30831.998691115707
15818,2017-12-05 16:00:00,31028.0,31058.537326113503
15819,2017-12-05 17:00:00,32612.0,32565.980027951704
15820,2017-12-05 18:00:00,34140.0,34168.36177884179
15821,2017-12-05 19:00:00,33846.0,33846.297558422746
15822,2017-12-05 20:00:00,33202.0,33175.06656853102
15823,2017-12-05 21:00:00,32233.0,32268.350231861234
15824,2017-12-05 22:00:00,30557.0,30534.05317973919
15825,2017-12-05 23:00:00,28025.0,28007.041114525015
15826,2017-12-06 00:00:00,25616.0,25572.2993456215
15827,2017-12-04 01:00:00,26472.0,26519.76049653088
15828,2017-12-04 02:00:00,26033.0,26062.5382349115
15829,2017-12-04 03:00:00,26033.0,25997.810173880942
15830,2017-12-04 04:00:00,26390.0,26388.95497640277
15831,2017-12-04 05:00:00,27538.0,27521.67471869611
15832,2017-12-04 06:00:00,29982.0,29935.239408000267
15833,2017-12-04 07:00:00,33549.0,33591.72210568721
15834,2017-12-04 08:00:00,35076.0,35109.94102356008
15835,2017-12-04 09:00:00,34674.0,34722.69276326863
15836,2017-12-04 10:00:00,33362.0,33336.25147822663
15837,2017-12-04 11:00:00,32234.0,32253.941709079438
15838,2017-12-04 12:00:00,31488.0,31449.816930948462
15839,2017-12-04 13:00:00,30857.0,30850.139322178977
15840,2017-12-04 14:00:00,30579.0,30613.6739547994
15841,2017-12-04 15:00:00,30555.0,30505.805771906173
15842,2017-12-04 16:00:00,31012.0,31010.070054411855
15843,2017-12-04 17:00:00,32942.0,32935.46965674348
15844,2017-12-04 18:00:00,35409.0,35428.09984749414
15845,2017-12-04 19:00:00,35430.0,35403.79263693704
15846,2017-12-04 20:00:00,34998.0,34965.328328465315
15847,2017-12-04 21:00:00,34097.0,34112.06996223557
15848,2017-12-04 22:00:00,32395.0,32409.12562438743
15849,2017-12-04 23:00:00,29885.0,29910.178372964445
15850,2017-12-05 00:00:00,27494.0,27468.69134661287
15851,2017-12-03 01:00:00,26264.0,26215.632572964216
15852,2017-12-03 02:00:00,25451.0,25488.79577148873
15853,2017-12-03 03:00:00,24998.0,24968.633850685004
15854,2017-12-03 04:00:00,24769.0,24760.796856445086
15855,2017-12-03 05:00:00,24856.0,24852.85005212916
15856,2017-12-03 06:00:00,25376.0,25344.733489726157
15857,2017-12-03 07:00:00,26316.0,26318.082959120948
15858,2017-12-03 08:00:00,27284.0,27325.42906448352
15859,2017-12-03 09:00:00,28246.0,28223.135390069358
15860,2017-12-03 10:00:00,28564.0,28566.033971969227
15861,2017-12-03 11:00:00,28356.0,28336.869637982338
15862,2017-12-03 12:00:00,28024.0,28072.07254273682
15863,2017-12-03 13:00:00,27648.0,27620.05984940852
15864,2017-12-03 14:00:00,27338.0,27298.93302640144
15865,2017-12-03 15:00:00,27236.0,27200.261844291745
15866,2017-12-03 16:00:00,27503.0,27489.704959346203
15867,2017-12-03 17:00:00,29317.0,29322.285155717484
15868,2017-12-03 18:00:00,32132.0,32148.801102735724
15869,2017-12-03 19:00:00,32626.0,32632.24131202041
15870,2017-12-03 20:00:00,32636.0,32676.553657750897
15871,2017-12-03 21:00:00,32265.0,32251.02910657262
15872,2017-12-03 22:00:00,31155.0,31176.233365037373
15873,2017-12-03 23:00:00,29472.0,29448.818109043652
15874,2017-12-04 00:00:00,27734.0,27752.17599701625
15875,2017-12-02 01:00:00,26763.0,26805.581448206507
15876,2017-12-02 02:00:00,26199.0,26246.840376269596
15877,2017-12-02 03:00:00,25927.0,25949.969402697334
15878,2017-12-02 04:00:00,26000.0,26044.244648482527
15879,2017-12-02 05:00:00,26405.0,26423.043422280956
15880,2017-12-02 06:00:00,27498.0,27544.31962385117
15881,2017-12-02 07:00:00,28957.0,28996.802056975677
15882,2017-12-02 08:00:00,30106.0,30066.66196510022
15883,2017-12-02 09:00:00,30519.0,30516.41231645749
15884,2017-12-02 10:00:00,29827.0,29811.74498876795
15885,2017-12-02 11:00:00,29098.0,29050.699908444316
15886,2017-12-02 12:00:00,28406.0,28402.690421642717
15887,2017-12-02 13:00:00,28009.0,27973.835118671243
15888,2017-12-02 14:00:00,27739.0,27692.645290771903
15889,2017-12-02 15:00:00,27700.0,27694.501811094207
15890,2017-12-02 16:00:00,28034.0,28007.238554459665
15891,2017-12-02 17:00:00,29637.0,29680.52918042081
15892,2017-12-02 18:00:00,31679.0,31710.26973133589
15893,2017-12-02 19:00:00,31750.0,31795.617113577446
15894,2017-12-02 20:00:00,31497.0,31535.146490999992
15895,2017-12-02 21:00:00,31153.0,31175.79563920608
15896,2017-12-02 22:00:00,30430.0,30439.76425743794
15897,2017-12-02 23:00:00,29111.0,29067.545455036274
15898,2017-12-03 00:00:00,27527.0,27503.58072338491
15899,2017-12-01 01:00:00,24804.0,24825.074103978393
15900,2017-12-01 02:00:00,24003.0,23993.11806689023
15901,2017-12-01 03:00:00,23780.0,23762.53642988573
15902,2017-12-01 04:00:00,23891.0,23851.396813403026
15903,2017-12-01 05:00:00,24694.0,24651.018410971334
15904,2017-12-01 06:00:00,26782.0,26752.998780758582
15905,2017-12-01 07:00:00,30145.0,30178.45757988584
15906,2017-12-01 08:00:00,31742.0,31758.301594364726
15907,2017-12-01 09:00:00,31183.0,31167.0946630164
15908,2017-12-01 10:00:00,30272.0,30228.10284659686
15909,2017-12-01 11:00:00,29862.0,29830.837253112655
15910,2017-12-01 12:00:00,29289.0,29283.98848229257
15911,2017-12-01 13:00:00,28734.0,28699.32179233522
15912,2017-12-01 14:00:00,28629.0,28655.260042631056
15913,2017-12-01 15:00:00,28655.0,28683.86350478919
15914,2017-12-01 16:00:00,29093.0,29056.687112084437
15915,2017-12-01 17:00:00,30607.0,30629.687131139257
15916,2017-12-01 18:00:00,33082.0,33083.22391373938
15917,2017-12-01 19:00:00,32977.0,33023.23815440759
15918,2017-12-01 20:00:00,32585.0,32613.756773716297
15919,2017-12-01 21:00:00,32129.0,32137.529823245717
15920,2017-12-01 22:00:00,31259.0,31269.36178806263
15921,2017-12-01 23:00:00,29784.0,29751.891209250323
15922,2017-12-02 00:00:00,28097.0,28136.3627460064
15923,2017-11-30 01:00:00,25513.0,25518.92477388635
15924,2017-11-30 02:00:00,24907.0,24914.40969940346
15925,2017-11-30 03:00:00,24727.0,24734.541834158546
15926,2017-11-30 04:00:00,24939.0,24916.62357609383
15927,2017-11-30 05:00:00,25821.0,25852.20905949557
15928,2017-11-30 06:00:00,28087.0,28123.23394783422
15929,2017-11-30 07:00:00,31574.0,31552.788486220863
15930,2017-11-30 08:00:00,33133.0,33127.177012019325
15931,2017-11-30 09:00:00,32963.0,32930.91508877463
15932,2017-11-30 10:00:00,32228.0,32201.854244631922
15933,2017-11-30 11:00:00,31450.0,31433.598281644812
15934,2017-11-30 12:00:00,30549.0,30589.19893840961
15935,2017-11-30 13:00:00,29877.0,29889.615966203466
15936,2017-11-30 14:00:00,29678.0,29686.7948994482
15937,2017-11-30 15:00:00,29569.0,29613.675745555774
15938,2017-11-30 16:00:00,29865.0,29894.132047168707
15939,2017-11-30 17:00:00,31593.0,31544.60505749221
15940,2017-11-30 18:00:00,33875.0,33837.43346150028
15941,2017-11-30 19:00:00,33825.0,33799.77537442006
15942,2017-11-30 20:00:00,33377.0,33357.39205562107
15943,2017-11-30 21:00:00,32491.0,32524.40622362257
15944,2017-11-30 22:00:00,30845.0,30871.990859725054
15945,2017-11-30 23:00:00,28581.0,28545.54474157645
15946,2017-12-01 00:00:00,26364.0,26367.39327054656
15947,2017-11-29 01:00:00,24961.0,24921.91163950793
15948,2017-11-29 02:00:00,24223.0,24190.288413819853
15949,2017-11-29 03:00:00,23992.0,23966.21876857221
15950,2017-11-29 04:00:00,24023.0,24063.529504412596
15951,2017-11-29 05:00:00,24835.0,24821.572186317757
15952,2017-11-29 06:00:00,27031.0,27072.58175008281
15953,2017-11-29 07:00:00,30370.0,30395.07407614386
15954,2017-11-29 08:00:00,31610.0,31634.94059781704
15955,2017-11-29 09:00:00,31043.0,31073.349157953362
15956,2017-11-29 10:00:00,30139.0,30098.59657774021
15957,2017-11-29 11:00:00,29354.0,29385.461701618777
15958,2017-11-29 12:00:00,28956.0,28931.25835407357
15959,2017-11-29 13:00:00,28647.0,28695.39314061484
15960,2017-11-29 14:00:00,28626.0,28660.82031585398
15961,2017-11-29 15:00:00,28716.0,28765.66455383329
15962,2017-11-29 16:00:00,29028.0,29071.71162727496
15963,2017-11-29 17:00:00,30455.0,30440.972923836263
15964,2017-11-29 18:00:00,32878.0,32922.168999484944
15965,2017-11-29 19:00:00,33062.0,33045.02299735594
15966,2017-11-29 20:00:00,32676.0,32691.92727210769
15967,2017-11-29 21:00:00,32073.0,32104.86501229496
15968,2017-11-29 22:00:00,30715.0,30703.196972400616
15969,2017-11-29 23:00:00,28672.0,28642.386725729357
15970,2017-11-30 00:00:00,26822.0,26861.48869476367
15971,2017-11-28 01:00:00,26070.0,26030.328181321092
15972,2017-11-28 02:00:00,25500.0,25486.497544653637
15973,2017-11-28 03:00:00,25330.0,25334.057265517633
15974,2017-11-28 04:00:00,25595.0,25625.474966782054
15975,2017-11-28 05:00:00,26569.0,26605.884493351812
15976,2017-11-28 06:00:00,28874.0,28875.16332498623
15977,2017-11-28 07:00:00,32304.0,32311.339675199626
15978,2017-11-28 08:00:00,33710.0,33745.38256000849
15979,2017-11-28 09:00:00,32870.0,32866.70122154674
15980,2017-11-28 10:00:00,31539.0,31544.910288087674
15981,2017-11-28 11:00:00,30548.0,30499.843881835423
15982,2017-11-28 12:00:00,29811.0,29856.111871609424
15983,2017-11-28 13:00:00,29271.0,29277.677823011105
15984,2017-11-28 14:00:00,29178.0,29200.757430985668
15985,2017-11-28 15:00:00,29151.0,29125.791297163447
15986,2017-11-28 16:00:00,29474.0,29489.65884543415
15987,2017-11-28 17:00:00,30987.0,30983.002568865297
15988,2017-11-28 18:00:00,33453.0,33414.24701396561
15989,2017-11-28 19:00:00,33594.0,33627.016621407456
15990,2017-11-28 20:00:00,33175.0,33208.93387341928
15991,2017-11-28 21:00:00,32405.0,32361.371325627195
15992,2017-11-28 22:00:00,30759.0,30748.060523912645
15993,2017-11-28 23:00:00,28503.0,28481.144258912755
15994,2017-11-29 00:00:00,26402.0,26403.636930465174
15995,2017-11-27 01:00:00,25682.0,25680.879604736834
15996,2017-11-27 02:00:00,25020.0,25035.64274329497
15997,2017-11-27 03:00:00,24746.0,24720.748766149038
15998,2017-11-27 04:00:00,24855.0,24827.169943332403
15999,2017-11-27 05:00:00,25703.0,25725.332662578043
16000,2017-11-27 06:00:00,27844.0,27891.62052044526
16001,2017-11-27 07:00:00,30936.0,30980.63444221817
16002,2017-11-27 08:00:00,32214.0,32243.19862073577
16003,2017-11-27 09:00:00,31654.0,31610.746806328145
16004,2017-11-27 10:00:00,30727.0,30700.777399026323
16005,2017-11-27 11:00:00,30122.0,30140.96273987818
16006,2017-11-27 12:00:00,29599.0,29578.57726323892
16007,2017-11-27 13:00:00,29049.0,29038.362329575895
16008,2017-11-27 14:00:00,28895.0,28940.368337434356
16009,2017-11-27 15:00:00,28918.0,28876.630726833395
16010,2017-11-27 16:00:00,29416.0,29452.124536792
16011,2017-11-27 17:00:00,30966.0,30921.029813295056
16012,2017-11-27 18:00:00,33522.0,33505.79424068066
16013,2017-11-27 19:00:00,33818.0,33823.54013158756
16014,2017-11-27 20:00:00,33521.0,33506.63842094735
16015,2017-11-27 21:00:00,32749.0,32794.71570259386
16016,2017-11-27 22:00:00,31295.0,31295.437508409355
16017,2017-11-27 23:00:00,29229.0,29252.383902218524
16018,2017-11-28 00:00:00,27306.0,27326.206530937485
16019,2017-11-26 01:00:00,23628.0,23661.50923402748
16020,2017-11-26 02:00:00,22801.0,22837.391411746703
16021,2017-11-26 03:00:00,22422.0,22418.63169923542
16022,2017-11-26 04:00:00,22313.0,22349.300275943428
16023,2017-11-26 05:00:00,22540.0,22555.34498200399
16024,2017-11-26 06:00:00,23255.0,23273.606099180794
16025,2017-11-26 07:00:00,24242.0,24209.32365988703
16026,2017-11-26 08:00:00,25055.0,25029.50994577004
16027,2017-11-26 09:00:00,25856.0,25874.766467788388
16028,2017-11-26 10:00:00,26190.0,26166.563364746315
16029,2017-11-26 11:00:00,26105.0,26104.00399967083
16030,2017-11-26 12:00:00,25839.0,25837.996530186123
16031,2017-11-26 13:00:00,25884.0,25857.403670843953
16032,2017-11-26 14:00:00,26060.0,26066.64940569341
16033,2017-11-26 15:00:00,26250.0,26256.375607594604
16034,2017-11-26 16:00:00,26780.0,26742.901595311952
16035,2017-11-26 17:00:00,28648.0,28636.11147900402
16036,2017-11-26 18:00:00,31433.0,31419.582627899177
16037,2017-11-26 19:00:00,31865.0,31871.208860510174
16038,2017-11-26 20:00:00,31824.0,31848.933121938728
16039,2017-11-26 21:00:00,31417.0,31368.82330646415
16040,2017-11-26 22:00:00,30274.0,30237.25612387476
16041,2017-11-26 23:00:00,28607.0,28587.199492601998
16042,2017-11-27 00:00:00,26888.0,26919.04132449977
16043,2017-11-25 01:00:00,25703.0,25701.05177576074
16044,2017-11-25 02:00:00,25035.0,25036.088658710167
16045,2017-11-25 03:00:00,24758.0,24748.920832614393
16046,2017-11-25 04:00:00,24734.0,24725.514472552037
16047,2017-11-25 05:00:00,25120.0,25167.755692244118
16048,2017-11-25 06:00:00,25963.0,26002.864085272435
16049,2017-11-25 07:00:00,27230.0,27252.586735335764
16050,2017-11-25 08:00:00,28061.0,28043.40832338013
16051,2017-11-25 09:00:00,28469.0,28470.368703724285
16052,2017-11-25 10:00:00,28027.0,28045.94128921185
16053,2017-11-25 11:00:00,27358.0,27347.457529767373
16054,2017-11-25 12:00:00,26647.0,26649.447298492672
16055,2017-11-25 13:00:00,26096.0,26060.571088764704
16056,2017-11-25 14:00:00,25769.0,25728.35766437198
16057,2017-11-25 15:00:00,25843.0,25809.73097432418
16058,2017-11-25 16:00:00,26315.0,26340.565714300254
16059,2017-11-25 17:00:00,27685.0,27653.99620253044
16060,2017-11-25 18:00:00,29447.0,29489.47216794869
16061,2017-11-25 19:00:00,29411.0,29397.85488496735
16062,2017-11-25 20:00:00,29112.0,29078.903280875475
16063,2017-11-25 21:00:00,28620.0,28652.524413452735
16064,2017-11-25 22:00:00,27794.0,27789.664684059237
16065,2017-11-25 23:00:00,26495.0,26483.845984099466
16066,2017-11-26 00:00:00,24966.0,24948.945317632704
16067,2017-11-24 01:00:00,26693.0,26676.051247006104
16068,2017-11-24 02:00:00,26264.0,26280.344101192288
16069,2017-11-24 03:00:00,26076.0,26080.064814451987
16070,2017-11-24 04:00:00,26273.0,26269.76416236637
16071,2017-11-24 05:00:00,26957.0,26951.704149586192
16072,2017-11-24 06:00:00,28379.0,28343.200105574073
16073,2017-11-24 07:00:00,30084.0,30116.78771369331
16074,2017-11-24 08:00:00,30723.0,30765.68477458516
16075,2017-11-24 09:00:00,30463.0,30493.220632150944
16076,2017-11-24 10:00:00,29519.0,29514.126703229078
16077,2017-11-24 11:00:00,28594.0,28641.21936038442
16078,2017-11-24 12:00:00,27805.0,27816.864439342968
16079,2017-11-24 13:00:00,27161.0,27188.408285457102
16080,2017-11-24 14:00:00,26760.0,26784.12233276629
16081,2017-11-24 15:00:00,26712.0,26732.781336237353
16082,2017-11-24 16:00:00,27188.0,27202.198642781565
16083,2017-11-24 17:00:00,28731.0,28702.16120701968
16084,2017-11-24 18:00:00,31070.0,31049.445372830836
16085,2017-11-24 19:00:00,31049.0,31087.6717504829
16086,2017-11-24 20:00:00,30727.0,30694.9959628345
16087,2017-11-24 21:00:00,30261.0,30226.19616610172
16088,2017-11-24 22:00:00,29444.0,29422.416076711575
16089,2017-11-24 23:00:00,28188.0,28174.24930997498
16090,2017-11-25 00:00:00,26798.0,26803.31295350666
16091,2017-11-23 01:00:00,26682.0,26692.55380634125
16092,2017-11-23 02:00:00,25944.0,25973.067232816025
16093,2017-11-23 03:00:00,25632.0,25589.3406687287
16094,2017-11-23 04:00:00,25734.0,25704.823411694804
16095,2017-11-23 05:00:00,26213.0,26213.516190553775
16096,2017-11-23 06:00:00,27270.0,27245.081260817085
16097,2017-11-23 07:00:00,28579.0,28616.34851983028
16098,2017-11-23 08:00:00,29460.0,29474.016797208107
16099,2017-11-23 09:00:00,30052.0,30051.023380791612
16100,2017-11-23 10:00:00,30119.0,30069.044361610333
16101,2017-11-23 11:00:00,30028.0,30063.864822682535
16102,2017-11-23 12:00:00,29647.0,29643.086037657387
16103,2017-11-23 13:00:00,28794.0,28797.140924260086
16104,2017-11-23 14:00:00,27817.0,27836.827146391446
16105,2017-11-23 15:00:00,27237.0,27280.745539739284
16106,2017-11-23 16:00:00,27029.0,26994.82100038
16107,2017-11-23 17:00:00,27695.0,27652.118417837883
16108,2017-11-23 18:00:00,28960.0,28922.190890951435
16109,2017-11-23 19:00:00,29032.0,29056.072419116037
16110,2017-11-23 20:00:00,29138.0,29100.92778275107
16111,2017-11-23 21:00:00,29298.0,29298.09810083523
16112,2017-11-23 22:00:00,29102.0,29122.649493691024
16113,2017-11-23 23:00:00,28428.0,28449.276182325895
16114,2017-11-24 00:00:00,27547.0,27537.63526448344
16115,2017-11-22 01:00:00,24772.0,24791.861443596863
16116,2017-11-22 02:00:00,23958.0,24003.00111176637
16117,2017-11-22 03:00:00,23450.0,23402.79788361202
16118,2017-11-22 04:00:00,23387.0,23404.138013982098
16119,2017-11-22 05:00:00,24041.0,24043.261809581752
16120,2017-11-22 06:00:00,25820.0,25791.25885224029
16121,2017-11-22 07:00:00,28622.0,28602.771219568614
16122,2017-11-22 08:00:00,30432.0,30465.715056529625
16123,2017-11-22 09:00:00,31100.0,31108.689808476887
16124,2017-11-22 10:00:00,31010.0,30961.45303459594
16125,2017-11-22 11:00:00,30792.0,30838.536133034555
16126,2017-11-22 12:00:00,30440.0,30456.618426311943
16127,2017-11-22 13:00:00,30001.0,29995.264276397742
16128,2017-11-22 14:00:00,30055.0,30076.233342095642
16129,2017-11-22 15:00:00,30145.0,30115.456902974784
16130,2017-11-22 16:00:00,30573.0,30549.046735034623
16131,2017-11-22 17:00:00,31940.0,31905.212626349363
16132,2017-11-22 18:00:00,33785.0,33774.70730227796
16133,2017-11-22 19:00:00,33701.0,33741.47002846926
16134,2017-11-22 20:00:00,33222.0,33210.859038988565
16135,2017-11-22 21:00:00,32505.0,32483.808569686087
16136,2017-11-22 22:00:00,31396.0,31416.35638347466
16137,2017-11-22 23:00:00,29806.0,29842.960559769926
16138,2017-11-23 00:00:00,28068.0,28042.423215925148
16139,2017-11-21 01:00:00,26793.0,26823.79216847704
16140,2017-11-21 02:00:00,26054.0,26034.480486996254
16141,2017-11-21 03:00:00,25842.0,25816.731619986844
16142,2017-11-21 04:00:00,25939.0,25936.295679957544
16143,2017-11-21 05:00:00,26849.0,26805.673079918877
16144,2017-11-21 06:00:00,29041.0,29077.2236373699
16145,2017-11-21 07:00:00,32309.0,32346.434069766623
16146,2017-11-21 08:00:00,33437.0,33454.737672712574
16147,2017-11-21 09:00:00,32549.0,32529.288538173805
16148,2017-11-21 10:00:00,31330.0,31296.67087878923
16149,2017-11-21 11:00:00,30646.0,30665.880483404093
16150,2017-11-21 12:00:00,30008.0,29968.308868543096
16151,2017-11-21 13:00:00,29701.0,29692.110831035632
16152,2017-11-21 14:00:00,29615.0,29573.88089728995
16153,2017-11-21 15:00:00,29623.0,29615.645676006916
16154,2017-11-21 16:00:00,29882.0,29845.449425822466
16155,2017-11-21 17:00:00,31082.0,31035.218419504123
16156,2017-11-21 18:00:00,33103.0,33097.97343740005
16157,2017-11-21 19:00:00,33151.0,33157.769388610424
16158,2017-11-21 20:00:00,32603.0,32596.934116208828
16159,2017-11-21 21:00:00,31763.0,31730.614768191936
16160,2017-11-21 22:00:00,30341.0,30298.743135543915
16161,2017-11-21 23:00:00,28251.0,28213.636693278044
16162,2017-11-22 00:00:00,26264.0,26286.71139506229
16163,2017-11-20 01:00:00,25514.0,25465.587615229597
16164,2017-11-20 02:00:00,24989.0,25025.33163375326
16165,2017-11-20 03:00:00,24869.0,24903.00891405963
16166,2017-11-20 04:00:00,25114.0,25152.046886055163
16167,2017-11-20 05:00:00,26063.0,26100.87453971105
16168,2017-11-20 06:00:00,28463.0,28479.751541928094
16169,2017-11-20 07:00:00,31883.0,31917.7430910438
16170,2017-11-20 08:00:00,33250.0,33273.03302527399
16171,2017-11-20 09:00:00,32882.0,32862.01208679602
16172,2017-11-20 10:00:00,32158.0,32183.512724261545
16173,2017-11-20 11:00:00,31556.0,31567.557641735217
16174,2017-11-20 12:00:00,30914.0,30866.748993816338
16175,2017-11-20 13:00:00,30421.0,30449.63595670867
16176,2017-11-20 14:00:00,30277.0,30314.08350686858
16177,2017-11-20 15:00:00,30267.0,30268.747257977582
16178,2017-11-20 16:00:00,30783.0,30781.702673958633
16179,2017-11-20 17:00:00,32317.0,32309.727032926254
16180,2017-11-20 18:00:00,34740.0,34761.883480200166
16181,2017-11-20 19:00:00,34883.0,34854.54536633509
16182,2017-11-20 20:00:00,34559.0,34586.393442650384
16183,2017-11-20 21:00:00,33814.0,33793.23432582861
16184,2017-11-20 22:00:00,32376.0,32352.149721857804
16185,2017-11-20 23:00:00,30183.0,30213.91794276438
16186,2017-11-21 00:00:00,28163.0,28130.437569439793
16187,2017-11-19 01:00:00,23599.0,23635.251909085488
16188,2017-11-19 02:00:00,22577.0,22624.786572291214
16189,2017-11-19 03:00:00,22054.0,22035.987367520924
16190,2017-11-19 04:00:00,21714.0,21756.787372293307
16191,2017-11-19 05:00:00,21727.0,21733.64146968086
16192,2017-11-19 06:00:00,22224.0,22199.933868187454
16193,2017-11-19 07:00:00,23257.0,23252.26337311682
16194,2017-11-19 08:00:00,24251.0,24281.005450385583
16195,2017-11-19 09:00:00,25217.0,25233.66372157592
16196,2017-11-19 10:00:00,25964.0,25963.47824245292
16197,2017-11-19 11:00:00,26309.0,26284.731655905478
16198,2017-11-19 12:00:00,26357.0,26379.57943329886
16199,2017-11-19 13:00:00,26282.0,26263.331786442894
16200,2017-11-19 14:00:00,26336.0,26319.094878986158
16201,2017-11-19 15:00:00,26663.0,26687.688221088127
16202,2017-11-19 16:00:00,27531.0,27536.84330488054
16203,2017-11-19 17:00:00,29383.0,29351.583352671678
16204,2017-11-19 18:00:00,31624.0,31642.711178670233
16205,2017-11-19 19:00:00,31774.0,31749.80524651878
16206,2017-11-19 20:00:00,31524.0,31550.049167963014
16207,2017-11-19 21:00:00,30891.0,30888.871689089734
16208,2017-11-19 22:00:00,29720.0,29729.498528918673
16209,2017-11-19 23:00:00,28162.0,28172.097669957777
16210,2017-11-20 00:00:00,26647.0,26611.681050333682
16211,2017-11-18 01:00:00,26987.0,27002.04754524457
16212,2017-11-18 02:00:00,26266.0,26302.712732188265
16213,2017-11-18 03:00:00,25983.0,26022.120201519832
16214,2017-11-18 04:00:00,25985.0,26003.855242020072
16215,2017-11-18 05:00:00,26313.0,26359.89760945269
16216,2017-11-18 06:00:00,27188.0,27197.827616547816
16217,2017-11-18 07:00:00,28354.0,28329.487316179806
16218,2017-11-18 08:00:00,29297.0,29313.017280274526
16219,2017-11-18 09:00:00,30228.0,30268.917607708212
16220,2017-11-18 10:00:00,30605.0,30590.885205069717
16221,2017-11-18 11:00:00,30393.0,30369.484891708464
16222,2017-11-18 12:00:00,29976.0,30022.650429429497
16223,2017-11-18 13:00:00,29699.0,29725.65492726813
16224,2017-11-18 14:00:00,29231.0,29185.97782303773
16225,2017-11-18 15:00:00,29189.0,29195.118285902765
16226,2017-11-18 16:00:00,29411.0,29384.44309287135
16227,2017-11-18 17:00:00,30386.0,30364.681642241445
16228,2017-11-18 18:00:00,31277.0,31235.758674219825
16229,2017-11-18 19:00:00,30872.0,30845.09956694627
16230,2017-11-18 20:00:00,30097.0,30097.522696321157
16231,2017-11-18 21:00:00,29303.0,29260.8563425812
16232,2017-11-18 22:00:00,28159.0,28197.969374467324
16233,2017-11-18 23:00:00,26667.0,26694.54029803582
16234,2017-11-19 00:00:00,25010.0,24998.13814198603
16235,2017-11-17 01:00:00,25571.0,25534.022759393163
16236,2017-11-17 02:00:00,24864.0,24913.39730082025
16237,2017-11-17 03:00:00,24589.0,24595.330667493206
16238,2017-11-17 04:00:00,24705.0,24697.297526586477
16239,2017-11-17 05:00:00,25587.0,25556.86392170303
16240,2017-11-17 06:00:00,27803.0,27773.321659282756
16241,2017-11-17 07:00:00,31114.0,31143.620915840514
16242,2017-11-17 08:00:00,32412.0,32413.98811734966
16243,2017-11-17 09:00:00,31912.0,31960.40019608581
16244,2017-11-17 10:00:00,31062.0,31107.309772831963
16245,2017-11-17 11:00:00,30404.0,30374.682780258103
16246,2017-11-17 12:00:00,29954.0,30003.937535482557
16247,2017-11-17 13:00:00,29399.0,29447.659483964475
16248,2017-11-17 14:00:00,29188.0,29217.927954811483
16249,2017-11-17 15:00:00,29199.0,29188.09098535174
16250,2017-11-17 16:00:00,29753.0,29725.41447988427
16251,2017-11-17 17:00:00,31099.0,31059.31587072983
16252,2017-11-17 18:00:00,33218.0,33173.19742300287
16253,2017-11-17 19:00:00,33217.0,33249.08023833265
16254,2017-11-17 20:00:00,32797.0,32841.55616193456
16255,2017-11-17 21:00:00,32230.0,32257.255731941994
16256,2017-11-17 22:00:00,31275.0,31300.90388411452
16257,2017-11-17 23:00:00,29745.0,29736.51792933297
16258,2017-11-18 00:00:00,28203.0,28217.11809663482
16259,2017-11-16 01:00:00,24913.0,24930.12155944242
16260,2017-11-16 02:00:00,24101.0,24076.72790162221
16261,2017-11-16 03:00:00,23658.0,23681.867950167605
16262,2017-11-16 04:00:00,23612.0,23576.611696642405
16263,2017-11-16 05:00:00,24289.0,24268.345618651783
16264,2017-11-16 06:00:00,26268.0,26276.970837676265
16265,2017-11-16 07:00:00,29583.0,29586.95742567511
16266,2017-11-16 08:00:00,30947.0,30967.458146809444
16267,2017-11-16 09:00:00,30691.0,30699.291375292192
16268,2017-11-16 10:00:00,30131.0,30085.95434545488
16269,2017-11-16 11:00:00,29655.0,29702.77029971245
16270,2017-11-16 12:00:00,29364.0,29390.348895761643
16271,2017-11-16 13:00:00,29259.0,29297.0431197416
16272,2017-11-16 14:00:00,29280.0,29310.392815907246
16273,2017-11-16 15:00:00,29380.0,29351.239369410996
16274,2017-11-16 16:00:00,29666.0,29709.270875515314
16275,2017-11-16 17:00:00,31090.0,31138.40836976364
16276,2017-11-16 18:00:00,33211.0,33168.86722104971
16277,2017-11-16 19:00:00,33344.0,33309.84352091554
16278,2017-11-16 20:00:00,32949.0,32998.02938790959
16279,2017-11-16 21:00:00,32288.0,32267.346461814843
16280,2017-11-16 22:00:00,30891.0,30922.980267208073
16281,2017-11-16 23:00:00,28842.0,28799.414306995157
16282,2017-11-17 00:00:00,26935.0,26958.2440926404
16283,2017-11-15 01:00:00,26405.0,26425.139499882403
16284,2017-11-15 02:00:00,25827.0,25870.764457016234
16285,2017-11-15 03:00:00,25763.0,25785.871673674603
16286,2017-11-15 04:00:00,26018.0,25972.139962044144
16287,2017-11-15 05:00:00,27043.0,27038.04527814271
16288,2017-11-15 06:00:00,29326.0,29310.789061438827
16289,2017-11-15 07:00:00,32748.0,32755.072632144947
16290,2017-11-15 08:00:00,33808.0,33800.83225510144
16291,2017-11-15 09:00:00,32809.0,32787.08431506197
16292,2017-11-15 10:00:00,31566.0,31582.10448726856
16293,2017-11-15 11:00:00,30820.0,30801.11359386222
16294,2017-11-15 12:00:00,30220.0,30255.065732728493
16295,2017-11-15 13:00:00,29784.0,29766.299378756237
16296,2017-11-15 14:00:00,29872.0,29873.53342643709
16297,2017-11-15 15:00:00,30037.0,30069.602171129776
16298,2017-11-15 16:00:00,30640.0,30672.2889202896
16299,2017-11-15 17:00:00,32088.0,32096.609215712324
16300,2017-11-15 18:00:00,33942.0,33929.99208287844
16301,2017-11-15 19:00:00,33825.0,33830.7939486446
16302,2017-11-15 20:00:00,33236.0,33270.968355043224
16303,2017-11-15 21:00:00,32227.0,32198.87812184475
16304,2017-11-15 22:00:00,30613.0,30575.24851080614
16305,2017-11-15 23:00:00,28362.0,28370.203222288426
16306,2017-11-16 00:00:00,26330.0,26337.40429718866
16307,2017-11-14 01:00:00,26657.0,26636.3148228892
16308,2017-11-14 02:00:00,25986.0,25979.446080794853
16309,2017-11-14 03:00:00,25788.0,25746.852847134447
16310,2017-11-14 04:00:00,25958.0,25921.076027031635
16311,2017-11-14 05:00:00,26772.0,26804.83318496387
16312,2017-11-14 06:00:00,29006.0,29002.447316701815
16313,2017-11-14 07:00:00,32248.0,32207.981305411482
16314,2017-11-14 08:00:00,33317.0,33363.186846238255
16315,2017-11-14 09:00:00,32917.0,32887.99414447306
16316,2017-11-14 10:00:00,32435.0,32416.69086658576
16317,2017-11-14 11:00:00,32022.0,32069.25350285786
16318,2017-11-14 12:00:00,31496.0,31464.088585158494
16319,2017-11-14 13:00:00,31132.0,31178.87254433848
16320,2017-11-14 14:00:00,31190.0,31212.223982782736
16321,2017-11-14 15:00:00,31227.0,31219.692284115758
16322,2017-11-14 16:00:00,31625.0,31634.492920835382
16323,2017-11-14 17:00:00,33003.0,33003.78920909886
16324,2017-11-14 18:00:00,34957.0,34987.47377861189
16325,2017-11-14 19:00:00,34814.0,34770.28428447245
16326,2017-11-14 20:00:00,34278.0,34309.33919738141
16327,2017-11-14 21:00:00,33396.0,33443.06210715178
16328,2017-11-14 22:00:00,31761.0,31753.95729358071
16329,2017-11-14 23:00:00,29626.0,29595.140235685205
16330,2017-11-15 00:00:00,27573.0,27533.88091939046
16331,2017-11-13 01:00:00,25753.0,25737.6755564161
16332,2017-11-13 02:00:00,25196.0,25159.065431934898
16333,2017-11-13 03:00:00,24932.0,24904.971161676556
16334,2017-11-13 04:00:00,25077.0,25092.443611110462
16335,2017-11-13 05:00:00,25901.0,25892.577819137252
16336,2017-11-13 06:00:00,28096.0,28136.102039591555
16337,2017-11-13 07:00:00,31496.0,31492.390305375262
16338,2017-11-13 08:00:00,33189.0,33154.41001075018
16339,2017-11-13 09:00:00,33393.0,33356.86414941567
16340,2017-11-13 10:00:00,33429.0,33448.31184976903
16341,2017-11-13 11:00:00,33175.0,33188.39060846792
16342,2017-11-13 12:00:00,32790.0,32810.78707512278
16343,2017-11-13 13:00:00,32371.0,32354.875745739067
16344,2017-11-13 14:00:00,32065.0,32106.503104195614
16345,2017-11-13 15:00:00,31754.0,31715.376196431178
16346,2017-11-13 16:00:00,31739.0,31692.284854117166
16347,2017-11-13 17:00:00,32922.0,32946.21465508521
16348,2017-11-13 18:00:00,34912.0,34929.707482718586
16349,2017-11-13 19:00:00,34958.0,34957.35605190774
16350,2017-11-13 20:00:00,34438.0,34392.36930296945
16351,2017-11-13 21:00:00,33557.0,33518.420042850434
16352,2017-11-13 22:00:00,31975.0,31944.529833018427
16353,2017-11-13 23:00:00,29888.0,29901.872321506187
16354,2017-11-14 00:00:00,27975.0,27991.304737027225
16355,2017-11-12 01:00:00,28396.0,28413.69143398761
16356,2017-11-12 02:00:00,27808.0,27838.304899032395
16357,2017-11-12 03:00:00,27458.0,27410.47960441323
16358,2017-11-12 04:00:00,27324.0,27338.32619674321
16359,2017-11-12 05:00:00,27457.0,27432.156306793648
16360,2017-11-12 06:00:00,28023.0,28030.10376166651
16361,2017-11-12 07:00:00,28873.0,28896.787569868033
16362,2017-11-12 08:00:00,29505.0,29527.004702418348
16363,2017-11-12 09:00:00,30149.0,30127.79009584747
16364,2017-11-12 10:00:00,30012.0,29997.530792341528
16365,2017-11-12 11:00:00,29497.0,29538.730330588543
16366,2017-11-12 12:00:00,28840.0,28874.888711788593
16367,2017-11-12 13:00:00,28195.0,28170.7006634699
16368,2017-11-12 14:00:00,27768.0,27776.703770834127
16369,2017-11-12 15:00:00,27780.0,27740.72764925787
16370,2017-11-12 16:00:00,28405.0,28420.38679365601
16371,2017-11-12 17:00:00,30104.0,30116.135026291995
16372,2017-11-12 18:00:00,32572.0,32548.3917363457
16373,2017-11-12 19:00:00,32716.0,32708.183975820986
16374,2017-11-12 20:00:00,32527.0,32555.230654833897
16375,2017-11-12 21:00:00,31825.0,31800.543803481796
16376,2017-11-12 22:00:00,30464.0,30490.836645525236
16377,2017-11-12 23:00:00,28642.0,28623.63856914651
16378,2017-11-13 00:00:00,26934.0,26967.95650777514
16379,2017-11-11 01:00:00,29539.0,29492.050385608134
16380,2017-11-11 02:00:00,28926.0,28901.814801766635
16381,2017-11-11 03:00:00,28715.0,28682.762392042336
16382,2017-11-11 04:00:00,28719.0,28758.056901910142
16383,2017-11-11 05:00:00,29164.0,29156.851977902323
16384,2017-11-11 06:00:00,30151.0,30155.56007333632
16385,2017-11-11 07:00:00,31396.0,31370.20767976509
16386,2017-11-11 08:00:00,32280.0,32242.83554447824
16387,2017-11-11 09:00:00,32435.0,32444.824233714247
16388,2017-11-11 10:00:00,31985.0,31963.329934604426
16389,2017-11-11 11:00:00,31213.0,31255.88565609558
16390,2017-11-11 12:00:00,30383.0,30380.63498235907
16391,2017-11-11 13:00:00,29552.0,29515.815974269313
16392,2017-11-11 14:00:00,28977.0,28929.37910456294
16393,2017-11-11 15:00:00,28915.0,28888.22800731493
16394,2017-11-11 16:00:00,29652.0,29633.99230965216
16395,2017-11-11 17:00:00,31212.0,31182.69675401425
16396,2017-11-11 18:00:00,33412.0,33398.560143949464
16397,2017-11-11 19:00:00,33524.0,33561.89645156613
16398,2017-11-11 20:00:00,33285.0,33239.795251883625
16399,2017-11-11 21:00:00,32824.0,32854.12285805119
16400,2017-11-11 22:00:00,32009.0,32001.57914993475
16401,2017-11-11 23:00:00,30736.0,30776.641734310524
16402,2017-11-12 00:00:00,29503.0,29519.70501760289
16403,2017-11-10 01:00:00,24398.0,24364.4916734888
16404,2017-11-10 02:00:00,23665.0,23710.949962812785
16405,2017-11-10 03:00:00,23358.0,23323.47146588142
16406,2017-11-10 04:00:00,23412.0,23395.629327442286
16407,2017-11-10 05:00:00,24220.0,24267.880510988165
16408,2017-11-10 06:00:00,26141.0,26112.18459285798
16409,2017-11-10 07:00:00,29034.0,29047.118353947728
16410,2017-11-10 08:00:00,30529.0,30576.75098784003
16411,2017-11-10 09:00:00,30809.0,30827.891949598063
16412,2017-11-10 10:00:00,30803.0,30819.276230994663
16413,2017-11-10 11:00:00,30943.0,30955.15457468648
16414,2017-11-10 12:00:00,30815.0,30820.545634899267
16415,2017-11-10 13:00:00,30549.0,30593.915412513743
16416,2017-11-10 14:00:00,30370.0,30374.375679329558
16417,2017-11-10 15:00:00,30544.0,30560.329562475905
16418,2017-11-10 16:00:00,31240.0,31263.883784042682
16419,2017-11-10 17:00:00,32959.0,32961.77101507032
16420,2017-11-10 18:00:00,35493.0,35531.77206216704
16421,2017-11-10 19:00:00,35558.0,35510.27979263126
16422,2017-11-10 20:00:00,35191.0,35180.526820888386
16423,2017-11-10 21:00:00,34623.0,34634.66296017678
16424,2017-11-10 22:00:00,33617.0,33568.89721769254
16425,2017-11-10 23:00:00,32069.0,32112.68976631247
16426,2017-11-11 00:00:00,30695.0,30727.638001988005
16427,2017-11-09 01:00:00,25437.0,25408.903599463465
16428,2017-11-09 02:00:00,24730.0,24713.177288488117
16429,2017-11-09 03:00:00,24419.0,24436.715023489833
16430,2017-11-09 04:00:00,24481.0,24465.10169571408
16431,2017-11-09 05:00:00,25213.0,25248.676001256666
16432,2017-11-09 06:00:00,27206.0,27180.847492373665
16433,2017-11-09 07:00:00,30145.0,30176.82895474265
16434,2017-11-09 08:00:00,31316.0,31312.46003509228
16435,2017-11-09 09:00:00,31289.0,31284.33730500055
16436,2017-11-09 10:00:00,30899.0,30865.843717243082
16437,2017-11-09 11:00:00,30548.0,30596.337123486766
16438,2017-11-09 12:00:00,30108.0,30092.483098164266
16439,2017-11-09 13:00:00,29855.0,29825.462115710903
16440,2017-11-09 14:00:00,29946.0,29899.24417224495
16441,2017-11-09 15:00:00,29858.0,29857.351076314688
16442,2017-11-09 16:00:00,30168.0,30121.225916934334
16443,2017-11-09 17:00:00,31188.0,31183.53607926096
16444,2017-11-09 18:00:00,32823.0,32863.26443155937
16445,2017-11-09 19:00:00,32638.0,32637.797066832936
16446,2017-11-09 20:00:00,31996.0,31950.33106686502
16447,2017-11-09 21:00:00,31113.0,31089.437041131965
16448,2017-11-09 22:00:00,29625.0,29579.874655626085
16449,2017-11-09 23:00:00,27549.0,27587.20351911954
16450,2017-11-10 00:00:00,25738.0,25712.010811528024
16451,2017-11-08 01:00:00,25219.0,25175.50561983414
16452,2017-11-08 02:00:00,24468.0,24514.45359776886
16453,2017-11-08 03:00:00,24146.0,24144.713969451077
16454,2017-11-08 04:00:00,24215.0,24205.56375114631
16455,2017-11-08 05:00:00,25014.0,25056.70791257783
16456,2017-11-08 06:00:00,27159.0,27162.083778619268
16457,2017-11-08 07:00:00,30415.0,30393.145310848377
16458,2017-11-08 08:00:00,31710.0,31739.197039531307
16459,2017-11-08 09:00:00,31778.0,31755.1783443053
16460,2017-11-08 10:00:00,31434.0,31428.28268610829
16461,2017-11-08 11:00:00,30943.0,30973.317103322417
16462,2017-11-08 12:00:00,30525.0,30568.144023610887
16463,2017-11-08 13:00:00,30086.0,30096.589811625727
16464,2017-11-08 14:00:00,29902.0,29902.481094945735
16465,2017-11-08 15:00:00,29840.0,29797.617312333314
16466,2017-11-08 16:00:00,30139.0,30150.70192085136
16467,2017-11-08 17:00:00,31309.0,31291.659653346847
16468,2017-11-08 18:00:00,33442.0,33443.44985284796
16469,2017-11-08 19:00:00,33521.0,33545.46006062518
16470,2017-11-08 20:00:00,33082.0,33096.02028963832
16471,2017-11-08 21:00:00,32202.0,32161.693318575348
16472,2017-11-08 22:00:00,30673.0,30662.724523073244
16473,2017-11-08 23:00:00,28600.0,28569.949417091677
16474,2017-11-09 00:00:00,26752.0,26717.111880407116
16475,2017-11-07 01:00:00,22665.0,22637.035288102696
16476,2017-11-07 02:00:00,22016.0,22058.0683668488
16477,2017-11-07 03:00:00,21717.0,21738.25091911308
16478,2017-11-07 04:00:00,21891.0,21931.810437346903
16479,2017-11-07 05:00:00,22726.0,22726.645867840813
16480,2017-11-07 06:00:00,24908.0,24858.11210634536
16481,2017-11-07 07:00:00,28150.0,28103.44318454434
16482,2017-11-07 08:00:00,29478.0,29442.469522293377
16483,2017-11-07 09:00:00,29781.0,29809.0719524619
16484,2017-11-07 10:00:00,29966.0,29936.165778302053
16485,2017-11-07 11:00:00,30437.0,30397.159633998974
16486,2017-11-07 12:00:00,30858.0,30894.099297909528
16487,2017-11-07 13:00:00,30971.0,30943.854018812595
16488,2017-11-07 14:00:00,31252.0,31252.24183142093
16489,2017-11-07 15:00:00,31415.0,31398.947147004754
16490,2017-11-07 16:00:00,31820.0,31859.655273076052
16491,2017-11-07 17:00:00,33071.0,33091.47506789433
16492,2017-11-07 18:00:00,34490.0,34485.391811486974
16493,2017-11-07 19:00:00,34295.0,34331.305993444825
16494,2017-11-07 20:00:00,33646.0,33668.673153915886
16495,2017-11-07 21:00:00,32529.0,32559.887636211097
16496,2017-11-07 22:00:00,30742.0,30789.75658146063
16497,2017-11-07 23:00:00,28465.0,28435.315179830413
16498,2017-11-08 00:00:00,26544.0,26514.248959808185
16499,2017-11-06 01:00:00,21582.0,21587.650135882268
16500,2017-11-06 02:00:00,20966.0,20969.260834568136
16501,2017-11-06 03:00:00,20685.0,20721.911872539324
16502,2017-11-06 04:00:00,20728.0,20693.59132202183
16503,2017-11-06 05:00:00,21396.0,21388.504277473785
16504,2017-11-06 06:00:00,23400.0,23402.7911076186
16505,2017-11-06 07:00:00,26689.0,26685.413832034614
16506,2017-11-06 08:00:00,28456.0,28412.71028396555
16507,2017-11-06 09:00:00,29089.0,29053.78529157902
16508,2017-11-06 10:00:00,29429.0,29394.356474537137
16509,2017-11-06 11:00:00,29538.0,29547.60311119211
16510,2017-11-06 12:00:00,29381.0,29373.886189633075
16511,2017-11-06 13:00:00,29503.0,29470.81722947144
16512,2017-11-06 14:00:00,29628.0,29651.66528560825
16513,2017-11-06 15:00:00,29539.0,29569.29661859398
16514,2017-11-06 16:00:00,29546.0,29517.013359762175
16515,2017-11-06 17:00:00,30316.0,30338.276433179766
16516,2017-11-06 18:00:00,31998.0,31954.361478685067
16517,2017-11-06 19:00:00,31694.0,31729.593931443742
16518,2017-11-06 20:00:00,30823.0,30869.272502160853
16519,2017-11-06 21:00:00,29586.0,29551.586885587945
16520,2017-11-06 22:00:00,27858.0,27886.61599542593
16521,2017-11-06 23:00:00,25719.0,25678.72999329257
16522,2017-11-07 00:00:00,23943.0,23989.125147443945
16523,2017-11-05 01:00:00,22166.0,22161.207161956278
16524,2017-11-05 02:00:00,21236.0,21239.52775672515
16525,2017-11-05 02:00:00,20666.0,20692.389616081004
16526,2017-11-05 03:00:00,20409.0,20383.87828701847
16527,2017-11-05 04:00:00,20240.0,20229.886107116938
16528,2017-11-05 05:00:00,20356.0,20313.001166748305
16529,2017-11-05 06:00:00,20947.0,20958.46205241111
16530,2017-11-05 07:00:00,21900.0,21929.93312819658
16531,2017-11-05 08:00:00,23046.0,23081.184075984027
16532,2017-11-05 09:00:00,24484.0,24487.63513420393
16533,2017-11-05 10:00:00,25413.0,25439.58055834738
16534,2017-11-05 11:00:00,25777.0,25741.99064106471
16535,2017-11-05 12:00:00,25998.0,26022.34129701858
16536,2017-11-05 13:00:00,26065.0,26015.453902330184
16537,2017-11-05 14:00:00,26015.0,25984.48452985362
16538,2017-11-05 15:00:00,26006.0,26019.46375856614
16539,2017-11-05 16:00:00,26275.0,26257.05400105913
16540,2017-11-05 17:00:00,27388.0,27379.060952856107
16541,2017-11-05 18:00:00,29081.0,29113.606687024985
16542,2017-11-05 19:00:00,29028.0,29035.10964111352
16543,2017-11-05 20:00:00,28363.0,28352.89643304495
16544,2017-11-05 21:00:00,27448.0,27444.576287992688
16545,2017-11-05 22:00:00,25983.0,26017.843099652982
16546,2017-11-05 23:00:00,24187.0,24185.55914781492
16547,2017-11-06 00:00:00,22597.0,22634.534942012444
16548,2017-11-04 01:00:00,22276.0,22250.709933910384
16549,2017-11-04 02:00:00,21281.0,21284.37572639149
16550,2017-11-04 03:00:00,20792.0,20778.903052572503
16551,2017-11-04 04:00:00,20606.0,20615.12978869372
16552,2017-11-04 05:00:00,20697.0,20704.551054394473
16553,2017-11-04 06:00:00,21488.0,21495.1309405388
16554,2017-11-04 07:00:00,22781.0,22783.777309773817
16555,2017-11-04 08:00:00,24266.0,24261.44319525411
16556,2017-11-04 09:00:00,25367.0,25408.037295557002
16557,2017-11-04 10:00:00,25944.0,25920.79532840079
16558,2017-11-04 11:00:00,25985.0,25978.395374603384
16559,2017-11-04 12:00:00,25589.0,25560.120807373136
16560,2017-11-04 13:00:00,25165.0,25148.225411190637
16561,2017-11-04 14:00:00,24769.0,24743.898261378476
16562,2017-11-04 15:00:00,24523.0,24539.971909126314
16563,2017-11-04 16:00:00,24647.0,24667.76128447428
16564,2017-11-04 17:00:00,25089.0,25066.67359241821
16565,2017-11-04 18:00:00,26093.0,26141.36130964448
16566,2017-11-04 19:00:00,27675.0,27653.422582440882
16567,2017-11-04 20:00:00,27644.0,27676.83935354101
16568,2017-11-04 21:00:00,27067.0,27046.259914139315
16569,2017-11-04 22:00:00,26203.0,26194.31929477459
16570,2017-11-04 23:00:00,24935.0,24951.47185937816
16571,2017-11-05 00:00:00,23493.0,23498.766662189817
16572,2017-11-03 01:00:00,22844.0,22844.62019382529
16573,2017-11-03 02:00:00,21899.0,21928.421916022508
16574,2017-11-03 03:00:00,21370.0,21390.772083418487
16575,2017-11-03 04:00:00,21228.0,21269.41668239555
16576,2017-11-03 05:00:00,21649.0,21622.084708300936
16577,2017-11-03 06:00:00,23309.0,23260.63182286427
16578,2017-11-03 07:00:00,26417.0,26466.985846997904
16579,2017-11-03 08:00:00,28409.0,28387.341458922994
16580,2017-11-03 09:00:00,28589.0,28543.29467364864
16581,2017-11-03 10:00:00,28617.0,28591.734889512045
16582,2017-11-03 11:00:00,28861.0,28877.87803067573
16583,2017-11-03 12:00:00,29149.0,29157.811108989936
16584,2017-11-03 13:00:00,29143.0,29113.67085774682
16585,2017-11-03 14:00:00,29596.0,29564.622274730962
16586,2017-11-03 15:00:00,29515.0,29509.434229069924
16587,2017-11-03 16:00:00,29467.0,29418.350584289186
16588,2017-11-03 17:00:00,29522.0,29472.23788618594
16589,2017-11-03 18:00:00,29845.0,29856.684911990895
16590,2017-11-03 19:00:00,30605.0,30587.528551087584
16591,2017-11-03 20:00:00,29930.0,29882.391558319552
16592,2017-11-03 21:00:00,28846.0,28841.980784669406
16593,2017-11-03 22:00:00,27437.0,27480.5556435572
16594,2017-11-03 23:00:00,25645.0,25620.491505539187
16595,2017-11-04 00:00:00,23811.0,23786.106335170338
16596,2017-11-02 01:00:00,23480.0,23476.79847244758
16597,2017-11-02 02:00:00,22545.0,22509.846082111428
16598,2017-11-02 03:00:00,22101.0,22114.7939326
16599,2017-11-02 04:00:00,21972.0,22005.925568933224
16600,2017-11-02 05:00:00,22503.0,22472.45254724736
16601,2017-11-02 06:00:00,24346.0,24361.873314714598
16602,2017-11-02 07:00:00,27613.0,27651.80046161427
16603,2017-11-02 08:00:00,29640.0,29680.30785220589
16604,2017-11-02 09:00:00,29588.0,29593.28836061438
16605,2017-11-02 10:00:00,29356.0,29321.22939183304
16606,2017-11-02 11:00:00,29249.0,29264.91716314458
16607,2017-11-02 12:00:00,28946.0,28969.481382001017
16608,2017-11-02 13:00:00,28908.0,28933.431390834758
16609,2017-11-02 14:00:00,29284.0,29327.43390398641
16610,2017-11-02 15:00:00,29316.0,29327.52739443067
16611,2017-11-02 16:00:00,29485.0,29481.611220218172
16612,2017-11-02 17:00:00,29769.0,29769.2550956109
16613,2017-11-02 18:00:00,30271.0,30253.15420749975
16614,2017-11-02 19:00:00,31485.0,31440.726598020025
16615,2017-11-02 20:00:00,31333.0,31354.74659681821
16616,2017-11-02 21:00:00,30372.0,30323.984971413367
16617,2017-11-02 22:00:00,28743.0,28699.41132181207
16618,2017-11-02 23:00:00,26550.0,26533.412704984952
16619,2017-11-03 00:00:00,24452.0,24495.10645250103
16620,2017-11-01 01:00:00,24125.0,24123.313395220775
16621,2017-11-01 02:00:00,23420.0,23391.51786798149
16622,2017-11-01 03:00:00,23164.0,23203.704903724978
16623,2017-11-01 04:00:00,23231.0,23238.169082331035
16624,2017-11-01 05:00:00,23888.0,23874.981291805874
16625,2017-11-01 06:00:00,25883.0,25904.572197688776
16626,2017-11-01 07:00:00,29216.0,29210.112159172422
16627,2017-11-01 08:00:00,31164.0,31186.997862409706
16628,2017-11-01 09:00:00,31113.0,31084.837657595177
16629,2017-11-01 10:00:00,30877.0,30842.018242617163
16630,2017-11-01 11:00:00,30699.0,30695.093711183054
16631,2017-11-01 12:00:00,30412.0,30393.959706508584
16632,2017-11-01 13:00:00,30181.0,30191.515292296182
16633,2017-11-01 14:00:00,29933.0,29961.879277370368
16634,2017-11-01 15:00:00,29746.0,29786.150433677783
16635,2017-11-01 16:00:00,29667.0,29693.052774531425
16636,2017-11-01 17:00:00,30005.0,29989.17493078963
16637,2017-11-01 18:00:00,30814.0,30836.7365776283
16638,2017-11-01 19:00:00,32153.0,32155.988620255943
16639,2017-11-01 20:00:00,31918.0,31958.608062536
16640,2017-11-01 21:00:00,30954.0,30974.68809360782
16641,2017-11-01 22:00:00,29259.0,29224.023733400758
16642,2017-11-01 23:00:00,27010.0,26967.80955432401
16643,2017-11-02 00:00:00,25032.0,25036.383808782757
16644,2017-10-31 01:00:00,23338.0,23324.504212976586
16645,2017-10-31 02:00:00,22505.0,22471.8096917923
16646,2017-10-31 03:00:00,22158.0,22187.76542599756
16647,2017-10-31 04:00:00,22096.0,22083.542247401096
16648,2017-10-31 05:00:00,22766.0,22724.60148667851
16649,2017-10-31 06:00:00,24739.0,24715.22664410973
16650,2017-10-31 07:00:00,28291.0,28308.688397427813
16651,2017-10-31 08:00:00,30196.0,30210.79389739081
16652,2017-10-31 09:00:00,29941.0,29917.2464572252
16653,2017-10-31 10:00:00,29471.0,29455.120576538004
16654,2017-10-31 11:00:00,29093.0,29047.982482102576
16655,2017-10-31 12:00:00,28473.0,28518.326381402465
16656,2017-10-31 13:00:00,27943.0,27925.71568874858
16657,2017-10-31 14:00:00,27722.0,27764.94103967369
16658,2017-10-31 15:00:00,27571.0,27602.388034286625
16659,2017-10-31 16:00:00,27636.0,27619.518043233136
16660,2017-10-31 17:00:00,28146.0,28165.414761993517
16661,2017-10-31 18:00:00,28821.0,28818.362537190693
16662,2017-10-31 19:00:00,29946.0,29993.66511446986
16663,2017-10-31 20:00:00,30022.0,30035.84874074651
16664,2017-10-31 21:00:00,29944.0,29945.907432776166
16665,2017-10-31 22:00:00,29101.0,29114.796991691856
16666,2017-10-31 23:00:00,27186.0,27158.024970793358
16667,2017-11-01 00:00:00,25443.0,25423.638989201303
16668,2017-10-30 01:00:00,21970.0,21991.26957011782
16669,2017-10-30 02:00:00,21229.0,21187.371874033342
16670,2017-10-30 03:00:00,20906.0,20886.25895885182
16671,2017-10-30 04:00:00,20950.0,20961.95669001331
16672,2017-10-30 05:00:00,21669.0,21718.569641202903
16673,2017-10-30 06:00:00,23590.0,23632.5667335414
16674,2017-10-30 07:00:00,26970.0,27003.22220545658
16675,2017-10-30 08:00:00,29183.0,29183.0820913135
16676,2017-10-30 09:00:00,29376.0,29406.47442110216
16677,2017-10-30 10:00:00,29333.0,29338.89278313994
16678,2017-10-30 11:00:00,29173.0,29168.845867350807
16679,2017-10-30 12:00:00,28558.0,28530.35236119395
16680,2017-10-30 13:00:00,28030.0,28075.093031163415
16681,2017-10-30 14:00:00,27863.0,27872.820183128293
16682,2017-10-30 15:00:00,27581.0,27598.53583293734
16683,2017-10-30 16:00:00,27639.0,27603.107779026803
16684,2017-10-30 17:00:00,28142.0,28135.08510261999
16685,2017-10-30 18:00:00,29202.0,29248.466281236157
16686,2017-10-30 19:00:00,30922.0,30947.76695498619
16687,2017-10-30 20:00:00,31193.0,31231.281425870526
16688,2017-10-30 21:00:00,30461.0,30450.58799354079
16689,2017-10-30 22:00:00,28928.0,28884.647338454062
16690,2017-10-30 23:00:00,26734.0,26719.147909684132
16691,2017-10-31 00:00:00,24796.0,24783.59944313058
16692,2017-10-29 01:00:00,21644.0,21624.112317708503
16693,2017-10-29 02:00:00,20772.0,20774.67056826224
16694,2017-10-29 03:00:00,20317.0,20286.21311047036
16695,2017-10-29 04:00:00,20024.0,20067.767123892125
16696,2017-10-29 05:00:00,19953.0,19993.75241318762
16697,2017-10-29 06:00:00,20308.0,20284.160130427736
16698,2017-10-29 07:00:00,21067.0,21082.148453688966
16699,2017-10-29 08:00:00,22135.0,22135.113954557397
16700,2017-10-29 09:00:00,23414.0,23389.006807705107
16701,2017-10-29 10:00:00,24748.0,24787.709914403924
16702,2017-10-29 11:00:00,25726.0,25699.106388851087
16703,2017-10-29 12:00:00,26407.0,26419.462273140016
16704,2017-10-29 13:00:00,26771.0,26754.535589664953
16705,2017-10-29 14:00:00,26862.0,26894.610783004122
16706,2017-10-29 15:00:00,26888.0,26900.033104120375
16707,2017-10-29 16:00:00,27005.0,27038.259316945867
16708,2017-10-29 17:00:00,27531.0,27515.771213172087
16709,2017-10-29 18:00:00,28374.0,28325.116638085416
16710,2017-10-29 19:00:00,29131.0,29103.16554605754
16711,2017-10-29 20:00:00,28846.0,28877.44151882444
16712,2017-10-29 21:00:00,28050.0,28031.686682436994
16713,2017-10-29 22:00:00,26650.0,26631.96641831033
16714,2017-10-29 23:00:00,24974.0,24968.96414104152
16715,2017-10-30 00:00:00,23269.0,23246.467300538487
16716,2017-10-28 01:00:00,22494.0,22524.709958302312
16717,2017-10-28 02:00:00,21609.0,21591.171141456965
16718,2017-10-28 03:00:00,21137.0,21147.395453140572
16719,2017-10-28 04:00:00,20953.0,20948.10258314916
16720,2017-10-28 05:00:00,21091.0,21069.735691898255
16721,2017-10-28 06:00:00,21794.0,21770.53103644316
16722,2017-10-28 07:00:00,23036.0,23036.189408076672
16723,2017-10-28 08:00:00,24184.0,24155.08452760549
16724,2017-10-28 09:00:00,25157.0,25141.56383694879
16725,2017-10-28 10:00:00,25449.0,25402.93788440202
16726,2017-10-28 11:00:00,25383.0,25412.030285448458
16727,2017-10-28 12:00:00,25098.0,25052.36403270132
16728,2017-10-28 13:00:00,24765.0,24802.227261790606
16729,2017-10-28 14:00:00,24487.0,24441.738201655942
16730,2017-10-28 15:00:00,24427.0,24461.817363705286
16731,2017-10-28 16:00:00,24605.0,24619.416363268138
16732,2017-10-28 17:00:00,25081.0,25081.594981300037
16733,2017-10-28 18:00:00,25777.0,25741.495389582273
16734,2017-10-28 19:00:00,27146.0,27121.678122464036
16735,2017-10-28 20:00:00,27197.0,27216.013620507318
16736,2017-10-28 21:00:00,26624.0,26625.215035982008
16737,2017-10-28 22:00:00,25665.0,25666.43460568556
16738,2017-10-28 23:00:00,24320.0,24283.3234067764
16739,2017-10-29 00:00:00,22939.0,22936.50978703602
16740,2017-10-27 01:00:00,23333.0,23342.027232098637
16741,2017-10-27 02:00:00,22532.0,22494.230641421203
16742,2017-10-27 03:00:00,22161.0,22208.433506535122
16743,2017-10-27 04:00:00,22232.0,22265.00501908336
16744,2017-10-27 05:00:00,22906.0,22887.74650670609
16745,2017-10-27 06:00:00,24881.0,24887.338692792382
16746,2017-10-27 07:00:00,28313.0,28318.896504450386
16747,2017-10-27 08:00:00,30169.0,30129.663196634985
16748,2017-10-27 09:00:00,30045.0,30038.81838750618
16749,2017-10-27 10:00:00,29240.0,29210.776233265802
16750,2017-10-27 11:00:00,28579.0,28562.321972014102
16751,2017-10-27 12:00:00,28003.0,28047.386950811608
16752,2017-10-27 13:00:00,27539.0,27544.132350587166
16753,2017-10-27 14:00:00,27350.0,27306.690401796543
16754,2017-10-27 15:00:00,27234.0,27251.22849852828
16755,2017-10-27 16:00:00,27311.0,27360.86399675482
16756,2017-10-27 17:00:00,27636.0,27602.769617829934
16757,2017-10-27 18:00:00,28122.0,28140.291985671694
16758,2017-10-27 19:00:00,29099.0,29131.425878137474
16759,2017-10-27 20:00:00,29047.0,29081.40618775223
16760,2017-10-27 21:00:00,28316.0,28336.752732752622
16761,2017-10-27 22:00:00,27246.0,27286.986689954785
16762,2017-10-27 23:00:00,25616.0,25569.208952060126
16763,2017-10-28 00:00:00,23912.0,23868.416847658453
16764,2017-10-26 01:00:00,22353.0,22316.45399429022
16765,2017-10-26 02:00:00,21479.0,21433.331354282003
16766,2017-10-26 03:00:00,21083.0,21044.994785264764
16767,2017-10-26 04:00:00,21048.0,21079.695065615717
16768,2017-10-26 05:00:00,21577.0,21616.645742466815
16769,2017-10-26 06:00:00,23502.0,23485.598377644663
16770,2017-10-26 07:00:00,26818.0,26863.718420532536
16771,2017-10-26 08:00:00,28821.0,28812.844129341363
16772,2017-10-26 09:00:00,28828.0,28795.19797538486
16773,2017-10-26 10:00:00,28734.0,28752.130185847363
16774,2017-10-26 11:00:00,28618.0,28610.0315525683
16775,2017-10-26 12:00:00,28423.0,28374.94341343759
16776,2017-10-26 13:00:00,28299.0,28345.63558980534
16777,2017-10-26 14:00:00,28337.0,28346.789857969816
16778,2017-10-26 15:00:00,28134.0,28145.33320585918
16779,2017-10-26 16:00:00,27988.0,28036.26792927316
16780,2017-10-26 17:00:00,28307.0,28340.350461512207
16781,2017-10-26 18:00:00,28921.0,28907.26652974768
16782,2017-10-26 19:00:00,30328.0,30282.182744093996
16783,2017-10-26 20:00:00,30607.0,30579.238076362064
16784,2017-10-26 21:00:00,29994.0,29979.152778210173
16785,2017-10-26 22:00:00,28635.0,28681.025345879327
16786,2017-10-26 23:00:00,26612.0,26650.86698902567
16787,2017-10-27 00:00:00,24928.0,24880.152820635598
16788,2017-10-25 01:00:00,23051.0,23099.72276365495
16789,2017-10-25 02:00:00,21946.0,21921.711964444374
16790,2017-10-25 03:00:00,21369.0,21396.537213490672
16791,2017-10-25 04:00:00,21106.0,21067.659612854135
16792,2017-10-25 05:00:00,21463.0,21435.031721478008
16793,2017-10-25 06:00:00,23152.0,23152.54325376354
16794,2017-10-25 07:00:00,26246.0,26266.361194063687
16795,2017-10-25 08:00:00,28095.0,28079.539880786902
16796,2017-10-25 09:00:00,28103.0,28140.325548916386
16797,2017-10-25 10:00:00,28090.0,28134.01947754737
16798,2017-10-25 11:00:00,27989.0,27951.256504410325
16799,2017-10-25 12:00:00,28082.0,28103.856612343523
16800,2017-10-25 13:00:00,27953.0,27916.19102788612
16801,2017-10-25 14:00:00,28097.0,28081.07654683664
16802,2017-10-25 15:00:00,28295.0,28326.956070481174
16803,2017-10-25 16:00:00,28385.0,28368.635279775935
16804,2017-10-25 17:00:00,28597.0,28637.739744187264
16805,2017-10-25 18:00:00,28971.0,28962.147206387916
16806,2017-10-25 19:00:00,30079.0,30059.979640788628
16807,2017-10-25 20:00:00,30267.0,30315.912348456226
16808,2017-10-25 21:00:00,29367.0,29361.150333544647
16809,2017-10-25 22:00:00,27907.0,27931.09559906939
16810,2017-10-25 23:00:00,25685.0,25694.945289090592
16811,2017-10-26 00:00:00,23677.0,23647.248564024158
16812,2017-10-24 01:00:00,23992.0,23992.03126649539
16813,2017-10-24 02:00:00,23000.0,22957.74187252121
16814,2017-10-24 03:00:00,22491.0,22511.874524354316
16815,2017-10-24 04:00:00,22397.0,22398.894152347963
16816,2017-10-24 05:00:00,22793.0,22755.237585669063
16817,2017-10-24 06:00:00,24536.0,24562.67595204855
16818,2017-10-24 07:00:00,27812.0,27842.456170613485
16819,2017-10-24 08:00:00,29901.0,29924.38296809083
16820,2017-10-24 09:00:00,30381.0,30363.90571149934
16821,2017-10-24 10:00:00,30733.0,30755.316830347605
16822,2017-10-24 11:00:00,31091.0,31098.770903831017
16823,2017-10-24 12:00:00,31419.0,31423.387949891432
16824,2017-10-24 13:00:00,31526.0,31540.874295132075
16825,2017-10-24 14:00:00,31556.0,31569.008875777563
16826,2017-10-24 15:00:00,31447.0,31476.914554285093
16827,2017-10-24 16:00:00,31437.0,31485.59845790626
16828,2017-10-24 17:00:00,31578.0,31600.62774337111
16829,2017-10-24 18:00:00,31715.0,31709.177270198
16830,2017-10-24 19:00:00,32378.0,32374.166800502408
16831,2017-10-24 20:00:00,32384.0,32336.927954375824
16832,2017-10-24 21:00:00,31231.0,31196.990607138014
16833,2017-10-24 22:00:00,29410.0,29382.81691393255
16834,2017-10-24 23:00:00,26989.0,27038.032568072256
16835,2017-10-25 00:00:00,24719.0,24745.30987022573
16836,2017-10-23 01:00:00,21434.0,21398.154500010303
16837,2017-10-23 02:00:00,20713.0,20712.83719666106
16838,2017-10-23 03:00:00,20333.0,20304.353327431607
16839,2017-10-23 04:00:00,20259.0,20238.76137406319
16840,2017-10-23 05:00:00,20928.0,20938.45795601573
16841,2017-10-23 06:00:00,22877.0,22886.903785385803
16842,2017-10-23 07:00:00,26118.0,26155.180549274788
16843,2017-10-23 08:00:00,28165.0,28131.45803847358
16844,2017-10-23 09:00:00,28626.0,28625.740178538173
16845,2017-10-23 10:00:00,29051.0,29060.88323140345
16846,2017-10-23 11:00:00,29637.0,29680.046952397603
16847,2017-10-23 12:00:00,30030.0,30031.642333654687
16848,2017-10-23 13:00:00,30263.0,30247.066194399667
16849,2017-10-23 14:00:00,30508.0,30487.213870412408
16850,2017-10-23 15:00:00,30684.0,30655.60991115832
16851,2017-10-23 16:00:00,30650.0,30696.23677101785
16852,2017-10-23 17:00:00,30817.0,30827.293831978805
16853,2017-10-23 18:00:00,31230.0,31210.352328583936
16854,2017-10-23 19:00:00,32473.0,32497.51133872499
16855,2017-10-23 20:00:00,32472.0,32450.92749125117
16856,2017-10-23 21:00:00,31516.0,31516.383773869733
16857,2017-10-23 22:00:00,29852.0,29804.597627084702
16858,2017-10-23 23:00:00,27676.0,27710.657031669056
16859,2017-10-24 00:00:00,25581.0,25626.655198409942
16860,2017-10-22 01:00:00,21220.0,21256.575533752068
16861,2017-10-22 02:00:00,20324.0,20291.111372177576
16862,2017-10-22 03:00:00,19794.0,19826.527136625766
16863,2017-10-22 04:00:00,19530.0,19514.70070491315
16864,2017-10-22 05:00:00,19549.0,19592.628168690848
16865,2017-10-22 06:00:00,19953.0,19932.907789714394
16866,2017-10-22 07:00:00,20837.0,20795.940079094995
16867,2017-10-22 08:00:00,21655.0,21690.292047917468
16868,2017-10-22 09:00:00,22662.0,22623.664652656476
16869,2017-10-22 10:00:00,23375.0,23379.1435082882
16870,2017-10-22 11:00:00,23747.0,23734.59478956888
16871,2017-10-22 12:00:00,23975.0,24000.6854223464
16872,2017-10-22 13:00:00,24266.0,24290.889954322534
16873,2017-10-22 14:00:00,24525.0,24552.613750354656
16874,2017-10-22 15:00:00,24810.0,24766.328213124187
16875,2017-10-22 16:00:00,25316.0,25351.83753411208
16876,2017-10-22 17:00:00,26080.0,26076.632975880933
16877,2017-10-22 18:00:00,26787.0,26758.91841906693
16878,2017-10-22 19:00:00,28108.0,28087.889581439507
16879,2017-10-22 20:00:00,28471.0,28511.274231284664
16880,2017-10-22 21:00:00,27648.0,27598.599314029405
16881,2017-10-22 22:00:00,26142.0,26172.17221082107
16882,2017-10-22 23:00:00,24336.0,24378.39295806123
16883,2017-10-23 00:00:00,22646.0,22621.00546964547
16884,2017-10-21 01:00:00,21889.0,21921.200251992537
16885,2017-10-21 02:00:00,20892.0,20858.108993780737
16886,2017-10-21 03:00:00,20397.0,20348.622521604208
16887,2017-10-21 04:00:00,20183.0,20193.45743313306
16888,2017-10-21 05:00:00,20306.0,20320.620277628004
16889,2017-10-21 06:00:00,20995.0,20960.01423071359
16890,2017-10-21 07:00:00,22216.0,22217.246754405438
16891,2017-10-21 08:00:00,23283.0,23271.54916564849
16892,2017-10-21 09:00:00,24352.0,24309.625813888943
16893,2017-10-21 10:00:00,24879.0,24879.77422832458
16894,2017-10-21 11:00:00,25079.0,25087.513658247157
16895,2017-10-21 12:00:00,25032.0,25003.717205840636
16896,2017-10-21 13:00:00,25030.0,25053.977964056405
16897,2017-10-21 14:00:00,25064.0,25021.260144473385
16898,2017-10-21 15:00:00,25256.0,25261.09951825226
16899,2017-10-21 16:00:00,25587.0,25567.33902146965
16900,2017-10-21 17:00:00,25991.0,25984.60730745536
16901,2017-10-21 18:00:00,26251.0,26290.347353451885
16902,2017-10-21 19:00:00,27225.0,27241.99542514121
16903,2017-10-21 20:00:00,27356.0,27320.887859123402
16904,2017-10-21 21:00:00,26578.0,26616.630602233774
16905,2017-10-21 22:00:00,25555.0,25542.283348936406
16906,2017-10-21 23:00:00,24126.0,24110.12845263441
16907,2017-10-22 00:00:00,22593.0,22593.153642212113
16908,2017-10-20 01:00:00,22287.0,22257.52939932172
16909,2017-10-20 02:00:00,21364.0,21405.423598537378
16910,2017-10-20 03:00:00,20905.0,20901.788902892364
16911,2017-10-20 04:00:00,20813.0,20802.3822699775
16912,2017-10-20 05:00:00,21311.0,21278.096775279893
16913,2017-10-20 06:00:00,23052.0,23082.26814528368
16914,2017-10-20 07:00:00,26108.0,26153.283556326813
16915,2017-10-20 08:00:00,27747.0,27783.95926139951
16916,2017-10-20 09:00:00,28050.0,28016.149696276563
16917,2017-10-20 10:00:00,28060.0,28085.16154830788
16918,2017-10-20 11:00:00,28193.0,28163.416384593253
16919,2017-10-20 12:00:00,28154.0,28107.88343933209
16920,2017-10-20 13:00:00,28005.0,28003.447171661297
16921,2017-10-20 14:00:00,28203.0,28220.038061361447
16922,2017-10-20 15:00:00,28270.0,28232.42875625577
16923,2017-10-20 16:00:00,28441.0,28451.551895668552
16924,2017-10-20 17:00:00,28712.0,28746.36455000937
16925,2017-10-20 18:00:00,28897.0,28867.901044720475
16926,2017-10-20 19:00:00,29220.0,29212.778937968847
16927,2017-10-20 20:00:00,29149.0,29148.880072726777
16928,2017-10-20 21:00:00,28160.0,28193.12117511467
16929,2017-10-20 22:00:00,26854.0,26881.13766136508
16930,2017-10-20 23:00:00,25115.0,25141.932763872108
16931,2017-10-21 00:00:00,23384.0,23401.903833995715
16932,2017-10-19 01:00:00,22323.0,22334.778914663915
16933,2017-10-19 02:00:00,21413.0,21413.88875242572
16934,2017-10-19 03:00:00,21060.0,21046.96186494316
16935,2017-10-19 04:00:00,21046.0,21047.322761317042
16936,2017-10-19 05:00:00,21590.0,21625.37197495142
16937,2017-10-19 06:00:00,23588.0,23595.058853567665
16938,2017-10-19 07:00:00,26858.0,26906.560585786607
16939,2017-10-19 08:00:00,28567.0,28531.25331860301
16940,2017-10-19 09:00:00,28578.0,28572.115480604414
16941,2017-10-19 10:00:00,28262.0,28232.02804860734
16942,2017-10-19 11:00:00,28151.0,28137.509990797826
16943,2017-10-19 12:00:00,27942.0,27970.97643740407
16944,2017-10-19 13:00:00,27864.0,27896.477445757548
16945,2017-10-19 14:00:00,28030.0,27983.17191167892
16946,2017-10-19 15:00:00,28192.0,28237.336957964668
16947,2017-10-19 16:00:00,28463.0,28500.187198067368
16948,2017-10-19 17:00:00,28876.0,28916.496975844122
16949,2017-10-19 18:00:00,29242.0,29229.677939234676
16950,2017-10-19 19:00:00,30052.0,30051.695985936632
16951,2017-10-19 20:00:00,30438.0,30404.85033673155
16952,2017-10-19 21:00:00,29539.0,29528.683240733146
16953,2017-10-19 22:00:00,27962.0,27924.614614797745
16954,2017-10-19 23:00:00,25731.0,25767.328585303403
16955,2017-10-20 00:00:00,23737.0,23745.112978004538
16956,2017-10-18 01:00:00,22643.0,22606.59817921916
16957,2017-10-18 02:00:00,21871.0,21908.906557719954
16958,2017-10-18 03:00:00,21533.0,21491.03684097643
16959,2017-10-18 04:00:00,21500.0,21542.694731676456
16960,2017-10-18 05:00:00,22115.0,22075.574930760395
16961,2017-10-18 06:00:00,24136.0,24157.797619618577
16962,2017-10-18 07:00:00,27622.0,27636.53069189583
16963,2017-10-18 08:00:00,29329.0,29357.270146107276
16964,2017-10-18 09:00:00,29067.0,29073.477000365674
16965,2017-10-18 10:00:00,28446.0,28430.992153588504
16966,2017-10-18 11:00:00,28204.0,28181.4400895631
16967,2017-10-18 12:00:00,27912.0,27956.547061157868
16968,2017-10-18 13:00:00,27845.0,27839.127023801066
16969,2017-10-18 14:00:00,27935.0,27969.219354855548
16970,2017-10-18 15:00:00,28094.0,28116.305583105892
16971,2017-10-18 16:00:00,28331.0,28346.613494733225
16972,2017-10-18 17:00:00,28811.0,28858.060929528427
16973,2017-10-18 18:00:00,29225.0,29231.544959014544
16974,2017-10-18 19:00:00,30150.0,30173.30174317962
16975,2017-10-18 20:00:00,30538.0,30572.966963027506
16976,2017-10-18 21:00:00,29585.0,29539.5977540692
16977,2017-10-18 22:00:00,27989.0,28038.630793877863
16978,2017-10-18 23:00:00,25725.0,25701.217433157548
16979,2017-10-19 00:00:00,23685.0,23705.251678584482
16980,2017-10-17 01:00:00,22158.0,22203.3616227862
16981,2017-10-17 02:00:00,21362.0,21388.31368406143
16982,2017-10-17 03:00:00,20981.0,20953.961729714716
16983,2017-10-17 04:00:00,20975.0,20961.231388763495
16984,2017-10-17 05:00:00,21592.0,21583.41790077609
16985,2017-10-17 06:00:00,23536.0,23544.63474936222
16986,2017-10-17 07:00:00,27031.0,27041.29477265956
16987,2017-10-17 08:00:00,28876.0,28904.790073347653
16988,2017-10-17 09:00:00,28791.0,28826.96732125518
16989,2017-10-17 10:00:00,28338.0,28296.953768976666
16990,2017-10-17 11:00:00,27886.0,27863.315664674137
16991,2017-10-17 12:00:00,27498.0,27482.366219200514
16992,2017-10-17 13:00:00,27176.0,27127.336467015033
16993,2017-10-17 14:00:00,27241.0,27232.758455454175
16994,2017-10-17 15:00:00,27170.0,27155.87986554696
16995,2017-10-17 16:00:00,27355.0,27357.539017048453
16996,2017-10-17 17:00:00,27869.0,27829.018149071617
16997,2017-10-17 18:00:00,28562.0,28553.399278024004
16998,2017-10-17 19:00:00,29770.0,29779.74159629033
16999,2017-10-17 20:00:00,30500.0,30530.38152700787
17000,2017-10-17 21:00:00,29775.0,29801.64524351599
17001,2017-10-17 22:00:00,28244.0,28234.4856569965
17002,2017-10-17 23:00:00,26069.0,26057.95325795739
17003,2017-10-18 00:00:00,24079.0,24032.747204870506
17004,2017-10-16 01:00:00,23465.0,23423.264462752228
17005,2017-10-16 02:00:00,22410.0,22447.2406435059
17006,2017-10-16 03:00:00,21683.0,21713.58750471199
17007,2017-10-16 04:00:00,21341.0,21293.108718604046
17008,2017-10-16 05:00:00,21584.0,21622.26785623668
17009,2017-10-16 06:00:00,23258.0,23269.38792610474
17010,2017-10-16 07:00:00,26280.0,26310.191911978425
17011,2017-10-16 08:00:00,28011.0,28011.252672315753
17012,2017-10-16 09:00:00,28416.0,28381.062637852483
17013,2017-10-16 10:00:00,28641.0,28626.689050116147
17014,2017-10-16 11:00:00,28779.0,28774.002907758684
17015,2017-10-16 12:00:00,28744.0,28769.391214202697
17016,2017-10-16 13:00:00,28401.0,28432.269259507444
17017,2017-10-16 14:00:00,28191.0,28215.145292699144
17018,2017-10-16 15:00:00,27821.0,27818.66474396635
17019,2017-10-16 16:00:00,27727.0,27743.370144645807
17020,2017-10-16 17:00:00,27989.0,27968.551478142756
17021,2017-10-16 18:00:00,28419.0,28467.780170996673
17022,2017-10-16 19:00:00,29549.0,29515.820573752568
17023,2017-10-16 20:00:00,30249.0,30271.360256515287
17024,2017-10-16 21:00:00,29338.0,29303.49305745365
17025,2017-10-16 22:00:00,27753.0,27731.086614157226
17026,2017-10-16 23:00:00,25523.0,25547.882581005673
17027,2017-10-17 00:00:00,23510.0,23532.911571201264
17028,2017-10-15 01:00:00,22606.0,22568.450982642113
17029,2017-10-15 02:00:00,21558.0,21575.85427414336
17030,2017-10-15 03:00:00,20912.0,20882.38390492489
17031,2017-10-15 04:00:00,20536.0,20583.296158455316
17032,2017-10-15 05:00:00,20484.0,20494.30517345101
17033,2017-10-15 06:00:00,20795.0,20745.34794249842
17034,2017-10-15 07:00:00,21563.0,21533.84545511679
17035,2017-10-15 08:00:00,22455.0,22427.96054959205
17036,2017-10-15 09:00:00,23778.0,23752.70981111057
17037,2017-10-15 10:00:00,25120.0,25125.709307360063
17038,2017-10-15 11:00:00,26052.0,26022.560671986364
17039,2017-10-15 12:00:00,26616.0,26607.279207883785
17040,2017-10-15 13:00:00,26930.0,26897.33249675812
17041,2017-10-15 14:00:00,27151.0,27167.69024495049
17042,2017-10-15 15:00:00,27215.0,27221.87066633379
17043,2017-10-15 16:00:00,27590.0,27602.869808847936
17044,2017-10-15 17:00:00,28235.0,28281.740834800672
17045,2017-10-15 18:00:00,28933.0,28922.93019431134
17046,2017-10-15 19:00:00,29988.0,29959.547262575667
17047,2017-10-15 20:00:00,30755.0,30804.877090180165
17048,2017-10-15 21:00:00,30056.0,30011.807506502377
17049,2017-10-15 22:00:00,28621.0,28652.034937146553
17050,2017-10-15 23:00:00,26709.0,26675.217660665865
17051,2017-10-16 00:00:00,24883.0,24899.478523403897
17052,2017-10-14 01:00:00,22443.0,22440.379624304987
17053,2017-10-14 02:00:00,21519.0,21552.902556342084
17054,2017-10-14 03:00:00,20907.0,20930.10911006128
17055,2017-10-14 04:00:00,20570.0,20537.233589699965
17056,2017-10-14 05:00:00,20614.0,20630.52449982488
17057,2017-10-14 06:00:00,21094.0,21065.709098207335
17058,2017-10-14 07:00:00,22231.0,22197.927042641964
17059,2017-10-14 08:00:00,23384.0,23342.41160459613
17060,2017-10-14 09:00:00,24719.0,24680.36560346847
17061,2017-10-14 10:00:00,25869.0,25889.38773636782
17062,2017-10-14 11:00:00,26532.0,26581.212162439926
17063,2017-10-14 12:00:00,26822.0,26839.57923277821
17064,2017-10-14 13:00:00,26837.0,26857.846717847613
17065,2017-10-14 14:00:00,26665.0,26693.27097792084
17066,2017-10-14 15:00:00,26544.0,26582.901136852823
17067,2017-10-14 16:00:00,26572.0,26548.77297397927
17068,2017-10-14 17:00:00,26867.0,26877.454568453395
17069,2017-10-14 18:00:00,27297.0,27268.663693847197
17070,2017-10-14 19:00:00,28132.0,28134.563752292514
17071,2017-10-14 20:00:00,28572.0,28542.86685302382
17072,2017-10-14 21:00:00,27938.0,27894.4005326874
17073,2017-10-14 22:00:00,27002.0,26960.82845353083
17074,2017-10-14 23:00:00,25617.0,25664.630239627026
17075,2017-10-15 00:00:00,24060.0,24010.60180819129
17076,2017-10-13 01:00:00,22504.0,22523.01649944377
17077,2017-10-13 02:00:00,21519.0,21557.730754210275
17078,2017-10-13 03:00:00,20980.0,20969.370372367088
17079,2017-10-13 04:00:00,20799.0,20819.811484342186
17080,2017-10-13 05:00:00,21260.0,21244.88872916553
17081,2017-10-13 06:00:00,22825.0,22827.89648516376
17082,2017-10-13 07:00:00,25848.0,25891.56988452988
17083,2017-10-13 08:00:00,27668.0,27622.23350722959
17084,2017-10-13 09:00:00,28163.0,28139.717495923524
17085,2017-10-13 10:00:00,28510.0,28470.59885653716
17086,2017-10-13 11:00:00,28790.0,28789.592543222105
17087,2017-10-13 12:00:00,28876.0,28903.0480412351
17088,2017-10-13 13:00:00,28780.0,28827.659972309568
17089,2017-10-13 14:00:00,28826.0,28791.544808469964
17090,2017-10-13 15:00:00,28666.0,28620.393071215534
17091,2017-10-13 16:00:00,28564.0,28527.834891448325
17092,2017-10-13 17:00:00,28625.0,28671.87525156191
17093,2017-10-13 18:00:00,28867.0,28849.012896179716
17094,2017-10-13 19:00:00,29455.0,29431.717247133958
17095,2017-10-13 20:00:00,29532.0,29555.50672524988
17096,2017-10-13 21:00:00,28742.0,28704.067537686562
17097,2017-10-13 22:00:00,27526.0,27510.907508381304
17098,2017-10-13 23:00:00,25834.0,25798.481162271062
17099,2017-10-14 00:00:00,24043.0,24090.43204787057
17100,2017-10-12 01:00:00,24606.0,24584.512269848612
17101,2017-10-12 02:00:00,23400.0,23376.919523089204
17102,2017-10-12 03:00:00,22743.0,22756.440278063386
17103,2017-10-12 04:00:00,22420.0,22371.661631989107
17104,2017-10-12 05:00:00,22676.0,22691.35376243766
17105,2017-10-12 06:00:00,24252.0,24247.38549660718
17106,2017-10-12 07:00:00,27321.0,27289.413501139366
17107,2017-10-12 08:00:00,29176.0,29174.634297928038
17108,2017-10-12 09:00:00,29574.0,29623.898825904253
17109,2017-10-12 10:00:00,29928.0,29961.880597064646
17110,2017-10-12 11:00:00,30100.0,30147.41641278325
17111,2017-10-12 12:00:00,30082.0,30124.6061344129
17112,2017-10-12 13:00:00,29924.0,29956.04150738394
17113,2017-10-12 14:00:00,29730.0,29713.47444733185
17114,2017-10-12 15:00:00,29442.0,29464.993612487757
17115,2017-10-12 16:00:00,29243.0,29232.153804346184
17116,2017-10-12 17:00:00,29277.0,29269.952667656966
17117,2017-10-12 18:00:00,29528.0,29565.339207054327
17118,2017-10-12 19:00:00,30284.0,30254.518316880374
17119,2017-10-12 20:00:00,30699.0,30678.659435371243
17120,2017-10-12 21:00:00,29774.0,29817.05001274848
17121,2017-10-12 22:00:00,28143.0,28162.959441088624
17122,2017-10-12 23:00:00,26038.0,25994.489879535362
17123,2017-10-13 00:00:00,24012.0,23974.161302251265
17124,2017-10-11 01:00:00,26732.0,26739.95482311351
17125,2017-10-11 02:00:00,25299.0,25328.875496125667
17126,2017-10-11 03:00:00,24363.0,24392.280682051918
17127,2017-10-11 04:00:00,23962.0,23954.492601398095
17128,2017-10-11 05:00:00,24254.0,24229.850929904824
17129,2017-10-11 06:00:00,25958.0,25986.77080113604
17130,2017-10-11 07:00:00,29221.0,29265.406812888683
17131,2017-10-11 08:00:00,31209.0,31203.413070962317
17132,2017-10-11 09:00:00,31623.0,31586.727633979463
17133,2017-10-11 10:00:00,32051.0,32061.97293467492
17134,2017-10-11 11:00:00,32461.0,32418.163501422634
17135,2017-10-11 12:00:00,32886.0,32897.150060165855
17136,2017-10-11 13:00:00,33055.0,33022.29458328507
17137,2017-10-11 14:00:00,33355.0,33356.59790781561
17138,2017-10-11 15:00:00,33454.0,33466.54941963232
17139,2017-10-11 16:00:00,33450.0,33444.67256848176
17140,2017-10-11 17:00:00,33585.0,33617.72968627412
17141,2017-10-11 18:00:00,33865.0,33852.470886311974
17142,2017-10-11 19:00:00,34385.0,34350.503278516844
17143,2017-10-11 20:00:00,34401.0,34397.39046740275
17144,2017-10-11 21:00:00,33255.0,33301.35388287476
17145,2017-10-11 22:00:00,31396.0,31434.01822225418
17146,2017-10-11 23:00:00,28827.0,28808.10832850318
17147,2017-10-12 00:00:00,26414.0,26388.27050913714
17148,2017-10-10 01:00:00,28984.0,28982.32881570747
17149,2017-10-10 02:00:00,27261.0,27276.51580050975
17150,2017-10-10 03:00:00,26072.0,26114.671942280234
17151,2017-10-10 04:00:00,25350.0,25361.332620099354
17152,2017-10-10 05:00:00,25378.0,25411.61164171927
17153,2017-10-10 06:00:00,26966.0,26985.607344941454
17154,2017-10-10 07:00:00,30137.0,30097.152303903327
17155,2017-10-10 08:00:00,31639.0,31678.178552420846
17156,2017-10-10 09:00:00,32626.0,32595.953744373248
17157,2017-10-10 10:00:00,33714.0,33700.66470000053
17158,2017-10-10 11:00:00,35030.0,35064.02617115891
17159,2017-10-10 12:00:00,36293.0,36340.92128896776
17160,2017-10-10 13:00:00,37591.0,37572.0611790912
17161,2017-10-10 14:00:00,38827.0,38815.322284250215
17162,2017-10-10 15:00:00,39604.0,39602.561364185014
17163,2017-10-10 16:00:00,40348.0,40347.79916499435
17164,2017-10-10 17:00:00,40879.0,40904.03749047823
17165,2017-10-10 18:00:00,40576.0,40607.71187338614
17166,2017-10-10 19:00:00,39734.0,39783.1035836193
17167,2017-10-10 20:00:00,39538.0,39568.4228719653
17168,2017-10-10 21:00:00,37678.0,37657.97814190126
17169,2017-10-10 22:00:00,35135.0,35120.81506461672
17170,2017-10-10 23:00:00,31964.0,31975.8057821805
17171,2017-10-11 00:00:00,29061.0,29079.663798384034
17172,2017-10-09 01:00:00,28047.0,28005.99619418401
17173,2017-10-09 02:00:00,26861.0,26845.367824408455
17174,2017-10-09 03:00:00,26164.0,26134.26667396457
17175,2017-10-09 04:00:00,25909.0,25909.78495121869
17176,2017-10-09 05:00:00,26322.0,26288.869764634714
17177,2017-10-09 06:00:00,28018.0,28026.074143947128
17178,2017-10-09 07:00:00,30940.0,30936.729649928366
17179,2017-10-09 08:00:00,33145.0,33135.39237971793
17180,2017-10-09 09:00:00,34415.0,34429.89528857685
17181,2017-10-09 10:00:00,35538.0,35529.632165906994
17182,2017-10-09 11:00:00,36383.0,36372.92648697207
17183,2017-10-09 12:00:00,36822.0,36837.11217664241
17184,2017-10-09 13:00:00,37127.0,37082.72862841163
17185,2017-10-09 14:00:00,37623.0,37616.24823713702
17186,2017-10-09 15:00:00,38089.0,38058.540052392564
17187,2017-10-09 16:00:00,38503.0,38456.85729386148
17188,2017-10-09 17:00:00,39147.0,39100.46827204087
17189,2017-10-09 18:00:00,39578.0,39544.76206803897
17190,2017-10-09 19:00:00,40071.0,40064.3941144297
17191,2017-10-09 20:00:00,40518.0,40524.669850669896
17192,2017-10-09 21:00:00,39407.0,39436.589928615496
17193,2017-10-09 22:00:00,37309.0,37319.769221158786
17194,2017-10-09 23:00:00,34361.0,34363.00556596368
17195,2017-10-10 00:00:00,31462.0,31415.63665939027
17196,2017-10-08 01:00:00,26994.0,26973.78996258663
17197,2017-10-08 02:00:00,25841.0,25860.22708131112
17198,2017-10-08 03:00:00,25142.0,25119.051448461563
17199,2017-10-08 04:00:00,24719.0,24728.433986501437
17200,2017-10-08 05:00:00,24617.0,24627.390107885032
17201,2017-10-08 06:00:00,24970.0,24950.512780686968
17202,2017-10-08 07:00:00,25855.0,25862.159475713393
17203,2017-10-08 08:00:00,26813.0,26774.397348720395
17204,2017-10-08 09:00:00,28380.0,28402.697130715755
17205,2017-10-08 10:00:00,30110.0,30062.252768621765
17206,2017-10-08 11:00:00,31545.0,31498.53249861583
17207,2017-10-08 12:00:00,32564.0,32601.025837428406
17208,2017-10-08 13:00:00,33321.0,33329.02871983333
17209,2017-10-08 14:00:00,33878.0,33844.29141429129
17210,2017-10-08 15:00:00,34093.0,34103.163818052926
17211,2017-10-08 16:00:00,34375.0,34361.98479275829
17212,2017-10-08 17:00:00,34770.0,34746.98678311018
17213,2017-10-08 18:00:00,35282.0,35313.13247068934
17214,2017-10-08 19:00:00,36053.0,36050.73085959446
17215,2017-10-08 20:00:00,36580.0,36559.34730980014
17216,2017-10-08 21:00:00,35748.0,35792.369452071725
17217,2017-10-08 22:00:00,34189.0,34155.50252137063
17218,2017-10-08 23:00:00,32031.0,31995.20076675866
17219,2017-10-09 00:00:00,29916.0,29875.730386039446
17220,2017-10-07 01:00:00,25672.0,25634.443433096254
17221,2017-10-07 02:00:00,24231.0,24206.278518554343
17222,2017-10-07 03:00:00,23215.0,23234.850413768974
17223,2017-10-07 04:00:00,22630.0,22647.185781336462
17224,2017-10-07 05:00:00,22485.0,22511.34616901782
17225,2017-10-07 06:00:00,22915.0,22922.55710054873
17226,2017-10-07 07:00:00,23852.0,23851.26107626055
17227,2017-10-07 08:00:00,24732.0,24725.18840133951
17228,2017-10-07 09:00:00,26494.0,26531.46434571873
17229,2017-10-07 10:00:00,28169.0,28153.35050091133
17230,2017-10-07 11:00:00,29696.0,29735.152179006152
17231,2017-10-07 12:00:00,31092.0,31069.55396901451
17232,2017-10-07 13:00:00,32281.0,32246.731933735024
17233,2017-10-07 14:00:00,33101.0,33076.51425488182
17234,2017-10-07 15:00:00,33691.0,33690.90260548568
17235,2017-10-07 16:00:00,34126.0,34168.588768494104
17236,2017-10-07 17:00:00,34488.0,34455.730960771165
17237,2017-10-07 18:00:00,34441.0,34448.990166122385
17238,2017-10-07 19:00:00,34087.0,34058.77211594944
17239,2017-10-07 20:00:00,34445.0,34462.76451668423
17240,2017-10-07 21:00:00,33572.0,33568.50350410114
17241,2017-10-07 22:00:00,32278.0,32301.353772181246
17242,2017-10-07 23:00:00,30534.0,30569.61088095504
17243,2017-10-08 00:00:00,28702.0,28685.47438006093
17244,2017-10-06 01:00:00,25214.0,25257.81887570379
17245,2017-10-06 02:00:00,24000.0,23996.84222049248
17246,2017-10-06 03:00:00,23231.0,23274.663429604312
17247,2017-10-06 04:00:00,22830.0,22803.06227136884
17248,2017-10-06 05:00:00,23173.0,23212.708575555163
17249,2017-10-06 06:00:00,24767.0,24750.365659478633
17250,2017-10-06 07:00:00,27825.0,27850.075076610563
17251,2017-10-06 08:00:00,29485.0,29531.818270607753
17252,2017-10-06 09:00:00,30304.0,30345.216194819885
17253,2017-10-06 10:00:00,31310.0,31306.36547251983
17254,2017-10-06 11:00:00,32377.0,32361.490118798538
17255,2017-10-06 12:00:00,33426.0,33437.26366026089
17256,2017-10-06 13:00:00,34296.0,34316.58093457222
17257,2017-10-06 14:00:00,35214.0,35218.02467061494
17258,2017-10-06 15:00:00,35807.0,35841.84758553534
17259,2017-10-06 16:00:00,36115.0,36070.826708439614
17260,2017-10-06 17:00:00,36135.0,36144.96375772928
17261,2017-10-06 18:00:00,35805.0,35807.52428765976
17262,2017-10-06 19:00:00,35184.0,35137.93639394249
17263,2017-10-06 20:00:00,34968.0,34919.27111655977
17264,2017-10-06 21:00:00,33565.0,33575.61297300028
17265,2017-10-06 22:00:00,31734.0,31695.799881547788
17266,2017-10-06 23:00:00,29668.0,29694.85314818238
17267,2017-10-07 00:00:00,27498.0,27542.924888382924
17268,2017-10-05 01:00:00,23151.0,23118.741624515536
17269,2017-10-05 02:00:00,22156.0,22185.857423242585
17270,2017-10-05 03:00:00,21591.0,21600.1418774259
17271,2017-10-05 04:00:00,21445.0,21439.793977581157
17272,2017-10-05 05:00:00,21870.0,21885.029830746207
17273,2017-10-05 06:00:00,23578.0,23608.233813908344
17274,2017-10-05 07:00:00,26709.0,26756.064526710838
17275,2017-10-05 08:00:00,28272.0,28288.04932556842
17276,2017-10-05 09:00:00,28831.0,28855.69301716603
17277,2017-10-05 10:00:00,29528.0,29538.751901584954
17278,2017-10-05 11:00:00,30340.0,30346.504522681615
17279,2017-10-05 12:00:00,31295.0,31251.478189443613
17280,2017-10-05 13:00:00,32196.0,32161.50742542797
17281,2017-10-05 14:00:00,33078.0,33065.92528297597
17282,2017-10-05 15:00:00,33722.0,33736.9503572096
17283,2017-10-05 16:00:00,34065.0,34022.579420820584
17284,2017-10-05 17:00:00,34287.0,34291.43772680478
17285,2017-10-05 18:00:00,34312.0,34263.31824974894
17286,2017-10-05 19:00:00,34509.0,34535.6093453295
17287,2017-10-05 20:00:00,35052.0,35068.69333814611
17288,2017-10-05 21:00:00,34156.0,34158.06752817871
17289,2017-10-05 22:00:00,32245.0,32252.11426479217
17290,2017-10-05 23:00:00,29659.0,29702.275930003518
17291,2017-10-06 00:00:00,27156.0,27196.669656164817
17292,2017-10-04 01:00:00,22308.0,22337.275140420046
17293,2017-10-04 02:00:00,21297.0,21280.622635100663
17294,2017-10-04 03:00:00,20812.0,20772.724686999525
17295,2017-10-04 04:00:00,20694.0,20676.143160252657
17296,2017-10-04 05:00:00,21181.0,21206.19622531703
17297,2017-10-04 06:00:00,22980.0,22991.10007399942
17298,2017-10-04 07:00:00,26097.0,26117.55716982469
17299,2017-10-04 08:00:00,27631.0,27591.5329474928
17300,2017-10-04 09:00:00,27941.0,27906.84468884591
17301,2017-10-04 10:00:00,28214.0,28230.431977738815
17302,2017-10-04 11:00:00,28710.0,28697.180054945435
17303,2017-10-04 12:00:00,29022.0,29008.91878508645
17304,2017-10-04 13:00:00,29345.0,29334.265946667678
17305,2017-10-04 14:00:00,29990.0,30019.593987919852
17306,2017-10-04 15:00:00,30538.0,30557.90539905673
17307,2017-10-04 16:00:00,31124.0,31084.603571898035
17308,2017-10-04 17:00:00,31758.0,31742.43573170284
17309,2017-10-04 18:00:00,32054.0,32071.383212125038
17310,2017-10-04 19:00:00,31864.0,31911.612920008378
17311,2017-10-04 20:00:00,32440.0,32481.2253230731
17312,2017-10-04 21:00:00,31443.0,31417.827340167238
17313,2017-10-04 22:00:00,29565.0,29521.60329808152
17314,2017-10-04 23:00:00,27071.0,27078.326339544827
17315,2017-10-05 00:00:00,24792.0,24782.62503304493
17316,2017-10-03 01:00:00,22088.0,22056.33900581536
17317,2017-10-03 02:00:00,21218.0,21233.164720201938
17318,2017-10-03 03:00:00,20747.0,20713.035093490074
17319,2017-10-03 04:00:00,20651.0,20636.14814246604
17320,2017-10-03 05:00:00,21182.0,21211.45676624067
17321,2017-10-03 06:00:00,22949.0,22967.429912967465
17322,2017-10-03 07:00:00,26100.0,26110.71225445137
17323,2017-10-03 08:00:00,27625.0,27668.082676111637
17324,2017-10-03 09:00:00,27814.0,27776.540808370788
17325,2017-10-03 10:00:00,28045.0,28064.09627502371
17326,2017-10-03 11:00:00,28541.0,28502.732779382313
17327,2017-10-03 12:00:00,28745.0,28708.63745759606
17328,2017-10-03 13:00:00,28845.0,28845.64260255026
17329,2017-10-03 14:00:00,29156.0,29108.411024293662
17330,2017-10-03 15:00:00,29390.0,29390.099831870408
17331,2017-10-03 16:00:00,29660.0,29610.947885684658
17332,2017-10-03 17:00:00,30150.0,30160.241504156387
17333,2017-10-03 18:00:00,30426.0,30407.200992745078
17334,2017-10-03 19:00:00,30406.0,30364.326494286626
17335,2017-10-03 20:00:00,31231.0,31259.084162760195
17336,2017-10-03 21:00:00,30256.0,30244.992512572935
17337,2017-10-03 22:00:00,28463.0,28457.402006184144
17338,2017-10-03 23:00:00,26016.0,26003.44786994509
17339,2017-10-04 00:00:00,23810.0,23768.36303528912
17340,2017-10-02 01:00:00,21108.0,21103.991726390446
17341,2017-10-02 02:00:00,20327.0,20343.543802214073
17342,2017-10-02 03:00:00,20067.0,20107.33762195927
17343,2017-10-02 04:00:00,20056.0,20082.380307804407
17344,2017-10-02 05:00:00,20697.0,20654.928838812
17345,2017-10-02 06:00:00,22572.0,22538.580417764548
17346,2017-10-02 07:00:00,25698.0,25652.482623656
17347,2017-10-02 08:00:00,27242.0,27203.938957365037
17348,2017-10-02 09:00:00,27585.0,27583.052753151347
17349,2017-10-02 10:00:00,27747.0,27718.974002618095
17350,2017-10-02 11:00:00,27996.0,28010.793640666547
17351,2017-10-02 12:00:00,28190.0,28143.23663326438
17352,2017-10-02 13:00:00,28301.0,28336.724634739177
17353,2017-10-02 14:00:00,28632.0,28649.764042670387
17354,2017-10-02 15:00:00,28918.0,28964.90778288021
17355,2017-10-02 16:00:00,29346.0,29391.283028715887
17356,2017-10-02 17:00:00,29784.0,29803.292622793957
17357,2017-10-02 18:00:00,30202.0,30167.80441443198
17358,2017-10-02 19:00:00,30249.0,30221.20825365904
17359,2017-10-02 20:00:00,31052.0,31029.758198371852
17360,2017-10-02 21:00:00,30000.0,29992.667413105173
17361,2017-10-02 22:00:00,28149.0,28156.087251430654
17362,2017-10-02 23:00:00,25681.0,25699.25999941287
17363,2017-10-03 00:00:00,23671.0,23628.563723877887
17364,2017-10-01 01:00:00,21053.0,21064.054822660193
17365,2017-10-01 02:00:00,20182.0,20137.918681344447
17366,2017-10-01 03:00:00,19644.0,19676.70262584485
17367,2017-10-01 04:00:00,19393.0,19347.042498408744
17368,2017-10-01 05:00:00,19367.0,19356.004755463124
17369,2017-10-01 06:00:00,19745.0,19736.998188317717
17370,2017-10-01 07:00:00,20485.0,20492.038587687282
17371,2017-10-01 08:00:00,21173.0,21132.544749947734
17372,2017-10-01 09:00:00,22321.0,22364.31041127097
17373,2017-10-01 10:00:00,23029.0,23017.32064066278
17374,2017-10-01 11:00:00,23393.0,23382.619825220027
17375,2017-10-01 12:00:00,23575.0,23549.30869695608
17376,2017-10-01 13:00:00,23755.0,23783.071699541142
17377,2017-10-01 14:00:00,23852.0,23802.776143413943
17378,2017-10-01 15:00:00,24051.0,24011.62041070904
17379,2017-10-01 16:00:00,24479.0,24476.076179118143
17380,2017-10-01 17:00:00,25266.0,25312.829894124978
17381,2017-10-01 18:00:00,26108.0,26061.558774152956
17382,2017-10-01 19:00:00,26695.0,26651.199183770103
17383,2017-10-01 20:00:00,27977.0,27998.48926249264
17384,2017-10-01 21:00:00,27437.0,27460.544561263752
17385,2017-10-01 22:00:00,25938.0,25977.693674584785
17386,2017-10-01 23:00:00,24056.0,24063.662948551624
17387,2017-10-02 00:00:00,22364.0,22354.355016288537
17388,2017-09-30 01:00:00,22472.0,22467.10743767709
17389,2017-09-30 02:00:00,21458.0,21451.1515165732
17390,2017-09-30 03:00:00,20846.0,20893.353666066298
17391,2017-09-30 04:00:00,20458.0,20446.008769794054
17392,2017-09-30 05:00:00,20446.0,20405.60672911586
17393,2017-09-30 06:00:00,20922.0,20900.962575431342
17394,2017-09-30 07:00:00,21808.0,21854.008840829523
17395,2017-09-30 08:00:00,22588.0,22580.82465022562
17396,2017-09-30 09:00:00,23928.0,23909.607394740666
17397,2017-09-30 10:00:00,24798.0,24779.075404356314
17398,2017-09-30 11:00:00,25234.0,25184.906460360482
17399,2017-09-30 12:00:00,25420.0,25433.311781506316
17400,2017-09-30 13:00:00,25341.0,25363.4270299503
17401,2017-09-30 14:00:00,25029.0,25014.295090081956
17402,2017-09-30 15:00:00,24862.0,24899.279133429412
17403,2017-09-30 16:00:00,24869.0,24893.289074963646
17404,2017-09-30 17:00:00,25010.0,25020.086957498395
17405,2017-09-30 18:00:00,25281.0,25301.381673950393
17406,2017-09-30 19:00:00,25676.0,25702.945258458967
17407,2017-09-30 20:00:00,26647.0,26649.704987611498
17408,2017-09-30 21:00:00,26232.0,26221.780092810804
17409,2017-09-30 22:00:00,25247.0,25209.57138314747
17410,2017-09-30 23:00:00,23888.0,23878.494470175636
17411,2017-10-01 00:00:00,22349.0,22354.009589563066
17412,2017-09-29 01:00:00,23612.0,23656.78640893241
17413,2017-09-29 02:00:00,22430.0,22395.489495571957
17414,2017-09-29 03:00:00,21752.0,21777.695878299146
17415,2017-09-29 04:00:00,21431.0,21405.070374579147
17416,2017-09-29 05:00:00,21765.0,21810.700610467105
17417,2017-09-29 06:00:00,23233.0,23242.48077034124
17418,2017-09-29 07:00:00,26023.0,26016.2782992189
17419,2017-09-29 08:00:00,27348.0,27332.68254074862
17420,2017-09-29 09:00:00,27860.0,27830.19825387202
17421,2017-09-29 10:00:00,28272.0,28293.44976753565
17422,2017-09-29 11:00:00,28661.0,28674.59681677955
17423,2017-09-29 12:00:00,29007.0,29046.01552436026
17424,2017-09-29 13:00:00,29263.0,29272.733833959424
17425,2017-09-29 14:00:00,29579.0,29545.980383850212
17426,2017-09-29 15:00:00,29683.0,29701.283363719354
17427,2017-09-29 16:00:00,29818.0,29855.87936122834
17428,2017-09-29 17:00:00,30224.0,30273.04623692078
17429,2017-09-29 18:00:00,30264.0,30282.506597727086
17430,2017-09-29 19:00:00,29709.0,29687.953593778075
17431,2017-09-29 20:00:00,29992.0,29998.538180240233
17432,2017-09-29 21:00:00,29138.0,29139.498394083603
17433,2017-09-29 22:00:00,27727.0,27728.197862313405
17434,2017-09-29 23:00:00,25889.0,25846.861988160483
17435,2017-09-30 00:00:00,24007.0,23976.454586896278
17436,2017-09-28 01:00:00,30357.0,30359.4116069611
17437,2017-09-28 02:00:00,28675.0,28704.818187459117
17438,2017-09-28 03:00:00,27760.0,27728.178641899678
17439,2017-09-28 04:00:00,27254.0,27220.428147511924
17440,2017-09-28 05:00:00,27464.0,27489.98552915786
17441,2017-09-28 06:00:00,29048.0,29067.055401740705
17442,2017-09-28 07:00:00,31998.0,31996.51081589947
17443,2017-09-28 08:00:00,33124.0,33079.03619224967
17444,2017-09-28 09:00:00,33568.0,33565.26816115392
17445,2017-09-28 10:00:00,34010.0,34043.48520182435
17446,2017-09-28 11:00:00,34564.0,34515.062150519116
17447,2017-09-28 12:00:00,34858.0,34818.260642909394
17448,2017-09-28 13:00:00,35155.0,35185.93361234177
17449,2017-09-28 14:00:00,35498.0,35500.515192899016
17450,2017-09-28 15:00:00,35902.0,35918.22669761809
17451,2017-09-28 16:00:00,36223.0,36247.50518330354
17452,2017-09-28 17:00:00,36441.0,36421.02079648701
17453,2017-09-28 18:00:00,35806.0,35785.787538766475
17454,2017-09-28 19:00:00,34126.0,34102.395574173206
17455,2017-09-28 20:00:00,34080.0,34046.72547318706
17456,2017-09-28 21:00:00,32883.0,32863.47438081941
17457,2017-09-28 22:00:00,30646.0,30691.283033562002
17458,2017-09-28 23:00:00,27943.0,27901.597627348627
17459,2017-09-29 00:00:00,25505.0,25479.063612137303
17460,2017-09-27 01:00:00,28750.0,28731.80174216456
17461,2017-09-27 02:00:00,27180.0,27145.381597019285
17462,2017-09-27 03:00:00,26328.0,26285.7401576322
17463,2017-09-27 04:00:00,25830.0,25796.185783571327
17464,2017-09-27 05:00:00,26183.0,26185.779904794817
17465,2017-09-27 06:00:00,27936.0,27945.675249396212
17466,2017-09-27 07:00:00,31340.0,31311.52556435703
17467,2017-09-27 08:00:00,33076.0,33076.38038046972
17468,2017-09-27 09:00:00,34298.0,34248.6229589493
17469,2017-09-27 10:00:00,36034.0,36044.20185970071
17470,2017-09-27 11:00:00,37966.0,37916.13046804738
17471,2017-09-27 12:00:00,40087.0,40101.27766518942
17472,2017-09-27 13:00:00,41910.0,41908.33212379542
17473,2017-09-27 14:00:00,43706.0,43666.92740543791
17474,2017-09-27 15:00:00,45197.0,45155.8404657767
17475,2017-09-27 16:00:00,46260.0,46210.68900435575
17476,2017-09-27 17:00:00,47088.0,47093.164485140755
17477,2017-09-27 18:00:00,46982.0,47012.65493780493
17478,2017-09-27 19:00:00,45566.0,45601.65437487358
17479,2017-09-27 20:00:00,45010.0,45016.923730467766
17480,2017-09-27 21:00:00,43094.0,43132.716781297124
17481,2017-09-27 22:00:00,40069.0,40105.197951520655
17482,2017-09-27 23:00:00,36370.0,36389.82226250855
17483,2017-09-28 00:00:00,33054.0,33040.30830810066
17484,2017-09-26 01:00:00,29342.0,29374.719230429702
17485,2017-09-26 02:00:00,27489.0,27478.167649428775
17486,2017-09-26 03:00:00,26352.0,26342.32644444983
17487,2017-09-26 04:00:00,25808.0,25825.807507244568
17488,2017-09-26 05:00:00,26068.0,26110.791868499702
17489,2017-09-26 06:00:00,27645.0,27645.001977954616
17490,2017-09-26 07:00:00,30818.0,30785.721156405594
17491,2017-09-26 08:00:00,32449.0,32413.245320268794
17492,2017-09-26 09:00:00,33469.0,33449.22384594344
17493,2017-09-26 10:00:00,34611.0,34606.76545684017
17494,2017-09-26 11:00:00,35988.0,35967.76623452263
17495,2017-09-26 12:00:00,37446.0,37467.191783715665
17496,2017-09-26 13:00:00,39071.0,39075.26520742105
17497,2017-09-26 14:00:00,40776.0,40766.67314749462
17498,2017-09-26 15:00:00,42058.0,42029.340496137855
17499,2017-09-26 16:00:00,43019.0,43029.54148874406
17500,2017-09-26 17:00:00,43810.0,43827.410018149116
17501,2017-09-26 18:00:00,43727.0,43755.41706789178
17502,2017-09-26 19:00:00,42369.0,42418.08464328977
17503,2017-09-26 20:00:00,42140.0,42113.132855351876
17504,2017-09-26 21:00:00,40548.0,40499.51118775906
17505,2017-09-26 22:00:00,37692.0,37692.044441717204
17506,2017-09-26 23:00:00,34228.0,34270.40048846494
17507,2017-09-27 00:00:00,31226.0,31200.87612954712
17508,2017-09-25 01:00:00,28428.0,28453.58751653694
17509,2017-09-25 02:00:00,26795.0,26776.951104537424
17510,2017-09-25 03:00:00,25834.0,25823.120007634872
17511,2017-09-25 04:00:00,25284.0,25328.772536222597
17512,2017-09-25 05:00:00,25607.0,25603.10178564345
17513,2017-09-25 06:00:00,27362.0,27384.532218196353
17514,2017-09-25 07:00:00,30300.0,30304.985447531868
17515,2017-09-25 08:00:00,32164.0,32190.39053676634
17516,2017-09-25 09:00:00,33782.0,33763.736552207316
17517,2017-09-25 10:00:00,35777.0,35814.68947891044
17518,2017-09-25 11:00:00,37970.0,37974.89223956769
17519,2017-09-25 12:00:00,40129.0,40109.9160898534
17520,2017-09-25 13:00:00,42323.0,42276.819869209015
17521,2017-09-25 14:00:00,44473.0,44424.320828404714
17522,2017-09-25 15:00:00,46023.0,46008.33664362547
17523,2017-09-25 16:00:00,47169.0,47140.570043611784
17524,2017-09-25 17:00:00,47697.0,47652.26789835614
17525,2017-09-25 18:00:00,47213.0,47218.28462720534
17526,2017-09-25 19:00:00,45397.0,45445.87890362626
17527,2017-09-25 20:00:00,44720.0,44712.232670620535
17528,2017-09-25 21:00:00,42428.0,42433.21129280413
17529,2017-09-25 22:00:00,39159.0,39130.980408601405
17530,2017-09-25 23:00:00,35385.0,35355.491661218584
17531,2017-09-26 00:00:00,31979.0,31961.837345538785
17532,2017-09-24 01:00:00,26178.0,26211.50516001255
17533,2017-09-24 02:00:00,24641.0,24687.05763408776
17534,2017-09-24 03:00:00,23552.0,23575.972522848628
17535,2017-09-24 04:00:00,22918.0,22870.05562841283
17536,2017-09-24 05:00:00,22568.0,22561.84132571662
17537,2017-09-24 06:00:00,22761.0,22753.070237151846
17538,2017-09-24 07:00:00,23176.0,23219.520029706197
17539,2017-09-24 08:00:00,23873.0,23897.556826106367
17540,2017-09-24 09:00:00,25959.0,25980.439072887442
17541,2017-09-24 10:00:00,28480.0,28486.477609285826
17542,2017-09-24 11:00:00,31100.0,31114.583485352578
17543,2017-09-24 12:00:00,33717.0,33736.860873477104
17544,2017-09-24 13:00:00,36238.0,36243.255579124605
17545,2017-09-24 14:00:00,38473.0,38507.48284331729
17546,2017-09-24 15:00:00,40311.0,40264.689463605435
17547,2017-09-24 16:00:00,41767.0,41811.138112839355
17548,2017-09-24 17:00:00,42735.0,42762.35876965279
17549,2017-09-24 18:00:00,43072.0,43074.89618297188
17550,2017-09-24 19:00:00,41880.0,41916.03280488796
17551,2017-09-24 20:00:00,41386.0,41418.79805591675
17552,2017-09-24 21:00:00,39755.0,39746.93902525993
17553,2017-09-24 22:00:00,37092.0,37125.9816176595
17554,2017-09-24 23:00:00,33871.0,33839.83380619516
17555,2017-09-25 00:00:00,30813.0,30809.92017001569
17556,2017-09-23 01:00:00,26112.0,26085.227832693323
17557,2017-09-23 02:00:00,24533.0,24495.43982110591
17558,2017-09-23 03:00:00,23492.0,23531.46029621889
17559,2017-09-23 04:00:00,22806.0,22792.694676520623
17560,2017-09-23 05:00:00,22568.0,22586.43834718715
17561,2017-09-23 06:00:00,22891.0,22878.50987059331
17562,2017-09-23 07:00:00,23667.0,23671.412275534567
17563,2017-09-23 08:00:00,24709.0,24693.804191634725
17564,2017-09-23 09:00:00,26744.0,26768.272668443344
17565,2017-09-23 10:00:00,28732.0,28760.646356144825
17566,2017-09-23 11:00:00,30491.0,30484.053262141402
17567,2017-09-23 12:00:00,32225.0,32260.961322544852
17568,2017-09-23 13:00:00,33913.0,33898.5303687279
17569,2017-09-23 14:00:00,35508.0,35534.24608187206
17570,2017-09-23 15:00:00,37006.0,37021.0063768045
17571,2017-09-23 16:00:00,38282.0,38277.59810353211
17572,2017-09-23 17:00:00,39160.0,39198.8917972487
17573,2017-09-23 18:00:00,39195.0,39202.2253383572
17574,2017-09-23 19:00:00,37790.0,37824.018256262156
17575,2017-09-23 20:00:00,36816.0,36839.33341114134
17576,2017-09-23 21:00:00,35257.0,35260.2574211579
17577,2017-09-23 22:00:00,33252.0,33234.64203166728
17578,2017-09-23 23:00:00,30900.0,30945.113670184895
17579,2017-09-24 00:00:00,28418.0,28373.674592212916
17580,2017-09-22 01:00:00,27856.0,27895.448625209836
17581,2017-09-22 02:00:00,26310.0,26310.639295542143
17582,2017-09-22 03:00:00,25272.0,25296.874108331063
17583,2017-09-22 04:00:00,24728.0,24711.413154244005
17584,2017-09-22 05:00:00,24952.0,24940.420972415028
17585,2017-09-22 06:00:00,26366.0,26335.075094539647
17586,2017-09-22 07:00:00,29156.0,29201.434076370704
17587,2017-09-22 08:00:00,30518.0,30472.329904944043
17588,2017-09-22 09:00:00,31571.0,31559.683010292163
17589,2017-09-22 10:00:00,32538.0,32521.470088506638
17590,2017-09-22 11:00:00,33546.0,33577.30769731325
17591,2017-09-22 12:00:00,34571.0,34571.15895039491
17592,2017-09-22 13:00:00,35679.0,35645.910414728474
17593,2017-09-22 14:00:00,36828.0,36828.90127660109
17594,2017-09-22 15:00:00,37761.0,37734.60164659655
17595,2017-09-22 16:00:00,38529.0,38480.711312480395
17596,2017-09-22 17:00:00,38921.0,38925.45450356546
17597,2017-09-22 18:00:00,38528.0,38514.04077211387
17598,2017-09-22 19:00:00,37067.0,37040.88888220493
17599,2017-09-22 20:00:00,36643.0,36610.223805734226
17600,2017-09-22 21:00:00,35274.0,35269.369353212576
17601,2017-09-22 22:00:00,33323.0,33359.962082561724
17602,2017-09-22 23:00:00,30876.0,30901.812928690106
17603,2017-09-23 00:00:00,28367.0,28317.462994808262
17604,2017-09-21 01:00:00,27600.0,27623.115014914845
17605,2017-09-21 02:00:00,26010.0,25967.272207946728
17606,2017-09-21 03:00:00,25027.0,25031.800137410846
17607,2017-09-21 04:00:00,24461.0,24489.00463958063
17608,2017-09-21 05:00:00,24742.0,24737.329154045925
17609,2017-09-21 06:00:00,26274.0,26261.669548992708
17610,2017-09-21 07:00:00,29157.0,29200.94730858897
17611,2017-09-21 08:00:00,30729.0,30681.926613792784
17612,2017-09-21 09:00:00,32123.0,32083.59747093585
17613,2017-09-21 10:00:00,33666.0,33703.032829085925
17614,2017-09-21 11:00:00,35356.0,35394.62375086905
17615,2017-09-21 12:00:00,36995.0,36982.273222274984
17616,2017-09-21 13:00:00,38525.0,38529.01969830638
17617,2017-09-21 14:00:00,40025.0,39991.439594401534
17618,2017-09-21 15:00:00,40994.0,41032.42794403743
17619,2017-09-21 16:00:00,41794.0,41790.90636951193
17620,2017-09-21 17:00:00,42392.0,42398.4088234951
17621,2017-09-21 18:00:00,42258.0,42219.80600290247
17622,2017-09-21 19:00:00,40730.0,40741.48225112733
17623,2017-09-21 20:00:00,40281.0,40300.58251233438
17624,2017-09-21 21:00:00,39030.0,39009.47180596941
17625,2017-09-21 22:00:00,36511.0,36550.61472517164
17626,2017-09-21 23:00:00,33267.0,33237.3904855956
17627,2017-09-22 00:00:00,30279.0,30318.738127108543
17628,2017-09-20 01:00:00,26939.0,26959.33441910284
17629,2017-09-20 02:00:00,25553.0,25586.085082354544
17630,2017-09-20 03:00:00,24772.0,24791.90876782662
17631,2017-09-20 04:00:00,24415.0,24407.84232905461
17632,2017-09-20 05:00:00,24839.0,24822.15734782763
17633,2017-09-20 06:00:00,26546.0,26569.407306264864
17634,2017-09-20 07:00:00,29796.0,29775.816387309882
17635,2017-09-20 08:00:00,31481.0,31437.185694853724
17636,2017-09-20 09:00:00,32364.0,32338.70067889276
17637,2017-09-20 10:00:00,33482.0,33507.523406423534
17638,2017-09-20 11:00:00,34829.0,34858.32209729163
17639,2017-09-20 12:00:00,36180.0,36157.66074830979
17640,2017-09-20 13:00:00,37543.0,37525.79230760755
17641,2017-09-20 14:00:00,38942.0,38946.933852828
17642,2017-09-20 15:00:00,40152.0,40128.196830597204
17643,2017-09-20 16:00:00,41157.0,41167.617361500525
17644,2017-09-20 17:00:00,41952.0,41930.20435537241
17645,2017-09-20 18:00:00,41965.0,41927.08752614321
17646,2017-09-20 19:00:00,40644.0,40609.4832253861
17647,2017-09-20 20:00:00,40206.0,40181.05500134814
17648,2017-09-20 21:00:00,38819.0,38785.790567099844
17649,2017-09-20 22:00:00,36240.0,36287.434265643344
17650,2017-09-20 23:00:00,33085.0,33100.83705244619
17651,2017-09-21 00:00:00,29996.0,29963.925871431155
17652,2017-09-19 01:00:00,26517.0,26509.39031428539
17653,2017-09-19 02:00:00,25228.0,25204.912951157232
17654,2017-09-19 03:00:00,24524.0,24542.452965110988
17655,2017-09-19 04:00:00,24209.0,24245.727643868595
17656,2017-09-19 05:00:00,24691.0,24681.08266087891
17657,2017-09-19 06:00:00,26497.0,26489.883713839627
17658,2017-09-19 07:00:00,29798.0,29787.84661260938
17659,2017-09-19 08:00:00,31696.0,31690.922458388963
17660,2017-09-19 09:00:00,32576.0,32529.585168084905
17661,2017-09-19 10:00:00,33342.0,33351.26047242462
17662,2017-09-19 11:00:00,34376.0,34421.20379658696
17663,2017-09-19 12:00:00,35357.0,35385.532251749835
17664,2017-09-19 13:00:00,36152.0,36188.1411408743
17665,2017-09-19 14:00:00,36855.0,36827.91359230817
17666,2017-09-19 15:00:00,37333.0,37343.718005458904
17667,2017-09-19 16:00:00,37716.0,37755.297041218735
17668,2017-09-19 17:00:00,38053.0,38009.86063051731
17669,2017-09-19 18:00:00,38009.0,38046.72543857175
17670,2017-09-19 19:00:00,37302.0,37258.450071838204
17671,2017-09-19 20:00:00,37538.0,37586.30684214075
17672,2017-09-19 21:00:00,36730.0,36688.39215373322
17673,2017-09-19 22:00:00,34608.0,34594.79665523188
17674,2017-09-19 23:00:00,31753.0,31708.46480303143
17675,2017-09-20 00:00:00,29057.0,29012.67728917241
17676,2017-09-18 01:00:00,26296.0,26332.62841782102
17677,2017-09-18 02:00:00,24977.0,24933.36069915768
17678,2017-09-18 03:00:00,24223.0,24252.26215327292
17679,2017-09-18 04:00:00,24070.0,24110.688109501716
17680,2017-09-18 05:00:00,24649.0,24692.504985204974
17681,2017-09-18 06:00:00,26598.0,26634.40437571736
17682,2017-09-18 07:00:00,29876.0,29921.516430020612
17683,2017-09-18 08:00:00,31684.0,31639.17934595717
17684,2017-09-18 09:00:00,32580.0,32629.660854834896
17685,2017-09-18 10:00:00,33331.0,33283.04886446407
17686,2017-09-18 11:00:00,34018.0,33984.651420150534
17687,2017-09-18 12:00:00,34539.0,34497.09482923266
17688,2017-09-18 13:00:00,34980.0,35004.3995295721
17689,2017-09-18 14:00:00,35461.0,35419.702850749665
17690,2017-09-18 15:00:00,35814.0,35793.268561888355
17691,2017-09-18 16:00:00,36078.0,36091.807646944
17692,2017-09-18 17:00:00,36509.0,36508.80167762362
17693,2017-09-18 18:00:00,36767.0,36730.6225499491
17694,2017-09-18 19:00:00,36275.0,36277.153540497144
17695,2017-09-18 20:00:00,36675.0,36659.06626669889
17696,2017-09-18 21:00:00,36016.0,36024.59392138539
17697,2017-09-18 22:00:00,33960.0,33963.849593131155
17698,2017-09-18 23:00:00,31117.0,31165.950717160515
17699,2017-09-19 00:00:00,28527.0,28563.351722696185
17700,2017-09-17 01:00:00,26823.0,26773.36673718559
17701,2017-09-17 02:00:00,25304.0,25271.6011856922
17702,2017-09-17 03:00:00,24243.0,24284.31375536681
17703,2017-09-17 04:00:00,23625.0,23628.945741783915
17704,2017-09-17 05:00:00,23330.0,23355.946821135916
17705,2017-09-17 06:00:00,23547.0,23547.350665591523
17706,2017-09-17 07:00:00,24097.0,24125.57642388011
17707,2017-09-17 08:00:00,24861.0,24824.27734799995
17708,2017-09-17 09:00:00,26634.0,26657.790179872678
17709,2017-09-17 10:00:00,28377.0,28413.960696477858
17710,2017-09-17 11:00:00,29828.0,29804.564904565734
17711,2017-09-17 12:00:00,30973.0,30959.836584692097
17712,2017-09-17 13:00:00,32298.0,32307.058179945827
17713,2017-09-17 14:00:00,33553.0,33589.82422807858
17714,2017-09-17 15:00:00,34761.0,34801.77944674375
17715,2017-09-17 16:00:00,35767.0,35770.442563075514
17716,2017-09-17 17:00:00,36678.0,36693.806527953646
17717,2017-09-17 18:00:00,37055.0,37092.29105836361
17718,2017-09-17 19:00:00,36480.0,36453.12972322622
17719,2017-09-17 20:00:00,36489.0,36521.521436118004
17720,2017-09-17 21:00:00,35726.0,35702.18543542877
17721,2017-09-17 22:00:00,33611.0,33619.100399529445
17722,2017-09-17 23:00:00,30853.0,30896.466499578775
17723,2017-09-18 00:00:00,28266.0,28267.149481952096
17724,2017-09-16 01:00:00,27020.0,26979.341035135276
17725,2017-09-16 02:00:00,25390.0,25429.5809796073
17726,2017-09-16 03:00:00,24307.0,24315.49692666235
17727,2017-09-16 04:00:00,23672.0,23629.115086012684
17728,2017-09-16 05:00:00,23440.0,23391.05285044121
17729,2017-09-16 06:00:00,23883.0,23859.128284073086
17730,2017-09-16 07:00:00,24636.0,24598.028865480497
17731,2017-09-16 08:00:00,25637.0,25649.843470629443
17732,2017-09-16 09:00:00,27776.0,27785.67156785031
17733,2017-09-16 10:00:00,30012.0,30046.08810145704
17734,2017-09-16 11:00:00,32082.0,32083.336132730725
17735,2017-09-16 12:00:00,33873.0,33848.312093226436
17736,2017-09-16 13:00:00,35241.0,35196.02826138401
17737,2017-09-16 14:00:00,36258.0,36209.05047492231
17738,2017-09-16 15:00:00,37031.0,37073.577830892486
17739,2017-09-16 16:00:00,37577.0,37541.45125075876
17740,2017-09-16 17:00:00,37903.0,37902.91947427992
17741,2017-09-16 18:00:00,37518.0,37547.478298415816
17742,2017-09-16 19:00:00,36425.0,36467.8633064721
17743,2017-09-16 20:00:00,36060.0,36030.16957050919
17744,2017-09-16 21:00:00,35244.0,35217.19325078187
17745,2017-09-16 22:00:00,33499.0,33466.97495927493
17746,2017-09-16 23:00:00,31229.0,31194.893094683124
17747,2017-09-17 00:00:00,28901.0,28896.495519806853
17748,2017-09-15 01:00:00,26579.0,26592.590523536266
17749,2017-09-15 02:00:00,25088.0,25108.626083496478
17750,2017-09-15 03:00:00,24215.0,24197.719858987
17751,2017-09-15 04:00:00,23739.0,23751.381131474976
17752,2017-09-15 05:00:00,23910.0,23860.236868136686
17753,2017-09-15 06:00:00,25512.0,25550.827315698803
17754,2017-09-15 07:00:00,28358.0,28394.97521676159
17755,2017-09-15 08:00:00,29903.0,29907.40855925187
17756,2017-09-15 09:00:00,31227.0,31201.337032945128
17757,2017-09-15 10:00:00,32620.0,32667.22275245877
17758,2017-09-15 11:00:00,34088.0,34119.064160025344
17759,2017-09-15 12:00:00,35454.0,35405.695403921134
17760,2017-09-15 13:00:00,36735.0,36731.96411893726
17761,2017-09-15 14:00:00,37969.0,37929.20782324405
17762,2017-09-15 15:00:00,38654.0,38617.22408888606
17763,2017-09-15 16:00:00,39265.0,39215.13083640837
17764,2017-09-15 17:00:00,39765.0,39783.77126362744
17765,2017-09-15 18:00:00,39563.0,39538.252046349764
17766,2017-09-15 19:00:00,38151.0,38131.48426939497
17767,2017-09-15 20:00:00,37444.0,37398.70337206024
17768,2017-09-15 21:00:00,36443.0,36393.7944515883
17769,2017-09-15 22:00:00,34499.0,34528.27228152885
17770,2017-09-15 23:00:00,31955.0,31971.14095937491
17771,2017-09-16 00:00:00,29304.0,29292.23184878179
17772,2017-09-14 01:00:00,25850.0,25806.989829174523
17773,2017-09-14 02:00:00,24627.0,24654.58080935222
17774,2017-09-14 03:00:00,23875.0,23917.635561266212
17775,2017-09-14 04:00:00,23658.0,23660.74312663757
17776,2017-09-14 05:00:00,24048.0,24011.89472009697
17777,2017-09-14 06:00:00,25840.0,25855.25329829771
17778,2017-09-14 07:00:00,29071.0,29028.151723767365
17779,2017-09-14 08:00:00,30987.0,30953.552815854626
17780,2017-09-14 09:00:00,31959.0,31956.073254482555
17781,2017-09-14 10:00:00,32765.0,32739.903310742742
17782,2017-09-14 11:00:00,33802.0,33845.02141773556
17783,2017-09-14 12:00:00,34882.0,34912.887087650575
17784,2017-09-14 13:00:00,35636.0,35613.67668676451
17785,2017-09-14 14:00:00,36629.0,36675.37942120657
17786,2017-09-14 15:00:00,37266.0,37253.82950139384
17787,2017-09-14 16:00:00,37638.0,37644.83731842577
17788,2017-09-14 17:00:00,37859.0,37865.40128411408
17789,2017-09-14 18:00:00,37724.0,37738.95860720834
17790,2017-09-14 19:00:00,36923.0,36897.36285689803
17791,2017-09-14 20:00:00,37148.0,37190.20513381033
17792,2017-09-14 21:00:00,36600.0,36576.56772159534
17793,2017-09-14 22:00:00,34519.0,34535.4840857381
17794,2017-09-14 23:00:00,31641.0,31667.576084026074
17795,2017-09-15 00:00:00,28801.0,28839.151144212618
17796,2017-09-13 01:00:00,23895.0,23890.69360990298
17797,2017-09-13 02:00:00,22762.0,22783.16846016277
17798,2017-09-13 03:00:00,22142.0,22100.53880580285
17799,2017-09-13 04:00:00,21922.0,21949.80197894742
17800,2017-09-13 05:00:00,22395.0,22420.565699905157
17801,2017-09-13 06:00:00,24150.0,24141.060473171114
17802,2017-09-13 07:00:00,27191.0,27172.345767271
17803,2017-09-13 08:00:00,28875.0,28863.019992077843
17804,2017-09-13 09:00:00,29764.0,29723.056640298757
17805,2017-09-13 10:00:00,30547.0,30560.780564000117
17806,2017-09-13 11:00:00,31419.0,31460.303222398845
17807,2017-09-13 12:00:00,32228.0,32244.57262118926
17808,2017-09-13 13:00:00,32931.0,32939.052062694274
17809,2017-09-13 14:00:00,33629.0,33678.07041204506
17810,2017-09-13 15:00:00,33906.0,33910.18381309751
17811,2017-09-13 16:00:00,34000.0,33984.58311137573
17812,2017-09-13 17:00:00,34416.0,34436.46613670245
17813,2017-09-13 18:00:00,34956.0,34958.1427604859
17814,2017-09-13 19:00:00,34750.0,34797.20894538082
17815,2017-09-13 20:00:00,35244.0,35283.7955092844
17816,2017-09-13 21:00:00,34884.0,34928.684166878455
17817,2017-09-13 22:00:00,33069.0,33019.10219751855
17818,2017-09-13 23:00:00,30397.0,30380.4211197153
17819,2017-09-14 00:00:00,27866.0,27878.7220527847
17820,2017-09-12 01:00:00,22850.0,22830.831859852755
17821,2017-09-12 02:00:00,21799.0,21814.644374018397
17822,2017-09-12 03:00:00,21277.0,21298.495164501917
17823,2017-09-12 04:00:00,21051.0,21063.32838827395
17824,2017-09-12 05:00:00,21515.0,21510.826096896795
17825,2017-09-12 06:00:00,23218.0,23237.67527442782
17826,2017-09-12 07:00:00,26181.0,26209.037641147774
17827,2017-09-12 08:00:00,27658.0,27677.60887749651
17828,2017-09-12 09:00:00,28386.0,28417.200327896484
17829,2017-09-12 10:00:00,28916.0,28960.72518974009
17830,2017-09-12 11:00:00,29547.0,29507.251130598277
17831,2017-09-12 12:00:00,30126.0,30166.64194657031
17832,2017-09-12 13:00:00,30755.0,30732.3518795875
17833,2017-09-12 14:00:00,31405.0,31411.37692360428
17834,2017-09-12 15:00:00,31941.0,31985.237148864966
17835,2017-09-12 16:00:00,32557.0,32569.00726249169
17836,2017-09-12 17:00:00,33115.0,33073.41704782415
17837,2017-09-12 18:00:00,33209.0,33208.92273616721
17838,2017-09-12 19:00:00,32678.0,32717.43482209782
17839,2017-09-12 20:00:00,33045.0,33036.20945132025
17840,2017-09-12 21:00:00,32755.0,32789.795793359655
17841,2017-09-12 22:00:00,30789.0,30818.418312202426
17842,2017-09-12 23:00:00,28067.0,28107.643212081854
17843,2017-09-13 00:00:00,25705.0,25681.307352831805
17844,2017-09-11 01:00:00,21569.0,21568.65551261741
17845,2017-09-11 02:00:00,20699.0,20682.521012938967
17846,2017-09-11 03:00:00,20297.0,20300.42683589371
17847,2017-09-11 04:00:00,20200.0,20151.91228878878
17848,2017-09-11 05:00:00,20713.0,20687.167315256705
17849,2017-09-11 06:00:00,22534.0,22581.403625284653
17850,2017-09-11 07:00:00,25365.0,25375.31302832684
17851,2017-09-11 08:00:00,26914.0,26881.3324642813
17852,2017-09-11 09:00:00,27520.0,27520.831780937046
17853,2017-09-11 10:00:00,28062.0,28081.798698001287
17854,2017-09-11 11:00:00,28575.0,28585.372118336447
17855,2017-09-11 12:00:00,29016.0,29016.192417995924
17856,2017-09-11 13:00:00,29332.0,29349.396100303966
17857,2017-09-11 14:00:00,29898.0,29864.694339236226
17858,2017-09-11 15:00:00,30373.0,30366.818692332832
17859,2017-09-11 16:00:00,30840.0,30865.02611160482
17860,2017-09-11 17:00:00,31303.0,31310.945584658617
17861,2017-09-11 18:00:00,31297.0,31337.627944625652
17862,2017-09-11 19:00:00,31003.0,30997.376097103268
17863,2017-09-11 20:00:00,31593.0,31556.2178990198
17864,2017-09-11 21:00:00,31287.0,31241.875918091297
17865,2017-09-11 22:00:00,29361.0,29358.74445048809
17866,2017-09-11 23:00:00,26777.0,26770.75728289457
17867,2017-09-12 00:00:00,24522.0,24497.651284851403
17868,2017-09-10 01:00:00,21469.0,21478.0515601435
17869,2017-09-10 02:00:00,20521.0,20496.01757779024
17870,2017-09-10 03:00:00,19922.0,19893.632100849296
17871,2017-09-10 04:00:00,19612.0,19624.221799839845
17872,2017-09-10 05:00:00,19558.0,19602.49422632606
17873,2017-09-10 06:00:00,19902.0,19872.27745072681
17874,2017-09-10 07:00:00,20356.0,20324.28222338575
17875,2017-09-10 08:00:00,21000.0,21001.935029148848
17876,2017-09-10 09:00:00,22272.0,22233.94381407222
17877,2017-09-10 10:00:00,23238.0,23217.408803428974
17878,2017-09-10 11:00:00,23871.0,23920.07598503475
17879,2017-09-10 12:00:00,24339.0,24373.10435168624
17880,2017-09-10 13:00:00,24751.0,24771.612270414123
17881,2017-09-10 14:00:00,25058.0,25010.602419104292
17882,2017-09-10 15:00:00,25403.0,25379.507353356887
17883,2017-09-10 16:00:00,25903.0,25909.966850061246
17884,2017-09-10 17:00:00,26712.0,26733.028090811025
17885,2017-09-10 18:00:00,27409.0,27425.837506041426
17886,2017-09-10 19:00:00,27614.0,27582.54617837071
17887,2017-09-10 20:00:00,28375.0,28371.628630125837
17888,2017-09-10 21:00:00,28529.0,28498.85064755916
17889,2017-09-10 22:00:00,26992.0,27034.357006720074
17890,2017-09-10 23:00:00,24892.0,24897.74156429936
17891,2017-09-11 00:00:00,22995.0,22984.02592712662
17892,2017-09-09 01:00:00,22564.0,22605.8018691537
17893,2017-09-09 02:00:00,21462.0,21502.39610433043
17894,2017-09-09 03:00:00,20767.0,20767.41005171193
17895,2017-09-09 04:00:00,20424.0,20442.67778948482
17896,2017-09-09 05:00:00,20403.0,20384.884487161766
17897,2017-09-09 06:00:00,20899.0,20879.766336384906
17898,2017-09-09 07:00:00,21640.0,21644.95621873086
17899,2017-09-09 08:00:00,22570.0,22604.664467272338
17900,2017-09-09 09:00:00,23949.0,23958.715991411696
17901,2017-09-09 10:00:00,24844.0,24839.90389980674
17902,2017-09-09 11:00:00,25406.0,25422.4141491905
17903,2017-09-09 12:00:00,25602.0,25633.22928393629
17904,2017-09-09 13:00:00,25739.0,25767.734246980108
17905,2017-09-09 14:00:00,25791.0,25778.059626324826
17906,2017-09-09 15:00:00,25822.0,25865.565921268786
17907,2017-09-09 16:00:00,25971.0,25922.575864944378
17908,2017-09-09 17:00:00,26240.0,26235.078906015726
17909,2017-09-09 18:00:00,26543.0,26583.75253699269
17910,2017-09-09 19:00:00,26504.0,26523.600610021134
17911,2017-09-09 20:00:00,26932.0,26952.399167517608
17912,2017-09-09 21:00:00,27090.0,27055.647045698362
17913,2017-09-09 22:00:00,26048.0,26056.205566222103
17914,2017-09-09 23:00:00,24511.0,24557.6948973397
17915,2017-09-10 00:00:00,22924.0,22895.154784530107
17916,2017-09-08 01:00:00,23060.0,23042.718098625264
17917,2017-09-08 02:00:00,21957.0,21945.86222901677
17918,2017-09-08 03:00:00,21340.0,21325.988780723063
17919,2017-09-08 04:00:00,21122.0,21134.704969073908
17920,2017-09-08 05:00:00,21516.0,21489.457354320013
17921,2017-09-08 06:00:00,23045.0,23045.56895366766
17922,2017-09-08 07:00:00,25760.0,25750.023912488512
17923,2017-09-08 08:00:00,27147.0,27161.44805691128
17924,2017-09-08 09:00:00,27945.0,27919.194090266396
17925,2017-09-08 10:00:00,28512.0,28517.312475237253
17926,2017-09-08 11:00:00,29052.0,29076.036617933256
17927,2017-09-08 12:00:00,29390.0,29409.29549907075
17928,2017-09-08 13:00:00,29683.0,29716.427953513452
17929,2017-09-08 14:00:00,30004.0,30049.616053884376
17930,2017-09-08 15:00:00,30119.0,30154.396882980585
17931,2017-09-08 16:00:00,30200.0,30243.820526083164
17932,2017-09-08 17:00:00,30399.0,30350.750913242955
17933,2017-09-08 18:00:00,30456.0,30468.893145577265
17934,2017-09-08 19:00:00,29851.0,29827.77256790589
17935,2017-09-08 20:00:00,29811.0,29841.89953177336
17936,2017-09-08 21:00:00,29599.0,29630.90379813407
17937,2017-09-08 22:00:00,28201.0,28155.776868443696
17938,2017-09-08 23:00:00,26306.0,26315.555524670213
17939,2017-09-09 00:00:00,24236.0,24271.08821182366
17940,2017-09-07 01:00:00,23499.0,23507.741338133088
17941,2017-09-07 02:00:00,22514.0,22506.554006444403
17942,2017-09-07 03:00:00,21950.0,21907.67799139203
17943,2017-09-07 04:00:00,21762.0,21785.027163265466
17944,2017-09-07 05:00:00,22184.0,22141.464130994253
17945,2017-09-07 06:00:00,23798.0,23807.791438480996
17946,2017-09-07 07:00:00,26697.0,26738.762690604595
17947,2017-09-07 08:00:00,28009.0,28000.911034437035
17948,2017-09-07 09:00:00,28641.0,28668.016509277884
17949,2017-09-07 10:00:00,29215.0,29244.981089691533
17950,2017-09-07 11:00:00,29835.0,29786.03410210624
17951,2017-09-07 12:00:00,30003.0,30044.493995567824
17952,2017-09-07 13:00:00,30183.0,30151.87799596499
17953,2017-09-07 14:00:00,30620.0,30598.26984269807
17954,2017-09-07 15:00:00,30869.0,30906.07746626409
17955,2017-09-07 16:00:00,31087.0,31105.65912137436
17956,2017-09-07 17:00:00,31489.0,31476.18579686068
17957,2017-09-07 18:00:00,31708.0,31666.787960508824
17958,2017-09-07 19:00:00,31187.0,31175.623270573484
17959,2017-09-07 20:00:00,31170.0,31216.633223619123
17960,2017-09-07 21:00:00,31259.0,31219.46160462994
17961,2017-09-07 22:00:00,29519.0,29553.613174724327
17962,2017-09-07 23:00:00,27041.0,27023.530133278007
17963,2017-09-08 00:00:00,24802.0,24817.456337675205
17964,2017-09-06 01:00:00,27161.0,27174.154351555328
17965,2017-09-06 02:00:00,25719.0,25701.558925233017
17966,2017-09-06 03:00:00,24970.0,24925.429307774444
17967,2017-09-06 04:00:00,24560.0,24524.881863857412
17968,2017-09-06 05:00:00,24879.0,24885.58487804614
17969,2017-09-06 06:00:00,26545.0,26589.885798542316
17970,2017-09-06 07:00:00,29528.0,29570.576808720154
17971,2017-09-06 08:00:00,31247.0,31208.347279006754
17972,2017-09-06 09:00:00,31977.0,32014.522889449858
17973,2017-09-06 10:00:00,32585.0,32558.380946389472
17974,2017-09-06 11:00:00,32814.0,32854.98711378489
17975,2017-09-06 12:00:00,32837.0,32862.849372873236
17976,2017-09-06 13:00:00,32691.0,32737.12638780955
17977,2017-09-06 14:00:00,32514.0,32508.172846036443
17978,2017-09-06 15:00:00,32146.0,32169.158533294292
17979,2017-09-06 16:00:00,31763.0,31786.52749042975
17980,2017-09-06 17:00:00,31634.0,31633.6171832129
17981,2017-09-06 18:00:00,31659.0,31706.451868974
17982,2017-09-06 19:00:00,31487.0,31461.36623248988
17983,2017-09-06 20:00:00,31662.0,31710.621402216224
17984,2017-09-06 21:00:00,31167.0,31198.21186303958
17985,2017-09-06 22:00:00,29519.0,29530.609720949255
17986,2017-09-06 23:00:00,27228.0,27185.558655298526
17987,2017-09-07 00:00:00,25086.0,25061.9362822573
17988,2017-09-05 01:00:00,24808.0,24842.12821862276
17989,2017-09-05 02:00:00,23746.0,23768.81536137417
17990,2017-09-05 03:00:00,23061.0,23107.269252612674
17991,2017-09-05 04:00:00,22798.0,22787.678726434497
17992,2017-09-05 05:00:00,23257.0,23296.44539478725
17993,2017-09-05 06:00:00,25133.0,25169.182604426318
17994,2017-09-05 07:00:00,28091.0,28137.613433639905
17995,2017-09-05 08:00:00,30062.0,30039.24503323315
17996,2017-09-05 09:00:00,31589.0,31588.453232427742
17997,2017-09-05 10:00:00,33191.0,33149.09633913342
17998,2017-09-05 11:00:00,34991.0,35000.09167834079
17999,2017-09-05 12:00:00,36617.0,36640.2322346515
18000,2017-09-05 13:00:00,38384.0,38357.801167421
18001,2017-09-05 14:00:00,40136.0,40102.96522817489
18002,2017-09-05 15:00:00,41605.0,41618.953068293355
18003,2017-09-05 16:00:00,42708.0,42697.31277542983
18004,2017-09-05 17:00:00,43260.0,43252.65642924428
18005,2017-09-05 18:00:00,42681.0,42678.11201591643
18006,2017-09-05 19:00:00,40792.0,40793.14743645948
18007,2017-09-05 20:00:00,39558.0,39527.55259771588
18008,2017-09-05 21:00:00,37894.0,37901.7737901241
18009,2017-09-05 22:00:00,35418.0,35374.909695076465
18010,2017-09-05 23:00:00,32195.0,32156.351066083753
18011,2017-09-06 00:00:00,29380.0,29401.152840726678
18012,2017-09-04 01:00:00,22358.0,22381.143446646573
18013,2017-09-04 02:00:00,21334.0,21310.63208365486
18014,2017-09-04 03:00:00,20527.0,20495.46962070256
18015,2017-09-04 04:00:00,20212.0,20167.39927369866
18016,2017-09-04 05:00:00,20170.0,20161.888613617255
18017,2017-09-04 06:00:00,20640.0,20640.90449959818
18018,2017-09-04 07:00:00,21084.0,21123.945923444553
18019,2017-09-04 08:00:00,21635.0,21585.245995802456
18020,2017-09-04 09:00:00,23164.0,23154.586123496887
18021,2017-09-04 10:00:00,24826.0,24817.928174255758
18022,2017-09-04 11:00:00,26259.0,26297.65539280398
18023,2017-09-04 12:00:00,27528.0,27497.603975733688
18024,2017-09-04 13:00:00,28511.0,28467.618742052196
18025,2017-09-04 14:00:00,29405.0,29393.161013120683
18026,2017-09-04 15:00:00,30254.0,30265.23174779828
18027,2017-09-04 16:00:00,31258.0,31293.814444389835
18028,2017-09-04 17:00:00,32336.0,32312.902257036043
18029,2017-09-04 18:00:00,33112.0,33087.13114664556
18030,2017-09-04 19:00:00,32821.0,32803.597666395566
18031,2017-09-04 20:00:00,32724.0,32685.823318806993
18032,2017-09-04 21:00:00,32964.0,33011.72152548255
18033,2017-09-04 22:00:00,31308.0,31312.061776732637
18034,2017-09-04 23:00:00,28914.0,28891.222320435623
18035,2017-09-05 00:00:00,26638.0,26624.173712841788
18036,2017-09-03 01:00:00,21929.0,21965.595612591133
18037,2017-09-03 02:00:00,21047.0,21064.372447099562
18038,2017-09-03 03:00:00,20493.0,20498.320581703832
18039,2017-09-03 04:00:00,20197.0,20219.48073766593
18040,2017-09-03 05:00:00,20149.0,20174.582308435834
18041,2017-09-03 06:00:00,20451.0,20420.42107743667
18042,2017-09-03 07:00:00,21018.0,20983.867953456618
18043,2017-09-03 08:00:00,21718.0,21764.66963860082
18044,2017-09-03 09:00:00,23221.0,23189.572576768547
18045,2017-09-03 10:00:00,24490.0,24486.476189818273
18046,2017-09-03 11:00:00,25406.0,25454.278071171604
18047,2017-09-03 12:00:00,25881.0,25872.72124987279
18048,2017-09-03 13:00:00,26173.0,26174.484902227665
18049,2017-09-03 14:00:00,26369.0,26398.836349641344
18050,2017-09-03 15:00:00,26528.0,26512.039345421068
18051,2017-09-03 16:00:00,26618.0,26611.103384232876
18052,2017-09-03 17:00:00,26946.0,26929.217333176523
18053,2017-09-03 18:00:00,27474.0,27452.739676558187
18054,2017-09-03 19:00:00,27571.0,27568.181809909693
18055,2017-09-03 20:00:00,27698.0,27722.58853562543
18056,2017-09-03 21:00:00,27996.0,28032.7288105748
18057,2017-09-03 22:00:00,27036.0,27033.011532941153
18058,2017-09-03 23:00:00,25572.0,25554.100365665887
18059,2017-09-04 00:00:00,23914.0,23955.159265047718
18060,2017-09-02 01:00:00,22550.0,22533.592581263467
18061,2017-09-02 02:00:00,21431.0,21458.500476398556
18062,2017-09-02 03:00:00,20774.0,20798.861945715755
18063,2017-09-02 04:00:00,20407.0,20361.97757714873
18064,2017-09-02 05:00:00,20337.0,20304.76394331951
18065,2017-09-02 06:00:00,20701.0,20708.284686640196
18066,2017-09-02 07:00:00,21345.0,21381.762734351585
18067,2017-09-02 08:00:00,22061.0,22070.399310710083
18068,2017-09-02 09:00:00,23607.0,23631.27100777645
18069,2017-09-02 10:00:00,24979.0,25002.441188869252
18070,2017-09-02 11:00:00,25795.0,25794.436636584793
18071,2017-09-02 12:00:00,26045.0,26051.080235205693
18072,2017-09-02 13:00:00,26059.0,26016.12815565599
18073,2017-09-02 14:00:00,25949.0,25991.773235899767
18074,2017-09-02 15:00:00,25833.0,25850.434620622807
18075,2017-09-02 16:00:00,25758.0,25723.44969209123
18076,2017-09-02 17:00:00,25898.0,25872.400557961337
18077,2017-09-02 18:00:00,26079.0,26029.465212428342
18078,2017-09-02 19:00:00,26293.0,26269.40077337242
18079,2017-09-02 20:00:00,26946.0,26927.662138964195
18080,2017-09-02 21:00:00,26976.0,26994.313947376075
18081,2017-09-02 22:00:00,26137.0,26134.665743209924
18082,2017-09-02 23:00:00,24771.0,24805.27785608387
18083,2017-09-03 00:00:00,23274.0,23232.67871119215
18084,2017-09-01 01:00:00,25851.0,25871.702178347838
18085,2017-09-01 02:00:00,24184.0,24221.489415329488
18086,2017-09-01 03:00:00,23130.0,23122.132708022116
18087,2017-09-01 04:00:00,22611.0,22589.873352899987
18088,2017-09-01 05:00:00,22668.0,22662.556715409715
18089,2017-09-01 06:00:00,23779.0,23807.884245187488
18090,2017-09-01 07:00:00,25650.0,25691.90413510211
18091,2017-09-01 08:00:00,27006.0,26962.558800809133
18092,2017-09-01 09:00:00,27924.0,27926.85187513457
18093,2017-09-01 10:00:00,28394.0,28407.971018001826
18094,2017-09-01 11:00:00,28768.0,28719.74760944951
18095,2017-09-01 12:00:00,29021.0,28989.124824183535
18096,2017-09-01 13:00:00,29241.0,29197.256158110613
18097,2017-09-01 14:00:00,29524.0,29503.03692299295
18098,2017-09-01 15:00:00,29622.0,29592.540496348647
18099,2017-09-01 16:00:00,29590.0,29588.68003028019
18100,2017-09-01 17:00:00,29523.0,29538.53414916738
18101,2017-09-01 18:00:00,29399.0,29433.221754715105
18102,2017-09-01 19:00:00,28844.0,28824.430904831315
18103,2017-09-01 20:00:00,28977.0,28932.040642554977
18104,2017-09-01 21:00:00,28959.0,28909.3848168979
18105,2017-09-01 22:00:00,27779.0,27813.45516745275
18106,2017-09-01 23:00:00,26034.0,26071.813551457548
18107,2017-09-02 00:00:00,24104.0,24064.099266023335
18108,2017-08-31 01:00:00,25413.0,25364.017591940483
18109,2017-08-31 02:00:00,24026.0,24056.0265491516
18110,2017-08-31 03:00:00,23276.0,23290.072805335392
18111,2017-08-31 04:00:00,22954.0,22959.614448530727
18112,2017-08-31 05:00:00,23284.0,23287.320297481663
18113,2017-08-31 06:00:00,24872.0,24899.375996776394
18114,2017-08-31 07:00:00,27295.0,27274.331439424655
18115,2017-08-31 08:00:00,28996.0,28984.911465004738
18116,2017-08-31 09:00:00,30523.0,30480.78511270059
18117,2017-08-31 10:00:00,32028.0,32034.612968907124
18118,2017-08-31 11:00:00,33587.0,33633.0811521301
18119,2017-08-31 12:00:00,34971.0,34949.38502137147
18120,2017-08-31 13:00:00,36320.0,36362.92497364352
18121,2017-08-31 14:00:00,37610.0,37632.92074002734
18122,2017-08-31 15:00:00,38430.0,38403.38795228975
18123,2017-08-31 16:00:00,38694.0,38710.28543563023
18124,2017-08-31 17:00:00,38684.0,38670.62339811416
18125,2017-08-31 18:00:00,38499.0,38461.23020208375
18126,2017-08-31 19:00:00,37181.0,37140.27217077815
18127,2017-08-31 20:00:00,36409.0,36360.72275084137
18128,2017-08-31 21:00:00,35904.0,35933.780848488466
18129,2017-08-31 22:00:00,33838.0,33876.48497600291
18130,2017-08-31 23:00:00,31008.0,31006.2538315836
18131,2017-09-01 00:00:00,28254.0,28255.99257567033
18132,2017-08-30 01:00:00,23669.0,23688.15862402855
18133,2017-08-30 02:00:00,22648.0,22668.090837257412
18134,2017-08-30 03:00:00,22071.0,22053.41277533677
18135,2017-08-30 04:00:00,21836.0,21801.91818597289
18136,2017-08-30 05:00:00,22252.0,22245.04172111862
18137,2017-08-30 06:00:00,23775.0,23794.701354448523
18138,2017-08-30 07:00:00,26200.0,26230.420819684696
18139,2017-08-30 08:00:00,27704.0,27662.91623296127
18140,2017-08-30 09:00:00,28764.0,28772.83144595137
18141,2017-08-30 10:00:00,29596.0,29551.40972493468
18142,2017-08-30 11:00:00,30336.0,30368.477975561404
18143,2017-08-30 12:00:00,31173.0,31189.680636763722
18144,2017-08-30 13:00:00,31867.0,31886.66257616343
18145,2017-08-30 14:00:00,32734.0,32760.17184264949
18146,2017-08-30 15:00:00,33419.0,33418.56423580683
18147,2017-08-30 16:00:00,34163.0,34142.889790627865
18148,2017-08-30 17:00:00,34907.0,34935.56640384227
18149,2017-08-30 18:00:00,35181.0,35208.736950119564
18150,2017-08-30 19:00:00,34452.0,34415.49432442988
18151,2017-08-30 20:00:00,33921.0,33961.27623245835
18152,2017-08-30 21:00:00,33998.0,33970.121292061966
18153,2017-08-30 22:00:00,32301.0,32281.645933972904
18154,2017-08-30 23:00:00,29681.0,29652.591636259902
18155,2017-08-31 00:00:00,27199.0,27245.559721081074
18156,2017-08-29 01:00:00,24440.0,24419.94613900355
18157,2017-08-29 02:00:00,23333.0,23380.140258797277
18158,2017-08-29 03:00:00,22681.0,22694.793872543232
18159,2017-08-29 04:00:00,22476.0,22443.65646439619
18160,2017-08-29 05:00:00,22945.0,22950.38427217571
18161,2017-08-29 06:00:00,24557.0,24595.22643118393
18162,2017-08-29 07:00:00,27307.0,27313.167478646028
18163,2017-08-29 08:00:00,29019.0,28982.25954999015
18164,2017-08-29 09:00:00,30180.0,30158.693516204414
18165,2017-08-29 10:00:00,31081.0,31053.48073850223
18166,2017-08-29 11:00:00,31714.0,31676.585560514348
18167,2017-08-29 12:00:00,32006.0,31988.728639733105
18168,2017-08-29 13:00:00,32073.0,32089.106275852377
18169,2017-08-29 14:00:00,32179.0,32167.250983723785
18170,2017-08-29 15:00:00,31924.0,31918.380173484158
18171,2017-08-29 16:00:00,31693.0,31675.065966470556
18172,2017-08-29 17:00:00,31569.0,31618.447181481533
18173,2017-08-29 18:00:00,31502.0,31510.619771163925
18174,2017-08-29 19:00:00,31167.0,31200.38824137537
18175,2017-08-29 20:00:00,31158.0,31152.132900802037
18176,2017-08-29 21:00:00,31025.0,30991.8637329664
18177,2017-08-29 22:00:00,29517.0,29551.680764943845
18178,2017-08-29 23:00:00,27336.0,27362.34345201234
18179,2017-08-30 00:00:00,25260.0,25242.980897725243
18180,2017-08-28 01:00:00,23963.0,23973.64176009939
18181,2017-08-28 02:00:00,22860.0,22819.346809358336
18182,2017-08-28 03:00:00,22202.0,22154.6322412283
18183,2017-08-28 04:00:00,21980.0,22011.575920870968
18184,2017-08-28 05:00:00,22393.0,22437.19279402319
18185,2017-08-28 06:00:00,23969.0,23953.405968321917
18186,2017-08-28 07:00:00,26161.0,26170.757314698272
18187,2017-08-28 08:00:00,27753.0,27774.729133578803
18188,2017-08-28 09:00:00,29188.0,29212.604254151534
18189,2017-08-28 10:00:00,30375.0,30373.10712338629
18190,2017-08-28 11:00:00,31334.0,31345.32822311166
18191,2017-08-28 12:00:00,31942.0,31957.705272844716
18192,2017-08-28 13:00:00,32427.0,32387.325529960723
18193,2017-08-28 14:00:00,33098.0,33112.51106120937
18194,2017-08-28 15:00:00,33485.0,33486.0857675947
18195,2017-08-28 16:00:00,33790.0,33777.84995292524
18196,2017-08-28 17:00:00,33962.0,33938.173619929716
18197,2017-08-28 18:00:00,33849.0,33862.7919456855
18198,2017-08-28 19:00:00,32995.0,32961.6758923134
18199,2017-08-28 20:00:00,32761.0,32792.083524700254
18200,2017-08-28 21:00:00,32906.0,32873.17973718474
18201,2017-08-28 22:00:00,31126.0,31153.161729662854
18202,2017-08-28 23:00:00,28627.0,28658.741716377226
18203,2017-08-29 00:00:00,26296.0,26339.965412396374
18204,2017-08-27 01:00:00,24180.0,24176.32910875692
18205,2017-08-27 02:00:00,23052.0,23008.368704992157
18206,2017-08-27 03:00:00,22189.0,22206.76820216605
18207,2017-08-27 04:00:00,21539.0,21517.262248922783
18208,2017-08-27 05:00:00,21264.0,21223.27265620806
18209,2017-08-27 06:00:00,21372.0,21407.57659422191
18210,2017-08-27 07:00:00,21530.0,21493.973737353088
18211,2017-08-27 08:00:00,22148.0,22148.63712383345
18212,2017-08-27 09:00:00,23701.0,23729.85115695652
18213,2017-08-27 10:00:00,25192.0,25161.909391511967
18214,2017-08-27 11:00:00,26430.0,26469.663544127303
18215,2017-08-27 12:00:00,27479.0,27462.158728054157
18216,2017-08-27 13:00:00,28343.0,28332.641746566613
18217,2017-08-27 14:00:00,29074.0,29037.14934676157
18218,2017-08-27 15:00:00,29777.0,29791.445983159447
18219,2017-08-27 16:00:00,30540.0,30539.531617859593
18220,2017-08-27 17:00:00,31312.0,31359.416041916083
18221,2017-08-27 18:00:00,31749.0,31768.832981592564
18222,2017-08-27 19:00:00,31380.0,31405.89918774754
18223,2017-08-27 20:00:00,31101.0,31070.908455946792
18224,2017-08-27 21:00:00,31411.0,31432.277144981428
18225,2017-08-27 22:00:00,29917.0,29922.73945015529
18226,2017-08-27 23:00:00,27784.0,27774.383280847844
18227,2017-08-28 00:00:00,25687.0,25715.26594311718
18228,2017-08-26 01:00:00,25810.0,25857.854737540758
18229,2017-08-26 02:00:00,24393.0,24352.47815891134
18230,2017-08-26 03:00:00,23360.0,23388.888947437168
18231,2017-08-26 04:00:00,22751.0,22792.947952049475
18232,2017-08-26 05:00:00,22570.0,22551.518590751624
18233,2017-08-26 06:00:00,22826.0,22812.30221298721
18234,2017-08-26 07:00:00,23347.0,23376.47721525344
18235,2017-08-26 08:00:00,24228.0,24273.36423733658
18236,2017-08-26 09:00:00,25968.0,26011.8920685122
18237,2017-08-26 10:00:00,27632.0,27587.56264500989
18238,2017-08-26 11:00:00,28960.0,28997.142821566045
18239,2017-08-26 12:00:00,29842.0,29850.64535044967
18240,2017-08-26 13:00:00,30567.0,30559.112657506525
18241,2017-08-26 14:00:00,31292.0,31326.553411593075
18242,2017-08-26 15:00:00,32014.0,32044.043365752685
18243,2017-08-26 16:00:00,32633.0,32633.934862262904
18244,2017-08-26 17:00:00,33054.0,33045.07204603428
18245,2017-08-26 18:00:00,33213.0,33210.24732503404
18246,2017-08-26 19:00:00,32634.0,32615.835684603306
18247,2017-08-26 20:00:00,31631.0,31649.052055479035
18248,2017-08-26 21:00:00,31433.0,31472.2033560088
18249,2017-08-26 22:00:00,29981.0,29956.050003860993
18250,2017-08-26 23:00:00,28020.0,28052.550781733342
18251,2017-08-27 00:00:00,26232.0,26218.07443161037
18252,2017-08-25 01:00:00,26480.0,26443.182887668605
18253,2017-08-25 02:00:00,25078.0,25032.049504316972
18254,2017-08-25 03:00:00,24238.0,24235.93615359866
18255,2017-08-25 04:00:00,23787.0,23793.83135363834
18256,2017-08-25 05:00:00,24077.0,24027.60336113882
18257,2017-08-25 06:00:00,25326.0,25341.262669765296
18258,2017-08-25 07:00:00,27242.0,27243.852944890317
18259,2017-08-25 08:00:00,28911.0,28960.74160512727
18260,2017-08-25 09:00:00,30452.0,30412.451559872217
18261,2017-08-25 10:00:00,31769.0,31789.501908945414
18262,2017-08-25 11:00:00,33057.0,33028.7032074711
18263,2017-08-25 12:00:00,34107.0,34077.63420920635
18264,2017-08-25 13:00:00,35150.0,35101.87189756659
18265,2017-08-25 14:00:00,36062.0,36012.6543656317
18266,2017-08-25 15:00:00,36600.0,36568.66227036773
18267,2017-08-25 16:00:00,36871.0,36838.550243597245
18268,2017-08-25 17:00:00,36879.0,36829.04373906813
18269,2017-08-25 18:00:00,36359.0,36380.71490435016
18270,2017-08-25 19:00:00,35088.0,35088.36735277361
18271,2017-08-25 20:00:00,34042.0,34031.61454784888
18272,2017-08-25 21:00:00,33895.0,33855.37942978363
18273,2017-08-25 22:00:00,32467.0,32450.389821188117
18274,2017-08-25 23:00:00,30335.0,30332.05894441569
18275,2017-08-26 00:00:00,27912.0,27961.804785071512
18276,2017-08-24 01:00:00,27845.0,27846.05995352963
18277,2017-08-24 02:00:00,26058.0,26009.950838354136
18278,2017-08-24 03:00:00,25006.0,24976.774156740245
18279,2017-08-24 04:00:00,24458.0,24443.45216716844
18280,2017-08-24 05:00:00,24655.0,24650.592648076396
18281,2017-08-24 06:00:00,26104.0,26121.427982535493
18282,2017-08-24 07:00:00,28060.0,28069.059294651437
18283,2017-08-24 08:00:00,29722.0,29722.92650002348
18284,2017-08-24 09:00:00,31224.0,31257.78943810271
18285,2017-08-24 10:00:00,32569.0,32538.624903858814
18286,2017-08-24 11:00:00,33930.0,33887.78794680389
18287,2017-08-24 12:00:00,35182.0,35215.82045327219
18288,2017-08-24 13:00:00,36211.0,36207.216423255406
18289,2017-08-24 14:00:00,37348.0,37353.33542473276
18290,2017-08-24 15:00:00,38303.0,38336.7384555184
18291,2017-08-24 16:00:00,38987.0,39031.58142239776
18292,2017-08-24 17:00:00,39548.0,39553.20007150087
18293,2017-08-24 18:00:00,39446.0,39477.22565355517
18294,2017-08-24 19:00:00,38263.0,38267.478317214125
18295,2017-08-24 20:00:00,36602.0,36555.33238190897
18296,2017-08-24 21:00:00,36147.0,36192.58585566445
18297,2017-08-24 22:00:00,34116.0,34147.77671061412
18298,2017-08-24 23:00:00,31315.0,31340.342218786358
18299,2017-08-25 00:00:00,28646.0,28640.182573900955
18300,2017-08-23 01:00:00,34652.0,34696.254511024046
18301,2017-08-23 02:00:00,32539.0,32537.98463981571
18302,2017-08-23 03:00:00,31150.0,31172.07866719311
18303,2017-08-23 04:00:00,30284.0,30244.059251210856
18304,2017-08-23 05:00:00,30253.0,30224.886097406004
18305,2017-08-23 06:00:00,31568.0,31560.4205504642
18306,2017-08-23 07:00:00,33720.0,33728.12979899189
18307,2017-08-23 08:00:00,35394.0,35424.55546391013
18308,2017-08-23 09:00:00,36844.0,36818.08718895227
18309,2017-08-23 10:00:00,38076.0,38103.43557872354
18310,2017-08-23 11:00:00,39236.0,39274.99921767768
18311,2017-08-23 12:00:00,40271.0,40302.8450279479
18312,2017-08-23 13:00:00,41295.0,41307.24133214042
18313,2017-08-23 14:00:00,42082.0,42112.999250558125
18314,2017-08-23 15:00:00,42648.0,42685.750205186756
18315,2017-08-23 16:00:00,42983.0,42988.51001098813
18316,2017-08-23 17:00:00,43328.0,43359.0161395273
18317,2017-08-23 18:00:00,43246.0,43238.112635525235
18318,2017-08-23 19:00:00,41925.0,41927.24784833335
18319,2017-08-23 20:00:00,39925.0,39880.26120058408
18320,2017-08-23 21:00:00,38936.0,38974.34900675448
18321,2017-08-23 22:00:00,36636.0,36600.03707595538
18322,2017-08-23 23:00:00,33385.0,33362.61962577473
18323,2017-08-24 00:00:00,30283.0,30264.74629751201
18324,2017-08-22 01:00:00,32102.0,32063.5900734207
18325,2017-08-22 02:00:00,30319.0,30361.175343551942
18326,2017-08-22 03:00:00,29170.0,29217.00336599112
18327,2017-08-22 04:00:00,28584.0,28620.519684136016
18328,2017-08-22 05:00:00,28762.0,28746.63649727546
18329,2017-08-22 06:00:00,30362.0,30317.523694399493
18330,2017-08-22 07:00:00,32766.0,32734.289146990646
18331,2017-08-22 08:00:00,35075.0,35102.20999143974
18332,2017-08-22 09:00:00,37389.0,37367.597423397434
18333,2017-08-22 10:00:00,39709.0,39748.26052684789
18334,2017-08-22 11:00:00,42293.0,42326.5129835718
18335,2017-08-22 12:00:00,44958.0,44931.69452697879
18336,2017-08-22 13:00:00,47602.0,47621.34545584912
18337,2017-08-22 14:00:00,49968.0,49962.2294681484
18338,2017-08-22 15:00:00,51476.0,51447.49471432682
18339,2017-08-22 16:00:00,52507.0,52516.01124272716
18340,2017-08-22 17:00:00,52931.0,52964.73597561502
18341,2017-08-22 18:00:00,52768.0,52810.67932582925
18342,2017-08-22 19:00:00,51349.0,51304.87290171553
18343,2017-08-22 20:00:00,49671.0,49662.87349085749
18344,2017-08-22 21:00:00,48565.0,48575.44213408316
18345,2017-08-22 22:00:00,45792.0,45775.7991026467
18346,2017-08-22 23:00:00,41861.0,41842.76634629103
18347,2017-08-23 00:00:00,37754.0,37781.19336342505
18348,2017-08-21 01:00:00,28361.0,28389.250769192506
18349,2017-08-21 02:00:00,26780.0,26802.89212522057
18350,2017-08-21 03:00:00,25864.0,25903.85251241433
18351,2017-08-21 04:00:00,25394.0,25393.47080093122
18352,2017-08-21 05:00:00,25660.0,25688.78118039449
18353,2017-08-21 06:00:00,27255.0,27206.12115624111
18354,2017-08-21 07:00:00,29286.0,29334.742958251034
18355,2017-08-21 08:00:00,31447.0,31488.923332225746
18356,2017-08-21 09:00:00,33812.0,33846.13489426237
18357,2017-08-21 10:00:00,36277.0,36285.77666644357
18358,2017-08-21 11:00:00,38760.0,38764.41543305827
18359,2017-08-21 12:00:00,41203.0,41168.01301728613
18360,2017-08-21 13:00:00,43630.0,43585.39632148155
18361,2017-08-21 14:00:00,45863.0,45838.58768216926
18362,2017-08-21 15:00:00,46146.0,46111.09794583563
18363,2017-08-21 16:00:00,45422.0,45428.08210485942
18364,2017-08-21 17:00:00,46406.0,46389.25495966725
18365,2017-08-21 18:00:00,46709.0,46697.785731373704
18366,2017-08-21 19:00:00,45550.0,45502.63918239272
18367,2017-08-21 20:00:00,44136.0,44140.86176677755
18368,2017-08-21 21:00:00,43557.0,43572.616463628445
18369,2017-08-21 22:00:00,41312.0,41295.44051419514
18370,2017-08-21 23:00:00,37966.0,37929.12529823944
18371,2017-08-22 00:00:00,34705.0,34725.37274922744
18372,2017-08-20 01:00:00,29696.0,29658.898236176243
18373,2017-08-20 02:00:00,27618.0,27649.685638605315
18374,2017-08-20 03:00:00,26094.0,26098.602243341193
18375,2017-08-20 04:00:00,25085.0,25058.74441356015
18376,2017-08-20 05:00:00,24499.0,24538.87290380188
18377,2017-08-20 06:00:00,24416.0,24380.17723024895
18378,2017-08-20 07:00:00,24334.0,24344.118365630966
18379,2017-08-20 08:00:00,25284.0,25295.75112916676
18380,2017-08-20 09:00:00,27451.0,27404.73073935068
18381,2017-08-20 10:00:00,29665.0,29675.97140868595
18382,2017-08-20 11:00:00,31517.0,31536.421658451938
18383,2017-08-20 12:00:00,33246.0,33287.01323365437
18384,2017-08-20 13:00:00,34774.0,34794.89343874752
18385,2017-08-20 14:00:00,36244.0,36242.44307004259
18386,2017-08-20 15:00:00,37570.0,37605.33000183051
18387,2017-08-20 16:00:00,39010.0,38995.37856174999
18388,2017-08-20 17:00:00,40310.0,40345.55149277468
18389,2017-08-20 18:00:00,41063.0,41097.397035169226
18390,2017-08-20 19:00:00,40503.0,40513.36596787061
18391,2017-08-20 20:00:00,38860.0,38844.46233248105
18392,2017-08-20 21:00:00,38187.0,38196.12053951268
18393,2017-08-20 22:00:00,36248.0,36288.589807058444
18394,2017-08-20 23:00:00,33475.0,33488.65395440844
18395,2017-08-21 00:00:00,30724.0,30758.001284325102
18396,2017-08-19 01:00:00,31800.0,31784.462610852857
18397,2017-08-19 02:00:00,30287.0,30266.231003858302
18398,2017-08-19 03:00:00,28875.0,28850.58469348343
18399,2017-08-19 04:00:00,28205.0,28204.1250483201
18400,2017-08-19 05:00:00,27911.0,27904.197605844973
18401,2017-08-19 06:00:00,28128.0,28163.422091733402
18402,2017-08-19 07:00:00,28488.0,28449.260221298315
18403,2017-08-19 08:00:00,29798.0,29803.40469037298
18404,2017-08-19 09:00:00,32591.0,32581.340652760864
18405,2017-08-19 10:00:00,35329.0,35372.756985360844
18406,2017-08-19 11:00:00,37608.0,37636.838946901764
18407,2017-08-19 12:00:00,39451.0,39444.33510261025
18408,2017-08-19 13:00:00,40806.0,40820.061347240175
18409,2017-08-19 14:00:00,41750.0,41774.55912101402
18410,2017-08-19 15:00:00,42604.0,42561.114151179434
18411,2017-08-19 16:00:00,43448.0,43465.371974258545
18412,2017-08-19 17:00:00,44189.0,44152.94897782365
18413,2017-08-19 18:00:00,44316.0,44284.89478990052
18414,2017-08-19 19:00:00,43264.0,43260.12115677089
18415,2017-08-19 20:00:00,41371.0,41418.94526497865
18416,2017-08-19 21:00:00,40246.0,40291.215726468545
18417,2017-08-19 22:00:00,38202.0,38242.227077035925
18418,2017-08-19 23:00:00,35209.0,35162.43291571524
18419,2017-08-20 00:00:00,32324.0,32359.28361605627
18420,2017-08-18 01:00:00,32861.0,32888.61659510729
18421,2017-08-18 02:00:00,31066.0,31065.878104634045
18422,2017-08-18 03:00:00,29959.0,29941.54260453666
18423,2017-08-18 04:00:00,29401.0,29426.558844252624
18424,2017-08-18 05:00:00,29588.0,29548.70290298783
18425,2017-08-18 06:00:00,31106.0,31121.04433699224
18426,2017-08-18 07:00:00,33466.0,33483.18755844275
18427,2017-08-18 08:00:00,35560.0,35565.369574930155
18428,2017-08-18 09:00:00,37407.0,37444.778049689245
18429,2017-08-18 10:00:00,39089.0,39071.985991593705
18430,2017-08-18 11:00:00,40837.0,40834.81612260009
18431,2017-08-18 12:00:00,42408.0,42433.86623680645
18432,2017-08-18 13:00:00,43971.0,43992.66869333825
18433,2017-08-18 14:00:00,45561.0,45567.24602912733
18434,2017-08-18 15:00:00,46960.0,46937.21349133934
18435,2017-08-18 16:00:00,48168.0,48147.42505348414
18436,2017-08-18 17:00:00,48437.0,48461.12052633533
18437,2017-08-18 18:00:00,47434.0,47384.57440293869
18438,2017-08-18 19:00:00,45070.0,45085.273441794845
18439,2017-08-18 20:00:00,42654.0,42628.82733248141
18440,2017-08-18 21:00:00,41361.0,41378.299444780736
18441,2017-08-18 22:00:00,39596.0,39564.693788729695
18442,2017-08-18 23:00:00,36969.0,36956.64389394467
18443,2017-08-19 00:00:00,34211.0,34236.38162140628
18444,2017-08-17 01:00:00,30653.0,30678.520114822684
18445,2017-08-17 02:00:00,28681.0,28651.96898205618
18446,2017-08-17 03:00:00,27436.0,27423.628156042545
18447,2017-08-17 04:00:00,26713.0,26713.250592760727
18448,2017-08-17 05:00:00,26791.0,26799.735902655782
18449,2017-08-17 06:00:00,28106.0,28130.243431566454
18450,2017-08-17 07:00:00,29984.0,29936.363688293764
18451,2017-08-17 08:00:00,32091.0,32052.53239213291
18452,2017-08-17 09:00:00,34130.0,34095.772290043926
18453,2017-08-17 10:00:00,36079.0,36048.06627471788
18454,2017-08-17 11:00:00,38287.0,38240.02733889799
18455,2017-08-17 12:00:00,40382.0,40424.04712787886
18456,2017-08-17 13:00:00,42438.0,42404.219492663266
18457,2017-08-17 14:00:00,44383.0,44340.363906303384
18458,2017-08-17 15:00:00,45635.0,45632.17254025688
18459,2017-08-17 16:00:00,46594.0,46638.11831966308
18460,2017-08-17 17:00:00,47126.0,47172.43858401868
18461,2017-08-17 18:00:00,47072.0,47089.64028258953
18462,2017-08-17 19:00:00,45768.0,45735.83487587462
18463,2017-08-17 20:00:00,44085.0,44035.379580982284
18464,2017-08-17 21:00:00,43498.0,43481.50322389911
18465,2017-08-17 22:00:00,41543.0,41505.54560930802
18466,2017-08-17 23:00:00,38517.0,38542.50955727569
18467,2017-08-18 00:00:00,35433.0,35479.910585055564
18468,2017-08-16 01:00:00,28862.0,28820.37227771229
18469,2017-08-16 02:00:00,27294.0,27283.693445423403
18470,2017-08-16 03:00:00,26314.0,26354.246950377103
18471,2017-08-16 04:00:00,25841.0,25863.829103538086
18472,2017-08-16 05:00:00,26154.0,26190.97805114101
18473,2017-08-16 06:00:00,27607.0,27649.297815291804
18474,2017-08-16 07:00:00,29821.0,29812.26166202987
18475,2017-08-16 08:00:00,31891.0,31910.366214794463
18476,2017-08-16 09:00:00,33766.0,33786.933493041666
18477,2017-08-16 10:00:00,35890.0,35903.08160437854
18478,2017-08-16 11:00:00,38218.0,38200.577394006876
18479,2017-08-16 12:00:00,40417.0,40450.21688352275
18480,2017-08-16 13:00:00,42200.0,42226.889730365896
18481,2017-08-16 14:00:00,44022.0,44016.5213046002
18482,2017-08-16 15:00:00,45226.0,45218.09677245674
18483,2017-08-16 16:00:00,46268.0,46219.078358374965
18484,2017-08-16 17:00:00,46779.0,46813.34443160361
18485,2017-08-16 18:00:00,46849.0,46827.398398327336
18486,2017-08-16 19:00:00,45616.0,45613.08036507974
18487,2017-08-16 20:00:00,43670.0,43661.13010544091
18488,2017-08-16 21:00:00,42549.0,42566.81392671696
18489,2017-08-16 22:00:00,40325.0,40314.01035404095
18490,2017-08-16 23:00:00,36921.0,36888.97365497662
18491,2017-08-17 00:00:00,33427.0,33463.86168292777
18492,2017-08-15 01:00:00,28755.0,28723.354610125956
18493,2017-08-15 02:00:00,27275.0,27227.84294998015
18494,2017-08-15 03:00:00,26414.0,26383.623975371676
18495,2017-08-15 04:00:00,25936.0,25931.51442979595
18496,2017-08-15 05:00:00,26221.0,26213.322825337964
18497,2017-08-15 06:00:00,27753.0,27782.63210688484
18498,2017-08-15 07:00:00,30078.0,30047.493158540212
18499,2017-08-15 08:00:00,32039.0,32066.561053284197
18500,2017-08-15 09:00:00,33685.0,33644.636810492484
18501,2017-08-15 10:00:00,34957.0,34954.366064773974
18502,2017-08-15 11:00:00,36158.0,36194.53289754829
18503,2017-08-15 12:00:00,36996.0,36987.29338225749
18504,2017-08-15 13:00:00,37385.0,37431.32808773623
18505,2017-08-15 14:00:00,37702.0,37715.10395343831
18506,2017-08-15 15:00:00,37833.0,37858.665197593065
18507,2017-08-15 16:00:00,37928.0,37928.98577853697
18508,2017-08-15 17:00:00,38287.0,38279.975784022616
18509,2017-08-15 18:00:00,38625.0,38583.46776785104
18510,2017-08-15 19:00:00,38477.0,38438.994919016455
18511,2017-08-15 20:00:00,37937.0,37944.170378761366
18512,2017-08-15 21:00:00,38089.0,38100.36337392934
18513,2017-08-15 22:00:00,36644.0,36692.47548395403
18514,2017-08-15 23:00:00,34052.0,34087.774325467064
18515,2017-08-16 00:00:00,31175.0,31209.448680808033
18516,2017-08-14 01:00:00,27316.0,27294.66037873767
18517,2017-08-14 02:00:00,25701.0,25692.178196334637
18518,2017-08-14 03:00:00,24752.0,24712.212903998567
18519,2017-08-14 04:00:00,24333.0,24341.15364462736
18520,2017-08-14 05:00:00,24637.0,24593.95378031543
18521,2017-08-14 06:00:00,26069.0,26063.68308253944
18522,2017-08-14 07:00:00,27949.0,27955.619976248105
18523,2017-08-14 08:00:00,30008.0,29980.81849430242
18524,2017-08-14 09:00:00,31958.0,31985.544429837857
18525,2017-08-14 10:00:00,33721.0,33738.48476390733
18526,2017-08-14 11:00:00,35330.0,35294.78651288782
18527,2017-08-14 12:00:00,36587.0,36635.36805048284
18528,2017-08-14 13:00:00,37572.0,37576.20454752749
18529,2017-08-14 14:00:00,38498.0,38450.64180436944
18530,2017-08-14 15:00:00,38937.0,38922.01098515425
18531,2017-08-14 16:00:00,39043.0,39090.93107685603
18532,2017-08-14 17:00:00,39035.0,39075.230939705856
18533,2017-08-14 18:00:00,38938.0,38903.11629889286
18534,2017-08-14 19:00:00,38220.0,38255.50057297118
18535,2017-08-14 20:00:00,37677.0,37688.84108088628
18536,2017-08-14 21:00:00,37800.0,37752.17345254248
18537,2017-08-14 22:00:00,36386.0,36411.74302159222
18538,2017-08-14 23:00:00,33648.0,33639.28363431882
18539,2017-08-15 00:00:00,30914.0,30903.61389558483
18540,2017-08-13 01:00:00,28756.0,28744.280006162568
18541,2017-08-13 02:00:00,27254.0,27263.655832315602
18542,2017-08-13 03:00:00,26042.0,26063.421454800464
18543,2017-08-13 04:00:00,25240.0,25254.764250688197
18544,2017-08-13 05:00:00,24693.0,24667.17619261308
18545,2017-08-13 06:00:00,24597.0,24617.680222358988
18546,2017-08-13 07:00:00,24445.0,24408.551765113007
18547,2017-08-13 08:00:00,25439.0,25486.134098412396
18548,2017-08-13 09:00:00,27481.0,27478.361343462235
18549,2017-08-13 10:00:00,29522.0,29481.13462346214
18550,2017-08-13 11:00:00,31406.0,31413.662498764596
18551,2017-08-13 12:00:00,32989.0,32996.69817023549
18552,2017-08-13 13:00:00,34399.0,34352.88114311648
18553,2017-08-13 14:00:00,35695.0,35646.086344037234
18554,2017-08-13 15:00:00,36769.0,36818.610223571675
18555,2017-08-13 16:00:00,37802.0,37791.008463378814
18556,2017-08-13 17:00:00,38842.0,38816.54555456108
18557,2017-08-13 18:00:00,39438.0,39442.77247970819
18558,2017-08-13 19:00:00,38970.0,38920.833763054696
18559,2017-08-13 20:00:00,37482.0,37433.289505469584
18560,2017-08-13 21:00:00,36866.0,36827.27796125593
18561,2017-08-13 22:00:00,35168.0,35198.25253302453
18562,2017-08-13 23:00:00,32547.0,32521.82481393037
18563,2017-08-14 00:00:00,29713.0,29713.345703262763
18564,2017-08-12 01:00:00,28711.0,28683.36210255189
18565,2017-08-12 02:00:00,27066.0,27070.48284064729
18566,2017-08-12 03:00:00,25944.0,25944.88054784762
18567,2017-08-12 04:00:00,25253.0,25243.072443179713
18568,2017-08-12 05:00:00,25044.0,25037.31979738899
18569,2017-08-12 06:00:00,25382.0,25397.337816063395
18570,2017-08-12 07:00:00,25900.0,25934.215392122995
18571,2017-08-12 08:00:00,27069.0,27050.940905988573
18572,2017-08-12 09:00:00,29091.0,29094.214548951364
18573,2017-08-12 10:00:00,31021.0,31056.417541710758
18574,2017-08-12 11:00:00,32520.0,32486.79255335785
18575,2017-08-12 12:00:00,33588.0,33635.95572404525
18576,2017-08-12 13:00:00,34468.0,34493.06290073151
18577,2017-08-12 14:00:00,35307.0,35293.61132157106
18578,2017-08-12 15:00:00,36309.0,36296.51790562636
18579,2017-08-12 16:00:00,37139.0,37109.53480002638
18580,2017-08-12 17:00:00,37641.0,37617.79153208046
18581,2017-08-12 18:00:00,37803.0,37811.70351049483
18582,2017-08-12 19:00:00,37204.0,37154.373810571946
18583,2017-08-12 20:00:00,36426.0,36378.31599546459
18584,2017-08-12 21:00:00,36014.0,36062.64767915595
18585,2017-08-12 22:00:00,34924.0,34897.55299921406
18586,2017-08-12 23:00:00,33004.0,33036.95650326757
18587,2017-08-13 00:00:00,30819.0,30830.240111237046
18588,2017-08-11 01:00:00,28030.0,28024.598024672792
18589,2017-08-11 02:00:00,26488.0,26511.21804583237
18590,2017-08-11 03:00:00,25512.0,25467.002135767838
18591,2017-08-11 04:00:00,25011.0,25036.607853995076
18592,2017-08-11 05:00:00,25209.0,25244.69900254482
18593,2017-08-11 06:00:00,26510.0,26488.022877924992
18594,2017-08-11 07:00:00,28258.0,28238.16159353357
18595,2017-08-11 08:00:00,30251.0,30211.30162337618
18596,2017-08-11 09:00:00,32223.0,32258.58939006715
18597,2017-08-11 10:00:00,34026.0,34056.79095455002
18598,2017-08-11 11:00:00,35787.0,35779.52118679501
18599,2017-08-11 12:00:00,37474.0,37461.771888919306
18600,2017-08-11 13:00:00,38707.0,38699.752664141975
18601,2017-08-11 14:00:00,39779.0,39771.034613929194
18602,2017-08-11 15:00:00,40307.0,40299.96166610711
18603,2017-08-11 16:00:00,40516.0,40480.574305246344
18604,2017-08-11 17:00:00,40595.0,40546.34770233871
18605,2017-08-11 18:00:00,40239.0,40265.2433209084
18606,2017-08-11 19:00:00,38868.0,38852.374978410095
18607,2017-08-11 20:00:00,37704.0,37703.08888973863
18608,2017-08-11 21:00:00,37214.0,37194.74369572623
18609,2017-08-11 22:00:00,35703.0,35691.163978682926
18610,2017-08-11 23:00:00,33359.0,33316.48632634391
18611,2017-08-12 00:00:00,30916.0,30903.028692705648
18612,2017-08-10 01:00:00,27541.0,27537.311562033115
18613,2017-08-10 02:00:00,25870.0,25903.284104908995
18614,2017-08-10 03:00:00,24813.0,24795.220537203044
18615,2017-08-10 04:00:00,24231.0,24189.854420351145
18616,2017-08-10 05:00:00,24380.0,24405.919390742118
18617,2017-08-10 06:00:00,25622.0,25609.56355150098
18618,2017-08-10 07:00:00,27358.0,27399.536346388042
18619,2017-08-10 08:00:00,29482.0,29527.903584055864
18620,2017-08-10 09:00:00,31587.0,31624.185232249256
18621,2017-08-10 10:00:00,33543.0,33515.664598546566
18622,2017-08-10 11:00:00,35582.0,35557.38100722847
18623,2017-08-10 12:00:00,37339.0,37368.41222786191
18624,2017-08-10 13:00:00,38740.0,38734.61098051754
18625,2017-08-10 14:00:00,40057.0,40036.78016487097
18626,2017-08-10 15:00:00,41058.0,41037.39078048492
18627,2017-08-10 16:00:00,41685.0,41692.74659848906
18628,2017-08-10 17:00:00,41971.0,42010.50301857025
18629,2017-08-10 18:00:00,41589.0,41600.8926858527
18630,2017-08-10 19:00:00,40253.0,40265.02799870306
18631,2017-08-10 20:00:00,38561.0,38585.694310782645
18632,2017-08-10 21:00:00,38025.0,38051.03003293324
18633,2017-08-10 22:00:00,36411.0,36451.94502657276
18634,2017-08-10 23:00:00,33462.0,33428.21122065381
18635,2017-08-11 00:00:00,30440.0,30488.463286123995
18636,2017-08-09 01:00:00,26432.0,26414.883108393216
18637,2017-08-09 02:00:00,24898.0,24876.156779834215
18638,2017-08-09 03:00:00,23921.0,23921.97868703844
18639,2017-08-09 04:00:00,23417.0,23393.436016797907
18640,2017-08-09 05:00:00,23582.0,23555.291172041896
18641,2017-08-09 06:00:00,24855.0,24901.680673828207
18642,2017-08-09 07:00:00,26543.0,26503.399421704707
18643,2017-08-09 08:00:00,28625.0,28673.994296520003
18644,2017-08-09 09:00:00,30413.0,30425.247798328022
18645,2017-08-09 10:00:00,32024.0,32069.85796516675
18646,2017-08-09 11:00:00,33697.0,33736.74009377576
18647,2017-08-09 12:00:00,35225.0,35239.83992387745
18648,2017-08-09 13:00:00,36485.0,36493.98381717057
18649,2017-08-09 14:00:00,37894.0,37943.263170092905
18650,2017-08-09 15:00:00,39246.0,39247.52123611865
18651,2017-08-09 16:00:00,40475.0,40442.87587165015
18652,2017-08-09 17:00:00,41473.0,41522.294371801
18653,2017-08-09 18:00:00,42057.0,42039.35230195346
18654,2017-08-09 19:00:00,41188.0,41146.741426107925
18655,2017-08-09 20:00:00,39283.0,39304.68932173918
18656,2017-08-09 21:00:00,38245.0,38239.60492316359
18657,2017-08-09 22:00:00,36424.0,36412.80240058687
18658,2017-08-09 23:00:00,33222.0,33235.1608046719
18659,2017-08-10 00:00:00,30096.0,30051.285216176417
18660,2017-08-08 01:00:00,25969.0,25988.822199962724
18661,2017-08-08 02:00:00,24786.0,24786.34481958122
18662,2017-08-08 03:00:00,24088.0,24087.02416259308
18663,2017-08-08 04:00:00,23845.0,23885.003388881378
18664,2017-08-08 05:00:00,24213.0,24246.12108042006
18665,2017-08-08 06:00:00,25666.0,25669.158636813492
18666,2017-08-08 07:00:00,27826.0,27833.83410208309
18667,2017-08-08 08:00:00,29645.0,29675.696362526243
18668,2017-08-08 09:00:00,31080.0,31071.128666445522
18669,2017-08-08 10:00:00,32076.0,32093.123457524587
18670,2017-08-08 11:00:00,33040.0,33044.07758106232
18671,2017-08-08 12:00:00,33699.0,33698.96284445666
18672,2017-08-08 13:00:00,34469.0,34517.47208470282
18673,2017-08-08 14:00:00,35217.0,35168.75077811501
18674,2017-08-08 15:00:00,35954.0,35945.46250924182
18675,2017-08-08 16:00:00,36500.0,36543.01779227529
18676,2017-08-08 17:00:00,37292.0,37334.81481874992
18677,2017-08-08 18:00:00,38004.0,38028.77142664314
18678,2017-08-08 19:00:00,37851.0,37860.190632502796
18679,2017-08-08 20:00:00,36515.0,36534.084587755584
18680,2017-08-08 21:00:00,35830.0,35805.29260623326
18681,2017-08-08 22:00:00,34403.0,34401.839544942886
18682,2017-08-08 23:00:00,31611.0,31614.606096239797
18683,2017-08-09 00:00:00,28718.0,28674.372141249583
18684,2017-08-07 01:00:00,25823.0,25859.62202822569
18685,2017-08-07 02:00:00,24637.0,24632.668797796356
18686,2017-08-07 03:00:00,23983.0,24022.89017311739
18687,2017-08-07 04:00:00,23812.0,23800.996004306904
18688,2017-08-07 05:00:00,24277.0,24267.886711866195
18689,2017-08-07 06:00:00,25872.0,25846.42161434978
18690,2017-08-07 07:00:00,28091.0,28105.432273196297
18691,2017-08-07 08:00:00,30041.0,30045.849742769606
18692,2017-08-07 09:00:00,31574.0,31615.29689673257
18693,2017-08-07 10:00:00,32702.0,32694.92370052696
18694,2017-08-07 11:00:00,33688.0,33702.80748636848
18695,2017-08-07 12:00:00,34110.0,34130.75632863771
18696,2017-08-07 13:00:00,34287.0,34268.98557301832
18697,2017-08-07 14:00:00,34277.0,34315.082609973324
18698,2017-08-07 15:00:00,34066.0,34054.08512092698
18699,2017-08-07 16:00:00,33781.0,33794.73593006524
18700,2017-08-07 17:00:00,33612.0,33623.58404761513
18701,2017-08-07 18:00:00,33796.0,33788.14078773494
18702,2017-08-07 19:00:00,33489.0,33457.33403885283
18703,2017-08-07 20:00:00,33189.0,33198.24977941516
18704,2017-08-07 21:00:00,33325.0,33312.55345066272
18705,2017-08-07 22:00:00,32288.0,32275.909175432727
18706,2017-08-07 23:00:00,30077.0,30076.29216281731
18707,2017-08-08 00:00:00,27915.0,27932.72408498588
18708,2017-08-06 01:00:00,25304.0,25326.961932437054
18709,2017-08-06 02:00:00,23804.0,23796.7072331437
18710,2017-08-06 03:00:00,22856.0,22817.98805265555
18711,2017-08-06 04:00:00,22169.0,22198.17144468121
18712,2017-08-06 05:00:00,21914.0,21930.941376950046
18713,2017-08-06 06:00:00,21985.0,22015.0692716741
18714,2017-08-06 07:00:00,21936.0,21917.5888120255
18715,2017-08-06 08:00:00,22895.0,22935.91196381434
18716,2017-08-06 09:00:00,24610.0,24586.273081148494
18717,2017-08-06 10:00:00,26206.0,26184.976369543638
18718,2017-08-06 11:00:00,27417.0,27420.637610613387
18719,2017-08-06 12:00:00,28571.0,28620.73423789874
18720,2017-08-06 13:00:00,29586.0,29556.21526401302
18721,2017-08-06 14:00:00,30413.0,30446.850403549764
18722,2017-08-06 15:00:00,31152.0,31102.235243593026
18723,2017-08-06 16:00:00,31703.0,31676.75216027427
18724,2017-08-06 17:00:00,32473.0,32457.61417144056
18725,2017-08-06 18:00:00,33016.0,33030.860760321644
18726,2017-08-06 19:00:00,32965.0,32926.375841881694
18727,2017-08-06 20:00:00,32333.0,32295.870041720733
18728,2017-08-06 21:00:00,32628.0,32592.635718269343
18729,2017-08-06 22:00:00,31869.0,31885.25541768999
18730,2017-08-06 23:00:00,29946.0,29907.464181425916
18731,2017-08-07 00:00:00,27711.0,27700.82251650416
18732,2017-08-05 01:00:00,31720.0,31685.667653715926
18733,2017-08-05 02:00:00,29985.0,29973.207064648956
18734,2017-08-05 03:00:00,28747.0,28768.404385318234
18735,2017-08-05 04:00:00,27764.0,27741.772352430293
18736,2017-08-05 05:00:00,27281.0,27292.764623297568
18737,2017-08-05 06:00:00,27294.0,27268.850481049572
18738,2017-08-05 07:00:00,27569.0,27592.757371081298
18739,2017-08-05 08:00:00,28419.0,28446.70654514256
18740,2017-08-05 09:00:00,30179.0,30160.03937386136
18741,2017-08-05 10:00:00,31838.0,31790.378969053236
18742,2017-08-05 11:00:00,32973.0,32935.90854931036
18743,2017-08-05 12:00:00,33521.0,33520.09555401534
18744,2017-08-05 13:00:00,33830.0,33818.20550069516
18745,2017-08-05 14:00:00,33713.0,33697.5559992001
18746,2017-08-05 15:00:00,33934.0,33941.93030438412
18747,2017-08-05 16:00:00,34601.0,34567.15008988886
18748,2017-08-05 17:00:00,35241.0,35236.66813230706
18749,2017-08-05 18:00:00,35414.0,35384.33838871918
18750,2017-08-05 19:00:00,34686.0,34734.10598276701
18751,2017-08-05 20:00:00,33181.0,33135.86244064707
18752,2017-08-05 21:00:00,32415.0,32366.57822139294
18753,2017-08-05 22:00:00,31456.0,31462.41809653259
18754,2017-08-05 23:00:00,29512.0,29468.262929826986
18755,2017-08-06 00:00:00,27286.0,27317.09906084177
18756,2017-08-04 01:00:00,30781.0,30812.959602478128
18757,2017-08-04 02:00:00,29015.0,29008.225890973183
18758,2017-08-04 03:00:00,27884.0,27917.837178552978
18759,2017-08-04 04:00:00,27223.0,27247.050926319596
18760,2017-08-04 05:00:00,27460.0,27423.541521938045
18761,2017-08-04 06:00:00,28680.0,28715.960136542613
18762,2017-08-04 07:00:00,30509.0,30546.427873706423
18763,2017-08-04 08:00:00,32971.0,32953.27129607984
18764,2017-08-04 09:00:00,35507.0,35534.499308102284
18765,2017-08-04 10:00:00,37913.0,37952.73614296095
18766,2017-08-04 11:00:00,40478.0,40502.56437525246
18767,2017-08-04 12:00:00,42909.0,42868.40123618131
18768,2017-08-04 13:00:00,44808.0,44767.46434273752
18769,2017-08-04 14:00:00,46430.0,46478.23913715181
18770,2017-08-04 15:00:00,47263.0,47267.13521331462
18771,2017-08-04 16:00:00,47780.0,47794.44464521885
18772,2017-08-04 17:00:00,48100.0,48141.22592396883
18773,2017-08-04 18:00:00,47819.0,47769.7437010529
18774,2017-08-04 19:00:00,46141.0,46133.66916187247
18775,2017-08-04 20:00:00,43606.0,43612.639947459276
18776,2017-08-04 21:00:00,41863.0,41813.214227614015
18777,2017-08-04 22:00:00,40005.0,40017.4414461058
18778,2017-08-04 23:00:00,37174.0,37209.09376974496
18779,2017-08-05 00:00:00,34310.0,34265.49077975533
18780,2017-08-03 01:00:00,29189.0,29219.42255591069
18781,2017-08-03 02:00:00,27584.0,27631.7529710989
18782,2017-08-03 03:00:00,26544.0,26586.028765504252
18783,2017-08-03 04:00:00,26012.0,26015.701364661556
18784,2017-08-03 05:00:00,26187.0,26223.04619436646
18785,2017-08-03 06:00:00,27504.0,27531.063662888453
18786,2017-08-03 07:00:00,29412.0,29443.76656735728
18787,2017-08-03 08:00:00,31836.0,31825.805044700443
18788,2017-08-03 09:00:00,33967.0,33964.56208436029
18789,2017-08-03 10:00:00,36162.0,36135.912325369216
18790,2017-08-03 11:00:00,38510.0,38465.156955495884
18791,2017-08-03 12:00:00,40807.0,40816.72304394212
18792,2017-08-03 13:00:00,42869.0,42849.957618089116
18793,2017-08-03 14:00:00,44890.0,44890.27076765037
18794,2017-08-03 15:00:00,46462.0,46508.26920774994
18795,2017-08-03 16:00:00,47318.0,47274.314832877295
18796,2017-08-03 17:00:00,47490.0,47527.348657979506
18797,2017-08-03 18:00:00,46436.0,46394.6763035931
18798,2017-08-03 19:00:00,44429.0,44444.35771280797
18799,2017-08-03 20:00:00,42256.0,42240.32605579603
18800,2017-08-03 21:00:00,41210.0,41170.014744569766
18801,2017-08-03 22:00:00,39525.0,39550.69391310376
18802,2017-08-03 23:00:00,36490.0,36509.85831797321
18803,2017-08-04 00:00:00,33539.0,33553.025771158646
18804,2017-08-02 01:00:00,32263.0,32309.488216951057
18805,2017-08-02 02:00:00,30266.0,30218.36775323656
18806,2017-08-02 03:00:00,28966.0,28959.466289265496
18807,2017-08-02 04:00:00,28243.0,28249.26629734797
18808,2017-08-02 05:00:00,28337.0,28322.77013030873
18809,2017-08-02 06:00:00,29635.0,29651.94972775156
18810,2017-08-02 07:00:00,31598.0,31637.92028418601
18811,2017-08-02 08:00:00,33971.0,33990.69833878225
18812,2017-08-02 09:00:00,36247.0,36253.93749129225
18813,2017-08-02 10:00:00,38670.0,38693.78405945457
18814,2017-08-02 11:00:00,41348.0,41308.96308839187
18815,2017-08-02 12:00:00,43857.0,43869.99944723567
18816,2017-08-02 13:00:00,45452.0,45442.724376758546
18817,2017-08-02 14:00:00,45786.0,45767.87953786528
18818,2017-08-02 15:00:00,45071.0,45071.71084965744
18819,2017-08-02 16:00:00,44083.0,44113.47328962556
18820,2017-08-02 17:00:00,43376.0,43367.25702280402
18821,2017-08-02 18:00:00,42308.0,42328.2449286622
18822,2017-08-02 19:00:00,40873.0,40881.88949566783
18823,2017-08-02 20:00:00,39352.0,39393.615547566646
18824,2017-08-02 21:00:00,38699.0,38693.48420642402
18825,2017-08-02 22:00:00,37346.0,37377.99199972094
18826,2017-08-02 23:00:00,34555.0,34589.197671186215
18827,2017-08-03 00:00:00,31646.0,31642.41755369781
18828,2017-08-01 01:00:00,30396.0,30394.85892152774
18829,2017-08-01 02:00:00,28443.0,28426.34141910848
18830,2017-08-01 03:00:00,27128.0,27127.555271363588
18831,2017-08-01 04:00:00,26409.0,26383.925385026447
18832,2017-08-01 05:00:00,26422.0,26457.826673412208
18833,2017-08-01 06:00:00,27612.0,27586.991324026134
18834,2017-08-01 07:00:00,29387.0,29362.762326377037
18835,2017-08-01 08:00:00,32051.0,32090.565860547358
18836,2017-08-01 09:00:00,34561.0,34564.21602591052
18837,2017-08-01 10:00:00,36985.0,36945.513784948096
18838,2017-08-01 11:00:00,39631.0,39615.57249046053
18839,2017-08-01 12:00:00,41981.0,42001.53864426937
18840,2017-08-01 13:00:00,44064.0,44054.58042917956
18841,2017-08-01 14:00:00,45906.0,45898.31762511525
18842,2017-08-01 15:00:00,47353.0,47352.868813890964
18843,2017-08-01 16:00:00,48361.0,48333.25053814418
18844,2017-08-01 17:00:00,48967.0,48959.405465235584
18845,2017-08-01 18:00:00,48833.0,48804.53420616397
18846,2017-08-01 19:00:00,47297.0,47282.07451508539
18847,2017-08-01 20:00:00,45090.0,45093.23699255954
18848,2017-08-01 21:00:00,43843.0,43862.372362351045
18849,2017-08-01 22:00:00,41850.0,41863.39248770705
18850,2017-08-01 23:00:00,38473.0,38480.55246804193
18851,2017-08-02 00:00:00,35126.0,35135.55338736166
18852,2017-07-31 01:00:00,25836.0,25837.09285509463
18853,2017-07-31 02:00:00,24456.0,24467.46137949376
18854,2017-07-31 03:00:00,23519.0,23506.55187654405
18855,2017-07-31 04:00:00,23152.0,23191.944771138493
18856,2017-07-31 05:00:00,23445.0,23454.05603583411
18857,2017-07-31 06:00:00,24743.0,24786.65914246306
18858,2017-07-31 07:00:00,26488.0,26478.45820519158
18859,2017-07-31 08:00:00,28768.0,28757.451472423643
18860,2017-07-31 09:00:00,30907.0,30953.501987151354
18861,2017-07-31 10:00:00,32784.0,32806.90559496193
18862,2017-07-31 11:00:00,34889.0,34890.87396313926
18863,2017-07-31 12:00:00,36830.0,36851.85062608001
18864,2017-07-31 13:00:00,38778.0,38767.67235786205
18865,2017-07-31 14:00:00,40690.0,40715.880766297705
18866,2017-07-31 15:00:00,42458.0,42428.95780600882
18867,2017-07-31 16:00:00,44008.0,44053.087983122234
18868,2017-07-31 17:00:00,45352.0,45348.08545083364
18869,2017-07-31 18:00:00,46229.0,46188.29064776905
18870,2017-07-31 19:00:00,45742.0,45776.501280842946
18871,2017-07-31 20:00:00,43992.0,44031.435839789316
18872,2017-07-31 21:00:00,42381.0,42403.99580712096
18873,2017-07-31 22:00:00,40379.0,40391.970398071
18874,2017-07-31 23:00:00,36841.0,36883.84189542984
18875,2017-08-01 00:00:00,33342.0,33354.205593654755
18876,2017-07-30 01:00:00,24404.0,24433.141525736064
18877,2017-07-30 02:00:00,23024.0,23021.124523945236
18878,2017-07-30 03:00:00,22079.0,22101.720576406547
18879,2017-07-30 04:00:00,21486.0,21535.898239287148
18880,2017-07-30 05:00:00,21205.0,21193.250512122868
18881,2017-07-30 06:00:00,21243.0,21265.010670680964
18882,2017-07-30 07:00:00,21233.0,21197.889192940027
18883,2017-07-30 08:00:00,22304.0,22317.50986058916
18884,2017-07-30 09:00:00,24031.0,24013.288798549045
18885,2017-07-30 10:00:00,25669.0,25705.659696278904
18886,2017-07-30 11:00:00,27070.0,27055.963957235745
18887,2017-07-30 12:00:00,28260.0,28254.514421619046
18888,2017-07-30 13:00:00,29413.0,29461.031032437575
18889,2017-07-30 14:00:00,30536.0,30507.537086548524
18890,2017-07-30 15:00:00,31673.0,31679.476093335554
18891,2017-07-30 16:00:00,33074.0,33110.37583664974
18892,2017-07-30 17:00:00,34653.0,34634.48267629822
18893,2017-07-30 18:00:00,35799.0,35750.52731395913
18894,2017-07-30 19:00:00,36017.0,36056.63409394382
18895,2017-07-30 20:00:00,35024.0,35035.96321263194
18896,2017-07-30 21:00:00,34162.0,34135.04251613992
18897,2017-07-30 22:00:00,33160.0,33137.6334647616
18898,2017-07-30 23:00:00,30724.0,30753.958727640853
18899,2017-07-31 00:00:00,28047.0,28061.209798375337
18900,2017-07-29 01:00:00,29689.0,29712.26004857837
18901,2017-07-29 02:00:00,27942.0,27949.722234840734
18902,2017-07-29 03:00:00,26814.0,26843.004051674754
18903,2017-07-29 04:00:00,25947.0,25979.10664220817
18904,2017-07-29 05:00:00,25525.0,25513.689676025344
18905,2017-07-29 06:00:00,25599.0,25639.09615460558
18906,2017-07-29 07:00:00,25797.0,25797.51995081039
18907,2017-07-29 08:00:00,26546.0,26512.016554826183
18908,2017-07-29 09:00:00,28063.0,28034.847453001985
18909,2017-07-29 10:00:00,29300.0,29323.38247729571
18910,2017-07-29 11:00:00,30228.0,30215.7340810239
18911,2017-07-29 12:00:00,30586.0,30562.243964823803
18912,2017-07-29 13:00:00,30703.0,30713.477200084784
18913,2017-07-29 14:00:00,30795.0,30823.227020283488
18914,2017-07-29 15:00:00,30680.0,30640.922644568258
18915,2017-07-29 16:00:00,30730.0,30724.912604378314
18916,2017-07-29 17:00:00,30931.0,30958.147044298927
18917,2017-07-29 18:00:00,31395.0,31435.36288418471
18918,2017-07-29 19:00:00,31238.0,31189.35503232007
18919,2017-07-29 20:00:00,30688.0,30703.608990972345
18920,2017-07-29 21:00:00,30554.0,30563.737134893006
18921,2017-07-29 22:00:00,30151.0,30152.77409678214
18922,2017-07-29 23:00:00,28447.0,28413.01970650889
18923,2017-07-30 00:00:00,26373.0,26397.178768506878
18924,2017-07-28 01:00:00,30638.0,30627.27959723135
18925,2017-07-28 02:00:00,28861.0,28834.46250928564
18926,2017-07-28 03:00:00,27736.0,27771.002512450254
18927,2017-07-28 04:00:00,27117.0,27097.703004110503
18928,2017-07-28 05:00:00,27263.0,27232.841555616305
18929,2017-07-28 06:00:00,28592.0,28573.20465402812
18930,2017-07-28 07:00:00,30404.0,30372.1052729932
18931,2017-07-28 08:00:00,32795.0,32822.72731220434
18932,2017-07-28 09:00:00,34975.0,34943.207013450046
18933,2017-07-28 10:00:00,36821.0,36842.66681278864
18934,2017-07-28 11:00:00,38689.0,38655.250048052796
18935,2017-07-28 12:00:00,40383.0,40355.63064251984
18936,2017-07-28 13:00:00,41651.0,41635.25198919287
18937,2017-07-28 14:00:00,42535.0,42580.006063683904
18938,2017-07-28 15:00:00,42877.0,42918.3816198662
18939,2017-07-28 16:00:00,42664.0,42622.51157183362
18940,2017-07-28 17:00:00,42294.0,42277.58229901595
18941,2017-07-28 18:00:00,41523.0,41507.63446402965
18942,2017-07-28 19:00:00,40111.0,40082.15639545782
18943,2017-07-28 20:00:00,38814.0,38807.56168835327
18944,2017-07-28 21:00:00,38249.0,38273.79952487475
18945,2017-07-28 22:00:00,36902.0,36861.934116324745
18946,2017-07-28 23:00:00,34589.0,34606.16512148085
18947,2017-07-29 00:00:00,32078.0,32054.07635047083
18948,2017-07-27 01:00:00,28027.0,28041.24397728151
18949,2017-07-27 02:00:00,26532.0,26550.189352927682
18950,2017-07-27 03:00:00,25564.0,25586.81374526554
18951,2017-07-27 04:00:00,25113.0,25149.170963491164
18952,2017-07-27 05:00:00,25484.0,25523.96197645978
18953,2017-07-27 06:00:00,26885.0,26910.91302207668
18954,2017-07-27 07:00:00,28916.0,28914.10982505948
18955,2017-07-27 08:00:00,31016.0,30970.418268675236
18956,2017-07-27 09:00:00,32663.0,32706.710751148064
18957,2017-07-27 10:00:00,34194.0,34204.13274627048
18958,2017-07-27 11:00:00,35898.0,35901.45709997527
18959,2017-07-27 12:00:00,37390.0,37363.94856512817
18960,2017-07-27 13:00:00,38671.0,38689.423618194116
18961,2017-07-27 14:00:00,39681.0,39730.47309535748
18962,2017-07-27 15:00:00,40221.0,40204.00291241334
18963,2017-07-27 16:00:00,40610.0,40639.958002988955
18964,2017-07-27 17:00:00,41142.0,41121.112294045844
18965,2017-07-27 18:00:00,41549.0,41547.773107110384
18966,2017-07-27 19:00:00,41033.0,41004.32862241267
18967,2017-07-27 20:00:00,40302.0,40303.27847039191
18968,2017-07-27 21:00:00,40012.0,40007.93007654205
18969,2017-07-27 22:00:00,38932.0,38885.8915976337
18970,2017-07-27 23:00:00,36168.0,36156.18055630981
18971,2017-07-28 00:00:00,33177.0,33133.272241490726
18972,2017-07-26 01:00:00,27359.0,27354.06256600353
18973,2017-07-26 02:00:00,25919.0,25967.017130087777
18974,2017-07-26 03:00:00,24998.0,24977.297691012136
18975,2017-07-26 04:00:00,24554.0,24555.563971692314
18976,2017-07-26 05:00:00,24801.0,24764.019633603602
18977,2017-07-26 06:00:00,26214.0,26179.397262783867
18978,2017-07-26 07:00:00,28058.0,28043.546946310802
18979,2017-07-26 08:00:00,30254.0,30252.973748066153
18980,2017-07-26 09:00:00,31815.0,31835.140896027915
18981,2017-07-26 10:00:00,33218.0,33213.66926994401
18982,2017-07-26 11:00:00,34566.0,34518.43853946155
18983,2017-07-26 12:00:00,35731.0,35708.09588666464
18984,2017-07-26 13:00:00,36624.0,36576.47732974931
18985,2017-07-26 14:00:00,37617.0,37658.79417332768
18986,2017-07-26 15:00:00,38482.0,38434.903509055584
18987,2017-07-26 16:00:00,39269.0,39223.95903951164
18988,2017-07-26 17:00:00,40003.0,39982.827549727735
18989,2017-07-26 18:00:00,40331.0,40344.2328817866
18990,2017-07-26 19:00:00,39550.0,39535.79568378465
18991,2017-07-26 20:00:00,38041.0,37997.156587541096
18992,2017-07-26 21:00:00,37201.0,37234.6251207148
18993,2017-07-26 22:00:00,36026.0,36046.02205073398
18994,2017-07-26 23:00:00,33251.0,33240.637204527644
18995,2017-07-27 00:00:00,30377.0,30394.690698704202
18996,2017-07-25 01:00:00,30097.0,30074.4586925047
18997,2017-07-25 02:00:00,28277.0,28279.78678039684
18998,2017-07-25 03:00:00,26951.0,26989.050832614535
18999,2017-07-25 04:00:00,26306.0,26266.768106900116
19000,2017-07-25 05:00:00,26351.0,26385.689364309033
19001,2017-07-25 06:00:00,27467.0,27495.854836669685
19002,2017-07-25 07:00:00,29316.0,29360.91008791005
19003,2017-07-25 08:00:00,31322.0,31323.377679962454
19004,2017-07-25 09:00:00,32946.0,32923.4910972956
19005,2017-07-25 10:00:00,34055.0,34040.30993443375
19006,2017-07-25 11:00:00,35055.0,35068.98093397376
19007,2017-07-25 12:00:00,35927.0,35891.079535918296
19008,2017-07-25 13:00:00,36474.0,36459.166805338115
19009,2017-07-25 14:00:00,36948.0,36970.6432981591
19010,2017-07-25 15:00:00,37318.0,37325.37472339773
19011,2017-07-25 16:00:00,37639.0,37595.275227498445
19012,2017-07-25 17:00:00,37999.0,37998.685429880636
19013,2017-07-25 18:00:00,37961.0,37963.42168308983
19014,2017-07-25 19:00:00,37179.0,37199.080624782895
19015,2017-07-25 20:00:00,36175.0,36126.06550439054
19016,2017-07-25 21:00:00,35855.0,35847.84031514175
19017,2017-07-25 22:00:00,34817.0,34855.66163606237
19018,2017-07-25 23:00:00,32246.0,32198.514849199317
19019,2017-07-26 00:00:00,29589.0,29606.241023964787
19020,2017-07-24 01:00:00,30869.0,30841.318216034906
19021,2017-07-24 02:00:00,29347.0,29335.74855173741
19022,2017-07-24 03:00:00,28378.0,28416.411150773198
19023,2017-07-24 04:00:00,28007.0,27993.252763996737
19024,2017-07-24 05:00:00,28275.0,28279.54512479302
19025,2017-07-24 06:00:00,29738.0,29696.964145566268
19026,2017-07-24 07:00:00,31821.0,31803.470556248565
19027,2017-07-24 08:00:00,34096.0,34060.165081022984
19028,2017-07-24 09:00:00,35930.0,35936.15572119193
19029,2017-07-24 10:00:00,37597.0,37592.978659617256
19030,2017-07-24 11:00:00,39052.0,39028.45766866923
19031,2017-07-24 12:00:00,40249.0,40298.962321619445
19032,2017-07-24 13:00:00,41441.0,41406.32743877261
19033,2017-07-24 14:00:00,42596.0,42628.548138104015
19034,2017-07-24 15:00:00,43471.0,43424.57610098697
19035,2017-07-24 16:00:00,44454.0,44488.683747595984
19036,2017-07-24 17:00:00,45293.0,45290.69929487581
19037,2017-07-24 18:00:00,45592.0,45624.81901412263
19038,2017-07-24 19:00:00,44592.0,44616.718933431424
19039,2017-07-24 20:00:00,42746.0,42753.263431713705
19040,2017-07-24 21:00:00,41053.0,41040.1566638224
19041,2017-07-24 22:00:00,39169.0,39185.55122676859
19042,2017-07-24 23:00:00,35942.0,35975.254806920006
19043,2017-07-25 00:00:00,32758.0,32758.33060729972
19044,2017-07-23 01:00:00,32678.0,32669.48679247781
19045,2017-07-23 02:00:00,30902.0,30866.28940453211
19046,2017-07-23 03:00:00,29638.0,29677.62478209446
19047,2017-07-23 04:00:00,28770.0,28746.73034134567
19048,2017-07-23 05:00:00,28344.0,28306.352095728394
19049,2017-07-23 06:00:00,28331.0,28287.62214265083
19050,2017-07-23 07:00:00,28383.0,28408.078051946664
19051,2017-07-23 08:00:00,29598.0,29615.49960472434
19052,2017-07-23 09:00:00,31899.0,31861.045839436974
19053,2017-07-23 10:00:00,34303.0,34306.01422915018
19054,2017-07-23 11:00:00,36641.0,36606.26955570365
19055,2017-07-23 12:00:00,38660.0,38648.35721268264
19056,2017-07-23 13:00:00,40112.0,40140.28683778051
19057,2017-07-23 14:00:00,40888.0,40860.78358940693
19058,2017-07-23 15:00:00,41238.0,41190.77149210704
19059,2017-07-23 16:00:00,41690.0,41659.333706587444
19060,2017-07-23 17:00:00,42318.0,42308.049491038066
19061,2017-07-23 18:00:00,42102.0,42076.168231952506
19062,2017-07-23 19:00:00,40994.0,41016.22226230471
19063,2017-07-23 20:00:00,39743.0,39771.91793640885
19064,2017-07-23 21:00:00,39063.0,39037.050316594396
19065,2017-07-23 22:00:00,37884.0,37860.86225481533
19066,2017-07-23 23:00:00,35696.0,35702.00725895805
19067,2017-07-24 00:00:00,33158.0,33183.251546646614
19068,2017-07-22 01:00:00,37904.0,37949.9368973483
19069,2017-07-22 02:00:00,35559.0,35539.055148457446
19070,2017-07-22 03:00:00,33875.0,33916.10711079052
19071,2017-07-22 04:00:00,32634.0,32602.175990152165
19072,2017-07-22 05:00:00,31868.0,31822.10599658672
19073,2017-07-22 06:00:00,31639.0,31668.249350024627
19074,2017-07-22 07:00:00,31760.0,31757.861416235053
19075,2017-07-22 08:00:00,33607.0,33564.68559429575
19076,2017-07-22 09:00:00,36590.0,36547.11060675478
19077,2017-07-22 10:00:00,39640.0,39591.361851741116
19078,2017-07-22 11:00:00,42407.0,42387.63250839176
19079,2017-07-22 12:00:00,44653.0,44676.53633371299
19080,2017-07-22 13:00:00,46364.0,46380.5313890337
19081,2017-07-22 14:00:00,47538.0,47587.96677890815
19082,2017-07-22 15:00:00,47819.0,47828.39315309478
19083,2017-07-22 16:00:00,47188.0,47149.04722523186
19084,2017-07-22 17:00:00,46672.0,46719.85004452056
19085,2017-07-22 18:00:00,45716.0,45735.29715205371
19086,2017-07-22 19:00:00,43887.0,43874.403579329744
19087,2017-07-22 20:00:00,42029.0,42003.69948141034
19088,2017-07-22 21:00:00,41265.0,41237.21666941396
19089,2017-07-22 22:00:00,40048.0,40093.62331859803
19090,2017-07-22 23:00:00,37754.0,37745.942094242084
19091,2017-07-23 00:00:00,35085.0,35083.68066852864
19092,2017-07-21 01:00:00,37383.0,37416.68021855976
19093,2017-07-21 02:00:00,35056.0,35102.38641426556
19094,2017-07-21 03:00:00,33550.0,33500.439335166
19095,2017-07-21 04:00:00,32576.0,32625.02432590015
19096,2017-07-21 05:00:00,32336.0,32293.546152665564
19097,2017-07-21 06:00:00,33268.0,33301.68349798169
19098,2017-07-21 07:00:00,35049.0,35094.03185794798
19099,2017-07-21 08:00:00,37975.0,37981.1113609216
19100,2017-07-21 09:00:00,40719.0,40724.17134981837
19101,2017-07-21 10:00:00,43387.0,43403.90138959117
19102,2017-07-21 11:00:00,46114.0,46099.28314832468
19103,2017-07-21 12:00:00,48341.0,48307.580340248416
19104,2017-07-21 13:00:00,50116.0,50072.641506938504
19105,2017-07-21 14:00:00,51197.0,51235.11011853698
19106,2017-07-21 15:00:00,51916.0,51920.73275443683
19107,2017-07-21 16:00:00,52510.0,52529.407061533806
19108,2017-07-21 17:00:00,52921.0,52904.20521836335
19109,2017-07-21 18:00:00,53170.0,53200.70085418754
19110,2017-07-21 19:00:00,52169.0,52153.992125411205
19111,2017-07-21 20:00:00,50287.0,50239.97611476673
19112,2017-07-21 21:00:00,48912.0,48895.69044283196
19113,2017-07-21 22:00:00,47257.0,47292.03259011536
19114,2017-07-21 23:00:00,44143.0,44180.588847238665
19115,2017-07-22 00:00:00,40916.0,40959.47186381578
19116,2017-07-20 01:00:00,37185.0,37184.94784641778
19117,2017-07-20 02:00:00,34856.0,34901.65932491871
19118,2017-07-20 03:00:00,33332.0,33331.91785107586
19119,2017-07-20 04:00:00,32296.0,32261.391545570976
19120,2017-07-20 05:00:00,32131.0,32131.203696677
19121,2017-07-20 06:00:00,33171.0,33207.86142215738
19122,2017-07-20 07:00:00,35125.0,35153.56898460646
19123,2017-07-20 08:00:00,38215.0,38208.40531735586
19124,2017-07-20 09:00:00,41238.0,41209.2543352804
19125,2017-07-20 10:00:00,44316.0,44324.111960738526
19126,2017-07-20 11:00:00,47524.0,47567.12253687686
19127,2017-07-20 12:00:00,50292.0,50259.74922165318
19128,2017-07-20 13:00:00,52237.0,52269.70402104172
19129,2017-07-20 14:00:00,53645.0,53609.73246108389
19130,2017-07-20 15:00:00,54365.0,54406.96008766697
19131,2017-07-20 16:00:00,54924.0,54943.325619164185
19132,2017-07-20 17:00:00,55218.0,55178.91813804019
19133,2017-07-20 18:00:00,54991.0,54961.24248126962
19134,2017-07-20 19:00:00,54126.0,54168.69217193024
19135,2017-07-20 20:00:00,52357.0,52357.756643997716
19136,2017-07-20 21:00:00,50505.0,50500.349080168926
19137,2017-07-20 22:00:00,47970.0,47925.82719417119
19138,2017-07-20 23:00:00,44033.0,43991.40397914135
19139,2017-07-21 00:00:00,40415.0,40434.164859082855
19140,2017-07-19 01:00:00,34638.0,34665.69338747886
19141,2017-07-19 02:00:00,32489.0,32525.70065100331
19142,2017-07-19 03:00:00,30946.0,30946.28098844706
19143,2017-07-19 04:00:00,30112.0,30094.85736002154
19144,2017-07-19 05:00:00,30064.0,30076.55226289404
19145,2017-07-19 06:00:00,31249.0,31260.888011372248
19146,2017-07-19 07:00:00,33355.0,33308.466639830425
19147,2017-07-19 08:00:00,36379.0,36422.880280106474
19148,2017-07-19 09:00:00,39355.0,39369.25602731343
19149,2017-07-19 10:00:00,42211.0,42161.64685706331
19150,2017-07-19 11:00:00,44955.0,45000.963420349275
19151,2017-07-19 12:00:00,47277.0,47322.2650953142
19152,2017-07-19 13:00:00,49203.0,49247.591975161544
19153,2017-07-19 14:00:00,51046.0,51084.88987846473
19154,2017-07-19 15:00:00,52313.0,52281.46360227965
19155,2017-07-19 16:00:00,53072.0,53119.71728918149
19156,2017-07-19 17:00:00,53598.0,53624.19324502243
19157,2017-07-19 18:00:00,53887.0,53901.07570234823
19158,2017-07-19 19:00:00,53198.0,53242.267061147395
19159,2017-07-19 20:00:00,51440.0,51428.10872729455
19160,2017-07-19 21:00:00,49781.0,49824.13689922696
19161,2017-07-19 22:00:00,47960.0,47970.568450262595
19162,2017-07-19 23:00:00,44161.0,44168.929736620215
19163,2017-07-20 00:00:00,40440.0,40454.59514170211
19164,2017-07-18 01:00:00,32014.0,32039.41603423925
19165,2017-07-18 02:00:00,29985.0,29979.49201013264
19166,2017-07-18 03:00:00,28750.0,28798.060430398935
19167,2017-07-18 04:00:00,28074.0,28032.85187934391
19168,2017-07-18 05:00:00,28256.0,28297.382403134223
19169,2017-07-18 06:00:00,29579.0,29594.742310487884
19170,2017-07-18 07:00:00,31748.0,31788.991649614974
19171,2017-07-18 08:00:00,34515.0,34501.87600225883
19172,2017-07-18 09:00:00,36898.0,36930.89987336488
19173,2017-07-18 10:00:00,39095.0,39106.59881073124
19174,2017-07-18 11:00:00,41606.0,41639.11088481389
19175,2017-07-18 12:00:00,44195.0,44177.50223766375
19176,2017-07-18 13:00:00,46344.0,46385.73011624739
19177,2017-07-18 14:00:00,48239.0,48281.424087142645
19178,2017-07-18 15:00:00,49673.0,49670.48232915139
19179,2017-07-18 16:00:00,50301.0,50291.03148751657
19180,2017-07-18 17:00:00,50717.0,50724.51940900017
19181,2017-07-18 18:00:00,50662.0,50632.018440038526
19182,2017-07-18 19:00:00,49825.0,49824.62095976142
19183,2017-07-18 20:00:00,48116.0,48155.682079490776
19184,2017-07-18 21:00:00,46528.0,46514.51759989067
19185,2017-07-18 22:00:00,44909.0,44932.60487961541
19186,2017-07-18 23:00:00,41354.0,41366.31227355434
19187,2017-07-19 00:00:00,37631.0,37607.13901262537
19188,2017-07-17 01:00:00,30975.0,30978.176538117288
19189,2017-07-17 02:00:00,29004.0,29039.259116161793
19190,2017-07-17 03:00:00,27788.0,27793.491888564095
19191,2017-07-17 04:00:00,27238.0,27257.684440876106
19192,2017-07-17 05:00:00,27445.0,27472.5389212166
19193,2017-07-17 06:00:00,28809.0,28763.9399629942
19194,2017-07-17 07:00:00,30732.0,30687.125440234937
19195,2017-07-17 08:00:00,33750.0,33711.495998239465
19196,2017-07-17 09:00:00,36548.0,36514.30003351659
19197,2017-07-17 10:00:00,39246.0,39277.14426469054
19198,2017-07-17 11:00:00,42022.0,42015.55860436218
19199,2017-07-17 12:00:00,44293.0,44261.526274769574
19200,2017-07-17 13:00:00,45954.0,45957.180220590875
19201,2017-07-17 14:00:00,47160.0,47186.3340231475
19202,2017-07-17 15:00:00,47825.0,47789.006367884496
19203,2017-07-17 16:00:00,48078.0,48062.44025593477
19204,2017-07-17 17:00:00,47918.0,47887.43698483817
19205,2017-07-17 18:00:00,47118.0,47132.637491035304
19206,2017-07-17 19:00:00,45716.0,45679.68349321788
19207,2017-07-17 20:00:00,44083.0,44111.10956669327
19208,2017-07-17 21:00:00,42747.0,42717.782300435814
19209,2017-07-17 22:00:00,41253.0,41208.860199589304
19210,2017-07-17 23:00:00,37998.0,38039.08686199201
19211,2017-07-18 00:00:00,34727.0,34710.321231703245
19212,2017-07-16 01:00:00,29330.0,29330.27454055185
19213,2017-07-16 02:00:00,27381.0,27341.099216682138
19214,2017-07-16 03:00:00,25911.0,25908.94616630638
19215,2017-07-16 04:00:00,24892.0,24864.25628016737
19216,2017-07-16 05:00:00,24303.0,24337.03785002621
19217,2017-07-16 06:00:00,24007.0,24028.375444362697
19218,2017-07-16 07:00:00,24061.0,24077.330598849996
19219,2017-07-16 08:00:00,25711.0,25739.12613608694
19220,2017-07-16 09:00:00,28247.0,28226.37181882649
19221,2017-07-16 10:00:00,30865.0,30860.364879298213
19222,2017-07-16 11:00:00,33185.0,33143.65706435606
19223,2017-07-16 12:00:00,35272.0,35228.778444164505
19224,2017-07-16 13:00:00,37025.0,37007.90915297481
19225,2017-07-16 14:00:00,38485.0,38517.2745218466
19226,2017-07-16 15:00:00,39801.0,39810.76650486399
19227,2017-07-16 16:00:00,41153.0,41145.45102031089
19228,2017-07-16 17:00:00,42335.0,42381.69902382407
19229,2017-07-16 18:00:00,43194.0,43188.21694920426
19230,2017-07-16 19:00:00,43070.0,43066.88792732876
19231,2017-07-16 20:00:00,41896.0,41945.25296774152
19232,2017-07-16 21:00:00,40498.0,40461.136271388976
19233,2017-07-16 22:00:00,39376.0,39351.56139190569
19234,2017-07-16 23:00:00,36648.0,36643.33068808891
19235,2017-07-17 00:00:00,33569.0,33576.129211603795
19236,2017-07-15 01:00:00,30331.0,30295.808246531175
19237,2017-07-15 02:00:00,28769.0,28751.882257585028
19238,2017-07-15 03:00:00,27619.0,27591.026380849416
19239,2017-07-15 04:00:00,26966.0,27000.989604503884
19240,2017-07-15 05:00:00,26792.0,26825.46199295541
19241,2017-07-15 06:00:00,27102.0,27075.98372154453
19242,2017-07-15 07:00:00,27624.0,27617.492620364697
19243,2017-07-15 08:00:00,29253.0,29268.16424547734
19244,2017-07-15 09:00:00,31721.0,31675.816317598863
19245,2017-07-15 10:00:00,34020.0,34058.36081197277
19246,2017-07-15 11:00:00,36159.0,36160.10237000123
19247,2017-07-15 12:00:00,37993.0,37965.65389028656
19248,2017-07-15 13:00:00,39320.0,39309.67550176953
19249,2017-07-15 14:00:00,40154.0,40194.16704209693
19250,2017-07-15 15:00:00,40754.0,40706.47831890652
19251,2017-07-15 16:00:00,41370.0,41334.27905595282
19252,2017-07-15 17:00:00,41933.0,41902.27388405495
19253,2017-07-15 18:00:00,42029.0,41985.01122441096
19254,2017-07-15 19:00:00,41452.0,41424.52557759793
19255,2017-07-15 20:00:00,39883.0,39914.715596476606
19256,2017-07-15 21:00:00,38299.0,38301.707673154415
19257,2017-07-15 22:00:00,37241.0,37251.54328351689
19258,2017-07-15 23:00:00,34814.0,34779.58850531224
19259,2017-07-16 00:00:00,31935.0,31912.831521702068
19260,2017-07-14 01:00:00,34542.0,34583.74882359602
19261,2017-07-14 02:00:00,32509.0,32480.044002794006
19262,2017-07-14 03:00:00,31192.0,31232.674361717683
19263,2017-07-14 04:00:00,30371.0,30387.32137013988
19264,2017-07-14 05:00:00,30370.0,30370.277268866485
19265,2017-07-14 06:00:00,31502.0,31469.394931922492
19266,2017-07-14 07:00:00,33368.0,33385.3600395324
19267,2017-07-14 08:00:00,35516.0,35554.63973111378
19268,2017-07-14 09:00:00,37356.0,37321.97808521723
19269,2017-07-14 10:00:00,38887.0,38837.617925038016
19270,2017-07-14 11:00:00,40228.0,40252.00611325614
19271,2017-07-14 12:00:00,41336.0,41346.04607709956
19272,2017-07-14 13:00:00,42148.0,42148.30874342859
19273,2017-07-14 14:00:00,42884.0,42879.60458875432
19274,2017-07-14 15:00:00,42889.0,42888.7596464073
19275,2017-07-14 16:00:00,42907.0,42894.45831767066
19276,2017-07-14 17:00:00,42310.0,42268.233172650034
19277,2017-07-14 18:00:00,41218.0,41245.572396145886
19278,2017-07-14 19:00:00,39941.0,39937.78339114171
19279,2017-07-14 20:00:00,38711.0,38743.49543559551
19280,2017-07-14 21:00:00,37984.0,38032.222074728124
19281,2017-07-14 22:00:00,37169.0,37136.17500545412
19282,2017-07-14 23:00:00,35017.0,35046.34838149167
19283,2017-07-15 00:00:00,32615.0,32662.75182034205
19284,2017-07-13 01:00:00,35963.0,35985.44370199024
19285,2017-07-13 02:00:00,33934.0,33908.596891020454
19286,2017-07-13 03:00:00,32514.0,32553.64857697685
19287,2017-07-13 04:00:00,31673.0,31702.32227655714
19288,2017-07-13 05:00:00,31669.0,31663.930942150935
19289,2017-07-13 06:00:00,32817.0,32824.2567661257
19290,2017-07-13 07:00:00,34890.0,34912.192218266566
19291,2017-07-13 08:00:00,38291.0,38253.45207114602
19292,2017-07-13 09:00:00,41402.0,41444.69839374603
19293,2017-07-13 10:00:00,44358.0,44406.74441122405
19294,2017-07-13 11:00:00,47337.0,47320.053246535426
19295,2017-07-13 12:00:00,49815.0,49836.50849716933
19296,2017-07-13 13:00:00,51314.0,51306.13047250523
19297,2017-07-13 14:00:00,52075.0,52027.773514649496
19298,2017-07-13 15:00:00,52210.0,52255.8716883525
19299,2017-07-13 16:00:00,51891.0,51855.232172391596
19300,2017-07-13 17:00:00,51429.0,51386.49435180144
19301,2017-07-13 18:00:00,50135.0,50168.71891819344
19302,2017-07-13 19:00:00,48566.0,48519.38675128013
19303,2017-07-13 20:00:00,46948.0,46966.78870444811
19304,2017-07-13 21:00:00,45697.0,45740.00760537205
19305,2017-07-13 22:00:00,44086.0,44076.61866172321
19306,2017-07-13 23:00:00,40821.0,40777.835146314734
19307,2017-07-14 00:00:00,37417.0,37388.82924700778
19308,2017-07-12 01:00:00,34162.0,34206.832411402924
19309,2017-07-12 02:00:00,32198.0,32194.538603791498
19310,2017-07-12 03:00:00,30876.0,30880.135999213286
19311,2017-07-12 04:00:00,30206.0,30171.606110426088
19312,2017-07-12 05:00:00,30277.0,30318.801689916185
19313,2017-07-12 06:00:00,31493.0,31494.713035897796
19314,2017-07-12 07:00:00,33624.0,33626.8860641744
19315,2017-07-12 08:00:00,36518.0,36525.604724706776
19316,2017-07-12 09:00:00,38980.0,39006.73750763404
19317,2017-07-12 10:00:00,41442.0,41412.29529926065
19318,2017-07-12 11:00:00,43895.0,43939.23295472211
19319,2017-07-12 12:00:00,46037.0,46004.54050318467
19320,2017-07-12 13:00:00,47655.0,47624.74150029611
19321,2017-07-12 14:00:00,49098.0,49049.2408177563
19322,2017-07-12 15:00:00,49909.0,49860.96842212964
19323,2017-07-12 16:00:00,50196.0,50188.884163916766
19324,2017-07-12 17:00:00,50499.0,50467.29717491407
19325,2017-07-12 18:00:00,50853.0,50824.19017995592
19326,2017-07-12 19:00:00,50292.0,50340.792833763
19327,2017-07-12 20:00:00,49046.0,49088.93140380193
19328,2017-07-12 21:00:00,47725.0,47707.245348715274
19329,2017-07-12 22:00:00,46231.0,46215.315779768905
19330,2017-07-12 23:00:00,42684.0,42663.20983697578
19331,2017-07-13 00:00:00,39022.0,39060.223107202306
19332,2017-07-11 01:00:00,32379.0,32338.828592421974
19333,2017-07-11 02:00:00,30575.0,30583.408602480882
19334,2017-07-11 03:00:00,29395.0,29363.6302520321
19335,2017-07-11 04:00:00,28690.0,28715.81530893147
19336,2017-07-11 05:00:00,28797.0,28810.135973592256
19337,2017-07-11 06:00:00,29976.0,29964.78436139097
19338,2017-07-11 07:00:00,32118.0,32077.810904579885
19339,2017-07-11 08:00:00,34859.0,34885.74087666887
19340,2017-07-11 09:00:00,36926.0,36883.70362942362
19341,2017-07-11 10:00:00,38988.0,38965.374260049655
19342,2017-07-11 11:00:00,41205.0,41180.36452306597
19343,2017-07-11 12:00:00,43394.0,43401.852494527186
19344,2017-07-11 13:00:00,45038.0,45039.37330612914
19345,2017-07-11 14:00:00,46374.0,46351.97427840004
19346,2017-07-11 15:00:00,47032.0,47025.037516296485
19347,2017-07-11 16:00:00,47681.0,47674.636662031626
19348,2017-07-11 17:00:00,48426.0,48433.35595051579
19349,2017-07-11 18:00:00,48936.0,48975.82387289923
19350,2017-07-11 19:00:00,48206.0,48170.19325044545
19351,2017-07-11 20:00:00,46883.0,46888.76966983585
19352,2017-07-11 21:00:00,45630.0,45581.83791973274
19353,2017-07-11 22:00:00,44037.0,44056.822063046624
19354,2017-07-11 23:00:00,40575.0,40589.03939241573
19355,2017-07-12 00:00:00,37133.0,37152.40156781194
19356,2017-07-10 01:00:00,27045.0,27042.494277613238
19357,2017-07-10 02:00:00,25478.0,25446.68584102021
19358,2017-07-10 03:00:00,24564.0,24558.80810589365
19359,2017-07-10 04:00:00,24117.0,24069.359802880037
19360,2017-07-10 05:00:00,24454.0,24442.1435732441
19361,2017-07-10 06:00:00,25711.0,25744.857512581504
19362,2017-07-10 07:00:00,27699.0,27682.8586472135
19363,2017-07-10 08:00:00,30466.0,30475.175420239382
19364,2017-07-10 09:00:00,32607.0,32583.111508347112
19365,2017-07-10 10:00:00,34604.0,34567.42176676757
19366,2017-07-10 11:00:00,36847.0,36849.09225234186
19367,2017-07-10 12:00:00,38682.0,38635.57641706137
19368,2017-07-10 13:00:00,40541.0,40581.448012518544
19369,2017-07-10 14:00:00,42379.0,42406.718196587666
19370,2017-07-10 15:00:00,43758.0,43807.79190670964
19371,2017-07-10 16:00:00,44937.0,44986.31847622793
19372,2017-07-10 17:00:00,46094.0,46116.898604495036
19373,2017-07-10 18:00:00,46588.0,46615.66909398435
19374,2017-07-10 19:00:00,45875.0,45877.8091528028
19375,2017-07-10 20:00:00,44328.0,44299.854346307184
19376,2017-07-10 21:00:00,43081.0,43111.84079973576
19377,2017-07-10 22:00:00,41691.0,41667.969361416464
19378,2017-07-10 23:00:00,38539.0,38553.99850600699
19379,2017-07-11 00:00:00,35145.0,35168.08769341081
19380,2017-07-09 01:00:00,28477.0,28483.42913379706
19381,2017-07-09 02:00:00,26524.0,26540.272751692868
19382,2017-07-09 03:00:00,25144.0,25123.291137375018
19383,2017-07-09 04:00:00,24203.0,24229.05155412318
19384,2017-07-09 05:00:00,23679.0,23723.35481022081
19385,2017-07-09 06:00:00,23283.0,23281.40056611548
19386,2017-07-09 07:00:00,23370.0,23332.097757363732
19387,2017-07-09 08:00:00,24876.0,24887.97183178956
19388,2017-07-09 09:00:00,27118.0,27102.141291267373
19389,2017-07-09 10:00:00,29165.0,29156.9105563291
19390,2017-07-09 11:00:00,30984.0,30949.162516209733
19391,2017-07-09 12:00:00,32472.0,32484.57876358038
19392,2017-07-09 13:00:00,33580.0,33608.72496828846
19393,2017-07-09 14:00:00,34565.0,34591.64399451645
19394,2017-07-09 15:00:00,35585.0,35634.38817179371
19395,2017-07-09 16:00:00,36777.0,36748.21968386851
19396,2017-07-09 17:00:00,38016.0,38057.41424069025
19397,2017-07-09 18:00:00,38913.0,38936.261866529414
19398,2017-07-09 19:00:00,38803.0,38823.74855022233
19399,2017-07-09 20:00:00,37659.0,37677.37584253699
19400,2017-07-09 21:00:00,36052.0,36055.836455620185
19401,2017-07-09 22:00:00,35014.0,35001.86496795427
19402,2017-07-09 23:00:00,32436.0,32480.334567714774
19403,2017-07-10 00:00:00,29483.0,29448.10869058268
19404,2017-07-08 01:00:00,30090.0,30057.59821003594
19405,2017-07-08 02:00:00,28042.0,27993.67146363499
19406,2017-07-08 03:00:00,26656.0,26679.93850479271
19407,2017-07-08 04:00:00,25737.0,25776.398506676986
19408,2017-07-08 05:00:00,25361.0,25329.604450928324
19409,2017-07-08 06:00:00,25352.0,25305.44200064744
19410,2017-07-08 07:00:00,25853.0,25827.410394186038
19411,2017-07-08 08:00:00,27731.0,27769.366822875156
19412,2017-07-08 09:00:00,30347.0,30298.61832515088
19413,2017-07-08 10:00:00,32833.0,32793.11565807537
19414,2017-07-08 11:00:00,35230.0,35182.49884562303
19415,2017-07-08 12:00:00,37206.0,37250.31500505643
19416,2017-07-08 13:00:00,38632.0,38595.55031509391
19417,2017-07-08 14:00:00,39682.0,39722.041827223955
19418,2017-07-08 15:00:00,40551.0,40548.34386229656
19419,2017-07-08 16:00:00,41294.0,41283.48581375729
19420,2017-07-08 17:00:00,41854.0,41846.651214268604
19421,2017-07-08 18:00:00,41768.0,41759.86692198439
19422,2017-07-08 19:00:00,40707.0,40691.173121457614
19423,2017-07-08 20:00:00,38980.0,39011.07993060159
19424,2017-07-08 21:00:00,37181.0,37181.799571142416
19425,2017-07-08 22:00:00,36130.0,36179.098071924775
19426,2017-07-08 23:00:00,33730.0,33731.77715371122
19427,2017-07-09 00:00:00,31036.0,31067.847431679762
19428,2017-07-07 01:00:00,28958.0,28982.509691476596
19429,2017-07-07 02:00:00,27532.0,27522.11026483508
19430,2017-07-07 03:00:00,26654.0,26682.863537262838
19431,2017-07-07 04:00:00,26237.0,26202.496788509656
19432,2017-07-07 05:00:00,26553.0,26523.334196720276
19433,2017-07-07 06:00:00,27906.0,27917.887952506942
19434,2017-07-07 07:00:00,29937.0,29958.15639499733
19435,2017-07-07 08:00:00,32226.0,32240.382884455386
19436,2017-07-07 09:00:00,34029.0,34029.944379842025
19437,2017-07-07 10:00:00,35477.0,35440.76073229806
19438,2017-07-07 11:00:00,36571.0,36558.276019736
19439,2017-07-07 12:00:00,37519.0,37529.48910816604
19440,2017-07-07 13:00:00,38497.0,38469.607013442845
19441,2017-07-07 14:00:00,39728.0,39741.78359845711
19442,2017-07-07 15:00:00,40993.0,40966.42807858105
19443,2017-07-07 16:00:00,42397.0,42356.78584258463
19444,2017-07-07 17:00:00,43747.0,43729.433829320165
19445,2017-07-07 18:00:00,44579.0,44556.27536508709
19446,2017-07-07 19:00:00,43916.0,43947.04458754356
19447,2017-07-07 20:00:00,42166.0,42164.36138278343
19448,2017-07-07 21:00:00,40284.0,40240.40420701484
19449,2017-07-07 22:00:00,38733.0,38764.5566982868
19450,2017-07-07 23:00:00,35848.0,35824.86882533467
19451,2017-07-08 00:00:00,32864.0,32870.78741582552
19452,2017-07-06 01:00:00,29839.0,29843.15245631117
19453,2017-07-06 02:00:00,28133.0,28180.158761929775
19454,2017-07-06 03:00:00,27129.0,27104.49352710776
19455,2017-07-06 04:00:00,26624.0,26588.518445937494
19456,2017-07-06 05:00:00,26898.0,26873.84235260137
19457,2017-07-06 06:00:00,28217.0,28224.64614735272
19458,2017-07-06 07:00:00,30319.0,30290.75432251354
19459,2017-07-06 08:00:00,32449.0,32433.047061497207
19460,2017-07-06 09:00:00,34015.0,34030.80548589234
19461,2017-07-06 10:00:00,35237.0,35198.647995581734
19462,2017-07-06 11:00:00,36114.0,36158.53042419099
19463,2017-07-06 12:00:00,36793.0,36796.23523146793
19464,2017-07-06 13:00:00,37169.0,37167.35967283573
19465,2017-07-06 14:00:00,37598.0,37584.30445253712
19466,2017-07-06 15:00:00,37794.0,37768.566475474414
19467,2017-07-06 16:00:00,37858.0,37856.34007229319
19468,2017-07-06 17:00:00,37933.0,37931.62723994946
19469,2017-07-06 18:00:00,37897.0,37852.61219823537
19470,2017-07-06 19:00:00,37355.0,37389.738716782645
19471,2017-07-06 20:00:00,36633.0,36665.07625450681
19472,2017-07-06 21:00:00,36510.0,36504.78065956149
19473,2017-07-06 22:00:00,35833.0,35816.675611855615
19474,2017-07-06 23:00:00,33589.0,33588.89320208788
19475,2017-07-07 00:00:00,31110.0,31082.143443398476
19476,2017-07-05 01:00:00,29763.0,29713.084237353203
19477,2017-07-05 02:00:00,27962.0,27947.430186012298
19478,2017-07-05 03:00:00,26811.0,26762.800522352598
19479,2017-07-05 04:00:00,26216.0,26170.070248891032
19480,2017-07-05 05:00:00,26461.0,26413.94701118323
19481,2017-07-05 06:00:00,27662.0,27700.005918701932
19482,2017-07-05 07:00:00,29731.0,29695.36070940047
19483,2017-07-05 08:00:00,32242.0,32217.433835784686
19484,2017-07-05 09:00:00,34148.0,34147.02657549153
19485,2017-07-05 10:00:00,35901.0,35903.931077587666
19486,2017-07-05 11:00:00,37654.0,37616.20684696888
19487,2017-07-05 12:00:00,39252.0,39292.95134920136
19488,2017-07-05 13:00:00,40641.0,40614.10819700612
19489,2017-07-05 14:00:00,41935.0,41979.25887623516
19490,2017-07-05 15:00:00,42725.0,42700.68757947021
19491,2017-07-05 16:00:00,43201.0,43151.259391996144
19492,2017-07-05 17:00:00,43481.0,43528.186136279466
19493,2017-07-05 18:00:00,43563.0,43561.37163100103
19494,2017-07-05 19:00:00,42455.0,42492.875037068974
19495,2017-07-05 20:00:00,40797.0,40820.43429475995
19496,2017-07-05 21:00:00,39475.0,39442.90187293316
19497,2017-07-05 22:00:00,38310.0,38344.52687358201
19498,2017-07-05 23:00:00,35467.0,35422.10783544396
19499,2017-07-06 00:00:00,32447.0,32447.75581869235
19500,2017-07-04 01:00:00,31708.0,31683.411320384428
19501,2017-07-04 02:00:00,29566.0,29552.158621021114
19502,2017-07-04 03:00:00,27984.0,28009.702832837258
19503,2017-07-04 04:00:00,27049.0,27067.33834889473
19504,2017-07-04 05:00:00,26667.0,26661.008352480756
19505,2017-07-04 06:00:00,26540.0,26494.591837598222
19506,2017-07-04 07:00:00,26694.0,26647.991572917155
19507,2017-07-04 08:00:00,28096.0,28116.220453651866
19508,2017-07-04 09:00:00,30232.0,30276.8829566978
19509,2017-07-04 10:00:00,32713.0,32747.72671955488
19510,2017-07-04 11:00:00,35073.0,35035.218404931045
19511,2017-07-04 12:00:00,37290.0,37252.12268753008
19512,2017-07-04 13:00:00,39003.0,39014.0528423276
19513,2017-07-04 14:00:00,40451.0,40466.76123612678
19514,2017-07-04 15:00:00,41574.0,41585.64891469162
19515,2017-07-04 16:00:00,42270.0,42308.53926799027
19516,2017-07-04 17:00:00,42558.0,42531.10046607289
19517,2017-07-04 18:00:00,42402.0,42369.229451070336
19518,2017-07-04 19:00:00,41158.0,41199.41675517778
19519,2017-07-04 20:00:00,39308.0,39330.21496255652
19520,2017-07-04 21:00:00,37758.0,37779.172717160625
19521,2017-07-04 22:00:00,36506.0,36489.537887711995
19522,2017-07-04 23:00:00,34711.0,34723.78719797827
19523,2017-07-05 00:00:00,32267.0,32289.670202217123
19524,2017-07-03 01:00:00,31826.0,31836.027566082037
19525,2017-07-03 02:00:00,29736.0,29759.622081827558
19526,2017-07-03 03:00:00,28228.0,28237.005037912477
19527,2017-07-03 04:00:00,27340.0,27388.203193073015
19528,2017-07-03 05:00:00,27204.0,27203.200331135027
19529,2017-07-03 06:00:00,27744.0,27695.246898419024
19530,2017-07-03 07:00:00,29140.0,29106.334254343652
19531,2017-07-03 08:00:00,31832.0,31878.415834923657
19532,2017-07-03 09:00:00,34666.0,34662.95204937645
19533,2017-07-03 10:00:00,37505.0,37467.05214540996
19534,2017-07-03 11:00:00,39936.0,39901.58201636524
19535,2017-07-03 12:00:00,41839.0,41791.89495663696
19536,2017-07-03 13:00:00,43306.0,43278.63395310147
19537,2017-07-03 14:00:00,44721.0,44769.664523101615
19538,2017-07-03 15:00:00,45839.0,45821.88152222191
19539,2017-07-03 16:00:00,46619.0,46594.02520662178
19540,2017-07-03 17:00:00,47023.0,47039.76211206367
19541,2017-07-03 18:00:00,47028.0,47045.419779857366
19542,2017-07-03 19:00:00,45997.0,46043.78335570701
19543,2017-07-03 20:00:00,44157.0,44179.959772771406
19544,2017-07-03 21:00:00,42068.0,42028.996674931215
19545,2017-07-03 22:00:00,40594.0,40642.559803049284
19546,2017-07-03 23:00:00,37638.0,37663.02372604427
19547,2017-07-04 00:00:00,34620.0,34595.921648468706
19548,2017-07-02 01:00:00,30000.0,29976.11959674075
19549,2017-07-02 02:00:00,28191.0,28236.99972343017
19550,2017-07-02 03:00:00,26975.0,26944.263651731853
19551,2017-07-02 04:00:00,26128.0,26100.758755827756
19552,2017-07-02 05:00:00,25704.0,25689.893128425694
19553,2017-07-02 06:00:00,25390.0,25407.94714132603
19554,2017-07-02 07:00:00,25651.0,25643.97240365882
19555,2017-07-02 08:00:00,27671.0,27652.12641659989
19556,2017-07-02 09:00:00,30620.0,30596.76241878186
19557,2017-07-02 10:00:00,33541.0,33503.509594579446
19558,2017-07-02 11:00:00,36146.0,36150.62556044942
19559,2017-07-02 12:00:00,38252.0,38229.34120492234
19560,2017-07-02 13:00:00,39833.0,39816.148310629396
19561,2017-07-02 14:00:00,41121.0,41071.77962677918
19562,2017-07-02 15:00:00,42149.0,42152.12397461011
19563,2017-07-02 16:00:00,43214.0,43233.64233110334
19564,2017-07-02 17:00:00,44248.0,44290.7533902397
19565,2017-07-02 18:00:00,44753.0,44722.71269988948
19566,2017-07-02 19:00:00,44145.0,44186.936247692145
19567,2017-07-02 20:00:00,42632.0,42618.11305659618
19568,2017-07-02 21:00:00,41110.0,41140.239279013054
19569,2017-07-02 22:00:00,40219.0,40258.680202770105
19570,2017-07-02 23:00:00,37652.0,37698.13645388218
19571,2017-07-03 00:00:00,34712.0,34694.54438562231
19572,2017-07-01 01:00:00,33520.0,33496.04536669009
19573,2017-07-01 02:00:00,31386.0,31379.95643003625
19574,2017-07-01 03:00:00,29913.0,29918.465339505092
19575,2017-07-01 04:00:00,28979.0,28998.064885607597
19576,2017-07-01 05:00:00,28534.0,28553.187751931644
19577,2017-07-01 06:00:00,28562.0,28523.66496014251
19578,2017-07-01 07:00:00,29008.0,29019.181756582708
19579,2017-07-01 08:00:00,30662.0,30628.786870653243
19580,2017-07-01 09:00:00,33020.0,33041.13682031434
19581,2017-07-01 10:00:00,35548.0,35595.65805989996
19582,2017-07-01 11:00:00,37905.0,37932.089982616235
19583,2017-07-01 12:00:00,39641.0,39660.47351247775
19584,2017-07-01 13:00:00,40963.0,40920.74846290837
19585,2017-07-01 14:00:00,41827.0,41795.46330326582
19586,2017-07-01 15:00:00,42534.0,42519.52406001584
19587,2017-07-01 16:00:00,42930.0,42973.34776267883
19588,2017-07-01 17:00:00,42604.0,42587.08916909936
19589,2017-07-01 18:00:00,42206.0,42237.37717310567
19590,2017-07-01 19:00:00,40927.0,40887.37513296984
19591,2017-07-01 20:00:00,39201.0,39217.200222364154
19592,2017-07-01 21:00:00,37756.0,37783.9108859649
19593,2017-07-01 22:00:00,36935.0,36939.29217813004
19594,2017-07-01 23:00:00,34841.0,34867.68459207066
19595,2017-07-02 00:00:00,32412.0,32434.366522301556
19596,2017-06-30 01:00:00,31031.0,31028.698073372456
19597,2017-06-30 02:00:00,29101.0,29137.55190712117
19598,2017-06-30 03:00:00,27820.0,27804.16293184762
19599,2017-06-30 04:00:00,27098.0,27090.54089074379
19600,2017-06-30 05:00:00,27175.0,27178.986101581788
19601,2017-06-30 06:00:00,28203.0,28166.069865544676
19602,2017-06-30 07:00:00,30066.0,30067.531768068544
19603,2017-06-30 08:00:00,32900.0,32882.41160576651
19604,2017-06-30 09:00:00,35576.0,35551.66655532799
19605,2017-06-30 10:00:00,38022.0,38029.68349880918
19606,2017-06-30 11:00:00,40252.0,40234.96029801867
19607,2017-06-30 12:00:00,42377.0,42412.55077007436
19608,2017-06-30 13:00:00,44426.0,44416.99793499581
19609,2017-06-30 14:00:00,46154.0,46145.303761863455
19610,2017-06-30 15:00:00,47751.0,47799.19421151728
19611,2017-06-30 16:00:00,48899.0,48883.15269643086
19612,2017-06-30 17:00:00,49531.0,49494.148594977465
19613,2017-06-30 18:00:00,49391.0,49428.65832714134
19614,2017-06-30 19:00:00,47920.0,47961.699835353706
19615,2017-06-30 20:00:00,45795.0,45767.6450035059
19616,2017-06-30 21:00:00,44035.0,44073.20770479629
19617,2017-06-30 22:00:00,42739.0,42738.455683541026
19618,2017-06-30 23:00:00,39640.0,39594.3431647011
19619,2017-07-01 00:00:00,36239.0,36243.88310335559
19620,2017-06-29 01:00:00,26248.0,26282.87730457957
19621,2017-06-29 02:00:00,24821.0,24810.664945104716
19622,2017-06-29 03:00:00,23925.0,23930.10000476903
19623,2017-06-29 04:00:00,23524.0,23488.061430507318
19624,2017-06-29 05:00:00,23763.0,23797.219696289463
19625,2017-06-29 06:00:00,24935.0,24895.68902480706
19626,2017-06-29 07:00:00,26908.0,26867.442903149284
19627,2017-06-29 08:00:00,29327.0,29370.355837725012
19628,2017-06-29 09:00:00,31395.0,31432.347291965936
19629,2017-06-29 10:00:00,33136.0,33143.487481866774
19630,2017-06-29 11:00:00,34862.0,34822.615390648025
19631,2017-06-29 12:00:00,36610.0,36614.598612372116
19632,2017-06-29 13:00:00,38258.0,38300.054265362356
19633,2017-06-29 14:00:00,40102.0,40113.23548956587
19634,2017-06-29 15:00:00,41702.0,41671.82381289192
19635,2017-06-29 16:00:00,43102.0,43142.583074116286
19636,2017-06-29 17:00:00,44067.0,44103.54562620557
19637,2017-06-29 18:00:00,44522.0,44526.6587423114
19638,2017-06-29 19:00:00,43735.0,43770.22432785739
19639,2017-06-29 20:00:00,42055.0,42010.63621111224
19640,2017-06-29 21:00:00,40879.0,40875.11812401194
19641,2017-06-29 22:00:00,39956.0,39923.808912576926
19642,2017-06-29 23:00:00,37082.0,37115.754099466525
19643,2017-06-30 00:00:00,33857.0,33904.11912495574
19644,2017-06-28 01:00:00,25335.0,25378.069932038445
19645,2017-06-28 02:00:00,23797.0,23797.33484520208
19646,2017-06-28 03:00:00,22948.0,22949.09972044491
19647,2017-06-28 04:00:00,22479.0,22519.822865954848
19648,2017-06-28 05:00:00,22676.0,22698.1746689031
19649,2017-06-28 06:00:00,23677.0,23634.46051809511
19650,2017-06-28 07:00:00,25681.0,25643.83402716199
19651,2017-06-28 08:00:00,27914.0,27959.172246468013
19652,2017-06-28 09:00:00,29437.0,29423.588941061847
19653,2017-06-28 10:00:00,30528.0,30496.735955954908
19654,2017-06-28 11:00:00,31500.0,31523.553483946944
19655,2017-06-28 12:00:00,32444.0,32481.968832849696
19656,2017-06-28 13:00:00,33197.0,33167.65548452222
19657,2017-06-28 14:00:00,34183.0,34158.143604177145
19658,2017-06-28 15:00:00,35114.0,35153.99409051257
19659,2017-06-28 16:00:00,36177.0,36128.317129736904
19660,2017-06-28 17:00:00,37166.0,37206.795023352264
19661,2017-06-28 18:00:00,37754.0,37707.92622621183
19662,2017-06-28 19:00:00,37129.0,37088.54030925203
19663,2017-06-28 20:00:00,35718.0,35754.22753560819
19664,2017-06-28 21:00:00,34759.0,34733.84197265877
19665,2017-06-28 22:00:00,33995.0,33967.4694939312
19666,2017-06-28 23:00:00,31456.0,31490.412852994446
19667,2017-06-29 00:00:00,28683.0,28687.219367920065
19668,2017-06-27 01:00:00,26591.0,26576.061900559947
19669,2017-06-27 02:00:00,25033.0,25054.423221644607
19670,2017-06-27 03:00:00,24111.0,24141.974569691298
19671,2017-06-27 04:00:00,23634.0,23670.27686345076
19672,2017-06-27 05:00:00,23872.0,23833.935198500978
19673,2017-06-27 06:00:00,25072.0,25080.25450028155
19674,2017-06-27 07:00:00,27089.0,27106.821898031103
19675,2017-06-27 08:00:00,29071.0,29032.647437901236
19676,2017-06-27 09:00:00,30584.0,30595.01256759397
19677,2017-06-27 10:00:00,31698.0,31651.193841413216
19678,2017-06-27 11:00:00,32587.0,32571.157074395847
19679,2017-06-27 12:00:00,33623.0,33590.20159883811
19680,2017-06-27 13:00:00,34496.0,34502.12064918541
19681,2017-06-27 14:00:00,35458.0,35427.10928163905
19682,2017-06-27 15:00:00,36242.0,36270.91440208141
19683,2017-06-27 16:00:00,36671.0,36633.11460935842
19684,2017-06-27 17:00:00,37178.0,37203.782901156745
19685,2017-06-27 18:00:00,37317.0,37276.89086834958
19686,2017-06-27 19:00:00,36542.0,36536.23939696038
19687,2017-06-27 20:00:00,35117.0,35136.85342625171
19688,2017-06-27 21:00:00,33956.0,33922.14680069448
19689,2017-06-27 22:00:00,33156.0,33181.23440263591
19690,2017-06-27 23:00:00,30522.0,30567.34112030119
19691,2017-06-28 00:00:00,27685.0,27672.340129427197
19692,2017-06-26 01:00:00,26983.0,26933.01803027609
19693,2017-06-26 02:00:00,25230.0,25227.68296019118
19694,2017-06-26 03:00:00,24126.0,24166.24411158267
19695,2017-06-26 04:00:00,23631.0,23647.50059697859
19696,2017-06-26 05:00:00,23770.0,23790.32861009655
19697,2017-06-26 06:00:00,24750.0,24779.2466834177
19698,2017-06-26 07:00:00,26756.0,26796.82037045542
19699,2017-06-26 08:00:00,29297.0,29259.480398304684
19700,2017-06-26 09:00:00,31204.0,31213.02095342892
19701,2017-06-26 10:00:00,32647.0,32685.973210372526
19702,2017-06-26 11:00:00,33940.0,33967.58890540771
19703,2017-06-26 12:00:00,35003.0,34977.894184211524
19704,2017-06-26 13:00:00,35867.0,35904.46063510134
19705,2017-06-26 14:00:00,36714.0,36693.410348165315
19706,2017-06-26 15:00:00,37483.0,37474.08863736185
19707,2017-06-26 16:00:00,38137.0,38105.564026014275
19708,2017-06-26 17:00:00,38731.0,38769.522665109245
19709,2017-06-26 18:00:00,39137.0,39096.301454991466
19710,2017-06-26 19:00:00,38684.0,38733.410888706625
19711,2017-06-26 20:00:00,37284.0,37266.868050869285
19712,2017-06-26 21:00:00,35743.0,35764.08087665126
19713,2017-06-26 22:00:00,34670.0,34632.872629159654
19714,2017-06-26 23:00:00,31855.0,31853.78630378984
19715,2017-06-27 00:00:00,28913.0,28867.01320068351
19716,2017-06-25 01:00:00,29042.0,29079.8399547954
19717,2017-06-25 02:00:00,27052.0,27046.64293500537
19718,2017-06-25 03:00:00,25652.0,25676.275404949512
19719,2017-06-25 04:00:00,24713.0,24752.451455432125
19720,2017-06-25 05:00:00,24123.0,24079.859526768392
19721,2017-06-25 06:00:00,23724.0,23725.144117495187
19722,2017-06-25 07:00:00,23944.0,23912.954111515628
19723,2017-06-25 08:00:00,25490.0,25446.900702509258
19724,2017-06-25 09:00:00,27834.0,27846.203311071782
19725,2017-06-25 10:00:00,30232.0,30193.409679151635
19726,2017-06-25 11:00:00,32369.0,32368.193512566446
19727,2017-06-25 12:00:00,34154.0,34123.69184461434
19728,2017-06-25 13:00:00,35512.0,35481.77213759826
19729,2017-06-25 14:00:00,36449.0,36451.2994274465
19730,2017-06-25 15:00:00,37153.0,37158.53896777944
19731,2017-06-25 16:00:00,37698.0,37648.347931514705
19732,2017-06-25 17:00:00,38519.0,38519.07692612698
19733,2017-06-25 18:00:00,38948.0,38964.97502647705
19734,2017-06-25 19:00:00,38617.0,38634.85117736675
19735,2017-06-25 20:00:00,37325.0,37359.9880123992
19736,2017-06-25 21:00:00,35900.0,35939.53004101629
19737,2017-06-25 22:00:00,35086.0,35098.28614549333
19738,2017-06-25 23:00:00,32445.0,32443.18320179804
19739,2017-06-26 00:00:00,29498.0,29468.410661170365
19740,2017-06-24 01:00:00,33729.0,33691.67612437311
19741,2017-06-24 02:00:00,31775.0,31785.9099666983
19742,2017-06-24 03:00:00,30246.0,30290.658312629363
19743,2017-06-24 04:00:00,29130.0,29107.821491052415
19744,2017-06-24 05:00:00,28674.0,28633.94533456818
19745,2017-06-24 06:00:00,28660.0,28652.38615300225
19746,2017-06-24 07:00:00,28817.0,28767.048258269766
19747,2017-06-24 08:00:00,30142.0,30147.357451579028
19748,2017-06-24 09:00:00,32320.0,32274.947928976548
19749,2017-06-24 10:00:00,34937.0,34980.09656030964
19750,2017-06-24 11:00:00,36981.0,37017.9932992034
19751,2017-06-24 12:00:00,38187.0,38148.49016598778
19752,2017-06-24 13:00:00,38747.0,38711.68965341614
19753,2017-06-24 14:00:00,39210.0,39255.34474879229
19754,2017-06-24 15:00:00,39880.0,39911.355268971434
19755,2017-06-24 16:00:00,40560.0,40604.20245551467
19756,2017-06-24 17:00:00,41057.0,41040.45014206311
19757,2017-06-24 18:00:00,41228.0,41189.095722948725
19758,2017-06-24 19:00:00,40827.0,40838.538686798
19759,2017-06-24 20:00:00,39350.0,39396.67051875877
19760,2017-06-24 21:00:00,37696.0,37658.996359675475
19761,2017-06-24 22:00:00,36710.0,36741.889476177836
19762,2017-06-24 23:00:00,34357.0,34342.96128871415
19763,2017-06-25 00:00:00,31660.0,31621.550833842335
19764,2017-06-23 01:00:00,33281.0,33276.90372167692
19765,2017-06-23 02:00:00,31344.0,31342.873338490484
19766,2017-06-23 03:00:00,30090.0,30040.90834283434
19767,2017-06-23 04:00:00,29390.0,29387.44500041099
19768,2017-06-23 05:00:00,29470.0,29484.747807896096
19769,2017-06-23 06:00:00,30578.0,30604.4661645466
19770,2017-06-23 07:00:00,32737.0,32696.855746448404
19771,2017-06-23 08:00:00,35168.0,35205.65378085284
19772,2017-06-23 09:00:00,36891.0,36857.77458887506
19773,2017-06-23 10:00:00,38163.0,38178.82870106585
19774,2017-06-23 11:00:00,39303.0,39308.263250059346
19775,2017-06-23 12:00:00,40496.0,40534.000859739725
19776,2017-06-23 13:00:00,41674.0,41627.86452333873
19777,2017-06-23 14:00:00,42743.0,42712.15626260698
19778,2017-06-23 15:00:00,43748.0,43710.19657607151
19779,2017-06-23 16:00:00,44836.0,44818.755118328816
19780,2017-06-23 17:00:00,45435.0,45418.88484717563
19781,2017-06-23 18:00:00,45561.0,45519.8612463654
19782,2017-06-23 19:00:00,44697.0,44698.43249560751
19783,2017-06-23 20:00:00,43374.0,43335.624314430344
19784,2017-06-23 21:00:00,42248.0,42205.4350297169
19785,2017-06-23 22:00:00,41330.0,41283.31721319645
19786,2017-06-23 23:00:00,38838.0,38880.91418960275
19787,2017-06-24 00:00:00,36130.0,36119.67387790879
19788,2017-06-22 01:00:00,28811.0,28789.36863286039
19789,2017-06-22 02:00:00,27116.0,27114.22740392109
19790,2017-06-22 03:00:00,26085.0,26050.76909804767
19791,2017-06-22 04:00:00,25476.0,25466.615762437268
19792,2017-06-22 05:00:00,25628.0,25597.054564030623
19793,2017-06-22 06:00:00,26677.0,26657.439276000157
19794,2017-06-22 07:00:00,28840.0,28882.42158179645
19795,2017-06-22 08:00:00,31614.0,31578.86990381973
19796,2017-06-22 09:00:00,34019.0,34016.38448814977
19797,2017-06-22 10:00:00,36096.0,36112.08591859563
19798,2017-06-22 11:00:00,38209.0,38250.799718985734
19799,2017-06-22 12:00:00,40083.0,40125.30108371392
19800,2017-06-22 13:00:00,41567.0,41541.72588768358
19801,2017-06-22 14:00:00,42942.0,42986.31547408963
19802,2017-06-22 15:00:00,44208.0,44191.138934691735
19803,2017-06-22 16:00:00,45840.0,45879.49213769913
19804,2017-06-22 17:00:00,46751.0,46710.32038285953
19805,2017-06-22 18:00:00,46779.0,46748.83505383758
19806,2017-06-22 19:00:00,45754.0,45711.89976397847
19807,2017-06-22 20:00:00,44368.0,44347.90269085012
19808,2017-06-22 21:00:00,43581.0,43618.385297104374
19809,2017-06-22 22:00:00,42475.0,42440.926982042394
19810,2017-06-22 23:00:00,39414.0,39386.48464945479
19811,2017-06-23 00:00:00,36148.0,36119.61858641529
19812,2017-06-21 01:00:00,29593.0,29570.469822906874
19813,2017-06-21 02:00:00,27745.0,27696.868078032534
19814,2017-06-21 03:00:00,26595.0,26587.384745452106
19815,2017-06-21 04:00:00,25917.0,25964.629314946087
19816,2017-06-21 05:00:00,26043.0,26037.80847403397
19817,2017-06-21 06:00:00,27109.0,27140.334007185294
19818,2017-06-21 07:00:00,29397.0,29404.142951511876
19819,2017-06-21 08:00:00,32179.0,32130.488293643695
19820,2017-06-21 09:00:00,34334.0,34342.550791297246
19821,2017-06-21 10:00:00,36241.0,36285.65135529633
19822,2017-06-21 11:00:00,38163.0,38168.35105579502
19823,2017-06-21 12:00:00,39770.0,39772.79329171432
19824,2017-06-21 13:00:00,40916.0,40933.02254739468
19825,2017-06-21 14:00:00,41669.0,41706.08877242662
19826,2017-06-21 15:00:00,42791.0,42797.475634156384
19827,2017-06-21 16:00:00,43903.0,43893.643627494406
19828,2017-06-21 17:00:00,44002.0,43955.70801286208
19829,2017-06-21 18:00:00,42966.0,42927.106544450966
19830,2017-06-21 19:00:00,41636.0,41650.872136765254
19831,2017-06-21 20:00:00,39952.0,39963.89385631653
19832,2017-06-21 21:00:00,38541.0,38514.902744863
19833,2017-06-21 22:00:00,37526.0,37547.89230005505
19834,2017-06-21 23:00:00,34551.0,34528.96657227873
19835,2017-06-22 00:00:00,31381.0,31361.49742205093
19836,2017-06-20 01:00:00,29701.0,29657.13974824811
19837,2017-06-20 02:00:00,28166.0,28171.02813511645
19838,2017-06-20 03:00:00,27193.0,27171.769533510374
19839,2017-06-20 04:00:00,26662.0,26693.89388094433
19840,2017-06-20 05:00:00,26819.0,26849.14669791774
19841,2017-06-20 06:00:00,27965.0,27927.844254671003
19842,2017-06-20 07:00:00,30208.0,30173.99931768296
19843,2017-06-20 08:00:00,32913.0,32895.099042279995
19844,2017-06-20 09:00:00,34757.0,34765.08544418969
19845,2017-06-20 10:00:00,36063.0,36047.25142819316
19846,2017-06-20 11:00:00,37396.0,37381.02559488009
19847,2017-06-20 12:00:00,38482.0,38446.00606805133
19848,2017-06-20 13:00:00,39478.0,39461.55984491836
19849,2017-06-20 14:00:00,40609.0,40606.0406563239
19850,2017-06-20 15:00:00,41587.0,41635.47192923548
19851,2017-06-20 16:00:00,42465.0,42498.79648507004
19852,2017-06-20 17:00:00,43224.0,43253.298157602294
19853,2017-06-20 18:00:00,43481.0,43486.98206441901
19854,2017-06-20 19:00:00,42734.0,42720.00898646223
19855,2017-06-20 20:00:00,41257.0,41292.694640271184
19856,2017-06-20 21:00:00,39669.0,39653.742956734626
19857,2017-06-20 22:00:00,38655.0,38664.2796007881
19858,2017-06-20 23:00:00,35532.0,35507.717573552436
19859,2017-06-21 00:00:00,32290.0,32317.64096915264
19860,2017-06-19 01:00:00,34027.0,34028.45331210928
19861,2017-06-19 02:00:00,32141.0,32180.51685350819
19862,2017-06-19 03:00:00,30991.0,30997.890011739346
19863,2017-06-19 04:00:00,30412.0,30378.43046769093
19864,2017-06-19 05:00:00,30669.0,30718.294772744946
19865,2017-06-19 06:00:00,31807.0,31807.19659390053
19866,2017-06-19 07:00:00,34466.0,34441.07080522018
19867,2017-06-19 08:00:00,37724.0,37706.928309558105
19868,2017-06-19 09:00:00,39825.0,39787.12341897725
19869,2017-06-19 10:00:00,41874.0,41831.394017274644
19870,2017-06-19 11:00:00,43999.0,43994.05662734904
19871,2017-06-19 12:00:00,45622.0,45667.18731195885
19872,2017-06-19 13:00:00,46779.0,46741.29776253711
19873,2017-06-19 14:00:00,47803.0,47843.2724205224
19874,2017-06-19 15:00:00,48182.0,48211.67344325956
19875,2017-06-19 16:00:00,47803.0,47833.64264793197
19876,2017-06-19 17:00:00,45725.0,45745.995335196225
19877,2017-06-19 18:00:00,43395.0,43404.183567232525
19878,2017-06-19 19:00:00,41410.0,41372.13874066385
19879,2017-06-19 20:00:00,39976.0,39983.56527125137
19880,2017-06-19 21:00:00,38947.0,38932.19776078057
19881,2017-06-19 22:00:00,37762.0,37722.53043616468
19882,2017-06-19 23:00:00,34957.0,34987.382796166625
19883,2017-06-20 00:00:00,32111.0,32115.654862713527
19884,2017-06-18 01:00:00,29156.0,29180.49552795002
19885,2017-06-18 02:00:00,27554.0,27551.95100852575
19886,2017-06-18 03:00:00,26500.0,26505.171719456506
19887,2017-06-18 04:00:00,25886.0,25907.234321117496
19888,2017-06-18 05:00:00,25667.0,25641.694687263778
19889,2017-06-18 06:00:00,25702.0,25736.704848749097
19890,2017-06-18 07:00:00,26132.0,26124.094834738018
19891,2017-06-18 08:00:00,27727.0,27747.848934950413
19892,2017-06-18 09:00:00,30154.0,30136.60801841781
19893,2017-06-18 10:00:00,32844.0,32864.247480506834
19894,2017-06-18 11:00:00,35397.0,35351.35211900001
19895,2017-06-18 12:00:00,37677.0,37719.92618313098
19896,2017-06-18 13:00:00,39545.0,39573.689470950696
19897,2017-06-18 14:00:00,41090.0,41106.48055653669
19898,2017-06-18 15:00:00,42321.0,42303.38821442534
19899,2017-06-18 16:00:00,43275.0,43309.25875314532
19900,2017-06-18 17:00:00,44064.0,44090.76859533133
19901,2017-06-18 18:00:00,44507.0,44502.308448560354
19902,2017-06-18 19:00:00,44192.0,44161.744983439545
19903,2017-06-18 20:00:00,43256.0,43223.55140057358
19904,2017-06-18 21:00:00,42555.0,42553.81959050397
19905,2017-06-18 22:00:00,42079.0,42107.34080952771
19906,2017-06-18 23:00:00,39553.0,39574.446522868675
19907,2017-06-19 00:00:00,36547.0,36546.35642870407
19908,2017-06-17 01:00:00,27805.0,27775.44272465539
19909,2017-06-17 02:00:00,26269.0,26242.923048653898
19910,2017-06-17 03:00:00,25230.0,25185.76374720155
19911,2017-06-17 04:00:00,24669.0,24636.67961326703
19912,2017-06-17 05:00:00,24516.0,24467.275932078017
19913,2017-06-17 06:00:00,24806.0,24823.449476068356
19914,2017-06-17 07:00:00,25389.0,25397.823955178766
19915,2017-06-17 08:00:00,26933.0,26981.79563356509
19916,2017-06-17 09:00:00,28990.0,29016.277308710207
19917,2017-06-17 10:00:00,30923.0,30897.624051952902
19918,2017-06-17 11:00:00,32368.0,32388.789231655548
19919,2017-06-17 12:00:00,33341.0,33292.217175344274
19920,2017-06-17 13:00:00,34089.0,34137.61576386902
19921,2017-06-17 14:00:00,34709.0,34720.44353078183
19922,2017-06-17 15:00:00,35282.0,35243.967016337825
19923,2017-06-17 16:00:00,36134.0,36133.851921314315
19924,2017-06-17 17:00:00,36841.0,36885.06143476431
19925,2017-06-17 18:00:00,37268.0,37302.97000650611
19926,2017-06-17 19:00:00,37144.0,37123.891897295915
19927,2017-06-17 20:00:00,36391.0,36380.614639435014
19928,2017-06-17 21:00:00,35911.0,35946.35581304797
19929,2017-06-17 22:00:00,35579.0,35619.00115972317
19930,2017-06-17 23:00:00,33746.0,33787.45970431298
19931,2017-06-18 00:00:00,31441.0,31485.788952502422
19932,2017-06-16 01:00:00,27324.0,27324.05420558024
19933,2017-06-16 02:00:00,25769.0,25805.151904036087
19934,2017-06-16 03:00:00,24899.0,24883.697331551433
19935,2017-06-16 04:00:00,24513.0,24546.81067258825
19936,2017-06-16 05:00:00,24788.0,24772.74647315973
19937,2017-06-16 06:00:00,26050.0,26060.83179233358
19938,2017-06-16 07:00:00,28198.0,28194.84649380354
19939,2017-06-16 08:00:00,30418.0,30457.293919943837
19940,2017-06-16 09:00:00,31900.0,31856.65208880339
19941,2017-06-16 10:00:00,33029.0,33073.8793151582
19942,2017-06-16 11:00:00,34063.0,34059.209449471804
19943,2017-06-16 12:00:00,34796.0,34794.139298206384
19944,2017-06-16 13:00:00,35422.0,35454.781698773884
19945,2017-06-16 14:00:00,36301.0,36317.618197799915
19946,2017-06-16 15:00:00,36846.0,36891.37099780203
19947,2017-06-16 16:00:00,37276.0,37280.66161790258
19948,2017-06-16 17:00:00,37589.0,37594.8651811185
19949,2017-06-16 18:00:00,37627.0,37674.17026654565
19950,2017-06-16 19:00:00,36824.0,36866.644019024374
19951,2017-06-16 20:00:00,35764.0,35734.86929620478
19952,2017-06-16 21:00:00,35319.0,35299.6944794284
19953,2017-06-16 22:00:00,34612.0,34624.53388415609
19954,2017-06-16 23:00:00,32503.0,32546.937500479955
19955,2017-06-17 00:00:00,30045.0,30051.335682176297
19956,2017-06-15 01:00:00,29448.0,29471.28229556625
19957,2017-06-15 02:00:00,27473.0,27432.399868433757
19958,2017-06-15 03:00:00,26182.0,26184.26241597343
19959,2017-06-15 04:00:00,25569.0,25533.760166215565
19960,2017-06-15 05:00:00,25626.0,25602.063211641063
19961,2017-06-15 06:00:00,26670.0,26636.630457140654
19962,2017-06-15 07:00:00,28857.0,28823.591205840974
19963,2017-06-15 08:00:00,31156.0,31205.170753306113
19964,2017-06-15 09:00:00,32637.0,32616.824535928758
19965,2017-06-15 10:00:00,34000.0,34006.548491165566
19966,2017-06-15 11:00:00,35426.0,35378.00854201036
19967,2017-06-15 12:00:00,36582.0,36612.638619488076
19968,2017-06-15 13:00:00,37632.0,37650.02277400315
19969,2017-06-15 14:00:00,38738.0,38710.877851599114
19970,2017-06-15 15:00:00,39676.0,39629.606008851006
19971,2017-06-15 16:00:00,40370.0,40347.45809866723
19972,2017-06-15 17:00:00,40975.0,40987.8580396789
19973,2017-06-15 18:00:00,40908.0,40859.52028853496
19974,2017-06-15 19:00:00,39847.0,39804.53588033717
19975,2017-06-15 20:00:00,38053.0,38043.9347318072
19976,2017-06-15 21:00:00,36751.0,36718.59991473814
19977,2017-06-15 22:00:00,35594.0,35607.18100459463
19978,2017-06-15 23:00:00,32762.0,32729.465908114846
19979,2017-06-16 00:00:00,29780.0,29829.36148719756
19980,2017-06-14 01:00:00,36237.0,36230.58128812129
19981,2017-06-14 02:00:00,33829.0,33793.83166798751
19982,2017-06-14 03:00:00,32207.0,32164.38339921266
19983,2017-06-14 04:00:00,31187.0,31179.056035701877
19984,2017-06-14 05:00:00,30928.0,30958.9092199401
19985,2017-06-14 06:00:00,31841.0,31834.883509217598
19986,2017-06-14 07:00:00,34011.0,33975.108025097354
19987,2017-06-14 08:00:00,36270.0,36268.87090275407
19988,2017-06-14 09:00:00,37769.0,37752.737063229855
19989,2017-06-14 10:00:00,38875.0,38875.18685666999
19990,2017-06-14 11:00:00,40764.0,40753.11372369273
19991,2017-06-14 12:00:00,42093.0,42107.788910534364
19992,2017-06-14 13:00:00,43306.0,43336.36245728205
19993,2017-06-14 14:00:00,44373.0,44411.64531943557
19994,2017-06-14 15:00:00,45094.0,45118.12901162346
19995,2017-06-14 16:00:00,45874.0,45859.502300469336
19996,2017-06-14 17:00:00,46509.0,46503.8458027752
19997,2017-06-14 18:00:00,46583.0,46597.17654618105
19998,2017-06-14 19:00:00,45386.0,45357.982851545996
19999,2017-06-14 20:00:00,43314.0,43334.17628189794
20000,2017-06-14 21:00:00,41345.0,41359.97897625495
20001,2017-06-14 22:00:00,39673.0,39688.6487119922
20002,2017-06-14 23:00:00,36020.0,36003.33269283364
20003,2017-06-15 00:00:00,32388.0,32398.1566865068
20004,2017-06-13 01:00:00,33844.0,33813.77319473527
20005,2017-06-13 02:00:00,31595.0,31563.969597495732
20006,2017-06-13 03:00:00,30097.0,30123.852079522843
20007,2017-06-13 04:00:00,29198.0,29185.95603465445
20008,2017-06-13 05:00:00,29126.0,29130.459881516024
20009,2017-06-13 06:00:00,30065.0,30044.274217954964
20010,2017-06-13 07:00:00,32585.0,32558.585501933074
20011,2017-06-13 08:00:00,35887.0,35914.98667655013
20012,2017-06-13 09:00:00,38780.0,38809.41811442456
20013,2017-06-13 10:00:00,41730.0,41763.62851655196
20014,2017-06-13 11:00:00,44827.0,44862.44452449344
20015,2017-06-13 12:00:00,47291.0,47282.13796295761
20016,2017-06-13 13:00:00,49174.0,49204.89673100494
20017,2017-06-13 14:00:00,50490.0,50474.593440219316
20018,2017-06-13 15:00:00,51410.0,51365.251802098224
20019,2017-06-13 16:00:00,52406.0,52424.93375292768
20020,2017-06-13 17:00:00,53298.0,53267.89594182707
20021,2017-06-13 18:00:00,53698.0,53693.147206229165
20022,2017-06-13 19:00:00,53081.0,53047.386939910706
20023,2017-06-13 20:00:00,51227.0,51216.153627224296
20024,2017-06-13 21:00:00,49520.0,49558.48662993065
20025,2017-06-13 22:00:00,47603.0,47614.315217597315
20026,2017-06-13 23:00:00,43619.0,43583.813910404235
20027,2017-06-14 00:00:00,39588.0,39610.550115874736
20028,2017-06-12 01:00:00,31292.0,31326.784345347038
20029,2017-06-12 02:00:00,29186.0,29152.639260350014
20030,2017-06-12 03:00:00,27768.0,27792.40966026445
20031,2017-06-12 04:00:00,27052.0,27056.91251227813
20032,2017-06-12 05:00:00,27038.0,27048.42638307332
20033,2017-06-12 06:00:00,28131.0,28174.90249005842
20034,2017-06-12 07:00:00,30676.0,30629.656071810474
20035,2017-06-12 08:00:00,33998.0,34011.87895222364
20036,2017-06-12 09:00:00,36866.0,36824.149256315606
20037,2017-06-12 10:00:00,39588.0,39616.95861963495
20038,2017-06-12 11:00:00,42255.0,42294.613369369996
20039,2017-06-12 12:00:00,44487.0,44445.65297566595
20040,2017-06-12 13:00:00,46276.0,46228.58393980861
20041,2017-06-12 14:00:00,47947.0,47992.56687153914
20042,2017-06-12 15:00:00,49105.0,49147.65264360233
20043,2017-06-12 16:00:00,50054.0,50096.37474037286
20044,2017-06-12 17:00:00,50916.0,50959.96851578546
20045,2017-06-12 18:00:00,51282.0,51282.009691921085
20046,2017-06-12 19:00:00,50523.0,50570.68996067649
20047,2017-06-12 20:00:00,49018.0,49057.231248649936
20048,2017-06-12 21:00:00,47110.0,47069.76631961728
20049,2017-06-12 22:00:00,45247.0,45278.27090277997
20050,2017-06-12 23:00:00,41123.0,41144.244418579234
20051,2017-06-13 00:00:00,37155.0,37118.40980060183
20052,2017-06-11 01:00:00,27551.0,27574.792299363507
20053,2017-06-11 02:00:00,25736.0,25734.492267725574
20054,2017-06-11 03:00:00,24436.0,24471.382388795435
20055,2017-06-11 04:00:00,23626.0,23657.879694185238
20056,2017-06-11 05:00:00,23098.0,23142.23308248056
20057,2017-06-11 06:00:00,22773.0,22730.527911789824
20058,2017-06-11 07:00:00,23107.0,23128.024539265763
20059,2017-06-11 08:00:00,25142.0,25129.70729057259
20060,2017-06-11 09:00:00,28051.0,28078.599364969843
20061,2017-06-11 10:00:00,31178.0,31188.25623962772
20062,2017-06-11 11:00:00,33864.0,33863.55806174564
20063,2017-06-11 12:00:00,36100.0,36050.42346283105
20064,2017-06-11 13:00:00,37843.0,37853.716882462984
20065,2017-06-11 14:00:00,39315.0,39307.038037272265
20066,2017-06-11 15:00:00,40735.0,40718.252736036084
20067,2017-06-11 16:00:00,42179.0,42227.877035991594
20068,2017-06-11 17:00:00,43570.0,43590.036640543425
20069,2017-06-11 18:00:00,44439.0,44442.98847777382
20070,2017-06-11 19:00:00,44396.0,44432.8722620851
20071,2017-06-11 20:00:00,43424.0,43396.7098241904
20072,2017-06-11 21:00:00,42150.0,42161.990777033
20073,2017-06-11 22:00:00,40996.0,41032.092446125505
20074,2017-06-11 23:00:00,37791.0,37753.35856253228
20075,2017-06-12 00:00:00,34255.0,34228.60890951558
20076,2017-06-10 01:00:00,24748.0,24706.263220700523
20077,2017-06-10 02:00:00,23152.0,23201.24434090689
20078,2017-06-10 03:00:00,22220.0,22228.09128187904
20079,2017-06-10 04:00:00,21697.0,21695.94857858519
20080,2017-06-10 05:00:00,21482.0,21465.8435192061
20081,2017-06-10 06:00:00,21565.0,21559.945017946287
20082,2017-06-10 07:00:00,22139.0,22166.58570650706
20083,2017-06-10 08:00:00,23766.0,23807.67178021446
20084,2017-06-10 09:00:00,25976.0,25936.494520014207
20085,2017-06-10 10:00:00,27893.0,27872.962942462527
20086,2017-06-10 11:00:00,29567.0,29535.912807023527
20087,2017-06-10 12:00:00,31027.0,31020.548582739633
20088,2017-06-10 13:00:00,32248.0,32251.04841531233
20089,2017-06-10 14:00:00,33384.0,33406.12799606523
20090,2017-06-10 15:00:00,34466.0,34503.56581862065
20091,2017-06-10 16:00:00,35563.0,35567.21298026396
20092,2017-06-10 17:00:00,36674.0,36672.876858769305
20093,2017-06-10 18:00:00,37349.0,37356.57529248926
20094,2017-06-10 19:00:00,37190.0,37228.8410203999
20095,2017-06-10 20:00:00,36191.0,36205.85459368741
20096,2017-06-10 21:00:00,35264.0,35292.73724056664
20097,2017-06-10 22:00:00,34655.0,34676.94933039095
20098,2017-06-10 23:00:00,32491.0,32533.35087083127
20099,2017-06-11 00:00:00,29990.0,30021.693753533353
20100,2017-06-09 01:00:00,22729.0,22713.120416320053
20101,2017-06-09 02:00:00,21650.0,21685.43686027064
20102,2017-06-09 03:00:00,21126.0,21122.744589866492
20103,2017-06-09 04:00:00,20917.0,20951.72226748121
20104,2017-06-09 05:00:00,21297.0,21337.574616633297
20105,2017-06-09 06:00:00,22537.0,22555.52694043676
20106,2017-06-09 07:00:00,24773.0,24794.88830771255
20107,2017-06-09 08:00:00,26792.0,26756.11083711484
20108,2017-06-09 09:00:00,28004.0,27986.384496643197
20109,2017-06-09 10:00:00,28747.0,28752.773249526424
20110,2017-06-09 11:00:00,29517.0,29467.35151451723
20111,2017-06-09 12:00:00,30223.0,30257.727791073747
20112,2017-06-09 13:00:00,30814.0,30800.947952205333
20113,2017-06-09 14:00:00,31618.0,31640.339828900098
20114,2017-06-09 15:00:00,32333.0,32359.929762287047
20115,2017-06-09 16:00:00,32991.0,32995.80830509087
20116,2017-06-09 17:00:00,33711.0,33740.02265359354
20117,2017-06-09 18:00:00,34194.0,34212.240783838795
20118,2017-06-09 19:00:00,33815.0,33800.98445368196
20119,2017-06-09 20:00:00,32928.0,32959.61560275462
20120,2017-06-09 21:00:00,32158.0,32171.605546025472
20121,2017-06-09 22:00:00,31521.0,31487.020474472327
20122,2017-06-09 23:00:00,29324.0,29351.282411223503
20123,2017-06-10 00:00:00,26853.0,26870.618701274292
20124,2017-06-08 01:00:00,22671.0,22649.4650968127
20125,2017-06-08 02:00:00,21629.0,21663.197812911643
20126,2017-06-08 03:00:00,21070.0,21057.400751957164
20127,2017-06-08 04:00:00,20891.0,20896.273929096187
20128,2017-06-08 05:00:00,21361.0,21345.315960639142
20129,2017-06-08 06:00:00,22649.0,22671.436690850773
20130,2017-06-08 07:00:00,24997.0,25005.117216847582
20131,2017-06-08 08:00:00,27027.0,27024.029307146633
20132,2017-06-08 09:00:00,27976.0,27928.031942451504
20133,2017-06-08 10:00:00,28537.0,28547.718457216186
20134,2017-06-08 11:00:00,29177.0,29189.23521294804
20135,2017-06-08 12:00:00,29564.0,29532.123535434588
20136,2017-06-08 13:00:00,29802.0,29785.230920010803
20137,2017-06-08 14:00:00,29906.0,29943.87879110646
20138,2017-06-08 15:00:00,29780.0,29784.916575945925
20139,2017-06-08 16:00:00,29433.0,29426.50797054797
20140,2017-06-08 17:00:00,30082.0,30125.596173861653
20141,2017-06-08 18:00:00,30209.0,30240.19455117962
20142,2017-06-08 19:00:00,29877.0,29836.74719906891
20143,2017-06-08 20:00:00,29534.0,29569.89273713588
20144,2017-06-08 21:00:00,29637.0,29601.973556059966
20145,2017-06-08 22:00:00,29348.0,29315.480233535916
20146,2017-06-08 23:00:00,27096.0,27053.534754652923
20147,2017-06-09 00:00:00,24592.0,24590.13510936061
20148,2017-06-07 01:00:00,23154.0,23168.468931623946
20149,2017-06-07 02:00:00,21985.0,22010.371546100298
20150,2017-06-07 03:00:00,21521.0,21473.672526551985
20151,2017-06-07 04:00:00,21294.0,21261.78613296385
20152,2017-06-07 05:00:00,21768.0,21780.122269240797
20153,2017-06-07 06:00:00,23183.0,23185.558352001484
20154,2017-06-07 07:00:00,25575.0,25530.13539005534
20155,2017-06-07 08:00:00,27491.0,27534.540994161922
20156,2017-06-07 09:00:00,28243.0,28268.851039571822
20157,2017-06-07 10:00:00,28548.0,28533.879630453423
20158,2017-06-07 11:00:00,28863.0,28866.639834492187
20159,2017-06-07 12:00:00,29129.0,29116.42560002329
20160,2017-06-07 13:00:00,29235.0,29230.52892960088
20161,2017-06-07 14:00:00,29351.0,29360.618414757966
20162,2017-06-07 15:00:00,29292.0,29281.84674161342
20163,2017-06-07 16:00:00,29275.0,29287.07178156972
20164,2017-06-07 17:00:00,29419.0,29415.514681656765
20165,2017-06-07 18:00:00,29408.0,29423.726098577103
20166,2017-06-07 19:00:00,29109.0,29085.222151815276
20167,2017-06-07 20:00:00,28940.0,28907.119210248704
20168,2017-06-07 21:00:00,29152.0,29103.35822766144
20169,2017-06-07 22:00:00,28854.0,28864.19801385401
20170,2017-06-07 23:00:00,26664.0,26712.07812054711
20171,2017-06-08 00:00:00,24398.0,24390.038729292733
20172,2017-06-06 01:00:00,24349.0,24320.262814216923
20173,2017-06-06 02:00:00,23096.0,23047.310893091213
20174,2017-06-06 03:00:00,22501.0,22502.278394333644
20175,2017-06-06 04:00:00,22193.0,22242.270460580545
20176,2017-06-06 05:00:00,22572.0,22620.377535324173
20177,2017-06-06 06:00:00,24014.0,23974.13528333184
20178,2017-06-06 07:00:00,26515.0,26546.640702189816
20179,2017-06-06 08:00:00,28600.0,28567.332055859908
20180,2017-06-06 09:00:00,29598.0,29628.935151124435
20181,2017-06-06 10:00:00,30274.0,30309.354929888654
20182,2017-06-06 11:00:00,30880.0,30830.773422904742
20183,2017-06-06 12:00:00,31225.0,31198.72613801122
20184,2017-06-06 13:00:00,31331.0,31286.655167624638
20185,2017-06-06 14:00:00,31386.0,31385.89096253758
20186,2017-06-06 15:00:00,31413.0,31365.671619438723
20187,2017-06-06 16:00:00,31564.0,31576.608523818006
20188,2017-06-06 17:00:00,31552.0,31557.83297919512
20189,2017-06-06 18:00:00,31631.0,31618.939316032018
20190,2017-06-06 19:00:00,31169.0,31165.18017444821
20191,2017-06-06 20:00:00,30730.0,30779.009497905558
20192,2017-06-06 21:00:00,30687.0,30653.765262017245
20193,2017-06-06 22:00:00,29752.0,29775.103795283278
20194,2017-06-06 23:00:00,27367.0,27381.53096923854
20195,2017-06-07 00:00:00,24958.0,24974.369867671187
20196,2017-06-05 01:00:00,24304.0,24288.57142623292
20197,2017-06-05 02:00:00,23203.0,23174.647036459733
20198,2017-06-05 03:00:00,22546.0,22561.082298760677
20199,2017-06-05 04:00:00,22284.0,22325.2724653925
20200,2017-06-05 05:00:00,22758.0,22805.598748454282
20201,2017-06-05 06:00:00,24363.0,24361.091020637665
20202,2017-06-05 07:00:00,26880.0,26872.56116520939
20203,2017-06-05 08:00:00,29143.0,29127.894233696476
20204,2017-06-05 09:00:00,30446.0,30476.9975366879
20205,2017-06-05 10:00:00,31306.0,31281.5399432823
20206,2017-06-05 11:00:00,32090.0,32091.302738201946
20207,2017-06-05 12:00:00,32546.0,32530.50543869632
20208,2017-06-05 13:00:00,32797.0,32834.570082812206
20209,2017-06-05 14:00:00,32926.0,32904.267416032795
20210,2017-06-05 15:00:00,32668.0,32686.648780574455
20211,2017-06-05 16:00:00,32399.0,32407.874849806052
20212,2017-06-05 17:00:00,32606.0,32588.837108888605
20213,2017-06-05 18:00:00,32760.0,32735.478166500532
20214,2017-06-05 19:00:00,32384.0,32414.378829999307
20215,2017-06-05 20:00:00,32092.0,32093.05008808932
20216,2017-06-05 21:00:00,32221.0,32232.14631821117
20217,2017-06-05 22:00:00,31323.0,31369.208775639396
20218,2017-06-05 23:00:00,28867.0,28856.80164143167
20219,2017-06-06 00:00:00,26332.0,26363.42789696697
20220,2017-06-04 01:00:00,22465.0,22478.876287880536
20221,2017-06-04 02:00:00,21271.0,21280.353472531548
20222,2017-06-04 03:00:00,20502.0,20457.456142512907
20223,2017-06-04 04:00:00,20042.0,20083.23578777095
20224,2017-06-04 05:00:00,19933.0,19905.85998306185
20225,2017-06-04 06:00:00,19789.0,19786.318815807685
20226,2017-06-04 07:00:00,20079.0,20104.20133121156
20227,2017-06-04 08:00:00,21131.0,21133.232339045044
20228,2017-06-04 09:00:00,22732.0,22682.433629653027
20229,2017-06-04 10:00:00,24308.0,24352.903797365336
20230,2017-06-04 11:00:00,25636.0,25588.04851088269
20231,2017-06-04 12:00:00,26546.0,26504.991244602563
20232,2017-06-04 13:00:00,27584.0,27556.41326041504
20233,2017-06-04 14:00:00,28238.0,28247.896013941816
20234,2017-06-04 15:00:00,28747.0,28794.113733663526
20235,2017-06-04 16:00:00,29253.0,29295.265858027295
20236,2017-06-04 17:00:00,29855.0,29870.133634276604
20237,2017-06-04 18:00:00,30426.0,30450.168814108813
20238,2017-06-04 19:00:00,30571.0,30592.188244960547
20239,2017-06-04 20:00:00,30396.0,30414.69473485118
20240,2017-06-04 21:00:00,30786.0,30817.239466945906
20241,2017-06-04 22:00:00,30342.0,30325.988963423064
20242,2017-06-04 23:00:00,28180.0,28152.11213750894
20243,2017-06-05 00:00:00,26018.0,26002.764647958087
20244,2017-06-03 01:00:00,23262.0,23216.860378505866
20245,2017-06-03 02:00:00,21853.0,21899.703641860404
20246,2017-06-03 03:00:00,21039.0,21062.95048331576
20247,2017-06-03 04:00:00,20636.0,20607.34335087336
20248,2017-06-03 05:00:00,20554.0,20529.579066089806
20249,2017-06-03 06:00:00,20854.0,20903.26084819479
20250,2017-06-03 07:00:00,21514.0,21540.81072983816
20251,2017-06-03 08:00:00,22813.0,22805.565937052852
20252,2017-06-03 09:00:00,24455.0,24425.665063198405
20253,2017-06-03 10:00:00,25575.0,25529.042816534387
20254,2017-06-03 11:00:00,26082.0,26098.931261729373
20255,2017-06-03 12:00:00,26237.0,26264.997818159965
20256,2017-06-03 13:00:00,26195.0,26155.774506314247
20257,2017-06-03 14:00:00,26315.0,26265.238985512402
20258,2017-06-03 15:00:00,26581.0,26566.74253069104
20259,2017-06-03 16:00:00,27143.0,27159.744829200772
20260,2017-06-03 17:00:00,27867.0,27909.379602469344
20261,2017-06-03 18:00:00,28637.0,28674.95365531805
20262,2017-06-03 19:00:00,28904.0,28922.852662408954
20263,2017-06-03 20:00:00,28576.0,28607.40521334374
20264,2017-06-03 21:00:00,28238.0,28223.586372837766
20265,2017-06-03 22:00:00,27955.0,27929.51047223596
20266,2017-06-03 23:00:00,26280.0,26242.42123705117
20267,2017-06-04 00:00:00,24347.0,24315.163214226184
20268,2017-06-02 01:00:00,24244.0,24290.29307162087
20269,2017-06-02 02:00:00,22838.0,22880.9957406288
20270,2017-06-02 03:00:00,22073.0,22027.691920907677
20271,2017-06-02 04:00:00,21639.0,21635.99407200315
20272,2017-06-02 05:00:00,21835.0,21822.33326273998
20273,2017-06-02 06:00:00,23121.0,23136.17822861238
20274,2017-06-02 07:00:00,25368.0,25350.839834511287
20275,2017-06-02 08:00:00,27546.0,27524.0609570218
20276,2017-06-02 09:00:00,28780.0,28810.91707388965
20277,2017-06-02 10:00:00,29643.0,29687.711543517977
20278,2017-06-02 11:00:00,30412.0,30382.279572627976
20279,2017-06-02 12:00:00,30961.0,30934.529512232126
20280,2017-06-02 13:00:00,31421.0,31412.91165845148
20281,2017-06-02 14:00:00,32015.0,32035.630318465897
20282,2017-06-02 15:00:00,32239.0,32205.706255766083
20283,2017-06-02 16:00:00,32484.0,32480.793337258012
20284,2017-06-02 17:00:00,32847.0,32881.084886523604
20285,2017-06-02 18:00:00,32855.0,32828.40666197486
20286,2017-06-02 19:00:00,32168.0,32122.766134512764
20287,2017-06-02 20:00:00,31114.0,31154.682751987777
20288,2017-06-02 21:00:00,30359.0,30387.753161832068
20289,2017-06-02 22:00:00,29729.0,29748.88074728145
20290,2017-06-02 23:00:00,27649.0,27607.73302340337
20291,2017-06-03 00:00:00,25307.0,25346.933331965927
20292,2017-06-01 01:00:00,24613.0,24593.526548918886
20293,2017-06-01 02:00:00,23206.0,23177.1491213797
20294,2017-06-01 03:00:00,22416.0,22414.749879863994
20295,2017-06-01 04:00:00,22062.0,22104.279957754705
20296,2017-06-01 05:00:00,22342.0,22391.455440099213
20297,2017-06-01 06:00:00,23645.0,23656.41088088984
20298,2017-06-01 07:00:00,26138.0,26183.550825418002
20299,2017-06-01 08:00:00,28337.0,28332.33343290317
20300,2017-06-01 09:00:00,29515.0,29467.966501704777
20301,2017-06-01 10:00:00,30457.0,30434.565161609986
20302,2017-06-01 11:00:00,31365.0,31345.182744248796
20303,2017-06-01 12:00:00,32031.0,32059.27075777887
20304,2017-06-01 13:00:00,32600.0,32562.42443056679
20305,2017-06-01 14:00:00,33107.0,33074.49043465914
20306,2017-06-01 15:00:00,33598.0,33609.42696100485
20307,2017-06-01 16:00:00,34241.0,34204.061444231316
20308,2017-06-01 17:00:00,34805.0,34804.55166873134
20309,2017-06-01 18:00:00,35108.0,35061.50665885221
20310,2017-06-01 19:00:00,34518.0,34534.88805000724
20311,2017-06-01 20:00:00,33583.0,33623.83733427871
20312,2017-06-01 21:00:00,32986.0,33023.48978938898
20313,2017-06-01 22:00:00,32133.0,32090.361788343886
20314,2017-06-01 23:00:00,29312.0,29321.100399610084
20315,2017-06-02 00:00:00,26499.0,26459.384033194998
20316,2017-05-31 01:00:00,22942.0,22897.352426073438
20317,2017-05-31 02:00:00,21980.0,21991.03850247005
20318,2017-05-31 03:00:00,21451.0,21458.245860388255
20319,2017-05-31 04:00:00,21331.0,21290.38353830221
20320,2017-05-31 05:00:00,21755.0,21740.985791194107
20321,2017-05-31 06:00:00,23450.0,23431.66523275603
20322,2017-05-31 07:00:00,26071.0,26055.24638968682
20323,2017-05-31 08:00:00,28153.0,28136.31906181078
20324,2017-05-31 09:00:00,29221.0,29253.46562421441
20325,2017-05-31 10:00:00,29687.0,29672.36084794687
20326,2017-05-31 11:00:00,30327.0,30310.04344509714
20327,2017-05-31 12:00:00,30912.0,30864.961715557944
20328,2017-05-31 13:00:00,31345.0,31374.04074910377
20329,2017-05-31 14:00:00,31959.0,31974.987859691355
20330,2017-05-31 15:00:00,32419.0,32403.143372808812
20331,2017-05-31 16:00:00,33126.0,33121.18399824003
20332,2017-05-31 17:00:00,33897.0,33926.40731667835
20333,2017-05-31 18:00:00,34435.0,34419.421821650736
20334,2017-05-31 19:00:00,33859.0,33856.33695696535
20335,2017-05-31 20:00:00,33223.0,33174.97865569702
20336,2017-05-31 21:00:00,33042.0,33083.831722232084
20337,2017-05-31 22:00:00,32372.0,32359.12412548346
20338,2017-05-31 23:00:00,29577.0,29556.64334429293
20339,2017-06-01 00:00:00,26773.0,26783.91183488524
20340,2017-05-30 01:00:00,22105.0,22107.669778186242
20341,2017-05-30 02:00:00,21188.0,21178.092477858892
20342,2017-05-30 03:00:00,20685.0,20727.235253474144
20343,2017-05-30 04:00:00,20477.0,20463.298215245155
20344,2017-05-30 05:00:00,20978.0,21027.83737011991
20345,2017-05-30 06:00:00,22654.0,22682.91277333268
20346,2017-05-30 07:00:00,25258.0,25298.332840884796
20347,2017-05-30 08:00:00,27573.0,27551.275686522265
20348,2017-05-30 09:00:00,28576.0,28533.023836297067
20349,2017-05-30 10:00:00,29169.0,29160.91970319488
20350,2017-05-30 11:00:00,29679.0,29660.338494356354
20351,2017-05-30 12:00:00,29909.0,29865.066922095764
20352,2017-05-30 13:00:00,30001.0,29958.148349282943
20353,2017-05-30 14:00:00,29941.0,29908.426877627462
20354,2017-05-30 15:00:00,29726.0,29713.779543472396
20355,2017-05-30 16:00:00,29730.0,29773.52416313964
20356,2017-05-30 17:00:00,29911.0,29926.77702684436
20357,2017-05-30 18:00:00,30099.0,30088.84127595448
20358,2017-05-30 19:00:00,30027.0,30056.939928600197
20359,2017-05-30 20:00:00,29877.0,29883.84929771859
20360,2017-05-30 21:00:00,30041.0,30032.744907747892
20361,2017-05-30 22:00:00,29072.0,29036.436788296563
20362,2017-05-30 23:00:00,26794.0,26836.704024531282
20363,2017-05-31 00:00:00,24641.0,24653.388788005737
20364,2017-05-29 01:00:00,21804.0,21797.925823902162
20365,2017-05-29 02:00:00,20780.0,20773.82865667182
20366,2017-05-29 03:00:00,20173.0,20199.50355570856
20367,2017-05-29 04:00:00,19925.0,19892.945317300077
20368,2017-05-29 05:00:00,19937.0,19928.754192226595
20369,2017-05-29 06:00:00,20342.0,20298.301176706973
20370,2017-05-29 07:00:00,20723.0,20680.991836152472
20371,2017-05-29 08:00:00,21631.0,21633.629640968553
20372,2017-05-29 09:00:00,23196.0,23184.080478830347
20373,2017-05-29 10:00:00,24764.0,24785.951168039184
20374,2017-05-29 11:00:00,25875.0,25923.67310431076
20375,2017-05-29 12:00:00,26474.0,26509.942523396447
20376,2017-05-29 13:00:00,26742.0,26736.189845550223
20377,2017-05-29 14:00:00,26738.0,26725.785768657075
20378,2017-05-29 15:00:00,26823.0,26831.506824357093
20379,2017-05-29 16:00:00,26963.0,26922.16508772792
20380,2017-05-29 17:00:00,27343.0,27391.766021900825
20381,2017-05-29 18:00:00,27721.0,27769.099275056178
20382,2017-05-29 19:00:00,27695.0,27737.295404100663
20383,2017-05-29 20:00:00,27749.0,27765.220045843573
20384,2017-05-29 21:00:00,28277.0,28277.312012532882
20385,2017-05-29 22:00:00,27846.0,27866.668964332475
20386,2017-05-29 23:00:00,25824.0,25805.439350498353
20387,2017-05-30 00:00:00,23695.0,23730.22291696317
20388,2017-05-28 01:00:00,22298.0,22261.461783173563
20389,2017-05-28 02:00:00,21164.0,21194.347535464472
20390,2017-05-28 03:00:00,20448.0,20484.747990763397
20391,2017-05-28 04:00:00,20050.0,20017.016631863906
20392,2017-05-28 05:00:00,19950.0,19947.857058969978
20393,2017-05-28 06:00:00,19851.0,19890.165253194056
20394,2017-05-28 07:00:00,20054.0,20099.92915249112
20395,2017-05-28 08:00:00,21141.0,21172.136428849124
20396,2017-05-28 09:00:00,22675.0,22719.09109318459
20397,2017-05-28 10:00:00,24063.0,24106.699839040706
20398,2017-05-28 11:00:00,25115.0,25162.971961295094
20399,2017-05-28 12:00:00,25958.0,25949.339731888736
20400,2017-05-28 13:00:00,26536.0,26514.694256303945
20401,2017-05-28 14:00:00,26579.0,26592.294356746926
20402,2017-05-28 15:00:00,26622.0,26590.88511915262
20403,2017-05-28 16:00:00,26774.0,26779.701537701665
20404,2017-05-28 17:00:00,26864.0,26871.928776139415
20405,2017-05-28 18:00:00,26857.0,26887.643697397136
20406,2017-05-28 19:00:00,26628.0,26614.179267473246
20407,2017-05-28 20:00:00,26534.0,26544.182572682843
20408,2017-05-28 21:00:00,26900.0,26940.32748966265
20409,2017-05-28 22:00:00,26356.0,26348.17502723746
20410,2017-05-28 23:00:00,25121.0,25128.172330442314
20411,2017-05-29 00:00:00,23337.0,23365.73761002971
20412,2017-05-27 01:00:00,22786.0,22760.96427395056
20413,2017-05-27 02:00:00,21475.0,21435.337066909146
20414,2017-05-27 03:00:00,20797.0,20815.180072145886
20415,2017-05-27 04:00:00,20422.0,20409.047785408915
20416,2017-05-27 05:00:00,20388.0,20376.160422606084
20417,2017-05-27 06:00:00,20459.0,20502.009300833477
20418,2017-05-27 07:00:00,20911.0,20901.787495572415
20419,2017-05-27 08:00:00,22169.0,22214.367814834095
20420,2017-05-27 09:00:00,23745.0,23705.637133124346
20421,2017-05-27 10:00:00,25022.0,25006.297708834456
20422,2017-05-27 11:00:00,25969.0,25988.29427656639
20423,2017-05-27 12:00:00,26525.0,26487.599799263193
20424,2017-05-27 13:00:00,26764.0,26752.704157304666
20425,2017-05-27 14:00:00,27017.0,27052.174529049113
20426,2017-05-27 15:00:00,26883.0,26909.17636404193
20427,2017-05-27 16:00:00,26763.0,26741.210433572025
20428,2017-05-27 17:00:00,26752.0,26737.64526955243
20429,2017-05-27 18:00:00,26887.0,26887.50826158592
20430,2017-05-27 19:00:00,26869.0,26892.12878767546
20431,2017-05-27 20:00:00,26768.0,26733.187554271135
20432,2017-05-27 21:00:00,27297.0,27299.76534260964
20433,2017-05-27 22:00:00,27178.0,27135.336146013422
20434,2017-05-27 23:00:00,25824.0,25813.781752346626
20435,2017-05-28 00:00:00,24047.0,24016.099307162127
20436,2017-05-26 01:00:00,22822.0,22802.904063739417
20437,2017-05-26 02:00:00,21764.0,21747.148593276423
20438,2017-05-26 03:00:00,21245.0,21272.012578494243
20439,2017-05-26 04:00:00,21027.0,21003.516068449968
20440,2017-05-26 05:00:00,21482.0,21498.376346566365
20441,2017-05-26 06:00:00,22877.0,22880.32774077982
20442,2017-05-26 07:00:00,25180.0,25210.422572030086
20443,2017-05-26 08:00:00,27168.0,27150.156917935416
20444,2017-05-26 09:00:00,28157.0,28206.4657242325
20445,2017-05-26 10:00:00,28735.0,28714.577290643887
20446,2017-05-26 11:00:00,29350.0,29357.954664817855
20447,2017-05-26 12:00:00,29639.0,29652.22179524255
20448,2017-05-26 13:00:00,29751.0,29754.816834808284
20449,2017-05-26 14:00:00,29940.0,29975.884044959636
20450,2017-05-26 15:00:00,29938.0,29899.29785654637
20451,2017-05-26 16:00:00,29904.0,29913.726700790838
20452,2017-05-26 17:00:00,30026.0,30026.63324733794
20453,2017-05-26 18:00:00,29946.0,29937.721232291347
20454,2017-05-26 19:00:00,29364.0,29348.622119014424
20455,2017-05-26 20:00:00,28879.0,28844.288274282557
20456,2017-05-26 21:00:00,29062.0,29076.997294597197
20457,2017-05-26 22:00:00,28600.0,28561.77108111269
20458,2017-05-26 23:00:00,26763.0,26795.92929367693
20459,2017-05-27 00:00:00,24624.0,24618.772582149
20460,2017-05-25 01:00:00,22625.0,22635.541869740122
20461,2017-05-25 02:00:00,21677.0,21634.780558152073
20462,2017-05-25 03:00:00,21161.0,21120.339292534292
20463,2017-05-25 04:00:00,21071.0,21044.590029141717
20464,2017-05-25 05:00:00,21498.0,21525.974187209635
20465,2017-05-25 06:00:00,23069.0,23067.583245326103
20466,2017-05-25 07:00:00,25763.0,25744.085912185277
20467,2017-05-25 08:00:00,27869.0,27903.946341646253
20468,2017-05-25 09:00:00,28856.0,28825.191046377666
20469,2017-05-25 10:00:00,29392.0,29367.948316413658
20470,2017-05-25 11:00:00,29766.0,29793.673150842336
20471,2017-05-25 12:00:00,29767.0,29719.704509608575
20472,2017-05-25 13:00:00,29680.0,29652.03135745842
20473,2017-05-25 14:00:00,29704.0,29706.133319753775
20474,2017-05-25 15:00:00,29479.0,29520.50354158807
20475,2017-05-25 16:00:00,29535.0,29511.587774658867
20476,2017-05-25 17:00:00,29887.0,29858.309613851732
20477,2017-05-25 18:00:00,30178.0,30225.49164261947
20478,2017-05-25 19:00:00,29909.0,29911.451470488475
20479,2017-05-25 20:00:00,29589.0,29545.250876663245
20480,2017-05-25 21:00:00,29775.0,29752.64911182892
20481,2017-05-25 22:00:00,28761.0,28764.366215970516
20482,2017-05-25 23:00:00,26627.0,26584.198267393527
20483,2017-05-26 00:00:00,24488.0,24507.25516635908
20484,2017-05-24 01:00:00,22563.0,22565.248914253076
20485,2017-05-24 02:00:00,21651.0,21671.9722193574
20486,2017-05-24 03:00:00,21113.0,21097.174165371383
20487,2017-05-24 04:00:00,20965.0,20956.99668448662
20488,2017-05-24 05:00:00,21456.0,21498.81340310618
20489,2017-05-24 06:00:00,23084.0,23055.06852753879
20490,2017-05-24 07:00:00,25563.0,25516.951481180142
20491,2017-05-24 08:00:00,27563.0,27611.221260005197
20492,2017-05-24 09:00:00,28310.0,28260.741725192966
20493,2017-05-24 10:00:00,28685.0,28723.824643502416
20494,2017-05-24 11:00:00,28943.0,28975.59734966548
20495,2017-05-24 12:00:00,29026.0,29024.762948279073
20496,2017-05-24 13:00:00,29259.0,29279.534187194324
20497,2017-05-24 14:00:00,29522.0,29482.507698442794
20498,2017-05-24 15:00:00,29606.0,29632.36643820478
20499,2017-05-24 16:00:00,29628.0,29656.37593872677
20500,2017-05-24 17:00:00,29804.0,29759.134157355435
20501,2017-05-24 18:00:00,29739.0,29738.724150215752
20502,2017-05-24 19:00:00,29343.0,29387.814800080803
20503,2017-05-24 20:00:00,29271.0,29316.114225429432
20504,2017-05-24 21:00:00,29888.0,29936.45147227852
20505,2017-05-24 22:00:00,28934.0,28949.66650620748
20506,2017-05-24 23:00:00,26617.0,26581.111567046068
20507,2017-05-25 00:00:00,24373.0,24364.28898042923
20508,2017-05-23 01:00:00,22884.0,22906.6936700037
20509,2017-05-23 02:00:00,21836.0,21814.383391208143
20510,2017-05-23 03:00:00,21346.0,21377.014384964205
20511,2017-05-23 04:00:00,21136.0,21172.1361144827
20512,2017-05-23 05:00:00,21596.0,21622.354898804926
20513,2017-05-23 06:00:00,23162.0,23146.210273812838
20514,2017-05-23 07:00:00,25569.0,25593.14727348539
20515,2017-05-23 08:00:00,27597.0,27554.228300705356
20516,2017-05-23 09:00:00,28442.0,28425.521860237146
20517,2017-05-23 10:00:00,28839.0,28865.560123738996
20518,2017-05-23 11:00:00,29211.0,29240.482091463826
20519,2017-05-23 12:00:00,29311.0,29292.87793901997
20520,2017-05-23 13:00:00,29459.0,29505.031287738864
20521,2017-05-23 14:00:00,29569.0,29546.32785384258
20522,2017-05-23 15:00:00,29381.0,29397.000996352483
20523,2017-05-23 16:00:00,29292.0,29329.896375337
20524,2017-05-23 17:00:00,29327.0,29332.139900808077
20525,2017-05-23 18:00:00,29405.0,29396.24914682168
20526,2017-05-23 19:00:00,29181.0,29152.140626462777
20527,2017-05-23 20:00:00,29268.0,29237.644081143044
20528,2017-05-23 21:00:00,29836.0,29801.89212317925
20529,2017-05-23 22:00:00,28918.0,28912.3020044909
20530,2017-05-23 23:00:00,26533.0,26537.792050727166
20531,2017-05-24 00:00:00,24356.0,24389.904713258533
20532,2017-05-22 01:00:00,21586.0,21557.734702062087
20533,2017-05-22 02:00:00,20813.0,20838.520763127253
20534,2017-05-22 03:00:00,20415.0,20434.411052893338
20535,2017-05-22 04:00:00,20361.0,20374.45189330918
20536,2017-05-22 05:00:00,20941.0,20924.93466974755
20537,2017-05-22 06:00:00,22676.0,22657.79933918962
20538,2017-05-22 07:00:00,25296.0,25321.893859499716
20539,2017-05-22 08:00:00,27515.0,27492.4534261669
20540,2017-05-22 09:00:00,28544.0,28526.971865254924
20541,2017-05-22 10:00:00,29187.0,29233.519177833386
20542,2017-05-22 11:00:00,29687.0,29736.84643731044
20543,2017-05-22 12:00:00,29943.0,29893.17126486262
20544,2017-05-22 13:00:00,30026.0,30044.676405455728
20545,2017-05-22 14:00:00,30030.0,30033.55005026416
20546,2017-05-22 15:00:00,29882.0,29878.017038126764
20547,2017-05-22 16:00:00,29747.0,29724.56561318005
20548,2017-05-22 17:00:00,29919.0,29919.71511899331
20549,2017-05-22 18:00:00,30145.0,30140.65752762351
20550,2017-05-22 19:00:00,29880.0,29870.131112714847
20551,2017-05-22 20:00:00,29756.0,29790.981672369227
20552,2017-05-22 21:00:00,30088.0,30065.064526698527
20553,2017-05-22 22:00:00,29181.0,29190.74760591546
20554,2017-05-22 23:00:00,26781.0,26817.42149985142
20555,2017-05-23 00:00:00,24626.0,24673.9001541906
20556,2017-05-21 01:00:00,21592.0,21602.275169500972
20557,2017-05-21 02:00:00,20532.0,20534.003631985368
20558,2017-05-21 03:00:00,19900.0,19934.05149661324
20559,2017-05-21 04:00:00,19542.0,19510.8446606821
20560,2017-05-21 05:00:00,19485.0,19498.00157288259
20561,2017-05-21 06:00:00,19585.0,19541.41779810583
20562,2017-05-21 07:00:00,19821.0,19837.00184870008
20563,2017-05-21 08:00:00,20828.0,20857.580922627203
20564,2017-05-21 09:00:00,22098.0,22054.30110513321
20565,2017-05-21 10:00:00,23071.0,23105.842058176175
20566,2017-05-21 11:00:00,23527.0,23489.335902260627
20567,2017-05-21 12:00:00,23907.0,23874.583370026405
20568,2017-05-21 13:00:00,24102.0,24135.640353583432
20569,2017-05-21 14:00:00,24125.0,24087.470203319303
20570,2017-05-21 15:00:00,24219.0,24236.385521455042
20571,2017-05-21 16:00:00,24519.0,24498.481428738058
20572,2017-05-21 17:00:00,25074.0,25048.836506148717
20573,2017-05-21 18:00:00,25763.0,25778.01545231852
20574,2017-05-21 19:00:00,26149.0,26109.676165207256
20575,2017-05-21 20:00:00,26555.0,26562.462240437188
20576,2017-05-21 21:00:00,27404.0,27446.452259161564
20577,2017-05-21 22:00:00,26691.0,26726.140831955436
20578,2017-05-21 23:00:00,24853.0,24888.11153339853
20579,2017-05-22 00:00:00,22940.0,22920.29235372639
20580,2017-05-20 01:00:00,29018.0,29038.128272530255
20581,2017-05-20 02:00:00,26853.0,26881.010814652163
20582,2017-05-20 03:00:00,25232.0,25272.140449229413
20583,2017-05-20 04:00:00,24158.0,24134.413289364602
20584,2017-05-20 05:00:00,23645.0,23671.08603820237
20585,2017-05-20 06:00:00,23598.0,23571.22742367798
20586,2017-05-20 07:00:00,23753.0,23705.77912123248
20587,2017-05-20 08:00:00,24748.0,24746.183461947207
20588,2017-05-20 09:00:00,26100.0,26126.58923489975
20589,2017-05-20 10:00:00,27065.0,27036.43695359033
20590,2017-05-20 11:00:00,27418.0,27372.859499237125
20591,2017-05-20 12:00:00,27339.0,27326.379046082977
20592,2017-05-20 13:00:00,26962.0,26932.28775121046
20593,2017-05-20 14:00:00,26596.0,26584.208654145463
20594,2017-05-20 15:00:00,26322.0,26364.083190440073
20595,2017-05-20 16:00:00,26068.0,26092.390127634462
20596,2017-05-20 17:00:00,26068.0,26055.294405182776
20597,2017-05-20 18:00:00,26125.0,26107.504926463407
20598,2017-05-20 19:00:00,26076.0,26118.11945665902
20599,2017-05-20 20:00:00,26080.0,26118.884386250087
20600,2017-05-20 21:00:00,26749.0,26759.408747775014
20601,2017-05-20 22:00:00,26387.0,26372.75875864658
20602,2017-05-20 23:00:00,24951.0,24980.233442704935
20603,2017-05-21 00:00:00,23201.0,23217.373356539614
20604,2017-05-19 01:00:00,31989.0,31995.467037070084
20605,2017-05-19 02:00:00,29961.0,29984.85545173553
20606,2017-05-19 03:00:00,28531.0,28494.44660633305
20607,2017-05-19 04:00:00,27622.0,27665.014846879134
20608,2017-05-19 05:00:00,27465.0,27512.292083408276
20609,2017-05-19 06:00:00,28670.0,28655.444920227914
20610,2017-05-19 07:00:00,31260.0,31304.680013162648
20611,2017-05-19 08:00:00,34314.0,34343.58311588769
20612,2017-05-19 09:00:00,36607.0,36651.10298583088
20613,2017-05-19 10:00:00,38711.0,38752.745832499706
20614,2017-05-19 11:00:00,40689.0,40659.09019048803
20615,2017-05-19 12:00:00,42384.0,42360.00261138433
20616,2017-05-19 13:00:00,43778.0,43754.05940693219
20617,2017-05-19 14:00:00,45266.0,45225.42972662501
20618,2017-05-19 15:00:00,46243.0,46232.768793195886
20619,2017-05-19 16:00:00,46948.0,46934.262182692604
20620,2017-05-19 17:00:00,47199.0,47183.396165653474
20621,2017-05-19 18:00:00,46621.0,46605.89451018074
20622,2017-05-19 19:00:00,44872.0,44828.20706509396
20623,2017-05-19 20:00:00,42490.0,42458.597522415206
20624,2017-05-19 21:00:00,41203.0,41182.59087475369
20625,2017-05-19 22:00:00,39212.0,39250.8977681405
20626,2017-05-19 23:00:00,35797.0,35839.65293223512
20627,2017-05-20 00:00:00,32175.0,32153.52094807809
20628,2017-05-18 01:00:00,29893.0,29912.41588559263
20629,2017-05-18 02:00:00,27991.0,28026.062214906793
20630,2017-05-18 03:00:00,26829.0,26829.61751753322
20631,2017-05-18 04:00:00,26020.0,26045.55435669405
20632,2017-05-18 05:00:00,26122.0,26169.586679802393
20633,2017-05-18 06:00:00,27372.0,27338.221412303654
20634,2017-05-18 07:00:00,29864.0,29821.041901596745
20635,2017-05-18 08:00:00,32658.0,32672.002339819872
20636,2017-05-18 09:00:00,34568.0,34568.84817399914
20637,2017-05-18 10:00:00,36364.0,36343.660365240496
20638,2017-05-18 11:00:00,38397.0,38438.658688246665
20639,2017-05-18 12:00:00,40329.0,40363.58281341385
20640,2017-05-18 13:00:00,41921.0,41897.44013476889
20641,2017-05-18 14:00:00,43485.0,43512.41933709821
20642,2017-05-18 15:00:00,44763.0,44795.8404514848
20643,2017-05-18 16:00:00,45915.0,45897.53294912004
20644,2017-05-18 17:00:00,46848.0,46807.9149246626
20645,2017-05-18 18:00:00,47029.0,47064.041844640305
20646,2017-05-18 19:00:00,45927.0,45886.67882671369
20647,2017-05-18 20:00:00,44621.0,44618.860796603316
20648,2017-05-18 21:00:00,44010.0,43979.43649002386
20649,2017-05-18 22:00:00,42225.0,42267.74616634254
20650,2017-05-18 23:00:00,38511.0,38471.711962785645
20651,2017-05-19 00:00:00,34950.0,34911.6900679361
20652,2017-05-17 01:00:00,23263.0,23283.17296219801
20653,2017-05-17 02:00:00,22061.0,22031.555579410848
20654,2017-05-17 03:00:00,21380.0,21343.236109516027
20655,2017-05-17 04:00:00,21127.0,21093.819270853444
20656,2017-05-17 05:00:00,21519.0,21528.58963416784
20657,2017-05-17 06:00:00,22935.0,22907.262588515314
20658,2017-05-17 07:00:00,25514.0,25501.723847878926
20659,2017-05-17 08:00:00,27806.0,27840.973447719407
20660,2017-05-17 09:00:00,29012.0,28979.567243050504
20661,2017-05-17 10:00:00,29988.0,30020.627738217052
20662,2017-05-17 11:00:00,31399.0,31426.540132876737
20663,2017-05-17 12:00:00,32885.0,32918.11761181821
20664,2017-05-17 13:00:00,34527.0,34511.701731120076
20665,2017-05-17 14:00:00,36223.0,36220.23621901988
20666,2017-05-17 15:00:00,37845.0,37865.700597914896
20667,2017-05-17 16:00:00,39454.0,39407.742724171076
20668,2017-05-17 17:00:00,41007.0,41023.37622940198
20669,2017-05-17 18:00:00,41949.0,41911.00950538729
20670,2017-05-17 19:00:00,41631.0,41609.8074165258
20671,2017-05-17 20:00:00,40823.0,40853.97842342503
20672,2017-05-17 21:00:00,40735.0,40748.53839628297
20673,2017-05-17 22:00:00,39373.0,39385.18567569965
20674,2017-05-17 23:00:00,35927.0,35899.69130919198
20675,2017-05-18 00:00:00,32637.0,32653.78774840785
20676,2017-05-16 01:00:00,22180.0,22143.170123644646
20677,2017-05-16 02:00:00,21161.0,21207.47945968636
20678,2017-05-16 03:00:00,20654.0,20629.26966160373
20679,2017-05-16 04:00:00,20540.0,20572.674784359628
20680,2017-05-16 05:00:00,21115.0,21157.01513129062
20681,2017-05-16 06:00:00,22731.0,22698.179186357505
20682,2017-05-16 07:00:00,25322.0,25272.974941887278
20683,2017-05-16 08:00:00,27108.0,27145.42948853537
20684,2017-05-16 09:00:00,27602.0,27628.398630144697
20685,2017-05-16 10:00:00,27943.0,27908.426939879264
20686,2017-05-16 11:00:00,28262.0,28295.03775836793
20687,2017-05-16 12:00:00,28525.0,28556.04697280995
20688,2017-05-16 13:00:00,28845.0,28841.12741409983
20689,2017-05-16 14:00:00,29362.0,29406.68233967065
20690,2017-05-16 15:00:00,29791.0,29799.21093000364
20691,2017-05-16 16:00:00,30362.0,30356.288007779374
20692,2017-05-16 17:00:00,31156.0,31107.323539294335
20693,2017-05-16 18:00:00,31522.0,31567.277763621587
20694,2017-05-16 19:00:00,31436.0,31398.83685923058
20695,2017-05-16 20:00:00,31221.0,31200.618848654318
20696,2017-05-16 21:00:00,31529.0,31551.943703628647
20697,2017-05-16 22:00:00,30667.0,30617.53459447456
20698,2017-05-16 23:00:00,27948.0,27952.25888831674
20699,2017-05-17 00:00:00,25306.0,25271.89073311297
20700,2017-05-15 01:00:00,21298.0,21250.253835877025
20701,2017-05-15 02:00:00,20534.0,20548.166586186286
20702,2017-05-15 03:00:00,20210.0,20220.29782285072
20703,2017-05-15 04:00:00,20187.0,20210.42947116687
20704,2017-05-15 05:00:00,20876.0,20887.822155770802
20705,2017-05-15 06:00:00,22751.0,22745.19868403411
20706,2017-05-15 07:00:00,25254.0,25251.862051657692
20707,2017-05-15 08:00:00,27119.0,27091.01229021829
20708,2017-05-15 09:00:00,27442.0,27400.372254615704
20709,2017-05-15 10:00:00,27425.0,27461.085107930197
20710,2017-05-15 11:00:00,27532.0,27551.131336290924
20711,2017-05-15 12:00:00,27499.0,27461.29178625068
20712,2017-05-15 13:00:00,27482.0,27458.423681374443
20713,2017-05-15 14:00:00,27627.0,27663.32285208282
20714,2017-05-15 15:00:00,27646.0,27691.983151019955
20715,2017-05-15 16:00:00,27730.0,27759.11429065287
20716,2017-05-15 17:00:00,28159.0,28165.99559615898
20717,2017-05-15 18:00:00,28619.0,28655.914730250875
20718,2017-05-15 19:00:00,28698.0,28710.680996580097
20719,2017-05-15 20:00:00,28709.0,28728.941301750085
20720,2017-05-15 21:00:00,29413.0,29445.6949437534
20721,2017-05-15 22:00:00,28625.0,28610.39811598638
20722,2017-05-15 23:00:00,26243.0,26271.453854491425
20723,2017-05-16 00:00:00,23904.0,23874.69503702981
20724,2017-05-14 01:00:00,22311.0,22280.42517032172
20725,2017-05-14 02:00:00,21393.0,21424.133879331835
20726,2017-05-14 03:00:00,20888.0,20894.379884896964
20727,2017-05-14 04:00:00,20675.0,20666.389648103177
20728,2017-05-14 05:00:00,20735.0,20737.345167755393
20729,2017-05-14 06:00:00,21059.0,21106.792011124006
20730,2017-05-14 07:00:00,21369.0,21408.41723840107
20731,2017-05-14 08:00:00,22205.0,22205.7576569117
20732,2017-05-14 09:00:00,23121.0,23125.71896744466
20733,2017-05-14 10:00:00,23633.0,23644.42317061554
20734,2017-05-14 11:00:00,23804.0,23833.082573238717
20735,2017-05-14 12:00:00,23562.0,23599.38036125305
20736,2017-05-14 13:00:00,23370.0,23334.65289846815
20737,2017-05-14 14:00:00,23368.0,23380.818843701287
20738,2017-05-14 15:00:00,23708.0,23680.718914563684
20739,2017-05-14 16:00:00,23591.0,23603.177985956812
20740,2017-05-14 17:00:00,23975.0,23942.130788885428
20741,2017-05-14 18:00:00,24485.0,24515.796552899905
20742,2017-05-14 19:00:00,24859.0,24875.09335829975
20743,2017-05-14 20:00:00,25425.0,25461.59958639274
20744,2017-05-14 21:00:00,26610.0,26654.443785038347
20745,2017-05-14 22:00:00,26231.0,26274.392728224917
20746,2017-05-14 23:00:00,24713.0,24677.51634466318
20747,2017-05-15 00:00:00,22742.0,22729.682025557395
20748,2017-05-13 01:00:00,22376.0,22374.30952451221
20749,2017-05-13 02:00:00,21487.0,21515.89485492816
20750,2017-05-13 03:00:00,21002.0,20953.4814573341
20751,2017-05-13 04:00:00,20858.0,20900.544552618518
20752,2017-05-13 05:00:00,20964.0,20954.723071840028
20753,2017-05-13 06:00:00,21561.0,21574.110623463803
20754,2017-05-13 07:00:00,22364.0,22412.061392616364
20755,2017-05-13 08:00:00,23765.0,23803.265762042596
20756,2017-05-13 09:00:00,25436.0,25422.21806297429
20757,2017-05-13 10:00:00,26665.0,26663.451171771096
20758,2017-05-13 11:00:00,27280.0,27306.99442411556
20759,2017-05-13 12:00:00,27315.0,27339.355575460646
20760,2017-05-13 13:00:00,27031.0,27051.479984044596
20761,2017-05-13 14:00:00,26554.0,26505.069272114022
20762,2017-05-13 15:00:00,26104.0,26073.901615888746
20763,2017-05-13 16:00:00,25869.0,25841.167795179623
20764,2017-05-13 17:00:00,25942.0,25917.061607647895
20765,2017-05-13 18:00:00,26018.0,25977.618507917
20766,2017-05-13 19:00:00,26140.0,26170.66053862795
20767,2017-05-13 20:00:00,26354.0,26338.129660010396
20768,2017-05-13 21:00:00,27036.0,27063.558795146815
20769,2017-05-13 22:00:00,26647.0,26690.152460942467
20770,2017-05-13 23:00:00,25346.0,25327.302422303906
20771,2017-05-14 00:00:00,23748.0,23743.377171714514
20772,2017-05-12 01:00:00,22755.0,22713.751258616507
20773,2017-05-12 02:00:00,21898.0,21877.484082652212
20774,2017-05-12 03:00:00,21469.0,21473.624259762993
20775,2017-05-12 04:00:00,21395.0,21363.018807005414
20776,2017-05-12 05:00:00,21933.0,21936.70025718369
20777,2017-05-12 06:00:00,23597.0,23578.288128195607
20778,2017-05-12 07:00:00,26128.0,26177.004811051578
20779,2017-05-12 08:00:00,27716.0,27703.57121212005
20780,2017-05-12 09:00:00,28025.0,27978.90562271523
20781,2017-05-12 10:00:00,28179.0,28176.29543679359
20782,2017-05-12 11:00:00,28305.0,28288.402205047532
20783,2017-05-12 12:00:00,28231.0,28218.00284757729
20784,2017-05-12 13:00:00,28045.0,28032.05335758791
20785,2017-05-12 14:00:00,27886.0,27924.117014801795
20786,2017-05-12 15:00:00,27593.0,27592.8264568403
20787,2017-05-12 16:00:00,27399.0,27374.284101670295
20788,2017-05-12 17:00:00,27438.0,27467.250356360677
20789,2017-05-12 18:00:00,27603.0,27597.34464706027
20790,2017-05-12 19:00:00,27474.0,27438.535555327497
20791,2017-05-12 20:00:00,27552.0,27601.8498321568
20792,2017-05-12 21:00:00,28147.0,28099.735779660376
20793,2017-05-12 22:00:00,27410.0,27430.92338882643
20794,2017-05-12 23:00:00,25768.0,25802.75564831591
20795,2017-05-13 00:00:00,23942.0,23927.381330945314
20796,2017-05-11 01:00:00,22409.0,22374.73433901935
20797,2017-05-11 02:00:00,21530.0,21523.655798893175
20798,2017-05-11 03:00:00,21115.0,21113.24771664991
20799,2017-05-11 04:00:00,21048.0,21097.97035166536
20800,2017-05-11 05:00:00,21571.0,21522.946567196308
20801,2017-05-11 06:00:00,23230.0,23245.588394386476
20802,2017-05-11 07:00:00,25905.0,25935.444867738323
20803,2017-05-11 08:00:00,27739.0,27750.79041086972
20804,2017-05-11 09:00:00,28275.0,28287.993143080897
20805,2017-05-11 10:00:00,28529.0,28566.53108621148
20806,2017-05-11 11:00:00,28807.0,28813.517044408294
20807,2017-05-11 12:00:00,28926.0,28964.158535134913
20808,2017-05-11 13:00:00,28748.0,28719.018586868176
20809,2017-05-11 14:00:00,28668.0,28669.612263857005
20810,2017-05-11 15:00:00,28521.0,28474.35960380676
20811,2017-05-11 16:00:00,28460.0,28490.34834900661
20812,2017-05-11 17:00:00,28555.0,28582.72845567
20813,2017-05-11 18:00:00,28581.0,28584.903990390805
20814,2017-05-11 19:00:00,28468.0,28457.582312477505
20815,2017-05-11 20:00:00,28662.0,28649.011209670436
20816,2017-05-11 21:00:00,29445.0,29415.110916647714
20817,2017-05-11 22:00:00,28463.0,28455.78892979308
20818,2017-05-11 23:00:00,26338.0,26318.390926504777
20819,2017-05-12 00:00:00,24345.0,24352.767161562133
20820,2017-05-10 01:00:00,22494.0,22522.648331144206
20821,2017-05-10 02:00:00,21674.0,21693.413666351553
20822,2017-05-10 03:00:00,21313.0,21314.395525913118
20823,2017-05-10 04:00:00,21317.0,21361.860369520084
20824,2017-05-10 05:00:00,21917.0,21886.732392389808
20825,2017-05-10 06:00:00,23847.0,23860.99730731672
20826,2017-05-10 07:00:00,26515.0,26473.80421215391
20827,2017-05-10 08:00:00,28171.0,28188.301310153787
20828,2017-05-10 09:00:00,28248.0,28270.533582968324
20829,2017-05-10 10:00:00,27865.0,27893.26169493405
20830,2017-05-10 11:00:00,27624.0,27640.375983817186
20831,2017-05-10 12:00:00,27520.0,27482.26218341971
20832,2017-05-10 13:00:00,27637.0,27591.429248198023
20833,2017-05-10 14:00:00,27902.0,27923.426160959953
20834,2017-05-10 15:00:00,28163.0,28192.823262554753
20835,2017-05-10 16:00:00,28138.0,28091.264107911058
20836,2017-05-10 17:00:00,28349.0,28313.993234144604
20837,2017-05-10 18:00:00,28408.0,28437.02865057718
20838,2017-05-10 19:00:00,28228.0,28274.782822505025
20839,2017-05-10 20:00:00,28333.0,28335.053658493605
20840,2017-05-10 21:00:00,29303.0,29268.331179458295
20841,2017-05-10 22:00:00,28389.0,28371.126335192093
20842,2017-05-10 23:00:00,26155.0,26183.14231703538
20843,2017-05-11 00:00:00,24047.0,24051.32255828552
20844,2017-05-09 01:00:00,22939.0,22894.77951861233
20845,2017-05-09 02:00:00,22192.0,22172.8419289549
20846,2017-05-09 03:00:00,21958.0,21983.279108970004
20847,2017-05-09 04:00:00,21997.0,21979.578120589544
20848,2017-05-09 05:00:00,22766.0,22759.232780194943
20849,2017-05-09 06:00:00,24710.0,24750.50492733098
20850,2017-05-09 07:00:00,27453.0,27501.464298367915
20851,2017-05-09 08:00:00,28894.0,28919.72024977303
20852,2017-05-09 09:00:00,28568.0,28542.01257857232
20853,2017-05-09 10:00:00,27993.0,27967.314611222973
20854,2017-05-09 11:00:00,27758.0,27738.426594435077
20855,2017-05-09 12:00:00,27495.0,27461.055522539344
20856,2017-05-09 13:00:00,27304.0,27271.88325296782
20857,2017-05-09 14:00:00,27199.0,27174.59896186058
20858,2017-05-09 15:00:00,27107.0,27122.988627941715
20859,2017-05-09 16:00:00,27070.0,27081.24692622871
20860,2017-05-09 17:00:00,27481.0,27465.090173942444
20861,2017-05-09 18:00:00,27819.0,27788.666752599915
20862,2017-05-09 19:00:00,27903.0,27915.40219003951
20863,2017-05-09 20:00:00,28090.0,28053.08735322665
20864,2017-05-09 21:00:00,29119.0,29083.624635630422
20865,2017-05-09 22:00:00,28319.0,28307.336677588042
20866,2017-05-09 23:00:00,26012.0,26018.737013987913
20867,2017-05-10 00:00:00,23909.0,23931.8288783007
20868,2017-05-08 01:00:00,22174.0,22192.69802999018
20869,2017-05-08 02:00:00,21543.0,21530.845186129212
20870,2017-05-08 03:00:00,21325.0,21340.465234194748
20871,2017-05-08 04:00:00,21400.0,21371.134684076093
20872,2017-05-08 05:00:00,22108.0,22107.374498044665
20873,2017-05-08 06:00:00,24179.0,24190.527794821635
20874,2017-05-08 07:00:00,26996.0,27020.440586074485
20875,2017-05-08 08:00:00,28496.0,28453.958916651554
20876,2017-05-08 09:00:00,28450.0,28410.114127192795
20877,2017-05-08 10:00:00,28121.0,28078.38525015179
20878,2017-05-08 11:00:00,28003.0,28007.646902709337
20879,2017-05-08 12:00:00,27908.0,27915.0054687394
20880,2017-05-08 13:00:00,27782.0,27733.10153887644
20881,2017-05-08 14:00:00,27666.0,27681.670088783034
20882,2017-05-08 15:00:00,27446.0,27472.332451233353
20883,2017-05-08 16:00:00,27508.0,27469.660997442956
20884,2017-05-08 17:00:00,27582.0,27565.732711775432
20885,2017-05-08 18:00:00,27827.0,27861.99721286219
20886,2017-05-08 19:00:00,27974.0,27992.720007342366
20887,2017-05-08 20:00:00,28337.0,28317.464373552895
20888,2017-05-08 21:00:00,29388.0,29412.224286783246
20889,2017-05-08 22:00:00,28562.0,28600.72675356711
20890,2017-05-08 23:00:00,26350.0,26330.932005642942
20891,2017-05-09 00:00:00,24382.0,24400.4283697096
20892,2017-05-07 01:00:00,21756.0,21715.341943721352
20893,2017-05-07 02:00:00,20871.0,20826.8682898424
20894,2017-05-07 03:00:00,20353.0,20361.62573207438
20895,2017-05-07 04:00:00,20120.0,20119.242403593238
20896,2017-05-07 05:00:00,20146.0,20177.008828260947
20897,2017-05-07 06:00:00,20515.0,20543.02832605064
20898,2017-05-07 07:00:00,20849.0,20827.66956143542
20899,2017-05-07 08:00:00,21696.0,21697.22624067571
20900,2017-05-07 09:00:00,22898.0,22923.577655543784
20901,2017-05-07 10:00:00,23933.0,23910.0952736103
20902,2017-05-07 11:00:00,24470.0,24456.196134037255
20903,2017-05-07 12:00:00,24597.0,24552.986348051236
20904,2017-05-07 13:00:00,24588.0,24551.04885949633
20905,2017-05-07 14:00:00,24451.0,24462.022035286936
20906,2017-05-07 15:00:00,24244.0,24243.675121230746
20907,2017-05-07 16:00:00,24134.0,24100.859065803288
20908,2017-05-07 17:00:00,24446.0,24396.728120264834
20909,2017-05-07 18:00:00,25097.0,25063.9033139822
20910,2017-05-07 19:00:00,25687.0,25711.96399546557
20911,2017-05-07 20:00:00,26359.0,26318.368230798973
20912,2017-05-07 21:00:00,27481.0,27471.24493684087
20913,2017-05-07 22:00:00,26868.0,26841.8789029027
20914,2017-05-07 23:00:00,25123.0,25127.939665776437
20915,2017-05-08 00:00:00,23376.0,23377.155233481535
20916,2017-05-06 01:00:00,22760.0,22808.295353861515
20917,2017-05-06 02:00:00,21670.0,21697.28800744694
20918,2017-05-06 03:00:00,21014.0,21057.832956512066
20919,2017-05-06 04:00:00,20653.0,20660.795827012906
20920,2017-05-06 05:00:00,20635.0,20658.77813647884
20921,2017-05-06 06:00:00,21062.0,21101.507657418537
20922,2017-05-06 07:00:00,21618.0,21572.107100061672
20923,2017-05-06 08:00:00,22782.0,22823.545017717664
20924,2017-05-06 09:00:00,24235.0,24206.177030368617
20925,2017-05-06 10:00:00,25135.0,25155.501610515963
20926,2017-05-06 11:00:00,25816.0,25843.33408954117
20927,2017-05-06 12:00:00,25949.0,25909.9326000261
20928,2017-05-06 13:00:00,25625.0,25670.309990856636
20929,2017-05-06 14:00:00,25279.0,25321.65591663552
20930,2017-05-06 15:00:00,25143.0,25158.455278038982
20931,2017-05-06 16:00:00,25046.0,25011.532914308093
20932,2017-05-06 17:00:00,25093.0,25099.605056055603
20933,2017-05-06 18:00:00,25322.0,25306.414484273522
20934,2017-05-06 19:00:00,25406.0,25449.07643358093
20935,2017-05-06 20:00:00,25546.0,25536.665574351635
20936,2017-05-06 21:00:00,26446.0,26465.374935313936
20937,2017-05-06 22:00:00,26021.0,26034.70151028077
20938,2017-05-06 23:00:00,24708.0,24685.10152748209
20939,2017-05-07 00:00:00,23151.0,23154.549684183574
20940,2017-05-05 01:00:00,22441.0,22431.998016260994
20941,2017-05-05 02:00:00,21648.0,21635.46277744151
20942,2017-05-05 03:00:00,21185.0,21221.400545686975
20943,2017-05-05 04:00:00,21059.0,21022.975835489113
20944,2017-05-05 05:00:00,21594.0,21585.039394789797
20945,2017-05-05 06:00:00,23338.0,23288.675245327373
20946,2017-05-05 07:00:00,26188.0,26164.189032377664
20947,2017-05-05 08:00:00,28249.0,28261.17467839496
20948,2017-05-05 09:00:00,29341.0,29299.75222731182
20949,2017-05-05 10:00:00,30038.0,30015.118119289178
20950,2017-05-05 11:00:00,30490.0,30528.02288209507
20951,2017-05-05 12:00:00,30474.0,30493.183534799176
20952,2017-05-05 13:00:00,30367.0,30324.02887527084
20953,2017-05-05 14:00:00,30115.0,30164.237981165486
20954,2017-05-05 15:00:00,29603.0,29647.51415931922
20955,2017-05-05 16:00:00,29234.0,29198.16898613549
20956,2017-05-05 17:00:00,29315.0,29357.186844087482
20957,2017-05-05 18:00:00,29208.0,29212.994375372273
20958,2017-05-05 19:00:00,28822.0,28864.938103508233
20959,2017-05-05 20:00:00,28767.0,28813.805076932
20960,2017-05-05 21:00:00,29048.0,29067.356356898705
20961,2017-05-05 22:00:00,28117.0,28096.129773769528
20962,2017-05-05 23:00:00,26348.0,26390.46574741175
20963,2017-05-06 00:00:00,24430.0,24437.347843909578
20964,2017-05-04 01:00:00,22250.0,22234.15414884051
20965,2017-05-04 02:00:00,21385.0,21381.00379466176
20966,2017-05-04 03:00:00,20968.0,20958.62020194749
20967,2017-05-04 04:00:00,20938.0,20981.52900127777
20968,2017-05-04 05:00:00,21484.0,21515.983305484187
20969,2017-05-04 06:00:00,23318.0,23271.13748417967
20970,2017-05-04 07:00:00,25897.0,25847.985566143634
20971,2017-05-04 08:00:00,27503.0,27459.937465871197
20972,2017-05-04 09:00:00,27684.0,27695.038688011482
20973,2017-05-04 10:00:00,27584.0,27615.4479766069
20974,2017-05-04 11:00:00,27556.0,27557.49484952515
20975,2017-05-04 12:00:00,27486.0,27489.472121535113
20976,2017-05-04 13:00:00,27407.0,27381.042249061466
20977,2017-05-04 14:00:00,27539.0,27534.929228649056
20978,2017-05-04 15:00:00,27535.0,27510.684605613034
20979,2017-05-04 16:00:00,27593.0,27570.401287617515
20980,2017-05-04 17:00:00,27754.0,27743.115990084472
20981,2017-05-04 18:00:00,28009.0,27963.754501970652
20982,2017-05-04 19:00:00,28092.0,28137.495836059024
20983,2017-05-04 20:00:00,28498.0,28539.426262761383
20984,2017-05-04 21:00:00,29331.0,29360.626524024694
20985,2017-05-04 22:00:00,28220.0,28226.8511097993
20986,2017-05-04 23:00:00,26009.0,26040.302548835
20987,2017-05-05 00:00:00,23950.0,23997.41376848333
20988,2017-05-03 01:00:00,22877.0,22855.358391133912
20989,2017-05-03 02:00:00,21804.0,21790.42751424383
20990,2017-05-03 03:00:00,21213.0,21235.904586437464
20991,2017-05-03 04:00:00,21071.0,21085.28654192137
20992,2017-05-03 05:00:00,21545.0,21577.481884092816
20993,2017-05-03 06:00:00,23146.0,23130.69805036852
20994,2017-05-03 07:00:00,25702.0,25683.05526023045
20995,2017-05-03 08:00:00,27449.0,27457.54171154933
20996,2017-05-03 09:00:00,27889.0,27853.585781811194
20997,2017-05-03 10:00:00,27930.0,27883.95748719589
20998,2017-05-03 11:00:00,27999.0,27973.41357369988
20999,2017-05-03 12:00:00,28221.0,28186.832448659577
21000,2017-05-03 13:00:00,28220.0,28170.667521970277
21001,2017-05-03 14:00:00,28018.0,28045.800878143407
21002,2017-05-03 15:00:00,27696.0,27700.32115165638
21003,2017-05-03 16:00:00,27578.0,27594.895306292183
21004,2017-05-03 17:00:00,27885.0,27851.305056870377
21005,2017-05-03 18:00:00,28181.0,28156.669196025676
21006,2017-05-03 19:00:00,28195.0,28151.011236942337
21007,2017-05-03 20:00:00,28253.0,28302.74737905302
21008,2017-05-03 21:00:00,29237.0,29197.30870325541
21009,2017-05-03 22:00:00,28303.0,28262.036500832342
21010,2017-05-03 23:00:00,26085.0,26096.416846741267
21011,2017-05-04 00:00:00,23801.0,23784.18828059994
21012,2017-05-02 01:00:00,25071.0,25109.757927158953
21013,2017-05-02 02:00:00,23892.0,23925.151851271297
21014,2017-05-02 03:00:00,23261.0,23297.81526367021
21015,2017-05-02 04:00:00,22901.0,22924.513030246635
21016,2017-05-02 05:00:00,23226.0,23189.178972466645
21017,2017-05-02 06:00:00,24811.0,24767.361172461362
21018,2017-05-02 07:00:00,27458.0,27414.46295612669
21019,2017-05-02 08:00:00,29329.0,29359.177960005673
21020,2017-05-02 09:00:00,29929.0,29944.71175762106
21021,2017-05-02 10:00:00,30427.0,30475.098436488835
21022,2017-05-02 11:00:00,30761.0,30775.350826484224
21023,2017-05-02 12:00:00,30947.0,30921.926342082017
21024,2017-05-02 13:00:00,30911.0,30869.951429027045
21025,2017-05-02 14:00:00,30880.0,30866.559960300026
21026,2017-05-02 15:00:00,30893.0,30862.96962875296
21027,2017-05-02 16:00:00,31070.0,31082.83953613209
21028,2017-05-02 17:00:00,31249.0,31208.596281836308
21029,2017-05-02 18:00:00,31415.0,31442.251057181085
21030,2017-05-02 19:00:00,30941.0,30960.65506759607
21031,2017-05-02 20:00:00,30607.0,30630.635789387452
21032,2017-05-02 21:00:00,31109.0,31155.547696825888
21033,2017-05-02 22:00:00,29900.0,29915.05600468048
21034,2017-05-02 23:00:00,27204.0,27232.855241355577
21035,2017-05-03 00:00:00,24831.0,24789.530454068037
21036,2017-05-01 01:00:00,22337.0,22381.309062230157
21037,2017-05-01 02:00:00,21369.0,21340.857289417247
21038,2017-05-01 03:00:00,20850.0,20849.305081405255
21039,2017-05-01 04:00:00,20812.0,20857.709437955007
21040,2017-05-01 05:00:00,21329.0,21296.936354065634
21041,2017-05-01 06:00:00,23103.0,23056.5506991495
21042,2017-05-01 07:00:00,25928.0,25907.706419216403
21043,2017-05-01 08:00:00,28106.0,28071.637555433605
21044,2017-05-01 09:00:00,28999.0,29015.80304026551
21045,2017-05-01 10:00:00,29571.0,29548.837461808947
21046,2017-05-01 11:00:00,30026.0,29982.28393161651
21047,2017-05-01 12:00:00,30503.0,30542.302352629435
21048,2017-05-01 13:00:00,30951.0,30905.947485483724
21049,2017-05-01 14:00:00,31469.0,31446.12712151543
21050,2017-05-01 15:00:00,32068.0,32042.02944199302
21051,2017-05-01 16:00:00,32585.0,32537.35067558785
21052,2017-05-01 17:00:00,33084.0,33050.52327074535
21053,2017-05-01 18:00:00,33440.0,33471.48489412419
21054,2017-05-01 19:00:00,33209.0,33162.752808631354
21055,2017-05-01 20:00:00,33190.0,33142.32272779852
21056,2017-05-01 21:00:00,33634.0,33647.40212152637
21057,2017-05-01 22:00:00,32145.0,32103.89217855154
21058,2017-05-01 23:00:00,29476.0,29463.157897955014
21059,2017-05-02 00:00:00,26934.0,26884.214155402165
21060,2017-04-30 01:00:00,25619.0,25605.237989124318
21061,2017-04-30 02:00:00,23939.0,23920.804178405717
21062,2017-04-30 03:00:00,22776.0,22787.270046223046
21063,2017-04-30 04:00:00,22027.0,22026.909573340265
21064,2017-04-30 05:00:00,21680.0,21697.852512841484
21065,2017-04-30 06:00:00,21708.0,21751.585571125877
21066,2017-04-30 07:00:00,21806.0,21835.517335270757
21067,2017-04-30 08:00:00,22535.0,22578.355072471393
21068,2017-04-30 09:00:00,23938.0,23893.422574890767
21069,2017-04-30 10:00:00,25173.0,25222.033899460774
21070,2017-04-30 11:00:00,26041.0,26023.205942622728
21071,2017-04-30 12:00:00,26657.0,26634.671797372455
21072,2017-04-30 13:00:00,27023.0,27013.35215884537
21073,2017-04-30 14:00:00,27204.0,27232.3301679241
21074,2017-04-30 15:00:00,27585.0,27630.428475225523
21075,2017-04-30 16:00:00,28100.0,28105.423567570662
21076,2017-04-30 17:00:00,28608.0,28573.43873706403
21077,2017-04-30 18:00:00,29177.0,29148.405430110863
21078,2017-04-30 19:00:00,29184.0,29174.537153999867
21079,2017-04-30 20:00:00,29142.0,29128.575720042638
21080,2017-04-30 21:00:00,29736.0,29709.827000038047
21081,2017-04-30 22:00:00,28506.0,28541.02282186955
21082,2017-04-30 23:00:00,26200.0,26178.011244947564
21083,2017-05-01 00:00:00,23949.0,23958.27531508782
21084,2017-04-29 01:00:00,24643.0,24640.930275618804
21085,2017-04-29 02:00:00,23284.0,23326.346020674973
21086,2017-04-29 03:00:00,22505.0,22517.89203995985
21087,2017-04-29 04:00:00,22000.0,21983.209346095682
21088,2017-04-29 05:00:00,21885.0,21898.869179669335
21089,2017-04-29 06:00:00,22336.0,22317.890652903763
21090,2017-04-29 07:00:00,22941.0,22900.08696007069
21091,2017-04-29 08:00:00,24380.0,24378.52058385053
21092,2017-04-29 09:00:00,26309.0,26345.01981813082
21093,2017-04-29 10:00:00,27847.0,27887.918095018154
21094,2017-04-29 11:00:00,29091.0,29095.37420426582
21095,2017-04-29 12:00:00,29735.0,29754.952387674144
21096,2017-04-29 13:00:00,30602.0,30613.069134034773
21097,2017-04-29 14:00:00,31508.0,31539.082483060814
21098,2017-04-29 15:00:00,32479.0,32439.322466893183
21099,2017-04-29 16:00:00,33455.0,33445.137204459614
21100,2017-04-29 17:00:00,33943.0,33918.30807304026
21101,2017-04-29 18:00:00,33921.0,33871.65758956185
21102,2017-04-29 19:00:00,33676.0,33708.991990020244
21103,2017-04-29 20:00:00,33237.0,33200.41856630328
21104,2017-04-29 21:00:00,33455.0,33437.337542108944
21105,2017-04-29 22:00:00,32342.0,32378.687671376694
21106,2017-04-29 23:00:00,30149.0,30171.131753575566
21107,2017-04-30 00:00:00,27795.0,27801.771326813378
21108,2017-04-28 01:00:00,23661.0,23642.026753647577
21109,2017-04-28 02:00:00,22457.0,22458.532217516033
21110,2017-04-28 03:00:00,21722.0,21677.623784348405
21111,2017-04-28 04:00:00,21420.0,21442.729744760938
21112,2017-04-28 05:00:00,21801.0,21774.731566010105
21113,2017-04-28 06:00:00,23443.0,23440.920024492072
21114,2017-04-28 07:00:00,26091.0,26050.446973170387
21115,2017-04-28 08:00:00,28048.0,28069.07879683339
21116,2017-04-28 09:00:00,29159.0,29198.583133112592
21117,2017-04-28 10:00:00,29787.0,29782.593634444285
21118,2017-04-28 11:00:00,30436.0,30394.32254772018
21119,2017-04-28 12:00:00,30936.0,30980.507486233724
21120,2017-04-28 13:00:00,31416.0,31410.704932692817
21121,2017-04-28 14:00:00,32084.0,32042.0339455285
21122,2017-04-28 15:00:00,32654.0,32622.8427113511
21123,2017-04-28 16:00:00,33234.0,33195.98446809506
21124,2017-04-28 17:00:00,33846.0,33815.752533631574
21125,2017-04-28 18:00:00,34095.0,34060.57862579976
21126,2017-04-28 19:00:00,33489.0,33531.28776184533
21127,2017-04-28 20:00:00,32657.0,32627.907431212945
21128,2017-04-28 21:00:00,32843.0,32837.19666637525
21129,2017-04-28 22:00:00,31553.0,31575.987890387998
21130,2017-04-28 23:00:00,29189.0,29206.697312941258
21131,2017-04-29 00:00:00,26720.0,26765.64661889845
21132,2017-04-27 01:00:00,22522.0,22568.6029562844
21133,2017-04-27 02:00:00,21643.0,21650.069449352985
21134,2017-04-27 03:00:00,21104.0,21129.23039385424
21135,2017-04-27 04:00:00,20998.0,20986.604527136285
21136,2017-04-27 05:00:00,21436.0,21428.92500891418
21137,2017-04-27 06:00:00,23303.0,23263.43714319825
21138,2017-04-27 07:00:00,26196.0,26213.341953476236
21139,2017-04-27 08:00:00,28102.0,28079.06086958934
21140,2017-04-27 09:00:00,28539.0,28496.986131254973
21141,2017-04-27 10:00:00,28676.0,28635.82308951636
21142,2017-04-27 11:00:00,28899.0,28921.23769466485
21143,2017-04-27 12:00:00,29354.0,29326.892716701965
21144,2017-04-27 13:00:00,29720.0,29746.998530289362
21145,2017-04-27 14:00:00,30106.0,30146.592000125594
21146,2017-04-27 15:00:00,30566.0,30550.08487852411
21147,2017-04-27 16:00:00,30792.0,30821.387607380322
21148,2017-04-27 17:00:00,31051.0,31043.874932177845
21149,2017-04-27 18:00:00,31295.0,31322.221670976865
21150,2017-04-27 19:00:00,31011.0,30991.672307167308
21151,2017-04-27 20:00:00,31125.0,31168.148702145212
21152,2017-04-27 21:00:00,31812.0,31860.720657850336
21153,2017-04-27 22:00:00,30557.0,30545.615292677925
21154,2017-04-27 23:00:00,27999.0,27968.892720447802
21155,2017-04-28 00:00:00,25491.0,25509.533086522606
21156,2017-04-26 01:00:00,22790.0,22798.359428273758
21157,2017-04-26 02:00:00,21858.0,21907.146786112018
21158,2017-04-26 03:00:00,21431.0,21462.159417673894
21159,2017-04-26 04:00:00,21319.0,21352.510463645533
21160,2017-04-26 05:00:00,21843.0,21865.648041003238
21161,2017-04-26 06:00:00,23716.0,23701.07890228095
21162,2017-04-26 07:00:00,26760.0,26803.58424502545
21163,2017-04-26 08:00:00,28504.0,28500.567014778044
21164,2017-04-26 09:00:00,28958.0,28947.944332194824
21165,2017-04-26 10:00:00,29234.0,29203.423484401745
21166,2017-04-26 11:00:00,29285.0,29265.39570324519
21167,2017-04-26 12:00:00,29295.0,29245.2254673982
21168,2017-04-26 13:00:00,29131.0,29146.990460691093
21169,2017-04-26 14:00:00,28964.0,28974.54665842116
21170,2017-04-26 15:00:00,28698.0,28688.303318151782
21171,2017-04-26 16:00:00,28667.0,28713.71072403968
21172,2017-04-26 17:00:00,28809.0,28828.310620607
21173,2017-04-26 18:00:00,28993.0,28967.271620791962
21174,2017-04-26 19:00:00,28883.0,28870.87017438648
21175,2017-04-26 20:00:00,29120.0,29121.579975714598
21176,2017-04-26 21:00:00,29937.0,29941.53530694059
21177,2017-04-26 22:00:00,28789.0,28766.563536004007
21178,2017-04-26 23:00:00,26450.0,26424.944027909947
21179,2017-04-27 00:00:00,24147.0,24126.94234413434
21180,2017-04-25 01:00:00,22562.0,22608.335295896264
21181,2017-04-25 02:00:00,21753.0,21738.952508300295
21182,2017-04-25 03:00:00,21266.0,21253.414241049366
21183,2017-04-25 04:00:00,21242.0,21264.024421434413
21184,2017-04-25 05:00:00,21761.0,21727.275902545574
21185,2017-04-25 06:00:00,23704.0,23718.316317364257
21186,2017-04-25 07:00:00,26744.0,26760.612993917453
21187,2017-04-25 08:00:00,28587.0,28543.45149284198
21188,2017-04-25 09:00:00,29145.0,29113.994519831267
21189,2017-04-25 10:00:00,29480.0,29476.649100172264
21190,2017-04-25 11:00:00,29750.0,29783.541743267742
21191,2017-04-25 12:00:00,29729.0,29752.234326544527
21192,2017-04-25 13:00:00,29692.0,29729.345109636026
21193,2017-04-25 14:00:00,29707.0,29742.100638621658
21194,2017-04-25 15:00:00,29457.0,29458.15020147131
21195,2017-04-25 16:00:00,29412.0,29424.22837749535
21196,2017-04-25 17:00:00,29644.0,29686.07990945474
21197,2017-04-25 18:00:00,30008.0,30032.107273411017
21198,2017-04-25 19:00:00,30033.0,30018.78766731707
21199,2017-04-25 20:00:00,30306.0,30291.036106832402
21200,2017-04-25 21:00:00,30337.0,30323.662212419786
21201,2017-04-25 22:00:00,28930.0,28929.520318461982
21202,2017-04-25 23:00:00,26601.0,26587.248800663507
21203,2017-04-26 00:00:00,24383.0,24351.75090215064
21204,2017-04-24 01:00:00,21310.0,21319.49190787872
21205,2017-04-24 02:00:00,20600.0,20636.921027482564
21206,2017-04-24 03:00:00,20292.0,20291.254846269676
21207,2017-04-24 04:00:00,20339.0,20310.914877805128
21208,2017-04-24 05:00:00,21066.0,21097.305036207777
21209,2017-04-24 06:00:00,23035.0,23060.574421494835
21210,2017-04-24 07:00:00,26048.0,26068.021722321068
21211,2017-04-24 08:00:00,28066.0,28083.472441141756
21212,2017-04-24 09:00:00,28668.0,28696.22742117947
21213,2017-04-24 10:00:00,28892.0,28925.026294520045
21214,2017-04-24 11:00:00,28971.0,29010.820298703333
21215,2017-04-24 12:00:00,28913.0,28923.993119715247
21216,2017-04-24 13:00:00,28776.0,28765.359280321492
21217,2017-04-24 14:00:00,28746.0,28704.98962572148
21218,2017-04-24 15:00:00,28430.0,28452.24164100573
21219,2017-04-24 16:00:00,28350.0,28314.120758607223
21220,2017-04-24 17:00:00,28495.0,28531.851982813547
21221,2017-04-24 18:00:00,28960.0,28950.587463625383
21222,2017-04-24 19:00:00,29098.0,29135.61365791728
21223,2017-04-24 20:00:00,29537.0,29538.84746298934
21224,2017-04-24 21:00:00,29974.0,29969.348311039248
21225,2017-04-24 22:00:00,28512.0,28498.357000249125
21226,2017-04-24 23:00:00,26204.0,26160.13470594963
21227,2017-04-25 00:00:00,24046.0,23997.152795470625
21228,2017-04-23 01:00:00,21998.0,21998.868927689437
21229,2017-04-23 02:00:00,21107.0,21147.110766723155
21230,2017-04-23 03:00:00,20661.0,20669.611011196142
21231,2017-04-23 04:00:00,20452.0,20488.237787779806
21232,2017-04-23 05:00:00,20539.0,20588.97542223869
21233,2017-04-23 06:00:00,21039.0,21006.861674127093
21234,2017-04-23 07:00:00,21619.0,21634.957654179896
21235,2017-04-23 08:00:00,22435.0,22426.69077751269
21236,2017-04-23 09:00:00,23097.0,23067.88051397218
21237,2017-04-23 10:00:00,23508.0,23482.090371067086
21238,2017-04-23 11:00:00,23505.0,23479.46536182302
21239,2017-04-23 12:00:00,23334.0,23356.965167183702
21240,2017-04-23 13:00:00,23184.0,23169.500198915262
21241,2017-04-23 14:00:00,23111.0,23086.573429513042
21242,2017-04-23 15:00:00,23082.0,23120.596065053116
21243,2017-04-23 16:00:00,23343.0,23296.434461985733
21244,2017-04-23 17:00:00,23789.0,23812.561769757842
21245,2017-04-23 18:00:00,24540.0,24586.05567332596
21246,2017-04-23 19:00:00,25179.0,25191.56432775233
21247,2017-04-23 20:00:00,26109.0,26113.816295609115
21248,2017-04-23 21:00:00,27245.0,27201.144658484187
21249,2017-04-23 22:00:00,26353.0,26353.295881094462
21250,2017-04-23 23:00:00,24482.0,24468.140414917223
21251,2017-04-24 00:00:00,22679.0,22706.81005956544
21252,2017-04-22 01:00:00,22384.0,22415.17762423489
21253,2017-04-22 02:00:00,21294.0,21260.760244792225
21254,2017-04-22 03:00:00,20655.0,20657.2244065677
21255,2017-04-22 04:00:00,20314.0,20349.993775173014
21256,2017-04-22 05:00:00,20362.0,20374.452663373355
21257,2017-04-22 06:00:00,20899.0,20897.09710692287
21258,2017-04-22 07:00:00,21713.0,21752.806157124254
21259,2017-04-22 08:00:00,22913.0,22959.648789995772
21260,2017-04-22 09:00:00,24639.0,24612.52741041347
21261,2017-04-22 10:00:00,25733.0,25701.279613667546
21262,2017-04-22 11:00:00,26223.0,26259.482976924635
21263,2017-04-22 12:00:00,26270.0,26244.294949650564
21264,2017-04-22 13:00:00,26057.0,26091.783858906198
21265,2017-04-22 14:00:00,25790.0,25770.11870426785
21266,2017-04-22 15:00:00,25520.0,25471.918664593028
21267,2017-04-22 16:00:00,25375.0,25367.193915871685
21268,2017-04-22 17:00:00,25466.0,25420.036712119178
21269,2017-04-22 18:00:00,25663.0,25633.79911752944
21270,2017-04-22 19:00:00,25805.0,25802.936176355543
21271,2017-04-22 20:00:00,26274.0,26227.84953119759
21272,2017-04-22 21:00:00,26895.0,26848.321474317432
21273,2017-04-22 22:00:00,26163.0,26128.514748125017
21274,2017-04-22 23:00:00,24802.0,24798.27535252933
21275,2017-04-23 00:00:00,23294.0,23341.401694715645
21276,2017-04-21 01:00:00,22661.0,22620.341433302834
21277,2017-04-21 02:00:00,21613.0,21625.196029310693
21278,2017-04-21 03:00:00,21072.0,21071.707322757153
21279,2017-04-21 04:00:00,20894.0,20850.015526841205
21280,2017-04-21 05:00:00,21381.0,21334.414188158808
21281,2017-04-21 06:00:00,22917.0,22889.183610087406
21282,2017-04-21 07:00:00,25797.0,25815.475077691597
21283,2017-04-21 08:00:00,27647.0,27693.23883093787
21284,2017-04-21 09:00:00,28479.0,28484.607773725314
21285,2017-04-21 10:00:00,28813.0,28767.57722824806
21286,2017-04-21 11:00:00,29158.0,29133.79754957713
21287,2017-04-21 12:00:00,29201.0,29245.232228022705
21288,2017-04-21 13:00:00,29131.0,29082.25205378836
21289,2017-04-21 14:00:00,29168.0,29178.225164722106
21290,2017-04-21 15:00:00,29012.0,28979.891791283193
21291,2017-04-21 16:00:00,28921.0,28877.621110197782
21292,2017-04-21 17:00:00,28979.0,28954.443623649528
21293,2017-04-21 18:00:00,28742.0,28785.69883635677
21294,2017-04-21 19:00:00,28548.0,28574.17591302702
21295,2017-04-21 20:00:00,28616.0,28583.12200342421
21296,2017-04-21 21:00:00,29053.0,29009.570297084178
21297,2017-04-21 22:00:00,27992.0,27991.314609291258
21298,2017-04-21 23:00:00,26165.0,26120.2661062963
21299,2017-04-22 00:00:00,24049.0,24039.40596653312
21300,2017-04-20 01:00:00,22407.0,22437.025127258956
21301,2017-04-20 02:00:00,21560.0,21560.066349481724
21302,2017-04-20 03:00:00,21098.0,21137.684070907053
21303,2017-04-20 04:00:00,20994.0,21023.125734218745
21304,2017-04-20 05:00:00,21484.0,21489.526859378813
21305,2017-04-20 06:00:00,23249.0,23278.040414018276
21306,2017-04-20 07:00:00,26166.0,26125.486661156785
21307,2017-04-20 08:00:00,27965.0,27935.136169941987
21308,2017-04-20 09:00:00,28531.0,28551.04204743375
21309,2017-04-20 10:00:00,28529.0,28479.571997199477
21310,2017-04-20 11:00:00,28509.0,28459.467925564055
21311,2017-04-20 12:00:00,28304.0,28292.034143685785
21312,2017-04-20 13:00:00,28359.0,28395.707656921946
21313,2017-04-20 14:00:00,28685.0,28733.084988027378
21314,2017-04-20 15:00:00,28918.0,28932.983532704162
21315,2017-04-20 16:00:00,29279.0,29324.027562346026
21316,2017-04-20 17:00:00,29816.0,29850.767344275315
21317,2017-04-20 18:00:00,29977.0,29947.148207458715
21318,2017-04-20 19:00:00,29747.0,29737.39558527675
21319,2017-04-20 20:00:00,30180.0,30192.377160230848
21320,2017-04-20 21:00:00,30622.0,30587.131246548743
21321,2017-04-20 22:00:00,29099.0,29080.31040602307
21322,2017-04-20 23:00:00,26687.0,26712.638828432802
21323,2017-04-21 00:00:00,24401.0,24385.465715171085
21324,2017-04-19 01:00:00,22047.0,22089.593327977986
21325,2017-04-19 02:00:00,21189.0,21179.677683820522
21326,2017-04-19 03:00:00,20805.0,20776.975993941083
21327,2017-04-19 04:00:00,20724.0,20695.01187095027
21328,2017-04-19 05:00:00,21282.0,21300.721478907028
21329,2017-04-19 06:00:00,23082.0,23068.81518273916
21330,2017-04-19 07:00:00,25901.0,25874.725194422354
21331,2017-04-19 08:00:00,27539.0,27558.38664110339
21332,2017-04-19 09:00:00,27882.0,27874.139752543928
21333,2017-04-19 10:00:00,27849.0,27883.59926352268
21334,2017-04-19 11:00:00,27815.0,27819.897818094778
21335,2017-04-19 12:00:00,27758.0,27805.217650909228
21336,2017-04-19 13:00:00,27674.0,27661.445434487647
21337,2017-04-19 14:00:00,27915.0,27893.210438863625
21338,2017-04-19 15:00:00,27921.0,27935.455307093824
21339,2017-04-19 16:00:00,28045.0,28065.83645508353
21340,2017-04-19 17:00:00,28246.0,28197.696847321688
21341,2017-04-19 18:00:00,28753.0,28769.93831461013
21342,2017-04-19 19:00:00,28829.0,28797.102110661916
21343,2017-04-19 20:00:00,29478.0,29523.886298854068
21344,2017-04-19 21:00:00,29794.0,29801.600676648643
21345,2017-04-19 22:00:00,28398.0,28360.663990233697
21346,2017-04-19 23:00:00,26112.0,26067.27183490867
21347,2017-04-20 00:00:00,23981.0,24018.960347923872
21348,2017-04-18 01:00:00,22187.0,22222.062400484767
21349,2017-04-18 02:00:00,21182.0,21175.409499506313
21350,2017-04-18 03:00:00,20716.0,20674.749998328825
21351,2017-04-18 04:00:00,20582.0,20570.998241794783
21352,2017-04-18 05:00:00,21044.0,21070.052953595787
21353,2017-04-18 06:00:00,22845.0,22861.149407789602
21354,2017-04-18 07:00:00,25354.0,25390.51652397956
21355,2017-04-18 08:00:00,26870.0,26895.1192129491
21356,2017-04-18 09:00:00,27202.0,27185.013483796607
21357,2017-04-18 10:00:00,27090.0,27074.113320229182
21358,2017-04-18 11:00:00,27133.0,27147.77552972897
21359,2017-04-18 12:00:00,27135.0,27116.017268952935
21360,2017-04-18 13:00:00,27133.0,27169.766009726412
21361,2017-04-18 14:00:00,27287.0,27269.770182238324
21362,2017-04-18 15:00:00,27426.0,27424.893301231758
21363,2017-04-18 16:00:00,27600.0,27554.322758617665
21364,2017-04-18 17:00:00,27919.0,27880.809043898043
21365,2017-04-18 18:00:00,28168.0,28131.189592579645
21366,2017-04-18 19:00:00,28080.0,28064.413050487114
21367,2017-04-18 20:00:00,28408.0,28369.662618416707
21368,2017-04-18 21:00:00,29345.0,29340.710807876774
21369,2017-04-18 22:00:00,28053.0,28029.91549566745
21370,2017-04-18 23:00:00,25701.0,25678.245628648023
21371,2017-04-19 00:00:00,23565.0,23559.55013597501
21372,2017-04-17 01:00:00,22791.0,22826.383965088735
21373,2017-04-17 02:00:00,21664.0,21690.17302747253
21374,2017-04-17 03:00:00,20935.0,20973.372573202214
21375,2017-04-17 04:00:00,20759.0,20808.017556439423
21376,2017-04-17 05:00:00,21182.0,21133.110206634166
21377,2017-04-17 06:00:00,22738.0,22757.25080802884
21378,2017-04-17 07:00:00,24931.0,24892.982954931835
21379,2017-04-17 08:00:00,26830.0,26873.68239020029
21380,2017-04-17 09:00:00,28222.0,28194.684578780874
21381,2017-04-17 10:00:00,28963.0,28947.99555527158
21382,2017-04-17 11:00:00,29504.0,29551.905316421457
21383,2017-04-17 12:00:00,29482.0,29518.719240477672
21384,2017-04-17 13:00:00,29380.0,29334.72081364497
21385,2017-04-17 14:00:00,29181.0,29135.686655027548
21386,2017-04-17 15:00:00,28854.0,28885.88410345589
21387,2017-04-17 16:00:00,28670.0,28627.03720241185
21388,2017-04-17 17:00:00,28744.0,28779.17344933225
21389,2017-04-17 18:00:00,28977.0,29019.46207666956
21390,2017-04-17 19:00:00,28937.0,28889.38371210313
21391,2017-04-17 20:00:00,29211.0,29183.000681473382
21392,2017-04-17 21:00:00,29858.0,29810.31899315123
21393,2017-04-17 22:00:00,28404.0,28361.283321828672
21394,2017-04-17 23:00:00,25998.0,26001.407268791965
21395,2017-04-18 00:00:00,23815.0,23838.016400263834
21396,2017-04-16 01:00:00,21387.0,21384.94737115176
21397,2017-04-16 02:00:00,20317.0,20305.594477198458
21398,2017-04-16 03:00:00,19650.0,19620.671984930454
21399,2017-04-16 04:00:00,19278.0,19251.657609958893
21400,2017-04-16 05:00:00,19255.0,19263.239632870074
21401,2017-04-16 06:00:00,19582.0,19617.57642973705
21402,2017-04-16 07:00:00,20030.0,20020.457018098718
21403,2017-04-16 08:00:00,20911.0,20954.96276223646
21404,2017-04-16 09:00:00,22342.0,22297.211887396777
21405,2017-04-16 10:00:00,23580.0,23612.92106208618
21406,2017-04-16 11:00:00,24354.0,24337.868062418347
21407,2017-04-16 12:00:00,25050.0,25086.876743132667
21408,2017-04-16 13:00:00,25558.0,25599.94166334695
21409,2017-04-16 14:00:00,26078.0,26098.04084332395
21410,2017-04-16 15:00:00,26551.0,26536.50532268895
21411,2017-04-16 16:00:00,26906.0,26901.69343915559
21412,2017-04-16 17:00:00,27053.0,27058.177619616297
21413,2017-04-16 18:00:00,27190.0,27186.207991257885
21414,2017-04-16 19:00:00,27429.0,27458.115477229472
21415,2017-04-16 20:00:00,27908.0,27935.15282881674
21416,2017-04-16 21:00:00,29053.0,29004.265542297664
21417,2017-04-16 22:00:00,28266.0,28231.166187872685
21418,2017-04-16 23:00:00,26443.0,26429.354882903357
21419,2017-04-17 00:00:00,24385.0,24402.242496871415
21420,2017-04-15 01:00:00,21433.0,21405.96979415413
21421,2017-04-15 02:00:00,20550.0,20532.27893718061
21422,2017-04-15 03:00:00,20054.0,20050.208000927447
21423,2017-04-15 04:00:00,19820.0,19828.955543933236
21424,2017-04-15 05:00:00,19994.0,20034.179645160562
21425,2017-04-15 06:00:00,20562.0,20592.463262850964
21426,2017-04-15 07:00:00,21434.0,21419.9217482144
21427,2017-04-15 08:00:00,22386.0,22412.798386241182
21428,2017-04-15 09:00:00,23698.0,23731.265799072855
21429,2017-04-15 10:00:00,24671.0,24673.23374070496
21430,2017-04-15 11:00:00,25061.0,25040.604230901703
21431,2017-04-15 12:00:00,24904.0,24948.30720520985
21432,2017-04-15 13:00:00,24595.0,24641.22525624262
21433,2017-04-15 14:00:00,24238.0,24210.459120045914
21434,2017-04-15 15:00:00,24142.0,24170.506611005596
21435,2017-04-15 16:00:00,24234.0,24188.17546586132
21436,2017-04-15 17:00:00,24643.0,24593.238664399483
21437,2017-04-15 18:00:00,25100.0,25085.15732732636
21438,2017-04-15 19:00:00,25365.0,25361.253844625997
21439,2017-04-15 20:00:00,25987.0,25991.633655046113
21440,2017-04-15 21:00:00,26841.0,26828.82645143151
21441,2017-04-15 22:00:00,26137.0,26099.87979056532
21442,2017-04-15 23:00:00,24722.0,24706.479152979642
21443,2017-04-16 00:00:00,23085.0,23117.182579315835
21444,2017-04-14 01:00:00,22078.0,22061.57099555498
21445,2017-04-14 02:00:00,21224.0,21233.230361443515
21446,2017-04-14 03:00:00,20813.0,20831.087666959244
21447,2017-04-14 04:00:00,20747.0,20770.24368954921
21448,2017-04-14 05:00:00,21177.0,21175.798705530036
21449,2017-04-14 06:00:00,22527.0,22489.571217763856
21450,2017-04-14 07:00:00,24367.0,24407.050822872807
21451,2017-04-14 08:00:00,25687.0,25663.030885440603
21452,2017-04-14 09:00:00,26574.0,26557.89558894293
21453,2017-04-14 10:00:00,26894.0,26921.377830784862
21454,2017-04-14 11:00:00,26710.0,26736.352381587436
21455,2017-04-14 12:00:00,26193.0,26232.638589348095
21456,2017-04-14 13:00:00,25730.0,25683.374816855696
21457,2017-04-14 14:00:00,25464.0,25501.451064929017
21458,2017-04-14 15:00:00,25265.0,25294.222547428086
21459,2017-04-14 16:00:00,25303.0,25305.509478660984
21460,2017-04-14 17:00:00,25672.0,25637.948585108603
21461,2017-04-14 18:00:00,26128.0,26132.499370581434
21462,2017-04-14 19:00:00,26064.0,26033.394336486555
21463,2017-04-14 20:00:00,26264.0,26310.49570770572
21464,2017-04-14 21:00:00,27041.0,27061.881241242652
21465,2017-04-14 22:00:00,26157.0,26166.623610656075
21466,2017-04-14 23:00:00,24605.0,24636.336361692473
21467,2017-04-15 00:00:00,22918.0,22921.24472139576
21468,2017-04-13 01:00:00,22645.0,22601.025983151845
21469,2017-04-13 02:00:00,21568.0,21543.902957658724
21470,2017-04-13 03:00:00,20998.0,21046.168755175884
21471,2017-04-13 04:00:00,20852.0,20887.081298604873
21472,2017-04-13 05:00:00,21268.0,21310.744482726568
21473,2017-04-13 06:00:00,22944.0,22903.78310113509
21474,2017-04-13 07:00:00,25371.0,25345.79983695732
21475,2017-04-13 08:00:00,26973.0,26929.324044560984
21476,2017-04-13 09:00:00,27505.0,27537.21643637436
21477,2017-04-13 10:00:00,27693.0,27660.39003651647
21478,2017-04-13 11:00:00,27768.0,27759.005273583076
21479,2017-04-13 12:00:00,27330.0,27306.95020058609
21480,2017-04-13 13:00:00,27004.0,27047.03574656548
21481,2017-04-13 14:00:00,26958.0,26968.838019955052
21482,2017-04-13 15:00:00,26938.0,26967.95042985424
21483,2017-04-13 16:00:00,27080.0,27090.214111976988
21484,2017-04-13 17:00:00,27477.0,27488.255073604927
21485,2017-04-13 18:00:00,27785.0,27773.29131767256
21486,2017-04-13 19:00:00,27694.0,27667.900031077876
21487,2017-04-13 20:00:00,28230.0,28214.838696672545
21488,2017-04-13 21:00:00,28814.0,28793.486011223005
21489,2017-04-13 22:00:00,27639.0,27658.122624999138
21490,2017-04-13 23:00:00,25651.0,25643.256421745533
21491,2017-04-14 00:00:00,23636.0,23641.01638270213
21492,2017-04-12 01:00:00,23595.0,23622.094149262884
21493,2017-04-12 02:00:00,22353.0,22329.655509764954
21494,2017-04-12 03:00:00,21702.0,21694.36496251079
21495,2017-04-12 04:00:00,21359.0,21360.94872026268
21496,2017-04-12 05:00:00,21729.0,21684.38071719016
21497,2017-04-12 06:00:00,23298.0,23263.218665521454
21498,2017-04-12 07:00:00,25876.0,25832.351061984733
21499,2017-04-12 08:00:00,27523.0,27548.225674322926
21500,2017-04-12 09:00:00,28328.0,28307.99084894955
21501,2017-04-12 10:00:00,28961.0,28953.25934702114
21502,2017-04-12 11:00:00,29624.0,29641.23244470063
21503,2017-04-12 12:00:00,29657.0,29703.646953586194
21504,2017-04-12 13:00:00,29491.0,29522.104560567303
21505,2017-04-12 14:00:00,29252.0,29207.779959529656
21506,2017-04-12 15:00:00,29222.0,29202.573392445865
21507,2017-04-12 16:00:00,29460.0,29414.907720245275
21508,2017-04-12 17:00:00,29801.0,29757.166831634102
21509,2017-04-12 18:00:00,30111.0,30073.7456036446
21510,2017-04-12 19:00:00,29968.0,29950.108180972253
21511,2017-04-12 20:00:00,30062.0,30035.14991777466
21512,2017-04-12 21:00:00,30649.0,30634.21746976802
21513,2017-04-12 22:00:00,29179.0,29211.20100030816
21514,2017-04-12 23:00:00,26669.0,26698.768446580074
21515,2017-04-13 00:00:00,24322.0,24307.07388871145
21516,2017-04-11 01:00:00,22481.0,22496.982124420163
21517,2017-04-11 02:00:00,21437.0,21424.266367821376
21518,2017-04-11 03:00:00,20882.0,20870.595702467443
21519,2017-04-11 04:00:00,20713.0,20730.572241635327
21520,2017-04-11 05:00:00,21178.0,21166.432168556712
21521,2017-04-11 06:00:00,22861.0,22865.925976579343
21522,2017-04-11 07:00:00,25593.0,25554.522597359653
21523,2017-04-11 08:00:00,27050.0,27053.881320957615
21524,2017-04-11 09:00:00,27609.0,27633.199945902477
21525,2017-04-11 10:00:00,27875.0,27913.83715660184
21526,2017-04-11 11:00:00,28278.0,28242.72587462571
21527,2017-04-11 12:00:00,28625.0,28616.071087139106
21528,2017-04-11 13:00:00,29015.0,29013.618452578732
21529,2017-04-11 14:00:00,29663.0,29703.48120076704
21530,2017-04-11 15:00:00,30048.0,30023.740840756862
21531,2017-04-11 16:00:00,30497.0,30463.566300077677
21532,2017-04-11 17:00:00,31043.0,31007.14907862966
21533,2017-04-11 18:00:00,31432.0,31397.487958581893
21534,2017-04-11 19:00:00,31234.0,31270.95241272182
21535,2017-04-11 20:00:00,31482.0,31493.980722619275
21536,2017-04-11 21:00:00,32078.0,32070.07276964893
21537,2017-04-11 22:00:00,30515.0,30551.6737905034
21538,2017-04-11 23:00:00,27934.0,27913.80287301202
21539,2017-04-12 00:00:00,25521.0,25563.78602646144
21540,2017-04-10 01:00:00,21826.0,21851.885688937684
21541,2017-04-10 02:00:00,21099.0,21051.057939234917
21542,2017-04-10 03:00:00,20914.0,20910.26331945848
21543,2017-04-10 04:00:00,21015.0,21049.246694563044
21544,2017-04-10 05:00:00,21783.0,21772.61443709835
21545,2017-04-10 06:00:00,23890.0,23938.714372320548
21546,2017-04-10 07:00:00,26874.0,26908.658547872543
21547,2017-04-10 08:00:00,28379.0,28404.30511032808
21548,2017-04-10 09:00:00,28190.0,28153.550762751256
21549,2017-04-10 10:00:00,27867.0,27827.786643236293
21550,2017-04-10 11:00:00,27833.0,27847.118949992415
21551,2017-04-10 12:00:00,27814.0,27830.142529705914
21552,2017-04-10 13:00:00,27666.0,27630.751799828686
21553,2017-04-10 14:00:00,27747.0,27782.396526257846
21554,2017-04-10 15:00:00,27860.0,27897.373071887534
21555,2017-04-10 16:00:00,28138.0,28129.659172611893
21556,2017-04-10 17:00:00,28575.0,28585.773070426912
21557,2017-04-10 18:00:00,28985.0,28986.0735756081
21558,2017-04-10 19:00:00,28868.0,28821.566260091913
21559,2017-04-10 20:00:00,29491.0,29450.041355262547
21560,2017-04-10 21:00:00,30240.0,30267.977640681616
21561,2017-04-10 22:00:00,28768.0,28766.83139802844
21562,2017-04-10 23:00:00,26484.0,26495.090155905655
21563,2017-04-11 00:00:00,24231.0,24242.286699552787
21564,2017-04-09 01:00:00,23540.0,23527.961973432808
21565,2017-04-09 02:00:00,22888.0,22840.941262003867
21566,2017-04-09 03:00:00,22637.0,22665.69096866624
21567,2017-04-09 04:00:00,22651.0,22647.844005425584
21568,2017-04-09 05:00:00,22981.0,22944.89069030949
21569,2017-04-09 06:00:00,23737.0,23689.107524891293
21570,2017-04-09 07:00:00,24681.0,24632.752097988177
21571,2017-04-09 08:00:00,25286.0,25239.334717728067
21572,2017-04-09 09:00:00,25340.0,25305.502360055234
21573,2017-04-09 10:00:00,25006.0,24979.14660469304
21574,2017-04-09 11:00:00,24534.0,24508.71434326533
21575,2017-04-09 12:00:00,24071.0,24084.21283344105
21576,2017-04-09 13:00:00,23678.0,23652.15641882603
21577,2017-04-09 14:00:00,23323.0,23340.395720045824
21578,2017-04-09 15:00:00,23063.0,23095.33475029179
21579,2017-04-09 16:00:00,23084.0,23072.47896758466
21580,2017-04-09 17:00:00,23605.0,23626.835326586785
21581,2017-04-09 18:00:00,24412.0,24372.41282040967
21582,2017-04-09 19:00:00,25062.0,25044.792436180986
21583,2017-04-09 20:00:00,26285.0,26303.263763906358
21584,2017-04-09 21:00:00,27541.0,27584.17850407603
21585,2017-04-09 22:00:00,26601.0,26612.55528318074
21586,2017-04-09 23:00:00,24791.0,24777.383664557423
21587,2017-04-10 00:00:00,23076.0,23057.36902128171
21588,2017-04-08 01:00:00,26003.0,25992.154966190476
21589,2017-04-08 02:00:00,25096.0,25111.289939246828
21590,2017-04-08 03:00:00,24679.0,24661.69908012588
21591,2017-04-08 04:00:00,24544.0,24540.99979527618
21592,2017-04-08 05:00:00,24877.0,24902.900070287058
21593,2017-04-08 06:00:00,25735.0,25708.777863219573
21594,2017-04-08 07:00:00,26928.0,26949.65100435328
21595,2017-04-08 08:00:00,27755.0,27781.14589861743
21596,2017-04-08 09:00:00,28083.0,28119.36746918181
21597,2017-04-08 10:00:00,27782.0,27734.387000955463
21598,2017-04-08 11:00:00,27233.0,27194.376138157622
21599,2017-04-08 12:00:00,26487.0,26532.483755244753
21600,2017-04-08 13:00:00,25743.0,25705.578139245787
21601,2017-04-08 14:00:00,25013.0,25011.78696066434
21602,2017-04-08 15:00:00,24451.0,24417.6949522542
21603,2017-04-08 16:00:00,24175.0,24206.18879383004
21604,2017-04-08 17:00:00,24487.0,24446.65032671113
21605,2017-04-08 18:00:00,24951.0,24909.561682396434
21606,2017-04-08 19:00:00,25364.0,25364.470324188624
21607,2017-04-08 20:00:00,26400.0,26373.817933769264
21608,2017-04-08 21:00:00,27641.0,27657.15561417716
21609,2017-04-08 22:00:00,27145.0,27163.479757551264
21610,2017-04-08 23:00:00,26040.0,26048.604859133535
21611,2017-04-09 00:00:00,24720.0,24753.463442186356
21612,2017-04-07 01:00:00,24268.0,24287.735125160285
21613,2017-04-07 02:00:00,23478.0,23446.7516840126
21614,2017-04-07 03:00:00,23098.0,23055.840742424734
21615,2017-04-07 04:00:00,23132.0,23156.77626672881
21616,2017-04-07 05:00:00,23799.0,23823.00215294905
21617,2017-04-07 06:00:00,25820.0,25855.032286622747
21618,2017-04-07 07:00:00,29166.0,29136.23457324177
21619,2017-04-07 08:00:00,30900.0,30872.314795888295
21620,2017-04-07 09:00:00,31533.0,31540.66712378558
21621,2017-04-07 10:00:00,31544.0,31509.561931898377
21622,2017-04-07 11:00:00,31403.0,31382.633780393022
21623,2017-04-07 12:00:00,31130.0,31161.243068622374
21624,2017-04-07 13:00:00,30668.0,30651.421221951343
21625,2017-04-07 14:00:00,30136.0,30087.132872016682
21626,2017-04-07 15:00:00,29787.0,29802.082632498357
21627,2017-04-07 16:00:00,29861.0,29829.058618048082
21628,2017-04-07 17:00:00,30352.0,30321.58323980041
21629,2017-04-07 18:00:00,30741.0,30692.652962666372
21630,2017-04-07 19:00:00,31009.0,31016.803203823893
21631,2017-04-07 20:00:00,31789.0,31795.190413145807
21632,2017-04-07 21:00:00,32096.0,32055.643593403736
21633,2017-04-07 22:00:00,31090.0,31045.04306388301
21634,2017-04-07 23:00:00,29442.0,29441.083607409822
21635,2017-04-08 00:00:00,27571.0,27599.129041755776
21636,2017-04-06 01:00:00,22584.0,22629.374217151075
21637,2017-04-06 02:00:00,21764.0,21721.515400654334
21638,2017-04-06 03:00:00,21303.0,21323.8172053426
21639,2017-04-06 04:00:00,21293.0,21262.144695887477
21640,2017-04-06 05:00:00,21892.0,21845.397582031794
21641,2017-04-06 06:00:00,23833.0,23816.477138252863
21642,2017-04-06 07:00:00,27413.0,27420.38813252204
21643,2017-04-06 08:00:00,29465.0,29475.135201469046
21644,2017-04-06 09:00:00,30266.0,30220.92019246813
21645,2017-04-06 10:00:00,30706.0,30748.779712256543
21646,2017-04-06 11:00:00,31113.0,31068.458846260193
21647,2017-04-06 12:00:00,31283.0,31254.719187138966
21648,2017-04-06 13:00:00,31121.0,31114.25046626067
21649,2017-04-06 14:00:00,30840.0,30884.56523413727
21650,2017-04-06 15:00:00,30708.0,30757.12324664141
21651,2017-04-06 16:00:00,30536.0,30486.035176837362
21652,2017-04-06 17:00:00,30404.0,30376.45157303335
21653,2017-04-06 18:00:00,30010.0,30010.135053632635
21654,2017-04-06 19:00:00,29910.0,29929.43956043155
21655,2017-04-06 20:00:00,30688.0,30703.674626798333
21656,2017-04-06 21:00:00,31131.0,31106.15108536311
21657,2017-04-06 22:00:00,29861.0,29830.751360938186
21658,2017-04-06 23:00:00,27751.0,27702.42739009747
21659,2017-04-07 00:00:00,25924.0,25958.285988706415
21660,2017-04-05 01:00:00,22777.0,22764.879702414815
21661,2017-04-05 02:00:00,21844.0,21880.4340792094
21662,2017-04-05 03:00:00,21355.0,21337.370594750337
21663,2017-04-05 04:00:00,21266.0,21291.60347882338
21664,2017-04-05 05:00:00,21732.0,21688.966106030533
21665,2017-04-05 06:00:00,23615.0,23646.144075200158
21666,2017-04-05 07:00:00,26904.0,26943.10123499816
21667,2017-04-05 08:00:00,28391.0,28367.48803408814
21668,2017-04-05 09:00:00,28459.0,28423.18649517603
21669,2017-04-05 10:00:00,28126.0,28095.614485107322
21670,2017-04-05 11:00:00,28094.0,28130.778462795264
21671,2017-04-05 12:00:00,27860.0,27838.620574139553
21672,2017-04-05 13:00:00,27607.0,27580.135449855752
21673,2017-04-05 14:00:00,27521.0,27568.88830616041
21674,2017-04-05 15:00:00,27449.0,27466.001111383368
21675,2017-04-05 16:00:00,27510.0,27543.22250429454
21676,2017-04-05 17:00:00,27866.0,27890.705460862246
21677,2017-04-05 18:00:00,28148.0,28135.40136630338
21678,2017-04-05 19:00:00,28294.0,28330.274638463747
21679,2017-04-05 20:00:00,29312.0,29320.81690679043
21680,2017-04-05 21:00:00,29884.0,29899.739659718307
21681,2017-04-05 22:00:00,28508.0,28490.607806390508
21682,2017-04-05 23:00:00,26240.0,26288.116388243714
21683,2017-04-06 00:00:00,24118.0,24153.460187540037
21684,2017-04-04 01:00:00,23139.0,23103.811443363185
21685,2017-04-04 02:00:00,22304.0,22274.38771394989
21686,2017-04-04 03:00:00,21874.0,21898.858370294354
21687,2017-04-04 04:00:00,21789.0,21741.57517656742
21688,2017-04-04 05:00:00,22262.0,22245.545042630023
21689,2017-04-04 06:00:00,24123.0,24126.25185317827
21690,2017-04-04 07:00:00,27404.0,27374.491109539624
21691,2017-04-04 08:00:00,29077.0,29114.31511273723
21692,2017-04-04 09:00:00,29374.0,29412.92681540335
21693,2017-04-04 10:00:00,29407.0,29452.684614721034
21694,2017-04-04 11:00:00,29341.0,29305.633089054674
21695,2017-04-04 12:00:00,29200.0,29157.928754036493
21696,2017-04-04 13:00:00,29124.0,29129.60945084312
21697,2017-04-04 14:00:00,29163.0,29192.24329311589
21698,2017-04-04 15:00:00,28938.0,28917.10583053871
21699,2017-04-04 16:00:00,28709.0,28683.097156754462
21700,2017-04-04 17:00:00,28883.0,28884.77207692607
21701,2017-04-04 18:00:00,29162.0,29160.20559486178
21702,2017-04-04 19:00:00,29299.0,29296.955001712857
21703,2017-04-04 20:00:00,30037.0,30027.527699743347
21704,2017-04-04 21:00:00,30503.0,30525.705754439885
21705,2017-04-04 22:00:00,29051.0,29062.469073193683
21706,2017-04-04 23:00:00,26613.0,26611.781528483967
21707,2017-04-05 00:00:00,24408.0,24430.07004946665
21708,2017-04-03 01:00:00,22877.0,22853.169609107645
21709,2017-04-03 02:00:00,22260.0,22299.183677565998
21710,2017-04-03 03:00:00,22115.0,22103.416766840564
21711,2017-04-03 04:00:00,22327.0,22309.75926730198
21712,2017-04-03 05:00:00,23244.0,23248.22749532982
21713,2017-04-03 06:00:00,25556.0,25533.040940606534
21714,2017-04-03 07:00:00,29084.0,29060.87401743481
21715,2017-04-03 08:00:00,30541.0,30498.787463947512
21716,2017-04-03 09:00:00,30236.0,30251.19390521576
21717,2017-04-03 10:00:00,29366.0,29407.27303646481
21718,2017-04-03 11:00:00,28633.0,28651.52635539315
21719,2017-04-03 12:00:00,28239.0,28245.77374472148
21720,2017-04-03 13:00:00,27920.0,27941.178862241904
21721,2017-04-03 14:00:00,27743.0,27789.645084411433
21722,2017-04-03 15:00:00,27726.0,27709.649374218552
21723,2017-04-03 16:00:00,27800.0,27793.0690557725
21724,2017-04-03 17:00:00,28088.0,28066.621842180004
21725,2017-04-03 18:00:00,28592.0,28543.6721057664
21726,2017-04-03 19:00:00,28950.0,28934.742654837646
21727,2017-04-03 20:00:00,30195.0,30152.161555470124
21728,2017-04-03 21:00:00,30239.0,30274.839876424718
21729,2017-04-03 22:00:00,28711.0,28732.560919378113
21730,2017-04-03 23:00:00,26536.0,26516.403140923187
21731,2017-04-04 00:00:00,24578.0,24560.79446601342
21732,2017-04-02 01:00:00,24587.0,24593.96032739364
21733,2017-04-02 02:00:00,23759.0,23788.80319174338
21734,2017-04-02 03:00:00,23346.0,23367.87072959394
21735,2017-04-02 04:00:00,23251.0,23203.881812787255
21736,2017-04-02 05:00:00,23469.0,23497.529604214495
21737,2017-04-02 06:00:00,24182.0,24220.133381073392
21738,2017-04-02 07:00:00,25136.0,25094.988980817332
21739,2017-04-02 08:00:00,25751.0,25778.00597293627
21740,2017-04-02 09:00:00,25999.0,25974.172908510136
21741,2017-04-02 10:00:00,25849.0,25816.3708393984
21742,2017-04-02 11:00:00,25436.0,25440.387653375208
21743,2017-04-02 12:00:00,24933.0,24938.267187629717
21744,2017-04-02 13:00:00,24486.0,24483.0876857515
21745,2017-04-02 14:00:00,24032.0,24072.180317380753
21746,2017-04-02 15:00:00,23669.0,23643.16155888484
21747,2017-04-02 16:00:00,23592.0,23602.25437581245
21748,2017-04-02 17:00:00,24094.0,24084.986721278525
21749,2017-04-02 18:00:00,24936.0,24973.377899784362
21750,2017-04-02 19:00:00,25690.0,25653.281514006114
21751,2017-04-02 20:00:00,27240.0,27198.291527731755
21752,2017-04-02 21:00:00,28358.0,28407.276019918147
21753,2017-04-02 22:00:00,27360.0,27367.720361187912
21754,2017-04-02 23:00:00,25693.0,25734.194176767887
21755,2017-04-03 00:00:00,24090.0,24080.821712860645
21756,2017-04-01 01:00:00,25597.0,25607.429528431705
21757,2017-04-01 02:00:00,24684.0,24703.408984633163
21758,2017-04-01 03:00:00,24202.0,24250.611297252108
21759,2017-04-01 04:00:00,23963.0,23924.27385072685
21760,2017-04-01 05:00:00,24148.0,24110.478080872548
21761,2017-04-01 06:00:00,24892.0,24894.320348628367
21762,2017-04-01 07:00:00,26212.0,26167.580018855006
21763,2017-04-01 08:00:00,27346.0,27368.74797864484
21764,2017-04-01 09:00:00,28555.0,28604.07555061818
21765,2017-04-01 10:00:00,28902.0,28933.143577806728
21766,2017-04-01 11:00:00,28946.0,28922.580883397386
21767,2017-04-01 12:00:00,28643.0,28672.956134187898
21768,2017-04-01 13:00:00,28099.0,28111.78762949478
21769,2017-04-01 14:00:00,27481.0,27442.941976461323
21770,2017-04-01 15:00:00,27016.0,27022.592415047086
21771,2017-04-01 16:00:00,26720.0,26759.67766022801
21772,2017-04-01 17:00:00,27039.0,27017.992293652223
21773,2017-04-01 18:00:00,27472.0,27487.910751625102
21774,2017-04-01 19:00:00,27892.0,27846.156473185052
21775,2017-04-01 20:00:00,29016.0,29049.421530260086
21776,2017-04-01 21:00:00,29403.0,29373.593735650193
21777,2017-04-01 22:00:00,28663.0,28673.862523629392
21778,2017-04-01 23:00:00,27361.0,27363.419344190177
21779,2017-04-02 00:00:00,25895.0,25899.81303128792
21780,2017-03-31 01:00:00,25277.0,25252.3736787902
21781,2017-03-31 02:00:00,24511.0,24516.911200506464
21782,2017-03-31 03:00:00,24151.0,24161.275135702213
21783,2017-03-31 04:00:00,24203.0,24195.54566980559
21784,2017-03-31 05:00:00,24888.0,24901.325304668462
21785,2017-03-31 06:00:00,26898.0,26867.15738254851
21786,2017-03-31 07:00:00,30363.0,30364.259525972426
21787,2017-03-31 08:00:00,32425.0,32446.68015742648
21788,2017-03-31 09:00:00,32889.0,32875.79959221425
21789,2017-03-31 10:00:00,33217.0,33208.11463445961
21790,2017-03-31 11:00:00,33503.0,33469.420397813905
21791,2017-03-31 12:00:00,33443.0,33454.644911437514
21792,2017-03-31 13:00:00,33243.0,33205.351920551744
21793,2017-03-31 14:00:00,33059.0,33059.08081996349
21794,2017-03-31 15:00:00,32664.0,32635.042101319512
21795,2017-03-31 16:00:00,32373.0,32342.412845205406
21796,2017-03-31 17:00:00,32315.0,32274.582956434406
21797,2017-03-31 18:00:00,32311.0,32296.739787724273
21798,2017-03-31 19:00:00,32040.0,32076.74106272324
21799,2017-03-31 20:00:00,32361.0,32371.49130060548
21800,2017-03-31 21:00:00,31893.0,31920.91093434535
21801,2017-03-31 22:00:00,30721.0,30682.457077287076
21802,2017-03-31 23:00:00,28886.0,28867.33142840405
21803,2017-04-01 00:00:00,26877.0,26865.861409594087
21804,2017-03-30 01:00:00,24165.0,24201.00091005685
21805,2017-03-30 02:00:00,23531.0,23547.43982875779
21806,2017-03-30 03:00:00,23358.0,23357.0478468558
21807,2017-03-30 04:00:00,23526.0,23506.04821117916
21808,2017-03-30 05:00:00,24400.0,24425.99496181425
21809,2017-03-30 06:00:00,26661.0,26699.83236464814
21810,2017-03-30 07:00:00,30307.0,30310.68125176986
21811,2017-03-30 08:00:00,31802.0,31756.342653597978
21812,2017-03-30 09:00:00,31672.0,31649.185163330032
21813,2017-03-30 10:00:00,30932.0,30956.580681459356
21814,2017-03-30 11:00:00,30508.0,30496.76022127383
21815,2017-03-30 12:00:00,30066.0,30078.591744610116
21816,2017-03-30 13:00:00,29562.0,29564.452175198203
21817,2017-03-30 14:00:00,29396.0,29436.771703035345
21818,2017-03-30 15:00:00,29511.0,29491.700170100077
21819,2017-03-30 16:00:00,29583.0,29577.60584160367
21820,2017-03-30 17:00:00,30102.0,30058.477976129954
21821,2017-03-30 18:00:00,30789.0,30819.496224402705
21822,2017-03-30 19:00:00,31239.0,31221.582199591136
21823,2017-03-30 20:00:00,32283.0,32305.193395167036
21824,2017-03-30 21:00:00,32184.0,32134.303158039034
21825,2017-03-30 22:00:00,30872.0,30908.74332747171
21826,2017-03-30 23:00:00,28674.0,28721.196001528308
21827,2017-03-31 00:00:00,26711.0,26707.996075459327
21828,2017-03-29 01:00:00,23890.0,23888.260433099793
21829,2017-03-29 02:00:00,23014.0,23025.63655866298
21830,2017-03-29 03:00:00,22635.0,22682.51115129836
21831,2017-03-29 04:00:00,22593.0,22598.857953416573
21832,2017-03-29 05:00:00,23293.0,23250.385546601963
21833,2017-03-29 06:00:00,25264.0,25270.51692038302
21834,2017-03-29 07:00:00,28667.0,28658.904777762455
21835,2017-03-29 08:00:00,30366.0,30392.085930749534
21836,2017-03-29 09:00:00,30267.0,30247.33385612697
21837,2017-03-29 10:00:00,29697.0,29739.4464969112
21838,2017-03-29 11:00:00,29073.0,29103.00759589576
21839,2017-03-29 12:00:00,28385.0,28367.656697414597
21840,2017-03-29 13:00:00,27867.0,27852.199034245477
21841,2017-03-29 14:00:00,27650.0,27651.781696146692
21842,2017-03-29 15:00:00,27317.0,27276.959316418768
21843,2017-03-29 16:00:00,27236.0,27255.01182841801
21844,2017-03-29 17:00:00,27540.0,27550.914633444416
21845,2017-03-29 18:00:00,27963.0,27944.870579493123
21846,2017-03-29 19:00:00,28392.0,28405.804606169746
21847,2017-03-29 20:00:00,29726.0,29685.824377562392
21848,2017-03-29 21:00:00,30557.0,30602.20513488818
21849,2017-03-29 22:00:00,29477.0,29433.697170129413
21850,2017-03-29 23:00:00,27349.0,27331.88392059506
21851,2017-03-30 00:00:00,25534.0,25581.053332153613
21852,2017-03-28 01:00:00,23498.0,23487.835478054356
21853,2017-03-28 02:00:00,22652.0,22690.560137119577
21854,2017-03-28 03:00:00,22285.0,22250.089934827905
21855,2017-03-28 04:00:00,22150.0,22106.67370185915
21856,2017-03-28 05:00:00,22741.0,22701.817227266336
21857,2017-03-28 06:00:00,24683.0,24730.205250453226
21858,2017-03-28 07:00:00,28106.0,28064.877689288394
21859,2017-03-28 08:00:00,29909.0,29924.173677453116
21860,2017-03-28 09:00:00,30251.0,30245.059954439977
21861,2017-03-28 10:00:00,30542.0,30578.079732981056
21862,2017-03-28 11:00:00,30797.0,30776.431263209903
21863,2017-03-28 12:00:00,30701.0,30653.89122865381
21864,2017-03-28 13:00:00,30558.0,30582.860013791225
21865,2017-03-28 14:00:00,30229.0,30237.87583927621
21866,2017-03-28 15:00:00,29659.0,29652.450307806335
21867,2017-03-28 16:00:00,29636.0,29618.301599781265
21868,2017-03-28 17:00:00,30034.0,30073.943683301888
21869,2017-03-28 18:00:00,30582.0,30544.179962364302
21870,2017-03-28 19:00:00,30757.0,30721.13546658855
21871,2017-03-28 20:00:00,31478.0,31429.482895435962
21872,2017-03-28 21:00:00,31302.0,31259.256360248055
21873,2017-03-28 22:00:00,29802.0,29837.72820516145
21874,2017-03-28 23:00:00,27442.0,27471.364977321053
21875,2017-03-29 00:00:00,25314.0,25274.242166984237
21876,2017-03-27 01:00:00,24896.0,24923.98153348431
21877,2017-03-27 02:00:00,24182.0,24196.10493938462
21878,2017-03-27 03:00:00,23870.0,23858.74850949938
21879,2017-03-27 04:00:00,23936.0,23894.420461831418
21880,2017-03-27 05:00:00,24577.0,24587.235171781293
21881,2017-03-27 06:00:00,26677.0,26710.96757791931
21882,2017-03-27 07:00:00,30082.0,30074.070949533623
21883,2017-03-27 08:00:00,31921.0,31913.438761894005
21884,2017-03-27 09:00:00,32110.0,32142.66831105061
21885,2017-03-27 10:00:00,31990.0,31961.05932903063
21886,2017-03-27 11:00:00,31798.0,31765.24685982668
21887,2017-03-27 12:00:00,31155.0,31174.558014005925
21888,2017-03-27 13:00:00,30478.0,30493.646495133627
21889,2017-03-27 14:00:00,29939.0,29980.212636726377
21890,2017-03-27 15:00:00,29452.0,29435.425328167326
21891,2017-03-27 16:00:00,29001.0,28971.200097452223
21892,2017-03-27 17:00:00,28834.0,28826.88296163329
21893,2017-03-27 18:00:00,29009.0,28997.379030274384
21894,2017-03-27 19:00:00,29205.0,29248.809489734795
21895,2017-03-27 20:00:00,30499.0,30540.760636992796
21896,2017-03-27 21:00:00,30860.0,30852.814962533583
21897,2017-03-27 22:00:00,29409.0,29400.24951548712
21898,2017-03-27 23:00:00,27151.0,27145.499278802527
21899,2017-03-28 00:00:00,25054.0,25077.089550827783
21900,2017-03-26 01:00:00,22877.0,22882.006009123892
21901,2017-03-26 02:00:00,22036.0,22014.7924377618
21902,2017-03-26 03:00:00,21620.0,21646.872961812554
21903,2017-03-26 04:00:00,21467.0,21507.382901382993
21904,2017-03-26 05:00:00,21645.0,21666.77577028923
21905,2017-03-26 06:00:00,22228.0,22197.46522996487
21906,2017-03-26 07:00:00,23287.0,23316.17735989524
21907,2017-03-26 08:00:00,24323.0,24371.895114442945
21908,2017-03-26 09:00:00,25884.0,25902.51551338725
21909,2017-03-26 10:00:00,27231.0,27205.388620672467
21910,2017-03-26 11:00:00,28078.0,28028.55476086126
21911,2017-03-26 12:00:00,28517.0,28505.54061492795
21912,2017-03-26 13:00:00,28670.0,28667.025009303718
21913,2017-03-26 14:00:00,28544.0,28584.965446616858
21914,2017-03-26 15:00:00,28382.0,28393.967974035957
21915,2017-03-26 16:00:00,28404.0,28382.16197128048
21916,2017-03-26 17:00:00,28840.0,28859.173036913988
21917,2017-03-26 18:00:00,29579.0,29538.218920954005
21918,2017-03-26 19:00:00,30045.0,30016.343100393166
21919,2017-03-26 20:00:00,31162.0,31186.44906364798
21920,2017-03-26 21:00:00,31083.0,31062.7229839678
21921,2017-03-26 22:00:00,29875.0,29828.114148528588
21922,2017-03-26 23:00:00,28007.0,28006.676803567665
21923,2017-03-27 00:00:00,26181.0,26196.805003501093
21924,2017-03-25 01:00:00,24539.0,24567.902028708984
21925,2017-03-25 02:00:00,23521.0,23501.60319059805
21926,2017-03-25 03:00:00,23010.0,23002.457506295174
21927,2017-03-25 04:00:00,22746.0,22751.656134024524
21928,2017-03-25 05:00:00,22785.0,22742.467129013294
21929,2017-03-25 06:00:00,23403.0,23372.764367651573
21930,2017-03-25 07:00:00,24585.0,24571.92541179354
21931,2017-03-25 08:00:00,25597.0,25573.717717842967
21932,2017-03-25 09:00:00,26784.0,26780.582860609866
21933,2017-03-25 10:00:00,27362.0,27377.073317293492
21934,2017-03-25 11:00:00,27181.0,27184.968590457254
21935,2017-03-25 12:00:00,26889.0,26916.42082260421
21936,2017-03-25 13:00:00,26363.0,26375.635106713587
21937,2017-03-25 14:00:00,25864.0,25843.191202974176
21938,2017-03-25 15:00:00,25600.0,25561.996908705707
21939,2017-03-25 16:00:00,25767.0,25780.969089822018
21940,2017-03-25 17:00:00,26113.0,26084.19525061969
21941,2017-03-25 18:00:00,26411.0,26392.866529322408
21942,2017-03-25 19:00:00,26706.0,26735.520228524838
21943,2017-03-25 20:00:00,27680.0,27651.991395385634
21944,2017-03-25 21:00:00,27721.0,27724.783530885874
21945,2017-03-25 22:00:00,26954.0,26913.48244650725
21946,2017-03-25 23:00:00,25704.0,25695.653948984545
21947,2017-03-26 00:00:00,24232.0,24280.02770868439
21948,2017-03-24 01:00:00,28308.0,28353.438282097864
21949,2017-03-24 02:00:00,27654.0,27698.65943014104
21950,2017-03-24 03:00:00,27442.0,27451.51615323398
21951,2017-03-24 04:00:00,27536.0,27515.469339505908
21952,2017-03-24 05:00:00,28295.0,28280.495164679196
21953,2017-03-24 06:00:00,30478.0,30448.60444307077
21954,2017-03-24 07:00:00,33785.0,33744.75979601799
21955,2017-03-24 08:00:00,35282.0,35248.88517963047
21956,2017-03-24 09:00:00,34838.0,34834.726137995734
21957,2017-03-24 10:00:00,33921.0,33873.70303512792
21958,2017-03-24 11:00:00,33600.0,33643.91962218504
21959,2017-03-24 12:00:00,33417.0,33423.162301952485
21960,2017-03-24 13:00:00,32308.0,32275.352026593006
21961,2017-03-24 14:00:00,31207.0,31198.634063796166
21962,2017-03-24 15:00:00,30093.0,30080.628681316946
21963,2017-03-24 16:00:00,29112.0,29145.53497769309
21964,2017-03-24 17:00:00,29058.0,29020.049485662654
21965,2017-03-24 18:00:00,29380.0,29372.98706432668
21966,2017-03-24 19:00:00,29492.0,29513.131007748023
21967,2017-03-24 20:00:00,30467.0,30454.31889302334
21968,2017-03-24 21:00:00,30596.0,30581.75926816106
21969,2017-03-24 22:00:00,29584.0,29568.043831506522
21970,2017-03-24 23:00:00,27893.0,27919.201027855077
21971,2017-03-25 00:00:00,26072.0,26033.930376079486
21972,2017-03-23 01:00:00,29678.0,29713.67042991341
21973,2017-03-23 02:00:00,29134.0,29091.088492127245
21974,2017-03-23 03:00:00,29139.0,29120.900411660856
21975,2017-03-23 04:00:00,29420.0,29408.90461352058
21976,2017-03-23 05:00:00,30469.0,30458.358867866715
21977,2017-03-23 06:00:00,32870.0,32838.76743645776
21978,2017-03-23 07:00:00,36713.0,36723.31588437849
21979,2017-03-23 08:00:00,38210.0,38205.35721445262
21980,2017-03-23 09:00:00,36994.0,37000.757319946366
21981,2017-03-23 10:00:00,35313.0,35324.49148028262
21982,2017-03-23 11:00:00,34069.0,34038.13361644403
21983,2017-03-23 12:00:00,32965.0,33007.029131710566
21984,2017-03-23 13:00:00,31990.0,32023.00944061435
21985,2017-03-23 14:00:00,31188.0,31220.840445364913
21986,2017-03-23 15:00:00,30384.0,30387.16537876166
21987,2017-03-23 16:00:00,29951.0,29983.005385426004
21988,2017-03-23 17:00:00,30065.0,30077.748498166966
21989,2017-03-23 18:00:00,30653.0,30648.0554914858
21990,2017-03-23 19:00:00,31419.0,31444.246058918594
21991,2017-03-23 20:00:00,33361.0,33370.9943205305
21992,2017-03-23 21:00:00,34291.0,34241.20136378414
21993,2017-03-23 22:00:00,33350.0,33399.70027951545
21994,2017-03-23 23:00:00,31456.0,31448.98510137068
21995,2017-03-24 00:00:00,29615.0,29622.172797493266
21996,2017-03-22 01:00:00,24626.0,24616.593589202806
21997,2017-03-22 02:00:00,23803.0,23763.030239088104
21998,2017-03-22 03:00:00,23554.0,23587.401002108054
21999,2017-03-22 04:00:00,23708.0,23726.25553435345
22000,2017-03-22 05:00:00,24611.0,24643.85158437693
22001,2017-03-22 06:00:00,26909.0,26907.39461405142
22002,2017-03-22 07:00:00,30824.0,30853.17071598451
22003,2017-03-22 08:00:00,32762.0,32791.77193610084
22004,2017-03-22 09:00:00,32675.0,32658.629626720765
22005,2017-03-22 10:00:00,32121.0,32071.40731766833
22006,2017-03-22 11:00:00,31654.0,31689.97874319149
22007,2017-03-22 12:00:00,31230.0,31198.463324307482
22008,2017-03-22 13:00:00,30885.0,30921.871323112482
22009,2017-03-22 14:00:00,30678.0,30689.82988860772
22010,2017-03-22 15:00:00,30378.0,30391.474251660373
22011,2017-03-22 16:00:00,30313.0,30287.7218369256
22012,2017-03-22 17:00:00,30790.0,30780.260809720825
22013,2017-03-22 18:00:00,31610.0,31591.209191965732
22014,2017-03-22 19:00:00,32720.0,32689.034848482355
22015,2017-03-22 20:00:00,34841.0,34863.4506301389
22016,2017-03-22 21:00:00,35717.0,35676.58433697923
22017,2017-03-22 22:00:00,34715.0,34716.19669244906
22018,2017-03-22 23:00:00,32738.0,32741.600842021035
22019,2017-03-23 00:00:00,30875.0,30920.5386473542
22020,2017-03-21 01:00:00,25562.0,25598.939209374483
22021,2017-03-21 02:00:00,24770.0,24769.168874851264
22022,2017-03-21 03:00:00,24463.0,24497.418247447134
22023,2017-03-21 04:00:00,24533.0,24562.057770004318
22024,2017-03-21 05:00:00,25199.0,25151.78964411061
22025,2017-03-21 06:00:00,27284.0,27326.21370790327
22026,2017-03-21 07:00:00,30803.0,30821.79047650762
22027,2017-03-21 08:00:00,32597.0,32614.195235050785
22028,2017-03-21 09:00:00,32639.0,32660.34814859656
22029,2017-03-21 10:00:00,32244.0,32216.47618739178
22030,2017-03-21 11:00:00,31719.0,31671.91724000005
22031,2017-03-21 12:00:00,30957.0,30930.184339092342
22032,2017-03-21 13:00:00,29919.0,29948.457794244005
22033,2017-03-21 14:00:00,28937.0,28946.731516653723
22034,2017-03-21 15:00:00,28273.0,28259.127860245128
22035,2017-03-21 16:00:00,27959.0,27933.151926462742
22036,2017-03-21 17:00:00,28172.0,28201.98315631141
22037,2017-03-21 18:00:00,28702.0,28697.7869225491
22038,2017-03-21 19:00:00,29263.0,29274.174420694304
22039,2017-03-21 20:00:00,30858.0,30809.25708966045
22040,2017-03-21 21:00:00,31335.0,31327.993201066005
22041,2017-03-21 22:00:00,30141.0,30092.543446524767
22042,2017-03-21 23:00:00,28018.0,28046.742833760218
22043,2017-03-22 00:00:00,26083.0,26057.925149492825
22044,2017-03-20 01:00:00,26362.0,26328.712238408312
22045,2017-03-20 02:00:00,25822.0,25864.63941184108
22046,2017-03-20 03:00:00,25761.0,25712.800765322787
22047,2017-03-20 04:00:00,26165.0,26134.78209973238
22048,2017-03-20 05:00:00,27222.0,27196.048448925252
22049,2017-03-20 06:00:00,29670.0,29702.280394049652
22050,2017-03-20 07:00:00,33445.0,33466.00838754923
22051,2017-03-20 08:00:00,35099.0,35145.740847158915
22052,2017-03-20 09:00:00,34150.0,34169.48572254753
22053,2017-03-20 10:00:00,32751.0,32724.63189291051
22054,2017-03-20 11:00:00,31753.0,31719.6836072393
22055,2017-03-20 12:00:00,30760.0,30785.54057127919
22056,2017-03-20 13:00:00,30096.0,30136.090336684894
22057,2017-03-20 14:00:00,29796.0,29837.16728384486
22058,2017-03-20 15:00:00,29385.0,29412.109666109693
22059,2017-03-20 16:00:00,29292.0,29321.436609641358
22060,2017-03-20 17:00:00,29840.0,29856.23691051153
22061,2017-03-20 18:00:00,30558.0,30581.582710102237
22062,2017-03-20 19:00:00,31313.0,31274.604936613105
22063,2017-03-20 20:00:00,32813.0,32795.92076543664
22064,2017-03-20 21:00:00,32773.0,32768.809881733185
22065,2017-03-20 22:00:00,31422.0,31438.43230693846
22066,2017-03-20 23:00:00,29108.0,29099.768169397677
22067,2017-03-21 00:00:00,26996.0,26983.499802098915
22068,2017-03-19 01:00:00,27040.0,27046.359697853903
22069,2017-03-19 02:00:00,26262.0,26251.442886894834
22070,2017-03-19 03:00:00,25878.0,25835.254091597475
22071,2017-03-19 04:00:00,25803.0,25849.94168348186
22072,2017-03-19 05:00:00,26037.0,26079.616205633272
22073,2017-03-19 06:00:00,26675.0,26628.900876944554
22074,2017-03-19 07:00:00,27757.0,27759.918674898694
22075,2017-03-19 08:00:00,28702.0,28723.27739688096
22076,2017-03-19 09:00:00,29654.0,29664.986283244652
22077,2017-03-19 10:00:00,29898.0,29883.338663793827
22078,2017-03-19 11:00:00,29676.0,29706.32752539223
22079,2017-03-19 12:00:00,28943.0,28954.47471652656
22080,2017-03-19 13:00:00,28095.0,28068.893030499
22081,2017-03-19 14:00:00,27342.0,27353.123271747336
22082,2017-03-19 15:00:00,26745.0,26722.467128125467
22083,2017-03-19 16:00:00,26499.0,26508.584984837016
22084,2017-03-19 17:00:00,26840.0,26866.431841173646
22085,2017-03-19 18:00:00,27786.0,27766.254404916977
22086,2017-03-19 19:00:00,28902.0,28880.25217590193
22087,2017-03-19 20:00:00,30914.0,30936.67024651159
22088,2017-03-19 21:00:00,31607.0,31607.83700484368
22089,2017-03-19 22:00:00,30759.0,30722.880058036473
22090,2017-03-19 23:00:00,29177.0,29181.569542195688
22091,2017-03-20 00:00:00,27549.0,27565.3209055189
22092,2017-03-18 01:00:00,27807.0,27806.13157278345
22093,2017-03-18 02:00:00,27011.0,27023.416124733434
22094,2017-03-18 03:00:00,26541.0,26527.485434919625
22095,2017-03-18 04:00:00,26312.0,26349.781394874542
22096,2017-03-18 05:00:00,26531.0,26504.996444081153
22097,2017-03-18 06:00:00,27189.0,27167.134527954193
22098,2017-03-18 07:00:00,28418.0,28445.365983421736
22099,2017-03-18 08:00:00,29678.0,29633.785841735018
22100,2017-03-18 09:00:00,30857.0,30905.738019523294
22101,2017-03-18 10:00:00,31970.0,31982.901522021763
22102,2017-03-18 11:00:00,32261.0,32291.744486526062
22103,2017-03-18 12:00:00,31868.0,31876.39438561441
22104,2017-03-18 13:00:00,31121.0,31149.63299612791
22105,2017-03-18 14:00:00,30392.0,30385.419961219657
22106,2017-03-18 15:00:00,29858.0,29865.674248261235
22107,2017-03-18 16:00:00,29585.0,29601.19244579052
22108,2017-03-18 17:00:00,29750.0,29790.192851219253
22109,2017-03-18 18:00:00,30196.0,30149.477257567218
22110,2017-03-18 19:00:00,30793.0,30753.891009980223
22111,2017-03-18 20:00:00,31966.0,31985.064612002814
22112,2017-03-18 21:00:00,31924.0,31908.436243237746
22113,2017-03-18 22:00:00,31135.0,31152.773098501544
22114,2017-03-18 23:00:00,29820.0,29792.773747600364
22115,2017-03-19 00:00:00,28343.0,28355.825904061297
22116,2017-03-17 01:00:00,30420.0,30417.81151819883
22117,2017-03-17 02:00:00,29710.0,29672.29184902733
22118,2017-03-17 03:00:00,29529.0,29571.942711446776
22119,2017-03-17 04:00:00,29734.0,29763.219803392403
22120,2017-03-17 05:00:00,30612.0,30640.107492527204
22121,2017-03-17 06:00:00,32778.0,32797.69250701683
22122,2017-03-17 07:00:00,36321.0,36273.13482505839
22123,2017-03-17 08:00:00,37910.0,37910.46222980777
22124,2017-03-17 09:00:00,37056.0,37081.09606351479
22125,2017-03-17 10:00:00,35549.0,35520.674901682156
22126,2017-03-17 11:00:00,34367.0,34378.5262842888
22127,2017-03-17 12:00:00,33273.0,33315.94828676972
22128,2017-03-17 13:00:00,32337.0,32362.29318086714
22129,2017-03-17 14:00:00,31537.0,31541.763909052243
22130,2017-03-17 15:00:00,30811.0,30791.99243045369
22131,2017-03-17 16:00:00,30328.0,30341.653842269385
22132,2017-03-17 17:00:00,30496.0,30517.440378011117
22133,2017-03-17 18:00:00,31188.0,31201.777011241084
22134,2017-03-17 19:00:00,31890.0,31915.541871184767
22135,2017-03-17 20:00:00,33246.0,33223.92472154942
22136,2017-03-17 21:00:00,33328.0,33328.78111218935
22137,2017-03-17 22:00:00,32447.0,32451.867159319198
22138,2017-03-17 23:00:00,30897.0,30855.98850042269
22139,2017-03-18 00:00:00,29267.0,29234.654443471303
22140,2017-03-16 01:00:00,32992.0,32972.66226322573
22141,2017-03-16 02:00:00,32181.0,32135.77561346426
22142,2017-03-16 03:00:00,31822.0,31795.36035166091
22143,2017-03-16 04:00:00,31949.0,31951.215666810553
22144,2017-03-16 05:00:00,32663.0,32667.174492982722
22145,2017-03-16 06:00:00,34666.0,34640.94271684565
22146,2017-03-16 07:00:00,37981.0,38025.64882195207
22147,2017-03-16 08:00:00,39507.0,39503.71665544003
22148,2017-03-16 09:00:00,38824.0,38837.72762798171
22149,2017-03-16 10:00:00,37631.0,37584.03623874147
22150,2017-03-16 11:00:00,36903.0,36892.91821431417
22151,2017-03-16 12:00:00,36086.0,36090.21083617224
22152,2017-03-16 13:00:00,35260.0,35241.225430781626
22153,2017-03-16 14:00:00,34657.0,34624.13719899202
22154,2017-03-16 15:00:00,33939.0,33909.11465011516
22155,2017-03-16 16:00:00,33398.0,33394.655009713046
22156,2017-03-16 17:00:00,33320.0,33277.10160217503
22157,2017-03-16 18:00:00,33758.0,33731.4460972606
22158,2017-03-16 19:00:00,34638.0,34659.95388876309
22159,2017-03-16 20:00:00,36636.0,36607.47401495269
22160,2017-03-16 21:00:00,37081.0,37042.6934914973
22161,2017-03-16 22:00:00,35871.0,35829.37611506834
22162,2017-03-16 23:00:00,33829.0,33877.87282458869
22163,2017-03-17 00:00:00,31885.0,31843.68627764887
22164,2017-03-15 01:00:00,31917.0,31910.349847300728
22165,2017-03-15 02:00:00,31452.0,31453.107218039237
22166,2017-03-15 03:00:00,31344.0,31390.45759398192
22167,2017-03-15 04:00:00,31653.0,31692.10992441813
22168,2017-03-15 05:00:00,32488.0,32461.767876894744
22169,2017-03-15 06:00:00,34523.0,34481.470118587466
22170,2017-03-15 07:00:00,37491.0,37484.79270893288
22171,2017-03-15 08:00:00,39305.0,39265.09144976248
22172,2017-03-15 09:00:00,39684.0,39721.110549938545
22173,2017-03-15 10:00:00,39371.0,39391.37749303822
22174,2017-03-15 11:00:00,39332.0,39376.37864576059
22175,2017-03-15 12:00:00,39289.0,39295.94520446996
22176,2017-03-15 13:00:00,38905.0,38891.4424944701
22177,2017-03-15 14:00:00,38647.0,38647.064759333036
22178,2017-03-15 15:00:00,38376.0,38342.077709777026
22179,2017-03-15 16:00:00,38330.0,38326.30632760056
22180,2017-03-15 17:00:00,38527.0,38576.870772334434
22181,2017-03-15 18:00:00,38877.0,38896.05061562739
22182,2017-03-15 19:00:00,39255.0,39211.23565546556
22183,2017-03-15 20:00:00,40516.0,40538.566739976384
22184,2017-03-15 21:00:00,40365.0,40325.0660724532
22185,2017-03-15 22:00:00,38806.0,38795.06445755828
22186,2017-03-15 23:00:00,36573.0,36601.62502525607
22187,2017-03-16 00:00:00,34448.0,34410.80898843232
22188,2017-03-14 01:00:00,29987.0,29966.274338772906
22189,2017-03-14 02:00:00,29242.0,29211.526222791075
22190,2017-03-14 03:00:00,28891.0,28928.009580998605
22191,2017-03-14 04:00:00,28929.0,28893.791652604763
22192,2017-03-14 05:00:00,29365.0,29368.578523169293
22193,2017-03-14 06:00:00,30475.0,30452.531489037872
22194,2017-03-14 07:00:00,32054.0,32054.72577215807
22195,2017-03-14 08:00:00,33293.0,33259.73640805547
22196,2017-03-14 09:00:00,34244.0,34269.757646173246
22197,2017-03-14 10:00:00,35151.0,35165.31114378711
22198,2017-03-14 11:00:00,35573.0,35527.34262419356
22199,2017-03-14 12:00:00,35494.0,35538.75651951813
22200,2017-03-14 13:00:00,35239.0,35278.29735826029
22201,2017-03-14 14:00:00,34908.0,34887.77777070552
22202,2017-03-14 15:00:00,34234.0,34213.18804135792
22203,2017-03-14 16:00:00,33998.0,33997.91777778171
22204,2017-03-14 17:00:00,34286.0,34297.91191000508
22205,2017-03-14 18:00:00,35136.0,35115.10359353778
22206,2017-03-14 19:00:00,35856.0,35885.53527682999
22207,2017-03-14 20:00:00,37441.0,37398.849529645515
22208,2017-03-14 21:00:00,37465.0,37454.78360241506
22209,2017-03-14 22:00:00,36296.0,36301.58091279321
22210,2017-03-14 23:00:00,34576.0,34605.968198102535
22211,2017-03-15 00:00:00,32964.0,33001.18172938498
22212,2017-03-13 01:00:00,30764.0,30738.44070292947
22213,2017-03-13 02:00:00,30216.0,30190.106423278194
22214,2017-03-13 03:00:00,30356.0,30342.826445124254
22215,2017-03-13 04:00:00,30597.0,30589.755557581342
22216,2017-03-13 05:00:00,31588.0,31622.840322152882
22217,2017-03-13 06:00:00,34033.0,33983.757114723536
22218,2017-03-13 07:00:00,37732.0,37750.49600687702
22219,2017-03-13 08:00:00,39606.0,39578.00587914205
22220,2017-03-13 09:00:00,38865.0,38903.24020162312
22221,2017-03-13 10:00:00,37354.0,37335.7347572518
22222,2017-03-13 11:00:00,36188.0,36191.755605184895
22223,2017-03-13 12:00:00,35030.0,35012.903544196175
22224,2017-03-13 13:00:00,33873.0,33865.528132383384
22225,2017-03-13 14:00:00,33047.0,33049.22309354191
22226,2017-03-13 15:00:00,32209.0,32233.75373678686
22227,2017-03-13 16:00:00,31776.0,31738.075657886955
22228,2017-03-13 17:00:00,32219.0,32204.222696276094
22229,2017-03-13 18:00:00,33377.0,33390.96370608355
22230,2017-03-13 19:00:00,34669.0,34677.88000419576
22231,2017-03-13 20:00:00,36394.0,36422.08304606869
22232,2017-03-13 21:00:00,36218.0,36256.90743354124
22233,2017-03-13 22:00:00,34994.0,34953.40735463507
22234,2017-03-13 23:00:00,33171.0,33192.384165388175
22235,2017-03-14 00:00:00,31419.0,31397.400614835573
22236,2017-03-12 01:00:00,30935.0,30933.138685399033
22237,2017-03-12 02:00:00,30384.0,30396.777376003014
22238,2017-03-12 04:00:00,29985.0,29950.061022002024
22239,2017-03-12 05:00:00,30109.0,30093.658961400022
22240,2017-03-12 06:00:00,30481.0,30528.608237423483
22241,2017-03-12 07:00:00,31541.0,31504.629705446376
22242,2017-03-12 08:00:00,32275.0,32233.333278472506
22243,2017-03-12 09:00:00,32797.0,32830.679829143955
22244,2017-03-12 10:00:00,32797.0,32790.06352452286
22245,2017-03-12 11:00:00,32700.0,32717.479158645012
22246,2017-03-12 12:00:00,32530.0,32510.57344226835
22247,2017-03-12 13:00:00,32210.0,32179.843275051826
22248,2017-03-12 14:00:00,31708.0,31679.24753471283
22249,2017-03-12 15:00:00,31203.0,31172.558900428954
22250,2017-03-12 16:00:00,30926.0,30900.69717988736
22251,2017-03-12 17:00:00,30929.0,30901.122040718452
22252,2017-03-12 18:00:00,31578.0,31609.36977145599
22253,2017-03-12 19:00:00,31554.0,31557.32937051471
22254,2017-03-12 20:00:00,35284.0,35263.65022171676
22255,2017-03-12 21:00:00,36012.0,35996.50560503615
22256,2017-03-12 22:00:00,35238.0,35283.77981575704
22257,2017-03-12 23:00:00,33713.0,33681.38698192211
22258,2017-03-13 00:00:00,31964.0,32002.675414841655
22259,2017-03-11 01:00:00,30415.0,30438.680392089598
22260,2017-03-11 02:00:00,29962.0,29973.345246891367
22261,2017-03-11 03:00:00,29869.0,29881.409250995886
22262,2017-03-11 04:00:00,30001.0,29993.293990784478
22263,2017-03-11 05:00:00,30427.0,30420.885067483607
22264,2017-03-11 06:00:00,31415.0,31444.60814285608
22265,2017-03-11 07:00:00,32485.0,32516.08629297368
22266,2017-03-11 08:00:00,33182.0,33189.115766539544
22267,2017-03-11 09:00:00,33774.0,33800.85926702563
22268,2017-03-11 10:00:00,34168.0,34199.005425723386
22269,2017-03-11 11:00:00,33973.0,33956.21110515004
22270,2017-03-11 12:00:00,33410.0,33422.33586876877
22271,2017-03-11 13:00:00,32672.0,32665.579428712383
22272,2017-03-11 14:00:00,31968.0,31927.810805596902
22273,2017-03-11 15:00:00,31439.0,31453.846565167874
22274,2017-03-11 16:00:00,31336.0,31344.74840329833
22275,2017-03-11 17:00:00,31925.0,31885.259770620138
22276,2017-03-11 18:00:00,33261.0,33218.08128602909
22277,2017-03-11 19:00:00,35549.0,35523.963434015604
22278,2017-03-11 20:00:00,35953.0,35986.341543321854
22279,2017-03-11 21:00:00,35575.0,35531.36768060403
22280,2017-03-11 22:00:00,34735.0,34731.036831989826
22281,2017-03-11 23:00:00,33471.0,33438.90365304084
22282,2017-03-12 00:00:00,32114.0,32089.355307576832
22283,2017-03-10 01:00:00,23908.0,23934.992389841074
22284,2017-03-10 02:00:00,23268.0,23303.060449725028
22285,2017-03-10 03:00:00,23158.0,23166.028848443493
22286,2017-03-10 04:00:00,23183.0,23219.32437756009
22287,2017-03-10 05:00:00,24071.0,24106.68731922906
22288,2017-03-10 06:00:00,26224.0,26196.15190603842
22289,2017-03-10 07:00:00,29521.0,29535.501756906866
22290,2017-03-10 08:00:00,31536.0,31563.832846675552
22291,2017-03-10 09:00:00,32564.0,32570.105425823243
22292,2017-03-10 10:00:00,33340.0,33370.57785013287
22293,2017-03-10 11:00:00,34015.0,34027.88315760139
22294,2017-03-10 12:00:00,34159.0,34137.445699176395
22295,2017-03-10 13:00:00,33607.0,33625.55962921898
22296,2017-03-10 14:00:00,32821.0,32829.79998943811
22297,2017-03-10 15:00:00,32105.0,32117.49505468901
22298,2017-03-10 16:00:00,31923.0,31882.532023637723
22299,2017-03-10 17:00:00,32591.0,32553.57354829119
22300,2017-03-10 18:00:00,33785.0,33816.46533514937
22301,2017-03-10 19:00:00,35590.0,35583.12707971204
22302,2017-03-10 20:00:00,35700.0,35671.527727727174
22303,2017-03-10 21:00:00,35279.0,35238.26758062271
22304,2017-03-10 22:00:00,34436.0,34412.29037793696
22305,2017-03-10 23:00:00,32941.0,32920.5196472354
22306,2017-03-11 00:00:00,31509.0,31557.296415533652
22307,2017-03-09 01:00:00,24091.0,24124.450503251624
22308,2017-03-09 02:00:00,23400.0,23357.845706053715
22309,2017-03-09 03:00:00,23121.0,23145.844984743086
22310,2017-03-09 04:00:00,23138.0,23144.393020502463
22311,2017-03-09 05:00:00,23862.0,23834.84755734629
22312,2017-03-09 06:00:00,26053.0,26077.6577154986
22313,2017-03-09 07:00:00,28975.0,28928.017868502484
22314,2017-03-09 08:00:00,29969.0,29992.15306949515
22315,2017-03-09 09:00:00,29384.0,29423.528796968654
22316,2017-03-09 10:00:00,28794.0,28832.26125374065
22317,2017-03-09 11:00:00,28437.0,28464.234066990037
22318,2017-03-09 12:00:00,28110.0,28153.473075859183
22319,2017-03-09 13:00:00,27817.0,27837.732757746315
22320,2017-03-09 14:00:00,27712.0,27730.672805750506
22321,2017-03-09 15:00:00,27680.0,27632.61937796178
22322,2017-03-09 16:00:00,27846.0,27813.418796230224
22323,2017-03-09 17:00:00,28339.0,28367.142869125742
22324,2017-03-09 18:00:00,29321.0,29370.750273464735
22325,2017-03-09 19:00:00,30988.0,31009.99321752931
22326,2017-03-09 20:00:00,31094.0,31101.98296586498
22327,2017-03-09 21:00:00,30386.0,30354.34192721186
22328,2017-03-09 22:00:00,29009.0,29053.791235329918
22329,2017-03-09 23:00:00,26988.0,27002.973281828185
22330,2017-03-10 00:00:00,25165.0,25163.903831295855
22331,2017-03-08 01:00:00,23748.0,23784.138703485994
22332,2017-03-08 02:00:00,22965.0,23010.328206113212
22333,2017-03-08 03:00:00,22559.0,22546.118480639245
22334,2017-03-08 04:00:00,22623.0,22624.578520388637
22335,2017-03-08 05:00:00,23299.0,23260.510196380186
22336,2017-03-08 06:00:00,25416.0,25461.985501519663
22337,2017-03-08 07:00:00,28796.0,28758.067588865633
22338,2017-03-08 08:00:00,30278.0,30320.902793024423
22339,2017-03-08 09:00:00,30237.0,30206.10357414979
22340,2017-03-08 10:00:00,29501.0,29541.877502594183
22341,2017-03-08 11:00:00,28778.0,28773.2306242194
22342,2017-03-08 12:00:00,28309.0,28318.20655809568
22343,2017-03-08 13:00:00,28023.0,27976.56201394107
22344,2017-03-08 14:00:00,27892.0,27881.438673805853
22345,2017-03-08 15:00:00,27837.0,27836.339339720624
22346,2017-03-08 16:00:00,27929.0,27879.942861230084
22347,2017-03-08 17:00:00,28470.0,28486.085662610825
22348,2017-03-08 18:00:00,29478.0,29511.889537602925
22349,2017-03-08 19:00:00,31269.0,31221.478000796793
22350,2017-03-08 20:00:00,31565.0,31564.253560436806
22351,2017-03-08 21:00:00,30906.0,30859.37313629772
22352,2017-03-08 22:00:00,29387.0,29424.32939194984
22353,2017-03-08 23:00:00,27350.0,27316.081567541838
22354,2017-03-09 00:00:00,25409.0,25364.852474687315
22355,2017-03-07 01:00:00,25792.0,25827.76979001135
22356,2017-03-07 02:00:00,24983.0,24977.450770657248
22357,2017-03-07 03:00:00,24684.0,24643.540900630116
22358,2017-03-07 04:00:00,24694.0,24708.791895609662
22359,2017-03-07 05:00:00,25402.0,25422.55995996578
22360,2017-03-07 06:00:00,27446.0,27452.833467237146
22361,2017-03-07 07:00:00,30656.0,30639.21286088895
22362,2017-03-07 08:00:00,32033.0,32025.44859470302
22363,2017-03-07 09:00:00,32189.0,32234.484082379553
22364,2017-03-07 10:00:00,32061.0,32064.43616736262
22365,2017-03-07 11:00:00,31648.0,31637.70591957838
22366,2017-03-07 12:00:00,31176.0,31196.81919447262
22367,2017-03-07 13:00:00,30574.0,30531.61573347614
22368,2017-03-07 14:00:00,30085.0,30064.02278591275
22369,2017-03-07 15:00:00,29719.0,29691.647270381243
22370,2017-03-07 16:00:00,29743.0,29761.010354428458
22371,2017-03-07 17:00:00,30083.0,30093.391277610997
22372,2017-03-07 18:00:00,31047.0,31072.943644297993
22373,2017-03-07 19:00:00,32561.0,32553.677240474797
22374,2017-03-07 20:00:00,32271.0,32238.394349090035
22375,2017-03-07 21:00:00,31253.0,31221.28276482841
22376,2017-03-07 22:00:00,29571.0,29610.225510542787
22377,2017-03-07 23:00:00,27287.0,27244.48941932155
22378,2017-03-08 00:00:00,25261.0,25270.411987083455
22379,2017-03-06 01:00:00,29727.0,29700.167316351457
22380,2017-03-06 02:00:00,29239.0,29210.427778452125
22381,2017-03-06 03:00:00,29212.0,29171.840755548084
22382,2017-03-06 04:00:00,29446.0,29493.928118625092
22383,2017-03-06 05:00:00,30398.0,30354.0984920408
22384,2017-03-06 06:00:00,32521.0,32485.775148777167
22385,2017-03-06 07:00:00,35690.0,35676.516793173934
22386,2017-03-06 08:00:00,36408.0,36403.579749984536
22387,2017-03-06 09:00:00,35030.0,35075.0799289073
22388,2017-03-06 10:00:00,33532.0,33506.17881250033
22389,2017-03-06 11:00:00,32468.0,32490.097811474472
22390,2017-03-06 12:00:00,31601.0,31616.638863685068
22391,2017-03-06 13:00:00,30896.0,30897.74947867763
22392,2017-03-06 14:00:00,30439.0,30415.60606670503
22393,2017-03-06 15:00:00,30125.0,30090.66367823882
22394,2017-03-06 16:00:00,30308.0,30275.65206802884
22395,2017-03-06 17:00:00,31242.0,31226.59945621019
22396,2017-03-06 18:00:00,32733.0,32696.712269609037
22397,2017-03-06 19:00:00,34453.0,34502.858062210435
22398,2017-03-06 20:00:00,34236.0,34230.58161696498
22399,2017-03-06 21:00:00,33325.0,33328.89902126259
22400,2017-03-06 22:00:00,31555.0,31566.645717286243
22401,2017-03-06 23:00:00,29232.0,29201.578405208536
22402,2017-03-07 00:00:00,27191.0,27189.175371864927
22403,2017-03-05 01:00:00,31300.0,31256.289040607968
22404,2017-03-05 02:00:00,30900.0,30946.916705836058
22405,2017-03-05 03:00:00,30822.0,30819.282572358967
22406,2017-03-05 04:00:00,31022.0,30974.966218638743
22407,2017-03-05 05:00:00,31535.0,31544.907408125222
22408,2017-03-05 06:00:00,32450.0,32410.0114312698
22409,2017-03-05 07:00:00,33409.0,33437.99805378923
22410,2017-03-05 08:00:00,33736.0,33781.33556163733
22411,2017-03-05 09:00:00,33472.0,33513.65600396254
22412,2017-03-05 10:00:00,32852.0,32844.778365477505
22413,2017-03-05 11:00:00,32055.0,32076.258382237986
22414,2017-03-05 12:00:00,31204.0,31169.580419452523
22415,2017-03-05 13:00:00,30330.0,30287.569609256912
22416,2017-03-05 14:00:00,29479.0,29511.105085234332
22417,2017-03-05 15:00:00,28938.0,28957.516803586575
22418,2017-03-05 16:00:00,28933.0,28973.70609278495
22419,2017-03-05 17:00:00,29736.0,29777.45880722092
22420,2017-03-05 18:00:00,31546.0,31530.728035365402
22421,2017-03-05 19:00:00,34307.0,34288.864816954236
22422,2017-03-05 20:00:00,35072.0,35066.190088345706
22423,2017-03-05 21:00:00,34823.0,34839.56821953846
22424,2017-03-05 22:00:00,33819.0,33769.4989297579
22425,2017-03-05 23:00:00,32059.0,32062.46113984402
22426,2017-03-06 00:00:00,30628.0,30579.97308993252
22427,2017-03-04 01:00:00,30129.0,30124.067406703434
22428,2017-03-04 02:00:00,29512.0,29470.227868381382
22429,2017-03-04 03:00:00,29321.0,29327.221685804856
22430,2017-03-04 04:00:00,29363.0,29344.427443966844
22431,2017-03-04 05:00:00,29750.0,29747.891427952873
22432,2017-03-04 06:00:00,30807.0,30852.769415882267
22433,2017-03-04 07:00:00,32025.0,32009.09688970824
22434,2017-03-04 08:00:00,32691.0,32712.928356806977
22435,2017-03-04 09:00:00,32699.0,32717.32946630559
22436,2017-03-04 10:00:00,32819.0,32855.89273469492
22437,2017-03-04 11:00:00,32756.0,32739.4411378647
22438,2017-03-04 12:00:00,32213.0,32168.60771814556
22439,2017-03-04 13:00:00,31458.0,31505.06306732252
22440,2017-03-04 14:00:00,30654.0,30640.235731227232
22441,2017-03-04 15:00:00,30185.0,30154.374020153773
22442,2017-03-04 16:00:00,30110.0,30151.410139317166
22443,2017-03-04 17:00:00,30820.0,30789.061063467434
22444,2017-03-04 18:00:00,32445.0,32447.875592904642
22445,2017-03-04 19:00:00,34902.0,34927.550105896706
22446,2017-03-04 20:00:00,35300.0,35323.10149257636
22447,2017-03-04 21:00:00,35111.0,35063.9465106007
22448,2017-03-04 22:00:00,34440.0,34410.243721218976
22449,2017-03-04 23:00:00,33374.0,33412.84932842979
22450,2017-03-05 00:00:00,32250.0,32255.31809173957
22451,2017-03-03 01:00:00,27077.0,27095.72209050249
22452,2017-03-03 02:00:00,26429.0,26419.229157166774
22453,2017-03-03 03:00:00,26346.0,26370.520305125963
22454,2017-03-03 04:00:00,26546.0,26524.90952524993
22455,2017-03-03 05:00:00,27498.0,27471.203074244928
22456,2017-03-03 06:00:00,29851.0,29900.711207453307
22457,2017-03-03 07:00:00,33112.0,33077.765175415974
22458,2017-03-03 08:00:00,34138.0,34186.13600427057
22459,2017-03-03 09:00:00,33429.0,33471.65100007851
22460,2017-03-03 10:00:00,32703.0,32724.46757439122
22461,2017-03-03 11:00:00,32345.0,32353.19731048775
22462,2017-03-03 12:00:00,32147.0,32097.452949156825
22463,2017-03-03 13:00:00,32054.0,32067.52858828906
22464,2017-03-03 14:00:00,31929.0,31956.241129651808
22465,2017-03-03 15:00:00,31844.0,31867.287563465023
22466,2017-03-03 16:00:00,31918.0,31885.206442846917
22467,2017-03-03 17:00:00,32593.0,32597.453376354202
22468,2017-03-03 18:00:00,34135.0,34140.01979894512
22469,2017-03-03 19:00:00,35974.0,35989.288241568145
22470,2017-03-03 20:00:00,35968.0,36001.094501542146
22471,2017-03-03 21:00:00,35444.0,35463.823084773554
22472,2017-03-03 22:00:00,34534.0,34498.13057088979
22473,2017-03-03 23:00:00,32938.0,32889.90309680809
22474,2017-03-04 00:00:00,31324.0,31287.65853226671
22475,2017-03-02 01:00:00,22830.0,22784.028195429077
22476,2017-03-02 02:00:00,22134.0,22127.677334106982
22477,2017-03-02 03:00:00,21904.0,21882.37531983732
22478,2017-03-02 04:00:00,21995.0,21945.73097425264
22479,2017-03-02 05:00:00,22848.0,22806.027817568098
22480,2017-03-02 06:00:00,25144.0,25133.754265864827
22481,2017-03-02 07:00:00,28714.0,28757.9761782152
22482,2017-03-02 08:00:00,30288.0,30337.479877483733
22483,2017-03-02 09:00:00,30103.0,30058.01203946262
22484,2017-03-02 10:00:00,29669.0,29702.058009735054
22485,2017-03-02 11:00:00,29570.0,29568.025777407383
22486,2017-03-02 12:00:00,29414.0,29426.10418991589
22487,2017-03-02 13:00:00,29124.0,29124.596920296906
22488,2017-03-02 14:00:00,29012.0,29054.450691113867
22489,2017-03-02 15:00:00,28897.0,28894.84848562644
22490,2017-03-02 16:00:00,29000.0,28966.79729770588
22491,2017-03-02 17:00:00,29895.0,29922.985323298963
22492,2017-03-02 18:00:00,31507.0,31508.37745336543
22493,2017-03-02 19:00:00,33637.0,33598.70689330301
22494,2017-03-02 20:00:00,33841.0,33837.15922712308
22495,2017-03-02 21:00:00,33297.0,33315.73948286322
22496,2017-03-02 22:00:00,32212.0,32191.58379292981
22497,2017-03-02 23:00:00,30114.0,30155.19733695491
22498,2017-03-03 00:00:00,28232.0,28266.99581848722
22499,2017-03-01 01:00:00,23159.0,23165.789493200486
22500,2017-03-01 02:00:00,22324.0,22279.43720734089
22501,2017-03-01 03:00:00,21903.0,21911.326441071058
22502,2017-03-01 04:00:00,21851.0,21842.560479211203
22503,2017-03-01 05:00:00,22443.0,22465.40686717319
22504,2017-03-01 06:00:00,24432.0,24408.70310629596
22505,2017-03-01 07:00:00,27665.0,27675.576352338107
22506,2017-03-01 08:00:00,29226.0,29231.443716798083
22507,2017-03-01 09:00:00,29552.0,29554.685056166563
22508,2017-03-01 10:00:00,29748.0,29709.591138172676
22509,2017-03-01 11:00:00,30026.0,30024.988545841315
22510,2017-03-01 12:00:00,29769.0,29774.06223526997
22511,2017-03-01 13:00:00,29294.0,29336.76577187845
22512,2017-03-01 14:00:00,29359.0,29355.086400109543
22513,2017-03-01 15:00:00,29221.0,29234.986491557345
22514,2017-03-01 16:00:00,29344.0,29350.92457970016
22515,2017-03-01 17:00:00,29604.0,29573.524526774625
22516,2017-03-01 18:00:00,30485.0,30453.440926132505
22517,2017-03-01 19:00:00,31556.0,31579.93981282778
22518,2017-03-01 20:00:00,31119.0,31121.306393856834
22519,2017-03-01 21:00:00,30199.0,30238.603293560478
22520,2017-03-01 22:00:00,28547.0,28587.81552330536
22521,2017-03-01 23:00:00,26356.0,26335.707577554105
22522,2017-03-02 00:00:00,24269.0,24229.15268848726
22523,2017-02-28 01:00:00,25417.0,25401.40805725482
22524,2017-02-28 02:00:00,24450.0,24406.703875096977
22525,2017-02-28 03:00:00,24091.0,24119.125475430657
22526,2017-02-28 04:00:00,24116.0,24080.618162938455
22527,2017-02-28 05:00:00,24921.0,24957.635949581298
22528,2017-02-28 06:00:00,27031.0,27022.532720353145
22529,2017-02-28 07:00:00,30299.0,30276.86037847199
22530,2017-02-28 08:00:00,31438.0,31438.151875924417
22531,2017-02-28 09:00:00,30479.0,30489.54700755594
22532,2017-02-28 10:00:00,29403.0,29423.154341975187
22533,2017-02-28 11:00:00,28837.0,28820.818227657634
22534,2017-02-28 12:00:00,28522.0,28570.29708001002
22535,2017-02-28 13:00:00,28332.0,28324.22872802481
22536,2017-02-28 14:00:00,28440.0,28473.446825337418
22537,2017-02-28 15:00:00,28613.0,28566.48676702304
22538,2017-02-28 16:00:00,28726.0,28753.796313072457
22539,2017-02-28 17:00:00,29396.0,29401.13381472307
22540,2017-02-28 18:00:00,30746.0,30759.96256089332
22541,2017-02-28 19:00:00,31779.0,31766.287877347626
22542,2017-02-28 20:00:00,31411.0,31415.484060502808
22543,2017-02-28 21:00:00,30504.0,30547.222045275972
22544,2017-02-28 22:00:00,28792.0,28780.60367702974
22545,2017-02-28 23:00:00,26708.0,26668.576603706413
22546,2017-03-01 00:00:00,24597.0,24619.051264879596
22547,2017-02-27 01:00:00,26821.0,26821.516400442037
22548,2017-02-27 02:00:00,26360.0,26352.4941339471
22549,2017-02-27 03:00:00,26318.0,26345.781828038398
22550,2017-02-27 04:00:00,26603.0,26609.2176828097
22551,2017-02-27 05:00:00,27604.0,27617.138069564575
22552,2017-02-27 06:00:00,29960.0,30002.607599011902
22553,2017-02-27 07:00:00,33360.0,33315.85110055176
22554,2017-02-27 08:00:00,34445.0,34421.23820942108
22555,2017-02-27 09:00:00,33730.0,33769.822145930135
22556,2017-02-27 10:00:00,32532.0,32561.27279546218
22557,2017-02-27 11:00:00,31627.0,31595.859854686063
22558,2017-02-27 12:00:00,30702.0,30668.911820981295
22559,2017-02-27 13:00:00,30118.0,30150.513667601543
22560,2017-02-27 14:00:00,30286.0,30291.286384618536
22561,2017-02-27 15:00:00,30427.0,30463.033975555765
22562,2017-02-27 16:00:00,30542.0,30583.768412993937
22563,2017-02-27 17:00:00,31089.0,31045.954328401247
22564,2017-02-27 18:00:00,32302.0,32348.977829331125
22565,2017-02-27 19:00:00,33748.0,33769.6473588762
22566,2017-02-27 20:00:00,33436.0,33469.44656603063
22567,2017-02-27 21:00:00,32516.0,32529.03341114673
22568,2017-02-27 22:00:00,30957.0,30937.516175643377
22569,2017-02-27 23:00:00,28715.0,28724.943080925746
22570,2017-02-28 00:00:00,26698.0,26699.58703940251
22571,2017-02-26 01:00:00,22870.0,22913.207472606544
22572,2017-02-26 02:00:00,22419.0,22424.503036712584
22573,2017-02-26 03:00:00,22215.0,22167.78946582028
22574,2017-02-26 04:00:00,22352.0,22370.609519979807
22575,2017-02-26 05:00:00,22756.0,22711.0540544256
22576,2017-02-26 06:00:00,23586.0,23630.40007874514
22577,2017-02-26 07:00:00,24800.0,24798.659265431306
22578,2017-02-26 08:00:00,25982.0,26028.8007699663
22579,2017-02-26 09:00:00,27279.0,27231.586467751808
22580,2017-02-26 10:00:00,27896.0,27899.284991640576
22581,2017-02-26 11:00:00,27870.0,27842.62061031637
22582,2017-02-26 12:00:00,27570.0,27584.074137257547
22583,2017-02-26 13:00:00,27020.0,27019.82103152811
22584,2017-02-26 14:00:00,26605.0,26611.612480626514
22585,2017-02-26 15:00:00,26359.0,26344.9640594508
22586,2017-02-26 16:00:00,26576.0,26531.154444755677
22587,2017-02-26 17:00:00,27546.0,27506.60966087765
22588,2017-02-26 18:00:00,29409.0,29444.85605612616
22589,2017-02-26 19:00:00,31836.0,31856.277229814885
22590,2017-02-26 20:00:00,32294.0,32320.93976733401
22591,2017-02-26 21:00:00,31895.0,31857.266939962683
22592,2017-02-26 22:00:00,30865.0,30819.924117948587
22593,2017-02-26 23:00:00,29343.0,29294.727635093062
22594,2017-02-27 00:00:00,27855.0,27857.18143310199
22595,2017-02-25 01:00:00,22097.0,22097.089713639514
22596,2017-02-25 02:00:00,21193.0,21154.064804252903
22597,2017-02-25 03:00:00,20653.0,20637.662210696766
22598,2017-02-25 04:00:00,20380.0,20383.021485916746
22599,2017-02-25 05:00:00,20473.0,20490.58148388674
22600,2017-02-25 06:00:00,21068.0,21098.999853079164
22601,2017-02-25 07:00:00,21988.0,22002.1388787362
22602,2017-02-25 08:00:00,22957.0,22910.00064657667
22603,2017-02-25 09:00:00,24336.0,24344.609116845684
22604,2017-02-25 10:00:00,25175.0,25133.79213636227
22605,2017-02-25 11:00:00,25636.0,25642.49101226932
22606,2017-02-25 12:00:00,25762.0,25749.59874025804
22607,2017-02-25 13:00:00,25695.0,25673.633756137737
22608,2017-02-25 14:00:00,25561.0,25559.171610269572
22609,2017-02-25 15:00:00,25439.0,25427.147821422896
22610,2017-02-25 16:00:00,25557.0,25590.0270507292
22611,2017-02-25 17:00:00,26103.0,26075.64924413772
22612,2017-02-25 18:00:00,27032.0,26995.670897098353
22613,2017-02-25 19:00:00,27782.0,27815.69791945609
22614,2017-02-25 20:00:00,27488.0,27462.340892475637
22615,2017-02-25 21:00:00,26973.0,26926.223611309695
22616,2017-02-25 22:00:00,26170.0,26158.698326223603
22617,2017-02-25 23:00:00,25080.0,25111.90449003791
22618,2017-02-26 00:00:00,23913.0,23906.187013967978
22619,2017-02-24 01:00:00,22544.0,22541.00854073109
22620,2017-02-24 02:00:00,21750.0,21704.719730212808
22621,2017-02-24 03:00:00,21319.0,21340.10501480567
22622,2017-02-24 04:00:00,21326.0,21310.37076454183
22623,2017-02-24 05:00:00,21860.0,21882.861825536493
22624,2017-02-24 06:00:00,23748.0,23739.097080103402
22625,2017-02-24 07:00:00,26841.0,26843.689285657187
22626,2017-02-24 08:00:00,28155.0,28163.948575909893
22627,2017-02-24 09:00:00,28158.0,28127.68906704127
22628,2017-02-24 10:00:00,28055.0,28034.40144002422
22629,2017-02-24 11:00:00,28128.0,28136.55688321086
22630,2017-02-24 12:00:00,28233.0,28265.294057240466
22631,2017-02-24 13:00:00,28184.0,28230.144336871686
22632,2017-02-24 14:00:00,28303.0,28305.416997934364
22633,2017-02-24 15:00:00,28252.0,28209.39125032063
22634,2017-02-24 16:00:00,28182.0,28227.60134101136
22635,2017-02-24 17:00:00,28339.0,28331.076894664217
22636,2017-02-24 18:00:00,28827.0,28787.247980960667
22637,2017-02-24 19:00:00,29915.0,29962.220200136264
22638,2017-02-24 20:00:00,29387.0,29365.051380116387
22639,2017-02-24 21:00:00,28467.0,28482.683798188766
22640,2017-02-24 22:00:00,27137.0,27101.411932768668
22641,2017-02-24 23:00:00,25456.0,25477.956294456813
22642,2017-02-25 00:00:00,23669.0,23716.631382272677
22643,2017-02-23 01:00:00,24097.0,24145.50566878795
22644,2017-02-23 02:00:00,23429.0,23391.62091965324
22645,2017-02-23 03:00:00,23071.0,23097.870676491562
22646,2017-02-23 04:00:00,23090.0,23106.429015520567
22647,2017-02-23 05:00:00,23817.0,23847.147071364197
22648,2017-02-23 06:00:00,25818.0,25801.32087254281
22649,2017-02-23 07:00:00,29040.0,29030.174669053566
22650,2017-02-23 08:00:00,30437.0,30421.181222164243
22651,2017-02-23 09:00:00,30247.0,30273.651667450013
22652,2017-02-23 10:00:00,29778.0,29808.910478642374
22653,2017-02-23 11:00:00,29400.0,29374.93012703535
22654,2017-02-23 12:00:00,28855.0,28862.278856702942
22655,2017-02-23 13:00:00,28289.0,28251.596734720668
22656,2017-02-23 14:00:00,28201.0,28152.316303781066
22657,2017-02-23 15:00:00,28138.0,28149.007395956698
22658,2017-02-23 16:00:00,28273.0,28307.02026248485
22659,2017-02-23 17:00:00,28688.0,28728.65531886198
22660,2017-02-23 18:00:00,29620.0,29632.036132410918
22661,2017-02-23 19:00:00,31096.0,31126.869141452582
22662,2017-02-23 20:00:00,30748.0,30738.423857940168
22663,2017-02-23 21:00:00,29868.0,29905.533726764876
22664,2017-02-23 22:00:00,28324.0,28351.471758142678
22665,2017-02-23 23:00:00,26126.0,26106.852790455738
22666,2017-02-24 00:00:00,24116.0,24125.721668369453
22667,2017-02-22 01:00:00,25338.0,25293.125866668706
22668,2017-02-22 02:00:00,24614.0,24578.65871298211
22669,2017-02-22 03:00:00,24303.0,24347.665271345915
22670,2017-02-22 04:00:00,24292.0,24242.97542131543
22671,2017-02-22 05:00:00,25012.0,24982.323455822152
22672,2017-02-22 06:00:00,27058.0,27021.880850841622
22673,2017-02-22 07:00:00,30370.0,30389.876866104692
22674,2017-02-22 08:00:00,31819.0,31779.56943660577
22675,2017-02-22 09:00:00,31827.0,31779.012899854857
22676,2017-02-22 10:00:00,31374.0,31417.048928658645
22677,2017-02-22 11:00:00,30972.0,31009.275941273892
22678,2017-02-22 12:00:00,30159.0,30144.844877320043
22679,2017-02-22 13:00:00,29441.0,29401.052389505425
22680,2017-02-22 14:00:00,29006.0,29023.820215946256
22681,2017-02-22 15:00:00,28573.0,28611.311605308874
22682,2017-02-22 16:00:00,28488.0,28535.465185323596
22683,2017-02-22 17:00:00,29062.0,29025.012393257286
22684,2017-02-22 18:00:00,30339.0,30349.021068228303
22685,2017-02-22 19:00:00,31923.0,31916.055102759165
22686,2017-02-22 20:00:00,31753.0,31718.67503531957
22687,2017-02-22 21:00:00,30964.0,30994.789579562428
22688,2017-02-22 22:00:00,29491.0,29519.219086720754
22689,2017-02-22 23:00:00,27429.0,27475.46484286713
22690,2017-02-23 00:00:00,25472.0,25430.553382104106
22691,2017-02-21 01:00:00,25041.0,25014.887502773876
22692,2017-02-21 02:00:00,24584.0,24616.757554508036
22693,2017-02-21 03:00:00,24617.0,24606.542655550584
22694,2017-02-21 04:00:00,24823.0,24820.593447620377
22695,2017-02-21 05:00:00,25849.0,25860.152522161403
22696,2017-02-21 06:00:00,28206.0,28196.84544160589
22697,2017-02-21 07:00:00,31681.0,31634.539713953447
22698,2017-02-21 08:00:00,33054.0,33064.39849219864
22699,2017-02-21 09:00:00,32524.0,32496.887245602305
22700,2017-02-21 10:00:00,31619.0,31665.88710457871
22701,2017-02-21 11:00:00,30948.0,30967.032564557543
22702,2017-02-21 12:00:00,30460.0,30494.06541610839
22703,2017-02-21 13:00:00,30037.0,30082.44014209543
22704,2017-02-21 14:00:00,29721.0,29677.33262546823
22705,2017-02-21 15:00:00,29487.0,29451.869250843
22706,2017-02-21 16:00:00,29674.0,29704.802333254756
22707,2017-02-21 17:00:00,30522.0,30560.47917595382
22708,2017-02-21 18:00:00,32176.0,32126.487873741302
22709,2017-02-21 19:00:00,33739.0,33783.52247150317
22710,2017-02-21 20:00:00,33466.0,33461.437834216296
22711,2017-02-21 21:00:00,32635.0,32631.262669312455
22712,2017-02-21 22:00:00,31007.0,31044.874260238543
22713,2017-02-21 23:00:00,28891.0,28869.953279332392
22714,2017-02-22 00:00:00,26903.0,26911.34910987031
22715,2017-02-20 01:00:00,22787.0,22770.418938874533
22716,2017-02-20 02:00:00,22217.0,22178.355452639145
22717,2017-02-20 03:00:00,22008.0,21993.857857817464
22718,2017-02-20 04:00:00,22163.0,22130.30324814137
22719,2017-02-20 05:00:00,22948.0,22950.097945439524
22720,2017-02-20 06:00:00,24660.0,24662.979418258157
22721,2017-02-20 07:00:00,27004.0,26997.730725762976
22722,2017-02-20 08:00:00,28298.0,28265.381337109233
22723,2017-02-20 09:00:00,28573.0,28534.87321926754
22724,2017-02-20 10:00:00,28542.0,28502.46179961403
22725,2017-02-20 11:00:00,28484.0,28445.216475347854
22726,2017-02-20 12:00:00,28123.0,28102.48782577035
22727,2017-02-20 13:00:00,27702.0,27652.186441257352
22728,2017-02-20 14:00:00,27452.0,27408.225631232643
22729,2017-02-20 15:00:00,27297.0,27294.044438713412
22730,2017-02-20 16:00:00,27369.0,27337.269067497004
22731,2017-02-20 17:00:00,28129.0,28105.337894645352
22732,2017-02-20 18:00:00,29731.0,29716.332255902806
22733,2017-02-20 19:00:00,31717.0,31670.96514148224
22734,2017-02-20 20:00:00,31755.0,31727.002170344047
22735,2017-02-20 21:00:00,31130.0,31157.668752510526
22736,2017-02-20 22:00:00,29757.0,29741.08969609987
22737,2017-02-20 23:00:00,27922.0,27890.615959422063
22738,2017-02-21 00:00:00,26218.0,26187.774450781508
22739,2017-02-19 01:00:00,23280.0,23328.473291530314
22740,2017-02-19 02:00:00,22486.0,22450.84553179358
22741,2017-02-19 03:00:00,21965.0,22005.541821821236
22742,2017-02-19 04:00:00,21755.0,21713.054481649357
22743,2017-02-19 05:00:00,21853.0,21890.44304398883
22744,2017-02-19 06:00:00,22328.0,22328.69163022387
22745,2017-02-19 07:00:00,23196.0,23206.87053720373
22746,2017-02-19 08:00:00,23903.0,23877.59316909117
22747,2017-02-19 09:00:00,24906.0,24945.86086749531
22748,2017-02-19 10:00:00,25418.0,25426.71454351209
22749,2017-02-19 11:00:00,25206.0,25223.57000563379
22750,2017-02-19 12:00:00,24990.0,24995.676100769077
22751,2017-02-19 13:00:00,24756.0,24718.523465709874
22752,2017-02-19 14:00:00,24111.0,24144.622468257163
22753,2017-02-19 15:00:00,23850.0,23818.358513994506
22754,2017-02-19 16:00:00,24057.0,24036.194802684935
22755,2017-02-19 17:00:00,24815.0,24831.951862594757
22756,2017-02-19 18:00:00,26207.0,26166.332929004097
22757,2017-02-19 19:00:00,28185.0,28228.34042152704
22758,2017-02-19 20:00:00,28143.0,28105.41275850516
22759,2017-02-19 21:00:00,27570.0,27586.715594544152
22760,2017-02-19 22:00:00,26521.0,26534.512207850246
22761,2017-02-19 23:00:00,25254.0,25273.803045629535
22762,2017-02-20 00:00:00,23926.0,23919.334680486485
22763,2017-02-18 01:00:00,28346.0,28334.228521065685
22764,2017-02-18 02:00:00,27656.0,27703.765798563934
22765,2017-02-18 03:00:00,27343.0,27374.715848374733
22766,2017-02-18 04:00:00,27349.0,27347.54436424403
22767,2017-02-18 05:00:00,27743.0,27711.226758812572
22768,2017-02-18 06:00:00,28649.0,28688.05535859614
22769,2017-02-18 07:00:00,29934.0,29948.874943639556
22770,2017-02-18 08:00:00,30688.0,30651.57733993753
22771,2017-02-18 09:00:00,30594.0,30562.310438230208
22772,2017-02-18 10:00:00,29793.0,29797.081985993216
22773,2017-02-18 11:00:00,28816.0,28816.36836375355
22774,2017-02-18 12:00:00,27804.0,27794.928218731122
22775,2017-02-18 13:00:00,26877.0,26869.68739952782
22776,2017-02-18 14:00:00,26136.0,26103.220237655303
22777,2017-02-18 15:00:00,25616.0,25591.54659389727
22778,2017-02-18 16:00:00,25549.0,25548.270842869668
22779,2017-02-18 17:00:00,26048.0,26004.370464040192
22780,2017-02-18 18:00:00,27355.0,27340.268229374073
22781,2017-02-18 19:00:00,28994.0,28965.03738372079
22782,2017-02-18 20:00:00,28795.0,28762.46481947209
22783,2017-02-18 21:00:00,28237.0,28201.65930174756
22784,2017-02-18 22:00:00,27274.0,27238.018943257794
22785,2017-02-18 23:00:00,26034.0,26000.04389338918
22786,2017-02-19 00:00:00,24577.0,24564.413293469046
22787,2017-02-17 01:00:00,30739.0,30699.145506030614
22788,2017-02-17 02:00:00,30184.0,30223.704143401537
22789,2017-02-17 03:00:00,30034.0,30033.791612538233
22790,2017-02-17 04:00:00,30207.0,30207.477548702453
22791,2017-02-17 05:00:00,31119.0,31090.10922867848
22792,2017-02-17 06:00:00,33320.0,33356.71552047873
22793,2017-02-17 07:00:00,36521.0,36553.81310712141
22794,2017-02-17 08:00:00,37703.0,37656.424605012435
22795,2017-02-17 09:00:00,36983.0,37006.24043488484
22796,2017-02-17 10:00:00,35923.0,35891.42691535799
22797,2017-02-17 11:00:00,34848.0,34853.5616844383
22798,2017-02-17 12:00:00,33457.0,33494.05182692962
22799,2017-02-17 13:00:00,32374.0,32417.40527939685
22800,2017-02-17 14:00:00,31552.0,31520.445233750506
22801,2017-02-17 15:00:00,30948.0,30991.957602453866
22802,2017-02-17 16:00:00,30688.0,30644.958273428103
22803,2017-02-17 17:00:00,31294.0,31334.932654408127
22804,2017-02-17 18:00:00,32855.0,32882.23259990435
22805,2017-02-17 19:00:00,34541.0,34582.382480129294
22806,2017-02-17 20:00:00,34394.0,34380.614622633584
22807,2017-02-17 21:00:00,33833.0,33877.07792918605
22808,2017-02-17 22:00:00,32820.0,32851.85168022014
22809,2017-02-17 23:00:00,31303.0,31285.83225209658
22810,2017-02-18 00:00:00,29645.0,29628.893416585357
22811,2017-02-16 01:00:00,29019.0,29004.72154644695
22812,2017-02-16 02:00:00,28404.0,28412.878674134292
22813,2017-02-16 03:00:00,28303.0,28271.189926745472
22814,2017-02-16 04:00:00,28535.0,28528.3499885231
22815,2017-02-16 05:00:00,29411.0,29367.766052403473
22816,2017-02-16 06:00:00,31778.0,31763.83154765848
22817,2017-02-16 07:00:00,35334.0,35350.673304789234
22818,2017-02-16 08:00:00,36578.0,36586.94693150713
22819,2017-02-16 09:00:00,35997.0,35978.65357208792
22820,2017-02-16 10:00:00,35345.0,35320.72040459552
22821,2017-02-16 11:00:00,35026.0,35008.709651237215
22822,2017-02-16 12:00:00,34667.0,34623.95475446121
22823,2017-02-16 13:00:00,34398.0,34373.75774722746
22824,2017-02-16 14:00:00,34234.0,34254.805101035134
22825,2017-02-16 15:00:00,34019.0,33986.87486847243
22826,2017-02-16 16:00:00,34045.0,34008.82305470648
22827,2017-02-16 17:00:00,34977.0,35011.60571978181
22828,2017-02-16 18:00:00,36969.0,36942.65524790839
22829,2017-02-16 19:00:00,38642.0,38617.11042039691
22830,2017-02-16 20:00:00,38426.0,38422.30387296774
22831,2017-02-16 21:00:00,37733.0,37730.19119893403
22832,2017-02-16 22:00:00,36250.0,36218.62023641387
22833,2017-02-16 23:00:00,34060.0,34065.61395597468
22834,2017-02-17 00:00:00,32071.0,32090.57413055587
22835,2017-02-15 01:00:00,28319.0,28317.449261097496
22836,2017-02-15 02:00:00,27672.0,27711.54348053822
22837,2017-02-15 03:00:00,27383.0,27432.159225893625
22838,2017-02-15 04:00:00,27524.0,27526.861050150266
22839,2017-02-15 05:00:00,28334.0,28381.269553205122
22840,2017-02-15 06:00:00,30482.0,30496.64887294682
22841,2017-02-15 07:00:00,34019.0,34021.880589656765
22842,2017-02-15 08:00:00,35349.0,35386.00244303919
22843,2017-02-15 09:00:00,35082.0,35128.64950788276
22844,2017-02-15 10:00:00,34662.0,34711.900951597
22845,2017-02-15 11:00:00,34149.0,34174.91762970183
22846,2017-02-15 12:00:00,33211.0,33209.53003694478
22847,2017-02-15 13:00:00,32142.0,32121.603647085583
22848,2017-02-15 14:00:00,31604.0,31609.798068158656
22849,2017-02-15 15:00:00,31750.0,31777.752945693206
22850,2017-02-15 16:00:00,32221.0,32173.682457724484
22851,2017-02-15 17:00:00,33250.0,33226.76507463569
22852,2017-02-15 18:00:00,35255.0,35240.460349605535
22853,2017-02-15 19:00:00,36868.0,36895.99477485115
22854,2017-02-15 20:00:00,36710.0,36721.3552087485
22855,2017-02-15 21:00:00,36078.0,36070.570655406074
22856,2017-02-15 22:00:00,34530.0,34571.92667409549
22857,2017-02-15 23:00:00,32374.0,32377.814624406692
22858,2017-02-16 00:00:00,30369.0,30391.39121264369
22859,2017-02-14 01:00:00,29836.0,29851.547226765982
22860,2017-02-14 02:00:00,29241.0,29276.850822818502
22861,2017-02-14 03:00:00,29096.0,29127.237862148428
22862,2017-02-14 04:00:00,29301.0,29349.903138175712
22863,2017-02-14 05:00:00,30233.0,30220.919119685554
22864,2017-02-14 06:00:00,32480.0,32446.487213769953
22865,2017-02-14 07:00:00,36042.0,36067.981759783186
22866,2017-02-14 08:00:00,37262.0,37299.47140404883
22867,2017-02-14 09:00:00,36646.0,36601.43719711111
22868,2017-02-14 10:00:00,35892.0,35875.287665667805
22869,2017-02-14 11:00:00,35358.0,35388.71940620383
22870,2017-02-14 12:00:00,34587.0,34605.34364097913
22871,2017-02-14 13:00:00,33526.0,33551.53014206942
22872,2017-02-14 14:00:00,32732.0,32736.319965948944
22873,2017-02-14 15:00:00,31922.0,31910.18390990675
22874,2017-02-14 16:00:00,31712.0,31743.139116016984
22875,2017-02-14 17:00:00,32459.0,32464.45400766264
22876,2017-02-14 18:00:00,34369.0,34370.50162395424
22877,2017-02-14 19:00:00,36051.0,36074.484424979986
22878,2017-02-14 20:00:00,35826.0,35795.08670820515
22879,2017-02-14 21:00:00,35104.0,35112.600426645135
22880,2017-02-14 22:00:00,33705.0,33685.4414774445
22881,2017-02-14 23:00:00,31542.0,31494.144942196017
22882,2017-02-15 00:00:00,29612.0,29636.886788483724
22883,2017-02-13 01:00:00,27055.0,27052.46855158275
22884,2017-02-13 02:00:00,26649.0,26689.324742895944
22885,2017-02-13 03:00:00,26685.0,26685.016625330227
22886,2017-02-13 04:00:00,27129.0,27080.01892392758
22887,2017-02-13 05:00:00,28304.0,28294.874729633924
22888,2017-02-13 06:00:00,30858.0,30825.10737302216
22889,2017-02-13 07:00:00,34479.0,34521.107883791534
22890,2017-02-13 08:00:00,36004.0,35998.57990184095
22891,2017-02-13 09:00:00,35770.0,35771.069391851706
22892,2017-02-13 10:00:00,35257.0,35243.549650924106
22893,2017-02-13 11:00:00,34829.0,34831.22242427252
22894,2017-02-13 12:00:00,34365.0,34323.27921667969
22895,2017-02-13 13:00:00,33825.0,33820.87331042398
22896,2017-02-13 14:00:00,33613.0,33629.34433198692
22897,2017-02-13 15:00:00,33308.0,33295.22544181274
22898,2017-02-13 16:00:00,33479.0,33468.266741828855
22899,2017-02-13 17:00:00,34359.0,34392.741959022984
22900,2017-02-13 18:00:00,36326.0,36329.66262406228
22901,2017-02-13 19:00:00,37888.0,37896.76483214888
22902,2017-02-13 20:00:00,37606.0,37585.68166309263
22903,2017-02-13 21:00:00,36888.0,36886.29797903976
22904,2017-02-13 22:00:00,35328.0,35283.39606580413
22905,2017-02-13 23:00:00,33153.0,33146.029693369775
22906,2017-02-14 00:00:00,31151.0,31181.269563644793
22907,2017-02-12 01:00:00,25754.0,25720.145740882275
22908,2017-02-12 02:00:00,24987.0,25013.44776859252
22909,2017-02-12 03:00:00,24487.0,24474.421563119446
22910,2017-02-12 04:00:00,24303.0,24255.706171198373
22911,2017-02-12 05:00:00,24503.0,24548.320784912623
22912,2017-02-12 06:00:00,25144.0,25112.135771390487
22913,2017-02-12 07:00:00,26177.0,26160.476843722874
22914,2017-02-12 08:00:00,27218.0,27216.072781790463
22915,2017-02-12 09:00:00,28726.0,28770.94432202082
22916,2017-02-12 10:00:00,30105.0,30113.116766131516
22917,2017-02-12 11:00:00,31029.0,31069.53409204753
22918,2017-02-12 12:00:00,31545.0,31551.446520115496
22919,2017-02-12 13:00:00,31621.0,31591.539581945974
22920,2017-02-12 14:00:00,31418.0,31424.437167720724
22921,2017-02-12 15:00:00,31111.0,31071.04444109005
22922,2017-02-12 16:00:00,31095.0,31056.705889451972
22923,2017-02-12 17:00:00,31765.0,31726.566517186933
22924,2017-02-12 18:00:00,33103.0,33054.225274132106
22925,2017-02-12 19:00:00,33958.0,33923.128672070336
22926,2017-02-12 20:00:00,33655.0,33640.297888171175
22927,2017-02-12 21:00:00,32865.0,32822.211628811565
22928,2017-02-12 22:00:00,31315.0,31265.616287256424
22929,2017-02-12 23:00:00,29576.0,29537.227182068826
22930,2017-02-13 00:00:00,27832.0,27875.605803181516
22931,2017-02-11 01:00:00,29481.0,29483.563771497793
22932,2017-02-11 02:00:00,28544.0,28537.50235915491
22933,2017-02-11 03:00:00,28037.0,28035.71572843128
22934,2017-02-11 04:00:00,27895.0,27900.48085577848
22935,2017-02-11 05:00:00,28036.0,27996.78311654634
22936,2017-02-11 06:00:00,28799.0,28807.4756514913
22937,2017-02-11 07:00:00,30025.0,30058.422337521544
22938,2017-02-11 08:00:00,31056.0,31062.064531200747
22939,2017-02-11 09:00:00,31978.0,32016.304765583915
22940,2017-02-11 10:00:00,32108.0,32071.823021075623
22941,2017-02-11 11:00:00,31668.0,31700.588633868134
22942,2017-02-11 12:00:00,31252.0,31268.261430511488
22943,2017-02-11 13:00:00,30368.0,30378.36720288487
22944,2017-02-11 14:00:00,29677.0,29685.877332629083
22945,2017-02-11 15:00:00,29101.0,29062.894607365324
22946,2017-02-11 16:00:00,28566.0,28580.194244196504
22947,2017-02-11 17:00:00,29161.0,29150.87801871144
22948,2017-02-11 18:00:00,30877.0,30833.325669801372
22949,2017-02-11 19:00:00,31877.0,31847.525610392277
22950,2017-02-11 20:00:00,31532.0,31526.257796968443
22951,2017-02-11 21:00:00,30889.0,30938.297810511558
22952,2017-02-11 22:00:00,29937.0,29930.066607301407
22953,2017-02-11 23:00:00,28577.0,28541.9778365964
22954,2017-02-12 00:00:00,27099.0,27139.1709554675
22955,2017-02-10 01:00:00,32738.0,32691.523762299035
22956,2017-02-10 02:00:00,32176.0,32138.672684235098
22957,2017-02-10 03:00:00,32075.0,32072.37248347716
22958,2017-02-10 04:00:00,32186.0,32145.277868188117
22959,2017-02-10 05:00:00,33055.0,33062.15856794251
22960,2017-02-10 06:00:00,35143.0,35108.77670916206
22961,2017-02-10 07:00:00,38366.0,38381.08574519101
22962,2017-02-10 08:00:00,39669.0,39630.76642435301
22963,2017-02-10 09:00:00,39181.0,39212.01042766152
22964,2017-02-10 10:00:00,38136.0,38159.38300174756
22965,2017-02-10 11:00:00,37308.0,37350.540316042316
22966,2017-02-10 12:00:00,36410.0,36366.841788721
22967,2017-02-10 13:00:00,35447.0,35452.52969723407
22968,2017-02-10 14:00:00,34827.0,34847.885358725725
22969,2017-02-10 15:00:00,34784.0,34824.266449121555
22970,2017-02-10 16:00:00,35153.0,35151.205394065255
22971,2017-02-10 17:00:00,36062.0,36107.1315704821
22972,2017-02-10 18:00:00,37709.0,37671.2479299239
22973,2017-02-10 19:00:00,38278.0,38271.32292214654
22974,2017-02-10 20:00:00,37484.0,37459.31720118563
22975,2017-02-10 21:00:00,36496.0,36461.53881441825
22976,2017-02-10 22:00:00,35083.0,35061.67820615765
22977,2017-02-10 23:00:00,33123.0,33139.4718079587
22978,2017-02-11 00:00:00,31071.0,31069.320247261094
22979,2017-02-09 01:00:00,24901.0,24869.15487915276
22980,2017-02-09 02:00:00,24323.0,24276.1719742783
22981,2017-02-09 03:00:00,24089.0,24131.34997605753
22982,2017-02-09 04:00:00,24472.0,24453.413604680525
22983,2017-02-09 05:00:00,25490.0,25452.758510345066
22984,2017-02-09 06:00:00,27678.0,27642.614764016856
22985,2017-02-09 07:00:00,30723.0,30698.342591796732
22986,2017-02-09 08:00:00,32918.0,32891.08120939089
22987,2017-02-09 09:00:00,34265.0,34242.95501502778
22988,2017-02-09 10:00:00,35165.0,35137.550998382016
22989,2017-02-09 11:00:00,35595.0,35588.06467047141
22990,2017-02-09 12:00:00,35715.0,35741.56036652306
22991,2017-02-09 13:00:00,35720.0,35672.71789446261
22992,2017-02-09 14:00:00,35444.0,35413.046272139196
22993,2017-02-09 15:00:00,35338.0,35359.19859981901
22994,2017-02-09 16:00:00,35410.0,35374.888030703034
22995,2017-02-09 17:00:00,36495.0,36519.13294472553
22996,2017-02-09 18:00:00,39133.0,39134.480956604595
22997,2017-02-09 19:00:00,40835.0,40873.16149025659
22998,2017-02-09 20:00:00,40584.0,40535.01599800119
22999,2017-02-09 21:00:00,39825.0,39853.435654551795
23000,2017-02-09 22:00:00,38231.0,38238.22108979456
23001,2017-02-09 23:00:00,36006.0,36002.88786078221
23002,2017-02-10 00:00:00,34034.0,33998.571966770796
23003,2017-02-08 01:00:00,24999.0,24972.406322156457
23004,2017-02-08 02:00:00,24155.0,24183.602995718793
23005,2017-02-08 03:00:00,23717.0,23681.900886359566
23006,2017-02-08 04:00:00,23625.0,23627.734698659926
23007,2017-02-08 05:00:00,24195.0,24165.7629689978
23008,2017-02-08 06:00:00,26115.0,26113.927182499127
23009,2017-02-08 07:00:00,29503.0,29478.474036869186
23010,2017-02-08 08:00:00,31106.0,31091.11115991424
23011,2017-02-08 09:00:00,30895.0,30925.24442051559
23012,2017-02-08 10:00:00,30456.0,30409.71173285009
23013,2017-02-08 11:00:00,29987.0,30029.429805808304
23014,2017-02-08 12:00:00,29406.0,29387.93818891553
23015,2017-02-08 13:00:00,29067.0,29076.60419196541
23016,2017-02-08 14:00:00,28885.0,28857.17544197115
23017,2017-02-08 15:00:00,28732.0,28717.87351439445
23018,2017-02-08 16:00:00,28844.0,28839.96653375115
23019,2017-02-08 17:00:00,29428.0,29446.874664622104
23020,2017-02-08 18:00:00,31129.0,31166.30901771983
23021,2017-02-08 19:00:00,32340.0,32376.61294341347
23022,2017-02-08 20:00:00,32032.0,32015.700900118412
23023,2017-02-08 21:00:00,31283.0,31241.87120331263
23024,2017-02-08 22:00:00,29885.0,29927.501864087117
23025,2017-02-08 23:00:00,28180.0,28133.06962888175
23026,2017-02-09 00:00:00,26255.0,26293.10646255912
23027,2017-02-07 01:00:00,26408.0,26360.582257507667
23028,2017-02-07 02:00:00,25633.0,25680.662061866748
23029,2017-02-07 03:00:00,25301.0,25252.114730747286
23030,2017-02-07 04:00:00,25281.0,25232.69992098437
23031,2017-02-07 05:00:00,25913.0,25913.8711304874
23032,2017-02-07 06:00:00,27980.0,27996.67698419277
23033,2017-02-07 07:00:00,31408.0,31393.278123596258
23034,2017-02-07 08:00:00,33104.0,33114.58968040821
23035,2017-02-07 09:00:00,32837.0,32871.58570674654
23036,2017-02-07 10:00:00,32804.0,32833.55843186418
23037,2017-02-07 11:00:00,32886.0,32924.40787942354
23038,2017-02-07 12:00:00,32502.0,32467.91624675831
23039,2017-02-07 13:00:00,32092.0,32064.46365118615
23040,2017-02-07 14:00:00,31858.0,31866.77133078209
23041,2017-02-07 15:00:00,31485.0,31507.366939277843
23042,2017-02-07 16:00:00,31264.0,31224.736288664637
23043,2017-02-07 17:00:00,31826.0,31793.563276965837
23044,2017-02-07 18:00:00,33539.0,33581.29309141104
23045,2017-02-07 19:00:00,34414.0,34366.58382762336
23046,2017-02-07 20:00:00,33942.0,33932.17931100985
23047,2017-02-07 21:00:00,32963.0,32934.08558152087
23048,2017-02-07 22:00:00,31202.0,31229.432235746775
23049,2017-02-07 23:00:00,28875.0,28911.35856382424
23050,2017-02-08 00:00:00,26608.0,26582.69902989514
23051,2017-02-06 01:00:00,27355.0,27363.988300915513
23052,2017-02-06 02:00:00,26624.0,26658.320928940848
23053,2017-02-06 03:00:00,26407.0,26416.850565930294
23054,2017-02-06 04:00:00,26669.0,26679.070332416348
23055,2017-02-06 05:00:00,27680.0,27671.28638792477
23056,2017-02-06 06:00:00,30084.0,30099.302291232114
23057,2017-02-06 07:00:00,33685.0,33731.0334404044
23058,2017-02-06 08:00:00,35215.0,35194.96278806142
23059,2017-02-06 09:00:00,34281.0,34251.05980652534
23060,2017-02-06 10:00:00,32966.0,33011.81382797112
23061,2017-02-06 11:00:00,31987.0,31943.01755250771
23062,2017-02-06 12:00:00,31152.0,31185.990955259298
23063,2017-02-06 13:00:00,30511.0,30551.979586125024
23064,2017-02-06 14:00:00,30095.0,30066.94287824324
23065,2017-02-06 15:00:00,29649.0,29641.57092571251
23066,2017-02-06 16:00:00,29725.0,29687.302847096747
23067,2017-02-06 17:00:00,30494.0,30480.696690763183
23068,2017-02-06 18:00:00,32739.0,32734.7322559565
23069,2017-02-06 19:00:00,34327.0,34327.956832799005
23070,2017-02-06 20:00:00,34174.0,34136.24594393922
23071,2017-02-06 21:00:00,33497.0,33487.361953542
23072,2017-02-06 22:00:00,31928.0,31940.514472453142
23073,2017-02-06 23:00:00,29810.0,29810.014268086445
23074,2017-02-07 00:00:00,27721.0,27755.14195114612
23075,2017-02-05 01:00:00,29652.0,29697.10710137095
23076,2017-02-05 02:00:00,28932.0,28963.685394815435
23077,2017-02-05 03:00:00,28572.0,28526.738180455774
23078,2017-02-05 04:00:00,28462.0,28433.46727470364
23079,2017-02-05 05:00:00,28661.0,28619.760732000188
23080,2017-02-05 06:00:00,29203.0,29196.38322200497
23081,2017-02-05 07:00:00,30076.0,30098.3800415807
23082,2017-02-05 08:00:00,30853.0,30806.235548772773
23083,2017-02-05 09:00:00,31850.0,31826.704928995878
23084,2017-02-05 10:00:00,32480.0,32439.389922641814
23085,2017-02-05 11:00:00,32271.0,32262.01080017346
23086,2017-02-05 12:00:00,31831.0,31873.533196892906
23087,2017-02-05 13:00:00,31486.0,31477.283397492298
23088,2017-02-05 14:00:00,31185.0,31198.473454084735
23089,2017-02-05 15:00:00,30847.0,30835.70251664238
23090,2017-02-05 16:00:00,30740.0,30763.145626091726
23091,2017-02-05 17:00:00,31255.0,31279.30272611146
23092,2017-02-05 18:00:00,33051.0,33014.80481282546
23093,2017-02-05 19:00:00,33749.0,33764.32050539876
23094,2017-02-05 20:00:00,32916.0,32904.635302880895
23095,2017-02-05 21:00:00,32362.0,32397.97469673601
23096,2017-02-05 22:00:00,31610.0,31575.78166273164
23097,2017-02-05 23:00:00,30262.0,30301.74329248866
23098,2017-02-06 00:00:00,28850.0,28851.152220278866
23099,2017-02-04 01:00:00,31563.0,31538.551991778408
23100,2017-02-04 02:00:00,30965.0,30948.46621916807
23101,2017-02-04 03:00:00,30764.0,30714.501091742146
23102,2017-02-04 04:00:00,30797.0,30841.99093262976
23103,2017-02-04 05:00:00,31160.0,31132.497479968693
23104,2017-02-04 06:00:00,32136.0,32176.973671045595
23105,2017-02-04 07:00:00,33673.0,33708.29637632951
23106,2017-02-04 08:00:00,34854.0,34838.90778989687
23107,2017-02-04 09:00:00,35152.0,35123.09118492199
23108,2017-02-04 10:00:00,34776.0,34768.660879441704
23109,2017-02-04 11:00:00,34060.0,34103.35663509444
23110,2017-02-04 12:00:00,33084.0,33119.511962662014
23111,2017-02-04 13:00:00,32084.0,32082.861823735373
23112,2017-02-04 14:00:00,31174.0,31178.55485172024
23113,2017-02-04 15:00:00,30659.0,30649.864632571058
23114,2017-02-04 16:00:00,30718.0,30762.475596654083
23115,2017-02-04 17:00:00,31927.0,31975.89180479748
23116,2017-02-04 18:00:00,34373.0,34351.915337680824
23117,2017-02-04 19:00:00,35698.0,35742.97208581694
23118,2017-02-04 20:00:00,35406.0,35451.04222705484
23119,2017-02-04 21:00:00,34914.0,34911.34441313439
23120,2017-02-04 22:00:00,33992.0,33983.49018852839
23121,2017-02-04 23:00:00,32562.0,32598.930472107357
23122,2017-02-05 00:00:00,30989.0,31033.305823461604
23123,2017-02-03 01:00:00,29537.0,29527.237948058137
23124,2017-02-03 02:00:00,29032.0,29031.220191971566
23125,2017-02-03 03:00:00,28903.0,28886.42325271498
23126,2017-02-03 04:00:00,29097.0,29067.894434236532
23127,2017-02-03 05:00:00,29958.0,30007.62137424247
23128,2017-02-03 06:00:00,32210.0,32178.882978060552
23129,2017-02-03 07:00:00,35792.0,35823.41782506601
23130,2017-02-03 08:00:00,37453.0,37445.05837296199
23131,2017-02-03 09:00:00,37315.0,37273.36641375622
23132,2017-02-03 10:00:00,37007.0,36989.493047505624
23133,2017-02-03 11:00:00,36561.0,36519.313271138024
23134,2017-02-03 12:00:00,35953.0,36001.194971513454
23135,2017-02-03 13:00:00,35215.0,35191.52003879189
23136,2017-02-03 14:00:00,34715.0,34739.603623188494
23137,2017-02-03 15:00:00,34629.0,34621.56183170575
23138,2017-02-03 16:00:00,35081.0,35098.9425248151
23139,2017-02-03 17:00:00,36002.0,35977.507334941976
23140,2017-02-03 18:00:00,37788.0,37747.41387883771
23141,2017-02-03 19:00:00,38239.0,38269.854793735365
23142,2017-02-03 20:00:00,37617.0,37638.671593224586
23143,2017-02-03 21:00:00,37017.0,36977.940539537994
23144,2017-02-03 22:00:00,35938.0,35961.09476552363
23145,2017-02-03 23:00:00,34338.0,34347.76406496736
23146,2017-02-04 00:00:00,32758.0,32725.148856757445
23147,2017-02-02 01:00:00,27656.0,27688.560605462248
23148,2017-02-02 02:00:00,27011.0,27030.88997404953
23149,2017-02-02 03:00:00,26729.0,26729.68191849006
23150,2017-02-02 04:00:00,26808.0,26775.863482614295
23151,2017-02-02 05:00:00,27710.0,27714.01644943671
23152,2017-02-02 06:00:00,29860.0,29826.27099245466
23153,2017-02-02 07:00:00,33464.0,33432.39522394369
23154,2017-02-02 08:00:00,35158.0,35132.13431815843
23155,2017-02-02 09:00:00,34721.0,34736.451181219025
23156,2017-02-02 10:00:00,33641.0,33658.96552944094
23157,2017-02-02 11:00:00,33072.0,33029.276152553546
23158,2017-02-02 12:00:00,32807.0,32822.0896392173
23159,2017-02-02 13:00:00,32689.0,32642.45967554881
23160,2017-02-02 14:00:00,32502.0,32542.4986805055
23161,2017-02-02 15:00:00,32141.0,32168.866493499958
23162,2017-02-02 16:00:00,32172.0,32194.43914379991
23163,2017-02-02 17:00:00,33256.0,33229.920907198524
23164,2017-02-02 18:00:00,35489.0,35537.75579808795
23165,2017-02-02 19:00:00,36777.0,36819.431680515554
23166,2017-02-02 20:00:00,36623.0,36621.99239165595
23167,2017-02-02 21:00:00,36079.0,36032.468819320995
23168,2017-02-02 22:00:00,34780.0,34781.13907132498
23169,2017-02-02 23:00:00,32684.0,32649.397756721377
23170,2017-02-03 00:00:00,30788.0,30797.269751998203
23171,2017-02-01 01:00:00,28807.0,28855.658584548106
23172,2017-02-01 02:00:00,28149.0,28174.69238038968
23173,2017-02-01 03:00:00,27762.0,27744.22587222
23174,2017-02-01 04:00:00,27849.0,27838.415932936932
23175,2017-02-01 05:00:00,28557.0,28601.45751330042
23176,2017-02-01 06:00:00,30699.0,30660.016499598027
23177,2017-02-01 07:00:00,34169.0,34208.0163032817
23178,2017-02-01 08:00:00,35592.0,35549.4533310072
23179,2017-02-01 09:00:00,35170.0,35161.4652058596
23180,2017-02-01 10:00:00,34420.0,34444.545083354584
23181,2017-02-01 11:00:00,33844.0,33833.5066892405
23182,2017-02-01 12:00:00,33688.0,33695.112014504055
23183,2017-02-01 13:00:00,33424.0,33423.077977258115
23184,2017-02-01 14:00:00,33306.0,33316.46438355178
23185,2017-02-01 15:00:00,33065.0,33032.09378363094
23186,2017-02-01 16:00:00,32914.0,32921.809152863236
23187,2017-02-01 17:00:00,33433.0,33481.72643740682
23188,2017-02-01 18:00:00,35461.0,35430.389103932015
23189,2017-02-01 19:00:00,36117.0,36073.69490258313
23190,2017-02-01 20:00:00,35611.0,35600.17904932419
23191,2017-02-01 21:00:00,34830.0,34817.436219729956
23192,2017-02-01 22:00:00,33229.0,33191.57371915068
23193,2017-02-01 23:00:00,31014.0,31021.14755851668
23194,2017-02-02 00:00:00,29003.0,28996.759225330712
23195,2017-01-31 01:00:00,30735.0,30768.688635081333
23196,2017-01-31 02:00:00,30254.0,30246.29572768865
23197,2017-01-31 03:00:00,30093.0,30141.56631195535
23198,2017-01-31 04:00:00,30136.0,30163.984884492304
23199,2017-01-31 05:00:00,30847.0,30845.745055643794
23200,2017-01-31 06:00:00,32965.0,32970.21948273948
23201,2017-01-31 07:00:00,36346.0,36382.67506084156
23202,2017-01-31 08:00:00,37971.0,37998.41540385576
23203,2017-01-31 09:00:00,37836.0,37851.77356182014
23204,2017-01-31 10:00:00,37589.0,37565.680992645735
23205,2017-01-31 11:00:00,37115.0,37106.03469861852
23206,2017-01-31 12:00:00,36069.0,36097.71847818378
23207,2017-01-31 13:00:00,35392.0,35404.7465278017
23208,2017-01-31 14:00:00,34938.0,34983.64993271459
23209,2017-01-31 15:00:00,34255.0,34292.28842618384
23210,2017-01-31 16:00:00,33919.0,33911.70934408991
23211,2017-01-31 17:00:00,34595.0,34574.38174217791
23212,2017-01-31 18:00:00,36603.0,36565.40686343548
23213,2017-01-31 19:00:00,37376.0,37366.762797662515
23214,2017-01-31 20:00:00,36932.0,36904.668234022436
23215,2017-01-31 21:00:00,36076.0,36027.670590537724
23216,2017-01-31 22:00:00,34482.0,34445.82142079073
23217,2017-01-31 23:00:00,32216.0,32211.301151175427
23218,2017-02-01 00:00:00,30185.0,30224.241657024184
23219,2017-01-30 01:00:00,27536.0,27518.095946801564
23220,2017-01-30 02:00:00,26982.0,26976.112016093615
23221,2017-01-30 03:00:00,26929.0,26917.4072819393
23222,2017-01-30 04:00:00,27280.0,27266.897482459044
23223,2017-01-30 05:00:00,28373.0,28395.26388549248
23224,2017-01-30 06:00:00,30814.0,30814.60312827651
23225,2017-01-30 07:00:00,34421.0,34411.84428398489
23226,2017-01-30 08:00:00,36305.0,36349.33224551582
23227,2017-01-30 09:00:00,36251.0,36228.62874789902
23228,2017-01-30 10:00:00,35657.0,35690.284982621655
23229,2017-01-30 11:00:00,34830.0,34831.500583587134
23230,2017-01-30 12:00:00,34133.0,34127.168884221464
23231,2017-01-30 13:00:00,33831.0,33787.296579264694
23232,2017-01-30 14:00:00,33928.0,33963.84923762742
23233,2017-01-30 15:00:00,33972.0,33949.06624803239
23234,2017-01-30 16:00:00,34212.0,34229.93560217467
23235,2017-01-30 17:00:00,35329.0,35366.44782520615
23236,2017-01-30 18:00:00,37821.0,37824.6137060952
23237,2017-01-30 19:00:00,38901.0,38915.0667714936
23238,2017-01-30 20:00:00,38649.0,38633.01820790166
23239,2017-01-30 21:00:00,37836.0,37858.65390502764
23240,2017-01-30 22:00:00,36213.0,36228.66034810555
23241,2017-01-30 23:00:00,33937.0,33931.47860805401
23242,2017-01-31 00:00:00,31970.0,31983.46021559449
23243,2017-01-29 01:00:00,28027.0,28003.265962903322
23244,2017-01-29 02:00:00,27289.0,27304.782042777046
23245,2017-01-29 03:00:00,26847.0,26864.274150489975
23246,2017-01-29 04:00:00,26613.0,26607.48877216417
23247,2017-01-29 05:00:00,26747.0,26721.937346843388
23248,2017-01-29 06:00:00,27380.0,27410.306596491413
23249,2017-01-29 07:00:00,28369.0,28394.412717823954
23250,2017-01-29 08:00:00,29180.0,29135.709185404834
23251,2017-01-29 09:00:00,29907.0,29906.42682182934
23252,2017-01-29 10:00:00,30213.0,30172.211095731036
23253,2017-01-29 11:00:00,30101.0,30082.956275829958
23254,2017-01-29 12:00:00,29539.0,29531.223914860406
23255,2017-01-29 13:00:00,29052.0,29019.688622305745
23256,2017-01-29 14:00:00,28991.0,28987.89023905875
23257,2017-01-29 15:00:00,29235.0,29255.622119756135
23258,2017-01-29 16:00:00,29573.0,29566.696548924614
23259,2017-01-29 17:00:00,30700.0,30673.413979118264
23260,2017-01-29 18:00:00,33114.0,33105.4818263609
23261,2017-01-29 19:00:00,34161.0,34170.240679822324
23262,2017-01-29 20:00:00,33981.0,34024.63923171019
23263,2017-01-29 21:00:00,33394.0,33393.9444792094
23264,2017-01-29 22:00:00,32204.0,32242.78629959299
23265,2017-01-29 23:00:00,30424.0,30472.455597028118
23266,2017-01-30 00:00:00,28757.0,28762.901842999465
23267,2017-01-28 01:00:00,28511.0,28475.706890635112
23268,2017-01-28 02:00:00,27648.0,27685.53129431867
23269,2017-01-28 03:00:00,27204.0,27240.235630431078
23270,2017-01-28 04:00:00,27085.0,27121.856057696208
23271,2017-01-28 05:00:00,27302.0,27347.054907042486
23272,2017-01-28 06:00:00,28046.0,28023.643545830782
23273,2017-01-28 07:00:00,29355.0,29338.343055567435
23274,2017-01-28 08:00:00,30532.0,30550.70969913204
23275,2017-01-28 09:00:00,31767.0,31773.390334772943
23276,2017-01-28 10:00:00,32520.0,32556.836910366335
23277,2017-01-28 11:00:00,32740.0,32715.450629461633
23278,2017-01-28 12:00:00,32618.0,32633.84094292234
23279,2017-01-28 13:00:00,32110.0,32154.040985413445
23280,2017-01-28 14:00:00,31523.0,31494.58718468802
23281,2017-01-28 15:00:00,30988.0,30968.687963813423
23282,2017-01-28 16:00:00,30654.0,30644.741777581785
23283,2017-01-28 17:00:00,31174.0,31132.709458328318
23284,2017-01-28 18:00:00,32946.0,32913.68697096584
23285,2017-01-28 19:00:00,33715.0,33703.20936297538
23286,2017-01-28 20:00:00,33391.0,33348.43933793226
23287,2017-01-28 21:00:00,32876.0,32862.26446572333
23288,2017-01-28 22:00:00,31999.0,31973.41417870998
23289,2017-01-28 23:00:00,30731.0,30767.451061080945
23290,2017-01-29 00:00:00,29266.0,29276.849354159476
23291,2017-01-27 01:00:00,26829.0,26868.849002920855
23292,2017-01-27 02:00:00,26101.0,26071.28869773484
23293,2017-01-27 03:00:00,25754.0,25712.165754184673
23294,2017-01-27 04:00:00,25811.0,25796.404719945684
23295,2017-01-27 05:00:00,26613.0,26568.642520674322
23296,2017-01-27 06:00:00,28744.0,28782.351405515717
23297,2017-01-27 07:00:00,32159.0,32127.81520306807
23298,2017-01-27 08:00:00,34009.0,33973.1072501198
23299,2017-01-27 09:00:00,33989.0,34017.77819335937
23300,2017-01-27 10:00:00,33453.0,33474.24071610112
23301,2017-01-27 11:00:00,32857.0,32812.695602808104
23302,2017-01-27 12:00:00,32721.0,32721.95652442374
23303,2017-01-27 13:00:00,32842.0,32836.88498892524
23304,2017-01-27 14:00:00,33090.0,33078.68575822446
23305,2017-01-27 15:00:00,33152.0,33114.67001580711
23306,2017-01-27 16:00:00,33256.0,33284.73520206662
23307,2017-01-27 17:00:00,34175.0,34148.99557948271
23308,2017-01-27 18:00:00,35855.0,35850.823530905065
23309,2017-01-27 19:00:00,36088.0,36126.10643057668
23310,2017-01-27 20:00:00,35391.0,35372.82424540151
23311,2017-01-27 21:00:00,34644.0,34597.57322087949
23312,2017-01-27 22:00:00,33422.0,33460.91324425489
23313,2017-01-27 23:00:00,31671.0,31670.389065405616
23314,2017-01-28 00:00:00,29915.0,29914.706291472306
23315,2017-01-26 01:00:00,25594.0,25599.14157525799
23316,2017-01-26 02:00:00,24793.0,24760.993398501003
23317,2017-01-26 03:00:00,24464.0,24485.48861217842
23318,2017-01-26 04:00:00,24499.0,24472.138133684042
23319,2017-01-26 05:00:00,25182.0,25162.114817289035
23320,2017-01-26 06:00:00,27197.0,27210.118898120763
23321,2017-01-26 07:00:00,30499.0,30523.975620035988
23322,2017-01-26 08:00:00,32370.0,32393.06168792165
23323,2017-01-26 09:00:00,32428.0,32386.314935273553
23324,2017-01-26 10:00:00,32204.0,32229.45771000445
23325,2017-01-26 11:00:00,31717.0,31733.272543520965
23326,2017-01-26 12:00:00,31267.0,31277.509597625383
23327,2017-01-26 13:00:00,30609.0,30655.68742524515
23328,2017-01-26 14:00:00,30410.0,30394.682567223965
23329,2017-01-26 15:00:00,30432.0,30450.308621713117
23330,2017-01-26 16:00:00,30963.0,30970.3233911279
23331,2017-01-26 17:00:00,32164.0,32152.795993197513
23332,2017-01-26 18:00:00,34480.0,34508.82396133552
23333,2017-01-26 19:00:00,35218.0,35208.31477321696
23334,2017-01-26 20:00:00,34754.0,34759.85557003648
23335,2017-01-26 21:00:00,34026.0,34032.062722480994
23336,2017-01-26 22:00:00,32472.0,32473.1327642316
23337,2017-01-26 23:00:00,30258.0,30253.740221919976
23338,2017-01-27 00:00:00,28291.0,28257.77791128327
23339,2017-01-25 01:00:00,27613.0,27587.084576289577
23340,2017-01-25 02:00:00,26692.0,26654.35029335292
23341,2017-01-25 03:00:00,26335.0,26357.349117280344
23342,2017-01-25 04:00:00,26342.0,26366.429464766872
23343,2017-01-25 05:00:00,27033.0,27046.85289723864
23344,2017-01-25 06:00:00,29141.0,29182.764314141037
23345,2017-01-25 07:00:00,32669.0,32645.49641312709
23346,2017-01-25 08:00:00,34176.0,34208.10239052025
23347,2017-01-25 09:00:00,33504.0,33472.583367758285
23348,2017-01-25 10:00:00,32387.0,32343.782265861293
23349,2017-01-25 11:00:00,31545.0,31495.01288247333
23350,2017-01-25 12:00:00,30784.0,30792.063336422158
23351,2017-01-25 13:00:00,30163.0,30190.87403052065
23352,2017-01-25 14:00:00,29755.0,29787.298637854354
23353,2017-01-25 15:00:00,29461.0,29458.06545217882
23354,2017-01-25 16:00:00,29650.0,29605.87205130757
23355,2017-01-25 17:00:00,30523.0,30476.57623600461
23356,2017-01-25 18:00:00,32861.0,32902.735157808675
23357,2017-01-25 19:00:00,33825.0,33784.29403611701
23358,2017-01-25 20:00:00,33589.0,33617.466477461974
23359,2017-01-25 21:00:00,32910.0,32866.95670852141
23360,2017-01-25 22:00:00,31420.0,31388.334833940895
23361,2017-01-25 23:00:00,29274.0,29240.28666776269
23362,2017-01-26 00:00:00,27182.0,27159.71072121731
23363,2017-01-24 01:00:00,28069.0,28059.562994988883
23364,2017-01-24 02:00:00,27236.0,27198.472598863707
23365,2017-01-24 03:00:00,26846.0,26893.315880972918
23366,2017-01-24 04:00:00,26925.0,26875.20033142012
23367,2017-01-24 05:00:00,27729.0,27756.211846607985
23368,2017-01-24 06:00:00,29784.0,29786.650805791942
23369,2017-01-24 07:00:00,33251.0,33209.55765031948
23370,2017-01-24 08:00:00,35069.0,35031.00318736329
23371,2017-01-24 09:00:00,34963.0,34971.99992230817
23372,2017-01-24 10:00:00,34661.0,34642.52533910366
23373,2017-01-24 11:00:00,34381.0,34376.01894034096
23374,2017-01-24 12:00:00,34056.0,34060.91891107053
23375,2017-01-24 13:00:00,33847.0,33854.33481334596
23376,2017-01-24 14:00:00,33651.0,33659.26106654973
23377,2017-01-24 15:00:00,33652.0,33609.005063963545
23378,2017-01-24 16:00:00,33881.0,33905.04785339927
23379,2017-01-24 17:00:00,34713.0,34692.35041632169
23380,2017-01-24 18:00:00,36562.0,36523.44308844832
23381,2017-01-24 19:00:00,36843.0,36803.22008939954
23382,2017-01-24 20:00:00,36289.0,36262.70156290185
23383,2017-01-24 21:00:00,35332.0,35344.86799136659
23384,2017-01-24 22:00:00,33636.0,33633.19229551399
23385,2017-01-24 23:00:00,31263.0,31223.707410963965
23386,2017-01-25 00:00:00,29132.0,29085.23526763021
23387,2017-01-23 01:00:00,24402.0,24354.46656869779
23388,2017-01-23 02:00:00,23802.0,23794.10918165743
23389,2017-01-23 03:00:00,23593.0,23621.813892836322
23390,2017-01-23 04:00:00,23813.0,23820.36295499382
23391,2017-01-23 05:00:00,24735.0,24765.967836854597
23392,2017-01-23 06:00:00,27100.0,27081.938858777354
23393,2017-01-23 07:00:00,30772.0,30736.034106301257
23394,2017-01-23 08:00:00,33033.0,33063.30016069318
23395,2017-01-23 09:00:00,33562.0,33584.784172560445
23396,2017-01-23 10:00:00,34052.0,34060.91072466378
23397,2017-01-23 11:00:00,34576.0,34614.775996426586
23398,2017-01-23 12:00:00,34926.0,34939.068010582996
23399,2017-01-23 13:00:00,35143.0,35145.58155047465
23400,2017-01-23 14:00:00,35330.0,35330.231005122005
23401,2017-01-23 15:00:00,35322.0,35333.73750393008
23402,2017-01-23 16:00:00,35497.0,35498.662533070405
23403,2017-01-23 17:00:00,36362.0,36339.27013467108
23404,2017-01-23 18:00:00,37916.0,37961.38725105299
23405,2017-01-23 19:00:00,37876.0,37921.80615906305
23406,2017-01-23 20:00:00,37157.0,37123.68460377431
23407,2017-01-23 21:00:00,36015.0,36018.059481940785
23408,2017-01-23 22:00:00,34171.0,34199.96158782429
23409,2017-01-23 23:00:00,31758.0,31713.47757789379
23410,2017-01-24 00:00:00,29602.0,29564.35627196175
23411,2017-01-22 01:00:00,24552.0,24556.489299448775
23412,2017-01-22 02:00:00,23672.0,23624.8339403443
23413,2017-01-22 03:00:00,23162.0,23195.299176425353
23414,2017-01-22 04:00:00,22972.0,23009.31658633507
23415,2017-01-22 05:00:00,23051.0,23074.63105473963
23416,2017-01-22 06:00:00,23592.0,23624.23606483227
23417,2017-01-22 07:00:00,24478.0,24495.171277637477
23418,2017-01-22 08:00:00,25528.0,25492.186667951915
23419,2017-01-22 09:00:00,26687.0,26639.985452570272
23420,2017-01-22 10:00:00,27743.0,27777.80844359353
23421,2017-01-22 11:00:00,28334.0,28354.716081747258
23422,2017-01-22 12:00:00,28582.0,28571.846148525823
23423,2017-01-22 13:00:00,28665.0,28694.683707710676
23424,2017-01-22 14:00:00,28663.0,28618.327999546815
23425,2017-01-22 15:00:00,28699.0,28680.908576512014
23426,2017-01-22 16:00:00,28997.0,28981.18497582824
23427,2017-01-22 17:00:00,29834.0,29794.487512664346
23428,2017-01-22 18:00:00,31521.0,31545.169657206432
23429,2017-01-22 19:00:00,31763.0,31790.752689126202
23430,2017-01-22 20:00:00,31179.0,31187.31704810603
23431,2017-01-22 21:00:00,30474.0,30465.785774405373
23432,2017-01-22 22:00:00,29140.0,29150.705245227397
23433,2017-01-22 23:00:00,27374.0,27413.838246679916
23434,2017-01-23 00:00:00,25568.0,25553.775201234617
23435,2017-01-21 01:00:00,26070.0,26053.42471807155
23436,2017-01-21 02:00:00,25053.0,25065.27285401364
23437,2017-01-21 03:00:00,24490.0,24508.363818670507
23438,2017-01-21 04:00:00,24224.0,24219.77487695496
23439,2017-01-21 05:00:00,24398.0,24433.95643462412
23440,2017-01-21 06:00:00,25148.0,25133.228833303005
23441,2017-01-21 07:00:00,26340.0,26354.09172671845
23442,2017-01-21 08:00:00,27569.0,27585.779586699668
23443,2017-01-21 09:00:00,28851.0,28830.481959756264
23444,2017-01-21 10:00:00,29764.0,29715.88514047398
23445,2017-01-21 11:00:00,30182.0,30214.66122564901
23446,2017-01-21 12:00:00,30109.0,30107.24181499035
23447,2017-01-21 13:00:00,29669.0,29628.545508702893
23448,2017-01-21 14:00:00,29122.0,29167.75596949484
23449,2017-01-21 15:00:00,28779.0,28758.64270099306
23450,2017-01-21 16:00:00,28802.0,28799.446726282324
23451,2017-01-21 17:00:00,29595.0,29593.40669363789
23452,2017-01-21 18:00:00,31188.0,31175.079997172303
23453,2017-01-21 19:00:00,31206.0,31171.15826738738
23454,2017-01-21 20:00:00,30670.0,30690.42915164558
23455,2017-01-21 21:00:00,29903.0,29872.548619172616
23456,2017-01-21 22:00:00,28918.0,28936.232566038794
23457,2017-01-21 23:00:00,27496.0,27526.210797733696
23458,2017-01-22 00:00:00,25944.0,25896.313209941844
23459,2017-01-20 01:00:00,27680.0,27703.17846418112
23460,2017-01-20 02:00:00,27048.0,27061.8033167884
23461,2017-01-20 03:00:00,26793.0,26762.57732386166
23462,2017-01-20 04:00:00,26888.0,26900.019313655135
23463,2017-01-20 05:00:00,27706.0,27698.07716403849
23464,2017-01-20 06:00:00,29702.0,29660.459196436692
23465,2017-01-20 07:00:00,32960.0,32962.368821636956
23466,2017-01-20 08:00:00,34664.0,34711.32854432595
23467,2017-01-20 09:00:00,34604.0,34618.881021134104
23468,2017-01-20 10:00:00,34497.0,34480.05447004443
23469,2017-01-20 11:00:00,34483.0,34489.35016437285
23470,2017-01-20 12:00:00,34041.0,34064.78012665556
23471,2017-01-20 13:00:00,33686.0,33651.62419821846
23472,2017-01-20 14:00:00,33753.0,33755.88286623857
23473,2017-01-20 15:00:00,33465.0,33465.68649007839
23474,2017-01-20 16:00:00,33298.0,33285.65582572986
23475,2017-01-20 17:00:00,33731.0,33755.70655959556
23476,2017-01-20 18:00:00,35040.0,35046.50107493114
23477,2017-01-20 19:00:00,34708.0,34727.88960170478
23478,2017-01-20 20:00:00,33775.0,33784.59612591714
23479,2017-01-20 21:00:00,32810.0,32838.0939752415
23480,2017-01-20 22:00:00,31462.0,31475.39311125587
23481,2017-01-20 23:00:00,29608.0,29625.77414229497
23482,2017-01-21 00:00:00,27697.0,27669.549815366445
23483,2017-01-19 01:00:00,26259.0,26293.586864156725
23484,2017-01-19 02:00:00,25452.0,25417.537355858214
23485,2017-01-19 03:00:00,25051.0,25034.981631397703
23486,2017-01-19 04:00:00,25102.0,25140.940588037563
23487,2017-01-19 05:00:00,25837.0,25797.85854430517
23488,2017-01-19 06:00:00,28027.0,28063.66788822057
23489,2017-01-19 07:00:00,31476.0,31473.53652855136
23490,2017-01-19 08:00:00,33244.0,33212.35866749067
23491,2017-01-19 09:00:00,32937.0,32960.7193533564
23492,2017-01-19 10:00:00,32317.0,32295.38818301197
23493,2017-01-19 11:00:00,31933.0,31950.7909195899
23494,2017-01-19 12:00:00,31436.0,31465.089557421245
23495,2017-01-19 13:00:00,31106.0,31112.932881375702
23496,2017-01-19 14:00:00,31142.0,31170.599864337877
23497,2017-01-19 15:00:00,31097.0,31140.50462635526
23498,2017-01-19 16:00:00,31096.0,31101.040175338367
23499,2017-01-19 17:00:00,32072.0,32037.23685526367
23500,2017-01-19 18:00:00,34314.0,34334.96016794871
23501,2017-01-19 19:00:00,34934.0,34925.00735839999
23502,2017-01-19 20:00:00,34617.0,34620.13027960251
23503,2017-01-19 21:00:00,34053.0,34065.68153613862
23504,2017-01-19 22:00:00,32731.0,32752.749265998405
23505,2017-01-19 23:00:00,30785.0,30798.979263178484
23506,2017-01-20 00:00:00,28927.0,28900.287025751182
23507,2017-01-18 01:00:00,26462.0,26486.81659138281
23508,2017-01-18 02:00:00,25641.0,25671.734209326318
23509,2017-01-18 03:00:00,25252.0,25205.767341078626
23510,2017-01-18 04:00:00,25271.0,25251.814332335474
23511,2017-01-18 05:00:00,25922.0,25969.779835121844
23512,2017-01-18 06:00:00,28051.0,28018.77272189776
23513,2017-01-18 07:00:00,31468.0,31436.282023411215
23514,2017-01-18 08:00:00,33398.0,33407.13244963915
23515,2017-01-18 09:00:00,33277.0,33260.81618139098
23516,2017-01-18 10:00:00,33090.0,33105.71211218605
23517,2017-01-18 11:00:00,32855.0,32831.264511175534
23518,2017-01-18 12:00:00,32656.0,32648.600075716513
23519,2017-01-18 13:00:00,32263.0,32312.843250495873
23520,2017-01-18 14:00:00,32092.0,32079.344074732875
23521,2017-01-18 15:00:00,31880.0,31838.61658304058
23522,2017-01-18 16:00:00,31995.0,32019.243615923628
23523,2017-01-18 17:00:00,33071.0,33079.857628572325
23524,2017-01-18 18:00:00,34978.0,34972.4579221874
23525,2017-01-18 19:00:00,35081.0,35121.8720937033
23526,2017-01-18 20:00:00,34501.0,34465.66273246866
23527,2017-01-18 21:00:00,33659.0,33657.97328518269
23528,2017-01-18 22:00:00,32064.0,32033.178572324567
23529,2017-01-18 23:00:00,29808.0,29766.349460696965
23530,2017-01-19 00:00:00,27673.0,27667.235372166757
23531,2017-01-17 01:00:00,27455.0,27499.7346984183
23532,2017-01-17 02:00:00,26582.0,26604.206697154546
23533,2017-01-17 03:00:00,26230.0,26203.45106104062
23534,2017-01-17 04:00:00,26347.0,26343.262296579098
23535,2017-01-17 05:00:00,27114.0,27143.745175270593
23536,2017-01-17 06:00:00,29210.0,29179.54135764728
23537,2017-01-17 07:00:00,32661.0,32631.369655672654
23538,2017-01-17 08:00:00,34523.0,34491.10304000251
23539,2017-01-17 09:00:00,34576.0,34586.744307760506
23540,2017-01-17 10:00:00,34547.0,34499.89509369839
23541,2017-01-17 11:00:00,34787.0,34795.762132125164
23542,2017-01-17 12:00:00,34556.0,34588.53697520714
23543,2017-01-17 13:00:00,34231.0,34259.265215791995
23544,2017-01-17 14:00:00,34046.0,34062.68312948134
23545,2017-01-17 15:00:00,33774.0,33745.949235345266
23546,2017-01-17 16:00:00,33887.0,33918.64172185176
23547,2017-01-17 17:00:00,34885.0,34930.746536714396
23548,2017-01-17 18:00:00,36388.0,36356.37823291732
23549,2017-01-17 19:00:00,36156.0,36197.03282560058
23550,2017-01-17 20:00:00,35400.0,35435.298888706304
23551,2017-01-17 21:00:00,34311.0,34358.92801211193
23552,2017-01-17 22:00:00,32502.0,32483.927573133842
23553,2017-01-17 23:00:00,30187.0,30230.407154463734
23554,2017-01-18 00:00:00,28065.0,28032.951796752717
23555,2017-01-16 01:00:00,28898.0,28865.517691159122
23556,2017-01-16 02:00:00,28404.0,28364.698859447315
23557,2017-01-16 03:00:00,28295.0,28287.777209539643
23558,2017-01-16 04:00:00,28596.0,28547.21823766832
23559,2017-01-16 05:00:00,29479.0,29467.13439577209
23560,2017-01-16 06:00:00,31270.0,31282.592614470548
23561,2017-01-16 07:00:00,33747.0,33704.826143839826
23562,2017-01-16 08:00:00,35359.0,35390.84749239717
23563,2017-01-16 09:00:00,35681.0,35660.27201511844
23564,2017-01-16 10:00:00,35379.0,35333.645554123956
23565,2017-01-16 11:00:00,34811.0,34798.46118400479
23566,2017-01-16 12:00:00,34171.0,34134.84367114999
23567,2017-01-16 13:00:00,33572.0,33601.52803390166
23568,2017-01-16 14:00:00,33160.0,33143.4007300405
23569,2017-01-16 15:00:00,33093.0,33054.70152732389
23570,2017-01-16 16:00:00,33388.0,33383.36598631319
23571,2017-01-16 17:00:00,34562.0,34557.19766544411
23572,2017-01-16 18:00:00,36778.0,36755.56095027189
23573,2017-01-16 19:00:00,36808.0,36790.69964305639
23574,2017-01-16 20:00:00,36163.0,36189.88388693111
23575,2017-01-16 21:00:00,35127.0,35140.87245254488
23576,2017-01-16 22:00:00,33343.0,33314.46575034143
23577,2017-01-16 23:00:00,30975.0,31019.818434931556
23578,2017-01-17 00:00:00,28860.0,28840.472419193382
23579,2017-01-15 01:00:00,28488.0,28491.34393738987
23580,2017-01-15 02:00:00,27604.0,27611.112059612995
23581,2017-01-15 03:00:00,27123.0,27094.366622664023
23582,2017-01-15 04:00:00,27023.0,27002.1225381016
23583,2017-01-15 05:00:00,27288.0,27286.069374859162
23584,2017-01-15 06:00:00,28007.0,27982.63215675959
23585,2017-01-15 07:00:00,29160.0,29140.562842711402
23586,2017-01-15 08:00:00,30224.0,30235.31498385547
23587,2017-01-15 09:00:00,30954.0,30977.37544766973
23588,2017-01-15 10:00:00,30936.0,30966.09805670355
23589,2017-01-15 11:00:00,30424.0,30386.17198048713
23590,2017-01-15 12:00:00,29817.0,29840.699748805106
23591,2017-01-15 13:00:00,29242.0,29285.636568900933
23592,2017-01-15 14:00:00,28756.0,28764.07336744576
23593,2017-01-15 15:00:00,28735.0,28745.468022891484
23594,2017-01-15 16:00:00,29354.0,29399.532353763145
23595,2017-01-15 17:00:00,30921.0,30957.94322642918
23596,2017-01-15 18:00:00,33628.0,33633.76691927083
23597,2017-01-15 19:00:00,34350.0,34376.58495387171
23598,2017-01-15 20:00:00,33983.0,33951.08990066189
23599,2017-01-15 21:00:00,33770.0,33761.31138611489
23600,2017-01-15 22:00:00,32858.0,32879.54092595471
23601,2017-01-15 23:00:00,31479.0,31457.858270002653
23602,2017-01-16 00:00:00,30060.0,30055.389763280742
23603,2017-01-14 01:00:00,27485.0,27452.27279429204
23604,2017-01-14 02:00:00,26700.0,26739.780316319127
23605,2017-01-14 03:00:00,26371.0,26410.566836572885
23606,2017-01-14 04:00:00,26330.0,26327.835925093572
23607,2017-01-14 05:00:00,26694.0,26663.200507388327
23608,2017-01-14 06:00:00,27631.0,27648.921124264198
23609,2017-01-14 07:00:00,28972.0,28943.353495632062
23610,2017-01-14 08:00:00,30349.0,30321.85946013111
23611,2017-01-14 09:00:00,31589.0,31636.20465201395
23612,2017-01-14 10:00:00,32604.0,32563.954134491963
23613,2017-01-14 11:00:00,33105.0,33092.924179686685
23614,2017-01-14 12:00:00,33441.0,33446.48746850893
23615,2017-01-14 13:00:00,33479.0,33439.77900061901
23616,2017-01-14 14:00:00,33397.0,33350.89430987252
23617,2017-01-14 15:00:00,33438.0,33442.23379788907
23618,2017-01-14 16:00:00,33647.0,33608.45592571047
23619,2017-01-14 17:00:00,34598.0,34573.11691449898
23620,2017-01-14 18:00:00,36152.0,36151.727301991865
23621,2017-01-14 19:00:00,35949.0,35933.7497855527
23622,2017-01-14 20:00:00,35188.0,35209.05558129015
23623,2017-01-14 21:00:00,34389.0,34435.245412319055
23624,2017-01-14 22:00:00,33176.0,33201.319208837
23625,2017-01-14 23:00:00,31578.0,31627.9992042303
23626,2017-01-15 00:00:00,29923.0,29911.89126995984
23627,2017-01-13 01:00:00,23951.0,23931.523865352996
23628,2017-01-13 02:00:00,23117.0,23088.258529249324
23629,2017-01-13 03:00:00,22694.0,22732.487799024253
23630,2017-01-13 04:00:00,22711.0,22699.99357258786
23631,2017-01-13 05:00:00,23314.0,23335.094198697414
23632,2017-01-13 06:00:00,25324.0,25341.477705671303
23633,2017-01-13 07:00:00,28699.0,28654.707466045857
23634,2017-01-13 08:00:00,30748.0,30785.96462128096
23635,2017-01-13 09:00:00,30857.0,30855.65351050851
23636,2017-01-13 10:00:00,30673.0,30645.354820803725
23637,2017-01-13 11:00:00,30569.0,30616.908691292996
23638,2017-01-13 12:00:00,30149.0,30174.3156323884
23639,2017-01-13 13:00:00,29708.0,29719.673384736416
23640,2017-01-13 14:00:00,29628.0,29676.8376168029
23641,2017-01-13 15:00:00,29569.0,29594.65867407968
23642,2017-01-13 16:00:00,30027.0,29989.114416203713
23643,2017-01-13 17:00:00,31488.0,31537.11471253802
23644,2017-01-13 18:00:00,33898.0,33907.760101047556
23645,2017-01-13 19:00:00,34082.0,34061.94354080833
23646,2017-01-13 20:00:00,33628.0,33659.752062661624
23647,2017-01-13 21:00:00,33064.0,33018.7919786373
23648,2017-01-13 22:00:00,32076.0,32091.436645260605
23649,2017-01-13 23:00:00,30515.0,30480.92731303163
23650,2017-01-14 00:00:00,28852.0,28810.754271884136
23651,2017-01-12 01:00:00,26292.0,26277.398403808496
23652,2017-01-12 02:00:00,25348.0,25333.63634585598
23653,2017-01-12 03:00:00,24802.0,24812.05266281291
23654,2017-01-12 04:00:00,24702.0,24708.543464232098
23655,2017-01-12 05:00:00,25245.0,25263.79479268219
23656,2017-01-12 06:00:00,27093.0,27060.41077702067
23657,2017-01-12 07:00:00,30367.0,30404.086340194917
23658,2017-01-12 08:00:00,32114.0,32149.867379576768
23659,2017-01-12 09:00:00,31778.0,31749.627251632177
23660,2017-01-12 10:00:00,31467.0,31464.35740946568
23661,2017-01-12 11:00:00,31120.0,31118.80152848351
23662,2017-01-12 12:00:00,30844.0,30886.123777307836
23663,2017-01-12 13:00:00,30286.0,30326.56188863241
23664,2017-01-12 14:00:00,30141.0,30097.746751313247
23665,2017-01-12 15:00:00,29977.0,30022.802998858453
23666,2017-01-12 16:00:00,30031.0,29987.856209387053
23667,2017-01-12 17:00:00,30945.0,30949.957175538384
23668,2017-01-12 18:00:00,32895.0,32876.15931489034
23669,2017-01-12 19:00:00,32933.0,32922.04638735396
23670,2017-01-12 20:00:00,32362.0,32374.671691203173
23671,2017-01-12 21:00:00,31433.0,31441.381564157127
23672,2017-01-12 22:00:00,29818.0,29784.748873777266
23673,2017-01-12 23:00:00,27717.0,27763.978178469348
23674,2017-01-13 00:00:00,25541.0,25493.86942604951
23675,2017-01-11 01:00:00,29906.0,29890.337818678523
23676,2017-01-11 02:00:00,28989.0,29019.137908174707
23677,2017-01-11 03:00:00,28512.0,28547.09363747705
23678,2017-01-11 04:00:00,28411.0,28440.72902538258
23679,2017-01-11 05:00:00,28970.0,28957.249884806057
23680,2017-01-11 06:00:00,30800.0,30817.339991037104
23681,2017-01-11 07:00:00,34114.0,34140.42996841625
23682,2017-01-11 08:00:00,35788.0,35795.79537231173
23683,2017-01-11 09:00:00,35148.0,35165.901778959415
23684,2017-01-11 10:00:00,34117.0,34122.362500035844
23685,2017-01-11 11:00:00,33358.0,33313.4949634948
23686,2017-01-11 12:00:00,32698.0,32675.328567104538
23687,2017-01-11 13:00:00,32035.0,32055.265105113584
23688,2017-01-11 14:00:00,31865.0,31839.15339000639
23689,2017-01-11 15:00:00,31707.0,31702.546561108287
23690,2017-01-11 16:00:00,32072.0,32075.461283000564
23691,2017-01-11 17:00:00,33514.0,33531.09708338321
23692,2017-01-11 18:00:00,35669.0,35644.9144216428
23693,2017-01-11 19:00:00,35647.0,35656.521512034305
23694,2017-01-11 20:00:00,35064.0,35073.650945773305
23695,2017-01-11 21:00:00,34135.0,34169.502393813775
23696,2017-01-11 22:00:00,32485.0,32490.204772487305
23697,2017-01-11 23:00:00,30180.0,30159.507673510205
23698,2017-01-12 00:00:00,27904.0,27906.270311107717
23699,2017-01-10 01:00:00,35970.0,35930.72766303714
23700,2017-01-10 02:00:00,35327.0,35337.77487577759
23701,2017-01-10 03:00:00,35108.0,35149.61309100865
23702,2017-01-10 04:00:00,35237.0,35239.98103168643
23703,2017-01-10 05:00:00,36118.0,36097.21682466778
23704,2017-01-10 06:00:00,38130.0,38120.55261026792
23705,2017-01-10 07:00:00,41482.0,41522.18579200058
23706,2017-01-10 08:00:00,42856.0,42887.306686919925
23707,2017-01-10 09:00:00,42288.0,42318.31754201974
23708,2017-01-10 10:00:00,41505.0,41511.407984129066
23709,2017-01-10 11:00:00,40759.0,40748.641298297436
23710,2017-01-10 12:00:00,39999.0,39962.24339294961
23711,2017-01-10 13:00:00,39199.0,39246.56140130795
23712,2017-01-10 14:00:00,38729.0,38696.91031676161
23713,2017-01-10 15:00:00,38450.0,38425.211852853085
23714,2017-01-10 16:00:00,38484.0,38510.42615132758
23715,2017-01-10 17:00:00,39435.0,39420.07516074856
23716,2017-01-10 18:00:00,41298.0,41306.38685213086
23717,2017-01-10 19:00:00,40986.0,41012.164142615686
23718,2017-01-10 20:00:00,40170.0,40175.61214127348
23719,2017-01-10 21:00:00,38945.0,38944.0719420307
23720,2017-01-10 22:00:00,36876.0,36831.07023385849
23721,2017-01-10 23:00:00,34273.0,34271.76571951458
23722,2017-01-11 00:00:00,31693.0,31688.502662583574
23723,2017-01-09 01:00:00,35832.0,35870.051196775654
23724,2017-01-09 02:00:00,35462.0,35456.739281912545
23725,2017-01-09 03:00:00,35455.0,35467.99428241104
23726,2017-01-09 04:00:00,35915.0,35942.37334609708
23727,2017-01-09 05:00:00,36961.0,36957.77149600024
23728,2017-01-09 06:00:00,39185.0,39161.0855429436
23729,2017-01-09 07:00:00,42462.0,42501.39533625377
23730,2017-01-09 08:00:00,44013.0,44052.55179865952
23731,2017-01-09 09:00:00,43676.0,43715.983546699346
23732,2017-01-09 10:00:00,43222.0,43199.27755392105
23733,2017-01-09 11:00:00,42548.0,42529.54593292087
23734,2017-01-09 12:00:00,41541.0,41582.87965672526
23735,2017-01-09 13:00:00,40609.0,40571.57833301548
23736,2017-01-09 14:00:00,40296.0,40311.58812051346
23737,2017-01-09 15:00:00,39880.0,39859.23179282122
23738,2017-01-09 16:00:00,39981.0,40003.13065967761
23739,2017-01-09 17:00:00,41221.0,41254.366471464964
23740,2017-01-09 18:00:00,44099.0,44089.81152439442
23741,2017-01-09 19:00:00,44416.0,44381.115770984004
23742,2017-01-09 20:00:00,44122.0,44145.22360624251
23743,2017-01-09 21:00:00,43384.0,43339.57277221593
23744,2017-01-09 22:00:00,41870.0,41821.499260568424
23745,2017-01-09 23:00:00,39509.0,39546.718992334216
23746,2017-01-10 00:00:00,37332.0,37363.68074834179
23747,2017-01-08 01:00:00,34856.0,34864.195505589516
23748,2017-01-08 02:00:00,34165.0,34181.53749721647
23749,2017-01-08 03:00:00,33870.0,33915.260374194426
23750,2017-01-08 04:00:00,33886.0,33842.276633557856
23751,2017-01-08 05:00:00,34312.0,34283.65934792682
23752,2017-01-08 06:00:00,35140.0,35162.92025332627
23753,2017-01-08 07:00:00,36356.0,36332.403572853465
23754,2017-01-08 08:00:00,37324.0,37294.72626149364
23755,2017-01-08 09:00:00,38061.0,38055.22031842085
23756,2017-01-08 10:00:00,38395.0,38417.36979332587
23757,2017-01-08 11:00:00,38357.0,38328.052214173564
23758,2017-01-08 12:00:00,38166.0,38158.954512729455
23759,2017-01-08 13:00:00,37743.0,37744.88170373156
23760,2017-01-08 14:00:00,37355.0,37322.22249214511
23761,2017-01-08 15:00:00,37161.0,37158.67879988256
23762,2017-01-08 16:00:00,37872.0,37908.587621081286
23763,2017-01-08 17:00:00,39607.0,39631.606530786965
23764,2017-01-08 18:00:00,42607.0,42607.34475828442
23765,2017-01-08 19:00:00,43100.0,43062.52820824779
23766,2017-01-08 20:00:00,42720.0,42672.33569514699
23767,2017-01-08 21:00:00,42143.0,42099.7242516386
23768,2017-01-08 22:00:00,40744.0,40769.0216425367
23769,2017-01-08 23:00:00,38884.0,38904.437265895795
23770,2017-01-09 00:00:00,36965.0,36989.60640786273
23771,2017-01-07 01:00:00,32209.0,32189.721066482714
23772,2017-01-07 02:00:00,31309.0,31267.99256973877
23773,2017-01-07 03:00:00,30930.0,30951.43320160261
23774,2017-01-07 04:00:00,30842.0,30884.24661064014
23775,2017-01-07 05:00:00,31188.0,31183.21915999527
23776,2017-01-07 06:00:00,32129.0,32155.431451213124
23777,2017-01-07 07:00:00,33496.0,33518.80733726102
23778,2017-01-07 08:00:00,34967.0,35002.36915302897
23779,2017-01-07 09:00:00,36457.0,36409.837972979636
23780,2017-01-07 10:00:00,38000.0,38045.530499666434
23781,2017-01-07 11:00:00,38902.0,38938.535682383015
23782,2017-01-07 12:00:00,39196.0,39233.64802901327
23783,2017-01-07 13:00:00,39168.0,39217.635283457654
23784,2017-01-07 14:00:00,38928.0,38941.94763376903
23785,2017-01-07 15:00:00,38693.0,38651.167358743376
23786,2017-01-07 16:00:00,38508.0,38540.279641536035
23787,2017-01-07 17:00:00,39285.0,39248.487508832535
23788,2017-01-07 18:00:00,41324.0,41347.789375075496
23789,2017-01-07 19:00:00,41442.0,41434.40244797003
23790,2017-01-07 20:00:00,40913.0,40863.66132727746
23791,2017-01-07 21:00:00,40314.0,40307.57787694785
23792,2017-01-07 22:00:00,39267.0,39296.66641853739
23793,2017-01-07 23:00:00,37654.0,37612.739890288285
23794,2017-01-08 00:00:00,36054.0,36004.22119575417
23795,2017-01-06 01:00:00,30653.0,30648.276214054124
23796,2017-01-06 02:00:00,29842.0,29792.149681515017
23797,2017-01-06 03:00:00,29492.0,29535.473918939486
23798,2017-01-06 04:00:00,29542.0,29574.486209057588
23799,2017-01-06 05:00:00,30361.0,30374.011728754107
23800,2017-01-06 06:00:00,32404.0,32355.731798971956
23801,2017-01-06 07:00:00,35719.0,35725.98224576831
23802,2017-01-06 08:00:00,37539.0,37556.10865325292
23803,2017-01-06 09:00:00,37609.0,37617.74460791947
23804,2017-01-06 10:00:00,37269.0,37313.6891206361
23805,2017-01-06 11:00:00,36654.0,36687.1343866186
23806,2017-01-06 12:00:00,35995.0,35981.50925152041
23807,2017-01-06 13:00:00,35543.0,35562.479865328845
23808,2017-01-06 14:00:00,35486.0,35482.114624032896
23809,2017-01-06 15:00:00,35636.0,35678.834798138894
23810,2017-01-06 16:00:00,36219.0,36230.81263502103
23811,2017-01-06 17:00:00,37589.0,37597.20699039821
23812,2017-01-06 18:00:00,39804.0,39804.069723908884
23813,2017-01-06 19:00:00,39608.0,39595.773896986386
23814,2017-01-06 20:00:00,38944.0,38908.80586951431
23815,2017-01-06 21:00:00,38251.0,38228.393155163656
23816,2017-01-06 22:00:00,37096.0,37079.2500928229
23817,2017-01-06 23:00:00,35354.0,35319.401766760944
23818,2017-01-07 00:00:00,33594.0,33625.27132599243
23819,2017-01-05 01:00:00,29307.0,29257.22183284779
23820,2017-01-05 02:00:00,28748.0,28789.577154788316
23821,2017-01-05 03:00:00,28529.0,28491.828279706882
23822,2017-01-05 04:00:00,28847.0,28802.09689547564
23823,2017-01-05 05:00:00,29936.0,29985.518720279775
23824,2017-01-05 06:00:00,32276.0,32325.97960660381
23825,2017-01-05 07:00:00,35874.0,35843.17575718292
23826,2017-01-05 08:00:00,37704.0,37667.37968108694
23827,2017-01-05 09:00:00,37576.0,37545.777462987426
23828,2017-01-05 10:00:00,37476.0,37477.13234664022
23829,2017-01-05 11:00:00,37288.0,37270.118391972006
23830,2017-01-05 12:00:00,36670.0,36653.63663674017
23831,2017-01-05 13:00:00,35773.0,35803.956998140085
23832,2017-01-05 14:00:00,35631.0,35670.01945580561
23833,2017-01-05 15:00:00,35736.0,35782.983087229135
23834,2017-01-05 16:00:00,36064.0,36065.4738403247
23835,2017-01-05 17:00:00,37376.0,37350.61363505281
23836,2017-01-05 18:00:00,39745.0,39750.49179216324
23837,2017-01-05 19:00:00,39754.0,39791.105109219745
23838,2017-01-05 20:00:00,39185.0,39138.09116891236
23839,2017-01-05 21:00:00,38297.0,38338.12428402957
23840,2017-01-05 22:00:00,36615.0,36587.65474067743
23841,2017-01-05 23:00:00,34283.0,34264.050421882246
23842,2017-01-06 00:00:00,32142.0,32128.40537594652
23843,2017-01-04 01:00:00,26222.0,26263.376136766048
23844,2017-01-04 02:00:00,25288.0,25255.599693944692
23845,2017-01-04 03:00:00,24893.0,24865.301137877577
23846,2017-01-04 04:00:00,24909.0,24932.110263597344
23847,2017-01-04 05:00:00,25503.0,25546.46879617257
23848,2017-01-04 06:00:00,27505.0,27465.473477567244
23849,2017-01-04 07:00:00,30840.0,30842.22487314435
23850,2017-01-04 08:00:00,32656.0,32697.44607149504
23851,2017-01-04 09:00:00,32425.0,32463.608962501832
23852,2017-01-04 10:00:00,32196.0,32240.845799632527
23853,2017-01-04 11:00:00,32125.0,32165.210492761307
23854,2017-01-04 12:00:00,31813.0,31794.470305508123
23855,2017-01-04 13:00:00,31142.0,31112.801121188295
23856,2017-01-04 14:00:00,30532.0,30572.147466055434
23857,2017-01-04 15:00:00,30446.0,30467.195462976655
23858,2017-01-04 16:00:00,30963.0,30950.852233061916
23859,2017-01-04 17:00:00,32564.0,32585.293541912186
23860,2017-01-04 18:00:00,35824.0,35804.71915343349
23861,2017-01-04 19:00:00,36411.0,36419.134423730786
23862,2017-01-04 20:00:00,36328.0,36301.33336514473
23863,2017-01-04 21:00:00,35852.0,35858.174161626404
23864,2017-01-04 22:00:00,34526.0,34568.31612077004
23865,2017-01-04 23:00:00,32492.0,32519.143936067325
23866,2017-01-05 00:00:00,30557.0,30572.606529003042
23867,2017-01-03 01:00:00,26243.0,26217.601340241734
23868,2017-01-03 02:00:00,25340.0,25296.336824724036
23869,2017-01-03 03:00:00,25022.0,25043.05697705836
23870,2017-01-03 04:00:00,25123.0,25130.60976830032
23871,2017-01-03 05:00:00,25925.0,25896.260451724404
23872,2017-01-03 06:00:00,27975.0,28018.476058966557
23873,2017-01-03 07:00:00,31330.0,31335.20192185742
23874,2017-01-03 08:00:00,33316.0,33323.18587082574
23875,2017-01-03 09:00:00,33576.0,33555.876051457984
23876,2017-01-03 10:00:00,33840.0,33877.93847898464
23877,2017-01-03 11:00:00,34082.0,34121.13908969754
23878,2017-01-03 12:00:00,34092.0,34113.51468486113
23879,2017-01-03 13:00:00,34082.0,34041.927484147745
23880,2017-01-03 14:00:00,33749.0,33707.43856817101
23881,2017-01-03 15:00:00,33278.0,33274.93800336089
23882,2017-01-03 16:00:00,33276.0,33240.210903345156
23883,2017-01-03 17:00:00,34484.0,34467.19197949492
23884,2017-01-03 18:00:00,36356.0,36323.13435838651
23885,2017-01-03 19:00:00,36106.0,36087.011535750156
23886,2017-01-03 20:00:00,35306.0,35350.29128820843
23887,2017-01-03 21:00:00,34322.0,34347.3364318446
23888,2017-01-03 22:00:00,32580.0,32543.8305663503
23889,2017-01-03 23:00:00,30147.0,30163.89154634221
23890,2017-01-04 00:00:00,27889.0,27842.050663394322
23891,2017-01-02 01:00:00,26216.0,26264.362494156416
23892,2017-01-02 02:00:00,25381.0,25384.169504695197
23893,2017-01-02 03:00:00,24962.0,24962.54133056579
23894,2017-01-02 04:00:00,24873.0,24847.033511663318
23895,2017-01-02 05:00:00,25313.0,25308.783349555553
23896,2017-01-02 06:00:00,26354.0,26356.62406981598
23897,2017-01-02 07:00:00,27699.0,27714.81978119215
23898,2017-01-02 08:00:00,28746.0,28700.59118320499
23899,2017-01-02 09:00:00,29682.0,29666.217504273893
23900,2017-01-02 10:00:00,30929.0,30917.699711492445
23901,2017-01-02 11:00:00,31878.0,31842.915014705344
23902,2017-01-02 12:00:00,32418.0,32391.978580882453
23903,2017-01-02 13:00:00,32478.0,32451.667258179437
23904,2017-01-02 14:00:00,32375.0,32406.037566734813
23905,2017-01-02 15:00:00,32254.0,32272.7222499099
23906,2017-01-02 16:00:00,32428.0,32470.2748659557
23907,2017-01-02 17:00:00,33742.0,33722.989459623765
23908,2017-01-02 18:00:00,35538.0,35576.16615721752
23909,2017-01-02 19:00:00,35178.0,35214.380176509905
23910,2017-01-02 20:00:00,34600.0,34594.79586881309
23911,2017-01-02 21:00:00,33674.0,33686.972818103975
23912,2017-01-02 22:00:00,32035.0,32044.795319048488
23913,2017-01-02 23:00:00,29870.0,29850.782818785996
23914,2017-01-03 00:00:00,27771.0,27747.2071398877
23915,2017-01-01 01:00:00,26879.0,26845.89594106579
23916,2017-01-01 02:00:00,25848.0,25881.766525496347
23917,2017-01-01 03:00:00,25039.0,25042.352918600332
23918,2017-01-01 04:00:00,24637.0,24620.836565808957
23919,2017-01-01 05:00:00,24615.0,24615.9992546185
23920,2017-01-01 06:00:00,24973.0,24931.05904039263
23921,2017-01-01 07:00:00,25676.0,25636.59831728023
23922,2017-01-01 08:00:00,26197.0,26222.93523358469
23923,2017-01-01 09:00:00,26560.0,26600.124405098468
23924,2017-01-01 10:00:00,26688.0,26670.02685063534
23925,2017-01-01 11:00:00,26567.0,26557.917329031286
23926,2017-01-01 12:00:00,26448.0,26435.372589127623
23927,2017-01-01 13:00:00,26162.0,26159.90429441482
23928,2017-01-01 14:00:00,25880.0,25871.39820071725
23929,2017-01-01 15:00:00,25846.0,25834.623787200377
23930,2017-01-01 16:00:00,26250.0,26265.994685864407
23931,2017-01-01 17:00:00,27854.0,27831.21126456356
23932,2017-01-01 18:00:00,30868.0,30912.26340914628
23933,2017-01-01 19:00:00,31442.0,31422.847647461385
23934,2017-01-01 20:00:00,31448.0,31419.457985041958
23935,2017-01-01 21:00:00,31246.0,31293.190637356038
23936,2017-01-01 22:00:00,30526.0,30498.88053299222
23937,2017-01-01 23:00:00,29209.0,29212.667678835773
23938,2017-01-02 00:00:00,27617.0,27599.891873664958
23939,2018-08-02 01:00:00,34283.0,34240.74750350667
23940,2018-08-02 02:00:00,32094.0,32139.29125927174
23941,2018-08-02 03:00:00,30543.0,30530.426295383786
23942,2018-08-02 04:00:00,29791.0,29805.481934860065
23943,2018-08-02 05:00:00,29854.0,29890.225276931706
23944,2018-08-02 06:00:00,31197.0,31202.29843969023
23945,2018-08-02 07:00:00,33182.0,33203.285423367226
23946,2018-08-02 08:00:00,35645.0,35673.46062198244
23947,2018-08-02 09:00:00,37810.0,37798.15444159319
23948,2018-08-02 10:00:00,39902.0,39914.877642303894
23949,2018-08-02 11:00:00,42189.0,42159.59583510231
23950,2018-08-02 12:00:00,43954.0,43909.53364648407
23951,2018-08-02 13:00:00,45372.0,45420.672570943534
23952,2018-08-02 14:00:00,46534.0,46493.260466983396
23953,2018-08-02 15:00:00,47154.0,47146.87223881899
23954,2018-08-02 16:00:00,46989.0,46945.7405300842
23955,2018-08-02 17:00:00,46816.0,46858.26995386417
23956,2018-08-02 18:00:00,46760.0,46720.9191186122
23957,2018-08-02 19:00:00,45641.0,45669.65072530881
23958,2018-08-02 20:00:00,44057.0,44078.574814077154
23959,2018-08-02 21:00:00,43256.0,43210.504196120746
23960,2018-08-02 22:00:00,41552.0,41574.126866961094
23961,2018-08-02 23:00:00,38500.0,38546.93101595771
23962,2018-08-03 00:00:00,35486.0,35488.10069112173
23963,2018-08-01 01:00:00,30810.0,30788.95020897464
23964,2018-08-01 02:00:00,29409.0,29413.497271071854
23965,2018-08-01 03:00:00,28576.0,28538.100862394112
23966,2018-08-01 04:00:00,28249.0,28294.59621978418
23967,2018-08-01 05:00:00,28481.0,28467.533138166014
23968,2018-08-01 06:00:00,30035.0,30030.70027535212
23969,2018-08-01 07:00:00,32365.0,32355.139467100787
23970,2018-08-01 08:00:00,34741.0,34693.78529703794
23971,2018-08-01 09:00:00,36765.0,36718.43534221191
23972,2018-08-01 10:00:00,38572.0,38578.23715594331
23973,2018-08-01 11:00:00,40316.0,40316.23245034885
23974,2018-08-01 12:00:00,42403.0,42451.64955411998
23975,2018-08-01 13:00:00,43887.0,43863.32351532795
23976,2018-08-01 14:00:00,45313.0,45299.84776582069
23977,2018-08-01 15:00:00,46430.0,46478.786224880605
23978,2018-08-01 16:00:00,47867.0,47821.788267522534
23979,2018-08-01 17:00:00,48855.0,48869.26350687439
23980,2018-08-01 18:00:00,49308.0,49268.164567783395
23981,2018-08-01 19:00:00,48428.0,48472.6398742669
23982,2018-08-01 20:00:00,46912.0,46890.808808744936
23983,2018-08-01 21:00:00,45985.0,46016.40976422793
23984,2018-08-01 22:00:00,44094.0,44135.12565360986
23985,2018-08-01 23:00:00,40666.0,40700.70159118695
23986,2018-08-02 00:00:00,37158.0,37163.69020398106
23987,2018-07-31 01:00:00,27576.0,27623.34165750141
23988,2018-07-31 02:00:00,26192.0,26209.660550232376
23989,2018-07-31 03:00:00,25356.0,25384.614613407837
23990,2018-07-31 04:00:00,25050.0,25024.412106413467
23991,2018-07-31 05:00:00,25408.0,25399.837318240665
23992,2018-07-31 06:00:00,26863.0,26872.818687302282
23993,2018-07-31 07:00:00,28913.0,28877.581207164643
23994,2018-07-31 08:00:00,31217.0,31263.572854633567
23995,2018-07-31 09:00:00,33056.0,33016.970759453565
23996,2018-07-31 10:00:00,34799.0,34822.28603274343
23997,2018-07-31 11:00:00,36507.0,36462.801789718804
23998,2018-07-31 12:00:00,37977.0,37937.26402821666
23999,2018-07-31 13:00:00,39084.0,39096.333348456974
24000,2018-07-31 14:00:00,39928.0,39923.24827439453
24001,2018-07-31 15:00:00,40464.0,40414.36439186781
24002,2018-07-31 16:00:00,41003.0,40992.36659199366
24003,2018-07-31 17:00:00,41747.0,41722.00901484602
24004,2018-07-31 18:00:00,42011.0,42048.15844116177
24005,2018-07-31 19:00:00,41299.0,41319.8088175231
24006,2018-07-31 20:00:00,40289.0,40312.749980367815
24007,2018-07-31 21:00:00,39938.0,39983.09491598502
24008,2018-07-31 22:00:00,38610.0,38630.98596206877
24009,2018-07-31 23:00:00,35950.0,35916.05715306439
24010,2018-08-01 00:00:00,33072.0,33115.73120119182
24011,2018-07-30 01:00:00,28389.0,28350.310768653206
24012,2018-07-30 02:00:00,26779.0,26748.260809548214
24013,2018-07-30 03:00:00,25675.0,25653.51447509976
24014,2018-07-30 04:00:00,25200.0,25167.510062661036
24015,2018-07-30 05:00:00,25479.0,25430.832132964366
24016,2018-07-30 06:00:00,26824.0,26819.915603978545
24017,2018-07-30 07:00:00,28676.0,28694.79683069316
24018,2018-07-30 08:00:00,31050.0,31042.122723531716
24019,2018-07-30 09:00:00,33081.0,33054.47751209725
24020,2018-07-30 10:00:00,34779.0,34817.29037832459
24021,2018-07-30 11:00:00,36060.0,36048.83007965606
24022,2018-07-30 12:00:00,36747.0,36780.88821054748
24023,2018-07-30 13:00:00,37228.0,37195.849858461705
24024,2018-07-30 14:00:00,37671.0,37654.33815613156
24025,2018-07-30 15:00:00,37624.0,37654.35098476189
24026,2018-07-30 16:00:00,37615.0,37568.04464770035
24027,2018-07-30 17:00:00,37600.0,37642.04898632446
24028,2018-07-30 18:00:00,37564.0,37553.65561237429
24029,2018-07-30 19:00:00,36901.0,36948.79818953327
24030,2018-07-30 20:00:00,36166.0,36186.135990890456
24031,2018-07-30 21:00:00,35899.0,35943.93926188958
24032,2018-07-30 22:00:00,34879.0,34835.62102398846
24033,2018-07-30 23:00:00,32303.0,32325.20142323936
24034,2018-07-31 00:00:00,29701.0,29738.546271013147
24035,2018-07-29 01:00:00,29376.0,29424.75647164263
24036,2018-07-29 02:00:00,27473.0,27426.340400834233
24037,2018-07-29 03:00:00,26103.0,26061.314290081827
24038,2018-07-29 04:00:00,25090.0,25113.168426402593
24039,2018-07-29 05:00:00,24494.0,24447.89258667005
24040,2018-07-29 06:00:00,24255.0,24206.136879122012
24041,2018-07-29 07:00:00,24161.0,24165.507163392605
24042,2018-07-29 08:00:00,25175.0,25177.946388895936
24043,2018-07-29 09:00:00,27022.0,27033.35007332111
24044,2018-07-29 10:00:00,29021.0,28972.408316707777
24045,2018-07-29 11:00:00,30917.0,30917.32966858975
24046,2018-07-29 12:00:00,32581.0,32559.668388012553
24047,2018-07-29 13:00:00,34226.0,34251.60598628741
24048,2018-07-29 14:00:00,35770.0,35754.82057533207
24049,2018-07-29 15:00:00,37250.0,37235.65954790841
24050,2018-07-29 16:00:00,38637.0,38652.42337271602
24051,2018-07-29 17:00:00,39906.0,39922.066547523194
24052,2018-07-29 18:00:00,40709.0,40664.83010795387
24053,2018-07-29 19:00:00,40517.0,40529.60044674345
24054,2018-07-29 20:00:00,39089.0,39104.78522701458
24055,2018-07-29 21:00:00,37870.0,37865.75236446018
24056,2018-07-29 22:00:00,36581.0,36613.78652189083
24057,2018-07-29 23:00:00,33747.0,33697.91000923846
24058,2018-07-30 00:00:00,30789.0,30835.837473873893
24059,2018-07-28 01:00:00,30085.0,30072.602494008748
24060,2018-07-28 02:00:00,28324.0,28333.569835928334
24061,2018-07-28 03:00:00,27069.0,27022.432537230845
24062,2018-07-28 04:00:00,26276.0,26296.890032140484
24063,2018-07-28 05:00:00,25964.0,25968.370068031985
24064,2018-07-28 06:00:00,26178.0,26224.036512852468
24065,2018-07-28 07:00:00,26570.0,26562.25307004909
24066,2018-07-28 08:00:00,28155.0,28177.18731540661
24067,2018-07-28 09:00:00,30618.0,30575.42277847706
24068,2018-07-28 10:00:00,32944.0,32900.453106520195
24069,2018-07-28 11:00:00,34997.0,35041.90076877906
24070,2018-07-28 12:00:00,37024.0,36999.33045881757
24071,2018-07-28 13:00:00,38708.0,38749.23949841569
24072,2018-07-28 14:00:00,40057.0,40015.76233237364
24073,2018-07-28 15:00:00,41303.0,41316.77392192216
24074,2018-07-28 16:00:00,42088.0,42093.158377922206
24075,2018-07-28 17:00:00,42632.0,42678.61784796585
24076,2018-07-28 18:00:00,42835.0,42825.40129999096
24077,2018-07-28 19:00:00,42174.0,42128.840665565265
24078,2018-07-28 20:00:00,40498.0,40495.40786406772
24079,2018-07-28 21:00:00,38869.0,38901.41854827612
24080,2018-07-28 22:00:00,37375.0,37330.246539289044
24081,2018-07-28 23:00:00,34687.0,34640.619485333074
24082,2018-07-29 00:00:00,31940.0,31972.175127551713
24083,2018-07-27 01:00:00,32798.0,32830.39751757772
24084,2018-07-27 02:00:00,30772.0,30741.997894727512
24085,2018-07-27 03:00:00,29279.0,29294.747619228307
24086,2018-07-27 04:00:00,28422.0,28378.427199286984
24087,2018-07-27 05:00:00,28437.0,28463.56105086502
24088,2018-07-27 06:00:00,29535.0,29515.519667757326
24089,2018-07-27 07:00:00,31386.0,31359.051196121683
24090,2018-07-27 08:00:00,33962.0,33979.76436592897
24091,2018-07-27 09:00:00,36528.0,36569.155860925785
24092,2018-07-27 10:00:00,39094.0,39048.15049503211
24093,2018-07-27 11:00:00,41832.0,41796.373665362604
24094,2018-07-27 12:00:00,43895.0,43870.57292119452
24095,2018-07-27 13:00:00,45475.0,45517.7797085212
24096,2018-07-27 14:00:00,46850.0,46887.71591576207
24097,2018-07-27 15:00:00,47401.0,47441.717244011794
24098,2018-07-27 16:00:00,46988.0,46975.837232175545
24099,2018-07-27 17:00:00,46864.0,46837.16307223511
24100,2018-07-27 18:00:00,45572.0,45541.166105085744
24101,2018-07-27 19:00:00,42950.0,42988.19530956944
24102,2018-07-27 20:00:00,40883.0,40856.12225225205
24103,2018-07-27 21:00:00,39275.0,39278.08390468025
24104,2018-07-27 22:00:00,37618.0,37601.173928307864
24105,2018-07-27 23:00:00,35038.0,35037.89354383098
24106,2018-07-28 00:00:00,32468.0,32452.57670183742
24107,2018-07-26 01:00:00,30293.0,30272.294871606635
24108,2018-07-26 02:00:00,28810.0,28802.73230012792
24109,2018-07-26 03:00:00,27796.0,27779.292553671934
24110,2018-07-26 04:00:00,27402.0,27435.96913045762
24111,2018-07-26 05:00:00,27625.0,27633.065661034827
24112,2018-07-26 06:00:00,29005.0,28972.616702753945
24113,2018-07-26 07:00:00,31020.0,30993.594569964636
24114,2018-07-26 08:00:00,33358.0,33313.355349765574
24115,2018-07-26 09:00:00,35105.0,35084.96886334672
24116,2018-07-26 10:00:00,36666.0,36682.95181578741
24117,2018-07-26 11:00:00,38660.0,38628.29583699086
24118,2018-07-26 12:00:00,40547.0,40506.92023568755
24119,2018-07-26 13:00:00,42325.0,42307.10153860579
24120,2018-07-26 14:00:00,44214.0,44225.252223349045
24121,2018-07-26 15:00:00,45954.0,45951.278004577405
24122,2018-07-26 16:00:00,47369.0,47352.21902614715
24123,2018-07-26 17:00:00,48525.0,48563.295175793384
24124,2018-07-26 18:00:00,49029.0,49025.85576975123
24125,2018-07-26 19:00:00,48261.0,48256.50466704977
24126,2018-07-26 20:00:00,46337.0,46290.165675774544
24127,2018-07-26 21:00:00,44542.0,44555.93428315793
24128,2018-07-26 22:00:00,42638.0,42633.934488450126
24129,2018-07-26 23:00:00,39276.0,39240.507713880535
24130,2018-07-27 00:00:00,35742.0,35716.373918200596
24131,2018-07-25 01:00:00,32647.0,32617.236373178435
24132,2018-07-25 02:00:00,31093.0,31055.20982209257
24133,2018-07-25 03:00:00,30064.0,30057.55413669988
24134,2018-07-25 04:00:00,29434.0,29420.328705492273
24135,2018-07-25 05:00:00,29518.0,29504.012304507585
24136,2018-07-25 06:00:00,30800.0,30775.15281679783
24137,2018-07-25 07:00:00,32811.0,32804.642653352035
24138,2018-07-25 08:00:00,34745.0,34749.75230041977
24139,2018-07-25 09:00:00,36320.0,36331.150177171985
24140,2018-07-25 10:00:00,37783.0,37754.98256707743
24141,2018-07-25 11:00:00,39039.0,39061.78433955652
24142,2018-07-25 12:00:00,40271.0,40223.70290712295
24143,2018-07-25 13:00:00,41169.0,41194.04402332994
24144,2018-07-25 14:00:00,42225.0,42203.29676007987
24145,2018-07-25 15:00:00,42993.0,42980.00008623586
24146,2018-07-25 16:00:00,43279.0,43287.071133027726
24147,2018-07-25 17:00:00,43216.0,43227.045139371075
24148,2018-07-25 18:00:00,42707.0,42699.115465746945
24149,2018-07-25 19:00:00,41387.0,41430.78989473833
24150,2018-07-25 20:00:00,40182.0,40217.83254235432
24151,2018-07-25 21:00:00,39434.0,39406.503655879176
24152,2018-07-25 22:00:00,38033.0,38041.89101939673
24153,2018-07-25 23:00:00,35368.0,35390.098500740656
24154,2018-07-26 00:00:00,32551.0,32522.694358247663
24155,2018-07-24 01:00:00,32568.0,32519.84504248447
24156,2018-07-24 02:00:00,31053.0,31100.56045404655
24157,2018-07-24 03:00:00,30071.0,30116.834841514876
24158,2018-07-24 04:00:00,29625.0,29607.03476918665
24159,2018-07-24 05:00:00,29871.0,29844.91148274954
24160,2018-07-24 06:00:00,31344.0,31309.461468783098
24161,2018-07-24 07:00:00,33578.0,33596.714575041406
24162,2018-07-24 08:00:00,35887.0,35912.52916717612
24163,2018-07-24 09:00:00,37691.0,37683.04023104999
24164,2018-07-24 10:00:00,39246.0,39220.2809413182
24165,2018-07-24 11:00:00,40831.0,40825.8723782748
24166,2018-07-24 12:00:00,42108.0,42109.63593521055
24167,2018-07-24 13:00:00,43027.0,43031.34038725927
24168,2018-07-24 14:00:00,43988.0,43982.3367454041
24169,2018-07-24 15:00:00,44433.0,44383.37337484044
24170,2018-07-24 16:00:00,44776.0,44773.17777841621
24171,2018-07-24 17:00:00,44989.0,44973.727188921286
24172,2018-07-24 18:00:00,44709.0,44714.6561997545
24173,2018-07-24 19:00:00,43757.0,43713.93785851448
24174,2018-07-24 20:00:00,42440.0,42477.918926072176
24175,2018-07-24 21:00:00,41834.0,41871.54410151082
24176,2018-07-24 22:00:00,40559.0,40565.41154327951
24177,2018-07-24 23:00:00,37900.0,37923.711967105904
24178,2018-07-25 00:00:00,34974.0,34967.79037406146
24179,2018-07-23 01:00:00,30384.0,30393.029984429217
24180,2018-07-23 02:00:00,29139.0,29150.76741808713
24181,2018-07-23 03:00:00,28460.0,28445.388858409133
24182,2018-07-23 04:00:00,28259.0,28305.087217329812
24183,2018-07-23 05:00:00,28839.0,28849.26036962162
24184,2018-07-23 06:00:00,30603.0,30652.05315162192
24185,2018-07-23 07:00:00,32794.0,32787.237076813806
24186,2018-07-23 08:00:00,34989.0,34942.23207675875
24187,2018-07-23 09:00:00,36661.0,36641.24369830395
24188,2018-07-23 10:00:00,37947.0,37962.07877322057
24189,2018-07-23 11:00:00,39593.0,39634.03434978526
24190,2018-07-23 12:00:00,41007.0,41018.51642441988
24191,2018-07-23 13:00:00,42086.0,42083.17636653945
24192,2018-07-23 14:00:00,43182.0,43140.07430389965
24193,2018-07-23 15:00:00,44334.0,44298.47563915771
24194,2018-07-23 16:00:00,44848.0,44803.3469379652
24195,2018-07-23 17:00:00,45096.0,45117.11823954476
24196,2018-07-23 18:00:00,44891.0,44924.109139926986
24197,2018-07-23 19:00:00,43791.0,43757.443895141834
24198,2018-07-23 20:00:00,42433.0,42415.52323451535
24199,2018-07-23 21:00:00,41745.0,41742.9107656878
24200,2018-07-23 22:00:00,40395.0,40359.278653902176
24201,2018-07-23 23:00:00,37727.0,37718.61913005441
24202,2018-07-24 00:00:00,34904.0,34950.68321081521
24203,2018-07-22 01:00:00,26051.0,26072.914817784367
24204,2018-07-22 02:00:00,25053.0,25019.693179064972
24205,2018-07-22 03:00:00,24463.0,24422.881456758067
24206,2018-07-22 04:00:00,24053.0,24047.51508864335
24207,2018-07-22 05:00:00,23872.0,23920.795112747055
24208,2018-07-22 06:00:00,23972.0,24001.328257243367
24209,2018-07-22 07:00:00,24019.0,23998.31234121281
24210,2018-07-22 08:00:00,24967.0,24919.62807084835
24211,2018-07-22 09:00:00,26719.0,26710.12889206226
24212,2018-07-22 10:00:00,28581.0,28547.053730873697
24213,2018-07-22 11:00:00,30291.0,30259.028086124385
24214,2018-07-22 12:00:00,32147.0,32113.229815984036
24215,2018-07-22 13:00:00,34052.0,34073.96076595254
24216,2018-07-22 14:00:00,35498.0,35451.584141220934
24217,2018-07-22 15:00:00,36544.0,36550.47328670121
24218,2018-07-22 16:00:00,37274.0,37299.25208837936
24219,2018-07-22 17:00:00,38288.0,38253.6409127617
24220,2018-07-22 18:00:00,38878.0,38917.29310116618
24221,2018-07-22 19:00:00,38254.0,38211.81344299069
24222,2018-07-22 20:00:00,37374.0,37392.270600685275
24223,2018-07-22 21:00:00,36995.0,36962.196446096976
24224,2018-07-22 22:00:00,36331.0,36361.60317895996
24225,2018-07-22 23:00:00,34405.0,34412.13978027462
24226,2018-07-23 00:00:00,32150.0,32158.92058419093
24227,2018-07-21 01:00:00,28751.0,28735.602251754557
24228,2018-07-21 02:00:00,26963.0,26941.326273262737
24229,2018-07-21 03:00:00,25831.0,25827.33210695654
24230,2018-07-21 04:00:00,25041.0,25066.77137723162
24231,2018-07-21 05:00:00,24745.0,24711.82198075642
24232,2018-07-21 06:00:00,24910.0,24941.62694693773
24233,2018-07-21 07:00:00,25327.0,25324.98378987218
24234,2018-07-21 08:00:00,26759.0,26754.221396662357
24235,2018-07-21 09:00:00,28749.0,28700.65983150164
24236,2018-07-21 10:00:00,30453.0,30415.41952554708
24237,2018-07-21 11:00:00,31587.0,31580.19726685987
24238,2018-07-21 12:00:00,32231.0,32279.129844461884
24239,2018-07-21 13:00:00,32417.0,32392.014970177897
24240,2018-07-21 14:00:00,32255.0,32206.0255458087
24241,2018-07-21 15:00:00,31885.0,31878.58450115861
24242,2018-07-21 16:00:00,31466.0,31417.59539880709
24243,2018-07-21 17:00:00,31259.0,31242.622151824162
24244,2018-07-21 18:00:00,31147.0,31132.4055690291
24245,2018-07-21 19:00:00,30843.0,30793.235311586483
24246,2018-07-21 20:00:00,30498.0,30525.956795702612
24247,2018-07-21 21:00:00,30608.0,30649.28515665526
24248,2018-07-21 22:00:00,30115.0,30164.876045400597
24249,2018-07-21 23:00:00,28870.0,28870.878159591495
24250,2018-07-22 00:00:00,27413.0,27393.661911429317
24251,2018-07-20 01:00:00,29098.0,29119.74747362945
24252,2018-07-20 02:00:00,27369.0,27392.646284909737
24253,2018-07-20 03:00:00,26175.0,26162.918832511423
24254,2018-07-20 04:00:00,25451.0,25457.558528622794
24255,2018-07-20 05:00:00,25507.0,25539.177054196858
24256,2018-07-20 06:00:00,26442.0,26410.91744610464
24257,2018-07-20 07:00:00,28164.0,28116.047290593968
24258,2018-07-20 08:00:00,30736.0,30739.969651013944
24259,2018-07-20 09:00:00,33148.0,33164.43922310823
24260,2018-07-20 10:00:00,35273.0,35280.497299908144
24261,2018-07-20 11:00:00,37203.0,37212.62442970828
24262,2018-07-20 12:00:00,38779.0,38768.309286574615
24263,2018-07-20 13:00:00,39996.0,40011.14947275305
24264,2018-07-20 14:00:00,41134.0,41088.28111637895
24265,2018-07-20 15:00:00,42019.0,41984.11846422272
24266,2018-07-20 16:00:00,42758.0,42752.48083550388
24267,2018-07-20 17:00:00,43320.0,43364.298809447304
24268,2018-07-20 18:00:00,43254.0,43268.44919522529
24269,2018-07-20 19:00:00,41754.0,41739.52785077915
24270,2018-07-20 20:00:00,39593.0,39588.795922113706
24271,2018-07-20 21:00:00,37810.0,37844.56344247257
24272,2018-07-20 22:00:00,36564.0,36568.24696710162
24273,2018-07-20 23:00:00,34018.0,33972.786685627376
24274,2018-07-21 00:00:00,31204.0,31195.686577784665
24275,2018-07-19 01:00:00,29092.0,29080.802982197503
24276,2018-07-19 02:00:00,27128.0,27167.988978321948
24277,2018-07-19 03:00:00,25875.0,25855.54118846155
24278,2018-07-19 04:00:00,25119.0,25075.469320379845
24279,2018-07-19 05:00:00,25063.0,25048.482126267485
24280,2018-07-19 06:00:00,26089.0,26043.389760579765
24281,2018-07-19 07:00:00,27824.0,27857.229132767075
24282,2018-07-19 08:00:00,30110.0,30119.020689741705
24283,2018-07-19 09:00:00,31871.0,31867.9376206577
24284,2018-07-19 10:00:00,33321.0,33306.984503973625
24285,2018-07-19 11:00:00,34909.0,34900.76567543292
24286,2018-07-19 12:00:00,36419.0,36447.784102401085
24287,2018-07-19 13:00:00,37768.0,37736.00147499804
24288,2018-07-19 14:00:00,39359.0,39316.14387627116
24289,2018-07-19 15:00:00,40755.0,40761.17249804242
24290,2018-07-19 16:00:00,42256.0,42291.890621416445
24291,2018-07-19 17:00:00,43598.0,43604.22367924565
24292,2018-07-19 18:00:00,44317.0,44346.6155033068
24293,2018-07-19 19:00:00,43602.0,43641.275908969816
24294,2018-07-19 20:00:00,41774.0,41731.68878504369
24295,2018-07-19 21:00:00,39779.0,39787.918016478536
24296,2018-07-19 22:00:00,38082.0,38115.275711015616
24297,2018-07-19 23:00:00,34983.0,34997.35398121134
24298,2018-07-20 00:00:00,31740.0,31749.153864719214
24299,2018-07-18 01:00:00,31421.0,31449.807567928416
24300,2018-07-18 02:00:00,29604.0,29624.72640099503
24301,2018-07-18 03:00:00,28289.0,28289.162280973174
24302,2018-07-18 04:00:00,27404.0,27358.403339053755
24303,2018-07-18 05:00:00,27307.0,27318.333709727725
24304,2018-07-18 06:00:00,28141.0,28112.31752233315
24305,2018-07-18 07:00:00,29821.0,29796.4086373728
24306,2018-07-18 08:00:00,32274.0,32291.954395049062
24307,2018-07-18 09:00:00,34136.0,34131.30949986132
24308,2018-07-18 10:00:00,35766.0,35787.677993146295
24309,2018-07-18 11:00:00,37339.0,37328.25587976113
24310,2018-07-18 12:00:00,38927.0,38964.00316703892
24311,2018-07-18 13:00:00,40359.0,40351.70683092037
24312,2018-07-18 14:00:00,41680.0,41679.382340430035
24313,2018-07-18 15:00:00,42771.0,42733.62701281642
24314,2018-07-18 16:00:00,43742.0,43742.35650592228
24315,2018-07-18 17:00:00,44607.0,44580.980028297556
24316,2018-07-18 18:00:00,45057.0,45083.29808228124
24317,2018-07-18 19:00:00,44294.0,44315.404457531986
24318,2018-07-18 20:00:00,42401.0,42352.58431611057
24319,2018-07-18 21:00:00,40363.0,40362.3812124469
24320,2018-07-18 22:00:00,38647.0,38601.53940013962
24321,2018-07-18 23:00:00,35276.0,35282.928116337636
24322,2018-07-19 00:00:00,31896.0,31936.163892688008
24323,2018-07-17 01:00:00,36824.0,36860.716887440045
24324,2018-07-17 02:00:00,34665.0,34639.381509024395
24325,2018-07-17 03:00:00,33185.0,33149.011381521894
24326,2018-07-17 04:00:00,32284.0,32313.106447558148
24327,2018-07-17 05:00:00,32257.0,32261.618275215144
24328,2018-07-17 06:00:00,33401.0,33393.38292072594
24329,2018-07-17 07:00:00,35386.0,35417.04976694339
24330,2018-07-17 08:00:00,38360.0,38335.25115069509
24331,2018-07-17 09:00:00,40896.0,40868.46083421689
24332,2018-07-17 10:00:00,43309.0,43320.19318907482
24333,2018-07-17 11:00:00,45887.0,45864.25851948326
24334,2018-07-17 12:00:00,48061.0,48053.67901981812
24335,2018-07-17 13:00:00,49586.0,49581.48145557329
24336,2018-07-17 14:00:00,50490.0,50460.50237788906
24337,2018-07-17 15:00:00,49579.0,49535.16847375734
24338,2018-07-17 16:00:00,46917.0,46943.667801416574
24339,2018-07-17 17:00:00,45172.0,45200.35873946465
24340,2018-07-17 18:00:00,44681.0,44690.83695770328
24341,2018-07-17 19:00:00,43702.0,43666.86095580777
24342,2018-07-17 20:00:00,42426.0,42423.62132305905
24343,2018-07-17 21:00:00,41467.0,41434.78993645525
24344,2018-07-17 22:00:00,40267.0,40305.127345706685
24345,2018-07-17 23:00:00,37211.0,37230.72886220785
24346,2018-07-18 00:00:00,34033.0,33986.13765748288
24347,2018-07-16 01:00:00,31711.0,31661.166590922516
24348,2018-07-16 02:00:00,29945.0,29993.37609182339
24349,2018-07-16 03:00:00,28772.0,28725.984690015513
24350,2018-07-16 04:00:00,28250.0,28286.58597302506
24351,2018-07-16 05:00:00,28477.0,28522.581562762163
24352,2018-07-16 06:00:00,29784.0,29764.810370726853
24353,2018-07-16 07:00:00,31949.0,31953.01365602943
24354,2018-07-16 08:00:00,35160.0,35174.74081663475
24355,2018-07-16 09:00:00,38139.0,38141.04268193995
24356,2018-07-16 10:00:00,41134.0,41105.35041641884
24357,2018-07-16 11:00:00,44199.0,44207.12345442416
24358,2018-07-16 12:00:00,46981.0,46956.86708433213
24359,2018-07-16 13:00:00,49438.0,49404.50223247067
24360,2018-07-16 14:00:00,51410.0,51410.552406021096
24361,2018-07-16 15:00:00,52742.0,52729.19988256777
24362,2018-07-16 16:00:00,53408.0,53360.74097347057
24363,2018-07-16 17:00:00,53764.0,53808.96777728093
24364,2018-07-16 18:00:00,53352.0,53305.95566163855
24365,2018-07-16 19:00:00,52226.0,52266.2955824454
24366,2018-07-16 20:00:00,50618.0,50586.973631205285
24367,2018-07-16 21:00:00,49063.0,49027.18623229048
24368,2018-07-16 22:00:00,47205.0,47161.916395364744
24369,2018-07-16 23:00:00,43544.0,43536.570473216554
24370,2018-07-17 00:00:00,39928.0,39936.68624755723
24371,2018-07-15 01:00:00,31822.0,31862.37345839877
24372,2018-07-15 02:00:00,29820.0,29848.3748531767
24373,2018-07-15 03:00:00,28409.0,28374.96236332824
24374,2018-07-15 04:00:00,27472.0,27438.7725870939
24375,2018-07-15 05:00:00,26832.0,26782.816036709177
24376,2018-07-15 06:00:00,26712.0,26730.7821529406
24377,2018-07-15 07:00:00,26749.0,26700.74792669581
24378,2018-07-15 08:00:00,27771.0,27734.854843921068
24379,2018-07-15 09:00:00,29624.0,29637.454882213067
24380,2018-07-15 10:00:00,31808.0,31773.02682740837
24381,2018-07-15 11:00:00,33782.0,33747.32167394327
24382,2018-07-15 12:00:00,34840.0,34813.40031390822
24383,2018-07-15 13:00:00,35304.0,35292.526081225995
24384,2018-07-15 14:00:00,36039.0,35989.786609764735
24385,2018-07-15 15:00:00,36899.0,36923.60624042353
24386,2018-07-15 16:00:00,38385.0,38412.38237442327
24387,2018-07-15 17:00:00,40418.0,40404.674422972865
24388,2018-07-15 18:00:00,42005.0,42034.812381277705
24389,2018-07-15 19:00:00,42348.0,42326.47716302152
24390,2018-07-15 20:00:00,41550.0,41598.56934548363
24391,2018-07-15 21:00:00,40646.0,40635.77322400792
24392,2018-07-15 22:00:00,39819.0,39835.88165319292
24393,2018-07-15 23:00:00,37301.0,37283.24460010976
24394,2018-07-16 00:00:00,34259.0,34254.083084868114
24395,2018-07-14 01:00:00,29814.0,29828.508435316777
24396,2018-07-14 02:00:00,27773.0,27757.752502962616
24397,2018-07-14 03:00:00,26383.0,26398.65923218787
24398,2018-07-14 04:00:00,25464.0,25428.601479537203
24399,2018-07-14 05:00:00,25068.0,25066.375255130486
24400,2018-07-14 06:00:00,25066.0,25043.28591311742
24401,2018-07-14 07:00:00,25489.0,25531.002839383866
24402,2018-07-14 08:00:00,27241.0,27273.47036896425
24403,2018-07-14 09:00:00,29717.0,29715.74195624288
24404,2018-07-14 10:00:00,32295.0,32290.37500639939
24405,2018-07-14 11:00:00,34784.0,34817.398920360145
24406,2018-07-14 12:00:00,37040.0,37059.04501228935
24407,2018-07-14 13:00:00,38782.0,38800.33206024455
24408,2018-07-14 14:00:00,40343.0,40347.82545218444
24409,2018-07-14 15:00:00,41810.0,41846.235952422576
24410,2018-07-14 16:00:00,43166.0,43134.94995949367
24411,2018-07-14 17:00:00,44380.0,44416.18861170607
24412,2018-07-14 18:00:00,44984.0,44986.07411437008
24413,2018-07-14 19:00:00,44606.0,44618.13274928666
24414,2018-07-14 20:00:00,43030.0,43076.24213506068
24415,2018-07-14 21:00:00,41351.0,41343.45032701121
24416,2018-07-14 22:00:00,40018.0,40034.80320568584
24417,2018-07-14 23:00:00,37423.0,37425.213003246696
24418,2018-07-15 00:00:00,34543.0,34586.160582382094
24419,2018-07-13 01:00:00,30004.0,30002.764554474015
24420,2018-07-13 02:00:00,28104.0,28079.61319508232
24421,2018-07-13 03:00:00,26823.0,26821.273306536423
24422,2018-07-13 04:00:00,26097.0,26138.675747514993
24423,2018-07-13 05:00:00,26072.0,26072.071458345705
24424,2018-07-13 06:00:00,26969.0,26933.61411967373
24425,2018-07-13 07:00:00,28777.0,28781.16075535157
24426,2018-07-13 08:00:00,31322.0,31310.759928118674
24427,2018-07-13 09:00:00,33540.0,33554.97740277169
24428,2018-07-13 10:00:00,35506.0,35480.13520189705
24429,2018-07-13 11:00:00,37451.0,37433.229324483786
24430,2018-07-13 12:00:00,39153.0,39154.65751613742
24431,2018-07-13 13:00:00,40552.0,40513.82814009097
24432,2018-07-13 14:00:00,42200.0,42171.05054618595
24433,2018-07-13 15:00:00,43465.0,43495.13413180737
24434,2018-07-13 16:00:00,44485.0,44528.921947293726
24435,2018-07-13 17:00:00,45207.0,45253.95352381007
24436,2018-07-13 18:00:00,45368.0,45411.72616577444
24437,2018-07-13 19:00:00,44352.0,44396.20192876532
24438,2018-07-13 20:00:00,42301.0,42333.10924184739
24439,2018-07-13 21:00:00,40150.0,40173.561457455624
24440,2018-07-13 22:00:00,38638.0,38611.18387136816
24441,2018-07-13 23:00:00,35709.0,35703.173020502305
24442,2018-07-14 00:00:00,32597.0,32586.79657002254
24443,2018-07-12 01:00:00,31596.0,31619.034350227077
24444,2018-07-12 02:00:00,29530.0,29527.538635776244
24445,2018-07-12 03:00:00,28141.0,28127.017362157094
24446,2018-07-12 04:00:00,27314.0,27345.40749592951
24447,2018-07-12 05:00:00,27150.0,27174.990638824725
24448,2018-07-12 06:00:00,28072.0,28058.881721055932
24449,2018-07-12 07:00:00,29919.0,29910.93207475286
24450,2018-07-12 08:00:00,32262.0,32301.31881848646
24451,2018-07-12 09:00:00,34365.0,34388.26785248895
24452,2018-07-12 10:00:00,36208.0,36226.99825838265
24453,2018-07-12 11:00:00,38167.0,38188.17036429285
24454,2018-07-12 12:00:00,39765.0,39725.23027759301
24455,2018-07-12 13:00:00,41289.0,41295.35015135272
24456,2018-07-12 14:00:00,42744.0,42723.1001088216
24457,2018-07-12 15:00:00,43799.0,43757.483285673065
24458,2018-07-12 16:00:00,44622.0,44645.10670662535
24459,2018-07-12 17:00:00,45162.0,45142.43353729386
24460,2018-07-12 18:00:00,45202.0,45183.0058371047
24461,2018-07-12 19:00:00,44188.0,44201.985543558796
24462,2018-07-12 20:00:00,42278.0,42294.62631772902
24463,2018-07-12 21:00:00,40614.0,40611.40646638726
24464,2018-07-12 22:00:00,39212.0,39217.64675826445
24465,2018-07-12 23:00:00,36168.0,36202.888726451274
24466,2018-07-13 00:00:00,32887.0,32847.70802679146
24467,2018-07-11 01:00:00,34491.0,34447.5350485973
24468,2018-07-11 02:00:00,32241.0,32256.624486217122
24469,2018-07-11 03:00:00,30727.0,30737.381083982964
24470,2018-07-11 04:00:00,29755.0,29723.592342510605
24471,2018-07-11 05:00:00,29571.0,29573.189880047674
24472,2018-07-11 06:00:00,30570.0,30594.5667856905
24473,2018-07-11 07:00:00,32425.0,32448.170588218192
24474,2018-07-11 08:00:00,35156.0,35165.572305619884
24475,2018-07-11 09:00:00,37384.0,37347.04473802877
24476,2018-07-11 10:00:00,39391.0,39371.40071369547
24477,2018-07-11 11:00:00,41478.0,41468.57821864686
24478,2018-07-11 12:00:00,43429.0,43457.82529221003
24479,2018-07-11 13:00:00,44897.0,44901.3809445233
24480,2018-07-11 14:00:00,46210.0,46233.319994854624
24481,2018-07-11 15:00:00,47239.0,47281.35095465833
24482,2018-07-11 16:00:00,48007.0,48019.39231838107
24483,2018-07-11 17:00:00,48546.0,48519.714708001906
24484,2018-07-11 18:00:00,48488.0,48451.958085653394
24485,2018-07-11 19:00:00,47227.0,47177.05427022485
24486,2018-07-11 20:00:00,44899.0,44866.56283207792
24487,2018-07-11 21:00:00,43176.0,43152.92114832739
24488,2018-07-11 22:00:00,41557.0,41533.97794389917
24489,2018-07-11 23:00:00,38176.0,38192.70819342387
24490,2018-07-12 00:00:00,34724.0,34689.02392768823
24491,2018-07-10 01:00:00,29679.0,29672.5456904871
24492,2018-07-10 02:00:00,27677.0,27627.49080280674
24493,2018-07-10 03:00:00,26401.0,26377.116156468197
24494,2018-07-10 04:00:00,25735.0,25689.105454224147
24495,2018-07-10 05:00:00,25808.0,25828.95597133147
24496,2018-07-10 06:00:00,26841.0,26826.43064107509
24497,2018-07-10 07:00:00,28883.0,28881.009640419783
24498,2018-07-10 08:00:00,31787.0,31813.145314571102
24499,2018-07-10 09:00:00,34357.0,34393.29230418711
24500,2018-07-10 10:00:00,36944.0,36945.667350225565
24501,2018-07-10 11:00:00,39621.0,39635.97715933855
24502,2018-07-10 12:00:00,42103.0,42126.59826882027
24503,2018-07-10 13:00:00,44216.0,44194.53138968463
24504,2018-07-10 14:00:00,46219.0,46239.72611444656
24505,2018-07-10 15:00:00,47959.0,47974.367940911354
24506,2018-07-10 16:00:00,49442.0,49436.30644055248
24507,2018-07-10 17:00:00,50731.0,50715.07592886261
24508,2018-07-10 18:00:00,51429.0,51476.36593900533
24509,2018-07-10 19:00:00,50943.0,50991.63186120755
24510,2018-07-10 20:00:00,49264.0,49283.51063836156
24511,2018-07-10 21:00:00,47194.0,47182.4161642154
24512,2018-07-10 22:00:00,45245.0,45270.15355930526
24513,2018-07-10 23:00:00,41533.0,41550.923942385634
24514,2018-07-11 00:00:00,37750.0,37754.49855976626
24515,2018-07-09 01:00:00,26251.0,26214.183687984645
24516,2018-07-09 02:00:00,24582.0,24626.660282597226
24517,2018-07-09 03:00:00,23663.0,23636.2766495121
24518,2018-07-09 04:00:00,23223.0,23212.32586568173
24519,2018-07-09 05:00:00,23484.0,23468.241654815713
24520,2018-07-09 06:00:00,24626.0,24591.375527368895
24521,2018-07-09 07:00:00,26519.0,26471.450987742435
24522,2018-07-09 08:00:00,29088.0,29130.980181525356
24523,2018-07-09 09:00:00,31048.0,31071.94723245883
24524,2018-07-09 10:00:00,32864.0,32816.07138919172
24525,2018-07-09 11:00:00,34764.0,34782.77669700579
24526,2018-07-09 12:00:00,36489.0,36451.97047278214
24527,2018-07-09 13:00:00,38091.0,38113.39911651635
24528,2018-07-09 14:00:00,39879.0,39879.51795213209
24529,2018-07-09 15:00:00,41572.0,41619.785559402415
24530,2018-07-09 16:00:00,43276.0,43269.235477610404
24531,2018-07-09 17:00:00,44848.0,44872.89466930901
24532,2018-07-09 18:00:00,45771.0,45725.131014596074
24533,2018-07-09 19:00:00,45494.0,45537.55554408373
24534,2018-07-09 20:00:00,43886.0,43892.24598710356
24535,2018-07-09 21:00:00,41662.0,41643.421810248816
24536,2018-07-09 22:00:00,39795.0,39757.68929133567
24537,2018-07-09 23:00:00,36290.0,36304.08191191035
24538,2018-07-10 00:00:00,32776.0,32800.629339084335
24539,2018-07-08 01:00:00,24656.0,24614.533412497825
24540,2018-07-08 02:00:00,23196.0,23162.466028178595
24541,2018-07-08 03:00:00,22232.0,22220.542683614316
24542,2018-07-08 04:00:00,21597.0,21632.175738276666
24543,2018-07-08 05:00:00,21353.0,21401.293107441164
24544,2018-07-08 06:00:00,21211.0,21235.50272602725
24545,2018-07-08 07:00:00,21428.0,21378.557906380516
24546,2018-07-08 08:00:00,22544.0,22584.345754685964
24547,2018-07-08 09:00:00,24211.0,24163.655401214357
24548,2018-07-08 10:00:00,25826.0,25865.712665814524
24549,2018-07-08 11:00:00,27396.0,27387.031701351138
24550,2018-07-08 12:00:00,28760.0,28784.180931250583
24551,2018-07-08 13:00:00,30008.0,29966.70676840603
24552,2018-07-08 14:00:00,31227.0,31193.492694593013
24553,2018-07-08 15:00:00,32586.0,32581.076787404843
24554,2018-07-08 16:00:00,34151.0,34104.85056973406
24555,2018-07-08 17:00:00,35838.0,35826.97567383505
24556,2018-07-08 18:00:00,37210.0,37235.19660580615
24557,2018-07-08 19:00:00,37450.0,37465.47128560388
24558,2018-07-08 20:00:00,36497.0,36482.17773664341
24559,2018-07-08 21:00:00,34974.0,34924.884431253704
24560,2018-07-08 22:00:00,34020.0,33996.96767538158
24561,2018-07-08 23:00:00,31538.0,31565.62289642939
24562,2018-07-09 00:00:00,28679.0,28663.052949631132
24563,2018-07-07 01:00:00,28643.0,28630.74968697701
24564,2018-07-07 02:00:00,26556.0,26513.4198321797
24565,2018-07-07 03:00:00,25035.0,25045.169059430307
24566,2018-07-07 04:00:00,24081.0,24093.19003437071
24567,2018-07-07 05:00:00,23519.0,23512.084905683863
24568,2018-07-07 06:00:00,23358.0,23384.057088179303
24569,2018-07-07 07:00:00,23663.0,23700.686592302205
24570,2018-07-07 08:00:00,24818.0,24843.053875422178
24571,2018-07-07 09:00:00,26449.0,26453.430700820612
24572,2018-07-07 10:00:00,27693.0,27736.569054446303
24573,2018-07-07 11:00:00,28681.0,28669.220433583876
24574,2018-07-07 12:00:00,29421.0,29436.472438411773
24575,2018-07-07 13:00:00,29976.0,29983.52401564498
24576,2018-07-07 14:00:00,30565.0,30599.156785945033
24577,2018-07-07 15:00:00,31347.0,31346.959326863784
24578,2018-07-07 16:00:00,32356.0,32361.348634446993
24579,2018-07-07 17:00:00,33430.0,33425.3813433508
24580,2018-07-07 18:00:00,34233.0,34197.05180148437
24581,2018-07-07 19:00:00,34170.0,34208.642653995106
24582,2018-07-07 20:00:00,33101.0,33137.18244070819
24583,2018-07-07 21:00:00,31614.0,31634.245862497177
24584,2018-07-07 22:00:00,30855.0,30839.779110449894
24585,2018-07-07 23:00:00,29070.0,29055.50930373063
24586,2018-07-08 00:00:00,26894.0,26847.600061198802
24587,2018-07-06 01:00:00,37168.0,37125.76481264575
24588,2018-07-06 02:00:00,35164.0,35165.37976757567
24589,2018-07-06 03:00:00,33844.0,33798.98157903788
24590,2018-07-06 04:00:00,33133.0,33092.922019441
24591,2018-07-06 05:00:00,33129.0,33104.12053496595
24592,2018-07-06 06:00:00,34020.0,34007.36919113771
24593,2018-07-06 07:00:00,35573.0,35571.934663081556
24594,2018-07-06 08:00:00,37575.0,37557.45211360116
24595,2018-07-06 09:00:00,39381.0,39425.068478040404
24596,2018-07-06 10:00:00,40621.0,40666.08951065871
24597,2018-07-06 11:00:00,41668.0,41623.60421235447
24598,2018-07-06 12:00:00,42539.0,42587.541520002625
24599,2018-07-06 13:00:00,42955.0,42922.29046123042
24600,2018-07-06 14:00:00,43241.0,43224.137488539745
24601,2018-07-06 15:00:00,43594.0,43627.70155160238
24602,2018-07-06 16:00:00,43843.0,43861.77185359327
24603,2018-07-06 17:00:00,43890.0,43845.8242406332
24604,2018-07-06 18:00:00,43651.0,43678.460311068
24605,2018-07-06 19:00:00,42606.0,42622.3242757738
24606,2018-07-06 20:00:00,40731.0,40776.049649830726
24607,2018-07-06 21:00:00,38882.0,38923.00089223384
24608,2018-07-06 22:00:00,37544.0,37591.522753287
24609,2018-07-06 23:00:00,34647.0,34642.48858405862
24610,2018-07-07 00:00:00,31602.0,31622.65072484693
24611,2018-07-05 01:00:00,34220.0,34266.19059428634
24612,2018-07-05 02:00:00,32368.0,32318.21194727163
24613,2018-07-05 03:00:00,31209.0,31237.893187132802
24614,2018-07-05 04:00:00,30749.0,30704.395512956762
24615,2018-07-05 05:00:00,30872.0,30921.891625150038
24616,2018-07-05 06:00:00,31845.0,31796.388158805676
24617,2018-07-05 07:00:00,33894.0,33899.47032273164
24618,2018-07-05 08:00:00,36956.0,36958.09168420766
24619,2018-07-05 09:00:00,39443.0,39423.473433152416
24620,2018-07-05 10:00:00,42013.0,42036.234760643
24621,2018-07-05 11:00:00,44632.0,44607.69977501743
24622,2018-07-05 12:00:00,46809.0,46788.0785484353
24623,2018-07-05 13:00:00,48646.0,48614.03593031226
24624,2018-07-05 14:00:00,50094.0,50115.406695467536
24625,2018-07-05 15:00:00,50858.0,50825.003594834525
24626,2018-07-05 16:00:00,51351.0,51390.767272649406
24627,2018-07-05 17:00:00,52045.0,52023.78351815811
24628,2018-07-05 18:00:00,52503.0,52504.86223266829
24629,2018-07-05 19:00:00,51786.0,51783.506417130615
24630,2018-07-05 20:00:00,50066.0,50086.23525988812
24631,2018-07-05 21:00:00,48431.0,48404.403750172554
24632,2018-07-05 22:00:00,46736.0,46769.86393329548
24633,2018-07-05 23:00:00,43432.0,43455.78952338906
24634,2018-07-06 00:00:00,40087.0,40071.261410861516
24635,2018-07-04 01:00:00,36317.0,36279.02881026165
24636,2018-07-04 02:00:00,34060.0,34060.476498670956
24637,2018-07-04 03:00:00,32477.0,32525.05254693865
24638,2018-07-04 04:00:00,31306.0,31258.425440957813
24639,2018-07-04 05:00:00,30707.0,30741.48612276459
24640,2018-07-04 06:00:00,30668.0,30687.976331219885
24641,2018-07-04 07:00:00,31027.0,30995.3180653482
24642,2018-07-04 08:00:00,32565.0,32562.64203053617
24643,2018-07-04 09:00:00,35299.0,35311.76795641088
24644,2018-07-04 10:00:00,38405.0,38424.66842619201
24645,2018-07-04 11:00:00,41539.0,41581.13649793426
24646,2018-07-04 12:00:00,44266.0,44303.30766927047
24647,2018-07-04 13:00:00,46164.0,46146.84272067196
24648,2018-07-04 14:00:00,47275.0,47237.00349443687
24649,2018-07-04 15:00:00,47767.0,47727.42664398901
24650,2018-07-04 16:00:00,47897.0,47943.874346281984
24651,2018-07-04 17:00:00,47504.0,47549.58184372727
24652,2018-07-04 18:00:00,46611.0,46642.95131063788
24653,2018-07-04 19:00:00,44964.0,45012.04624819458
24654,2018-07-04 20:00:00,43361.0,43338.41681109549
24655,2018-07-04 21:00:00,42157.0,42189.556280319455
24656,2018-07-04 22:00:00,40860.0,40860.22296382905
24657,2018-07-04 23:00:00,39131.0,39160.9221099349
24658,2018-07-05 00:00:00,36699.0,36710.08295318369
24659,2018-07-03 01:00:00,39641.0,39675.61848152728
24660,2018-07-03 02:00:00,37091.0,37080.73457407981
24661,2018-07-03 03:00:00,35334.0,35382.9139772776
24662,2018-07-03 04:00:00,34189.0,34160.92309085097
24663,2018-07-03 05:00:00,33912.0,33929.260955508566
24664,2018-07-03 06:00:00,34734.0,34764.257867865825
24665,2018-07-03 07:00:00,36759.0,36767.57533045466
24666,2018-07-03 08:00:00,39728.0,39707.02953328329
24667,2018-07-03 09:00:00,42680.0,42686.129910413285
24668,2018-07-03 10:00:00,45766.0,45766.470744761216
24669,2018-07-03 11:00:00,48876.0,48845.01215057605
24670,2018-07-03 12:00:00,51603.0,51629.32033125569
24671,2018-07-03 13:00:00,53623.0,53599.71880236851
24672,2018-07-03 14:00:00,54852.0,54885.21119590549
24673,2018-07-03 15:00:00,54908.0,54879.43197305184
24674,2018-07-03 16:00:00,54908.0,54908.231672229806
24675,2018-07-03 17:00:00,54724.0,54743.52185958041
24676,2018-07-03 18:00:00,53679.0,53728.583075368624
24677,2018-07-03 19:00:00,51788.0,51765.098984949764
24678,2018-07-03 20:00:00,49244.0,49257.56101270661
24679,2018-07-03 21:00:00,47292.0,47257.335726171754
24680,2018-07-03 22:00:00,45506.0,45537.964011333395
24681,2018-07-03 23:00:00,42437.0,42473.144550220684
24682,2018-07-04 00:00:00,39340.0,39378.79569157724
24683,2018-07-02 01:00:00,36627.0,36671.553421123535
24684,2018-07-02 02:00:00,34288.0,34273.56816463214
24685,2018-07-02 03:00:00,32552.0,32568.644542567872
24686,2018-07-02 04:00:00,31450.0,31431.574349402403
24687,2018-07-02 05:00:00,31246.0,31276.380380357412
24688,2018-07-02 06:00:00,32035.0,32026.559309916953
24689,2018-07-02 07:00:00,34136.0,34141.49090918732
24690,2018-07-02 08:00:00,37526.0,37489.299094232054
24691,2018-07-02 09:00:00,40987.0,41022.049369026216
24692,2018-07-02 10:00:00,44377.0,44375.29446030722
24693,2018-07-02 11:00:00,47740.0,47754.0476689682
24694,2018-07-02 12:00:00,50475.0,50491.92817293065
24695,2018-07-02 13:00:00,52533.0,52510.425087664415
24696,2018-07-02 14:00:00,54170.0,54199.49827713803
24697,2018-07-02 15:00:00,55159.0,55192.30299654405
24698,2018-07-02 16:00:00,55836.0,55837.57539953286
24699,2018-07-02 17:00:00,56430.0,56470.24104982042
24700,2018-07-02 18:00:00,56609.0,56575.08990294524
24701,2018-07-02 19:00:00,56231.0,56222.44314387343
24702,2018-07-02 20:00:00,54644.0,54598.431993418126
24703,2018-07-02 21:00:00,52757.0,52746.85627652063
24704,2018-07-02 22:00:00,50685.0,50734.703792604465
24705,2018-07-02 23:00:00,46833.0,46829.31807100666
24706,2018-07-03 00:00:00,42919.0,42910.92106317261
24707,2018-07-01 01:00:00,34716.0,34734.78216100793
24708,2018-07-01 02:00:00,32345.0,32299.860654718585
24709,2018-07-01 03:00:00,30546.0,30531.376741784905
24710,2018-07-01 04:00:00,29300.0,29303.307137777574
24711,2018-07-01 05:00:00,28511.0,28509.406601110073
24712,2018-07-01 06:00:00,27992.0,28006.24767931185
24713,2018-07-01 07:00:00,28211.0,28174.893727588293
24714,2018-07-01 08:00:00,30337.0,30327.261423740678
24715,2018-07-01 09:00:00,33759.0,33772.359666853234
24716,2018-07-01 10:00:00,37516.0,37496.165031391494
24717,2018-07-01 11:00:00,41130.0,41141.28802675257
24718,2018-07-01 12:00:00,44099.0,44144.831192093574
24719,2018-07-01 13:00:00,46378.0,46421.03854404224
24720,2018-07-01 14:00:00,48208.0,48230.55135235304
24721,2018-07-01 15:00:00,49429.0,49396.76290754369
24722,2018-07-01 16:00:00,50466.0,50494.42435409371
24723,2018-07-01 17:00:00,51358.0,51352.670451818245
24724,2018-07-01 18:00:00,51803.0,51848.173298876456
24725,2018-07-01 19:00:00,51437.0,51448.14205738389
24726,2018-07-01 20:00:00,50120.0,50091.76231074377
24727,2018-07-01 21:00:00,48316.0,48297.24296274733
24728,2018-07-01 22:00:00,46807.0,46788.90583566168
24729,2018-07-01 23:00:00,43501.0,43478.62859654871
24730,2018-07-02 00:00:00,39909.0,39936.182153592956
24731,2018-06-30 01:00:00,32443.0,32426.674559643227
24732,2018-06-30 02:00:00,30093.0,30062.562304439136
24733,2018-06-30 03:00:00,28392.0,28401.60970664066
24734,2018-06-30 04:00:00,27226.0,27222.477856904003
24735,2018-06-30 05:00:00,26624.0,26576.21677335914
24736,2018-06-30 06:00:00,26411.0,26388.911702171998
24737,2018-06-30 07:00:00,27026.0,26979.8192427206
24738,2018-06-30 08:00:00,29393.0,29419.70407775563
24739,2018-06-30 09:00:00,32697.0,32742.102481969854
24740,2018-06-30 10:00:00,36256.0,36256.017009821466
24741,2018-06-30 11:00:00,39459.0,39464.816594971926
24742,2018-06-30 12:00:00,41902.0,41936.5084352776
24743,2018-06-30 13:00:00,43803.0,43754.896565286545
24744,2018-06-30 14:00:00,45293.0,45259.232406175885
24745,2018-06-30 15:00:00,46465.0,46480.435764201815
24746,2018-06-30 16:00:00,47711.0,47735.174001017615
24747,2018-06-30 17:00:00,48790.0,48802.61977930244
24748,2018-06-30 18:00:00,49341.0,49384.92449014577
24749,2018-06-30 19:00:00,49031.0,49020.23678608395
24750,2018-06-30 20:00:00,47522.0,47527.50824088386
24751,2018-06-30 21:00:00,45558.0,45603.64036709958
24752,2018-06-30 22:00:00,43940.0,43979.96400328252
24753,2018-06-30 23:00:00,40958.0,40911.08027422938
24754,2018-07-01 00:00:00,37751.0,37736.21399235235
24755,2018-06-29 01:00:00,31942.0,31965.899487131606
24756,2018-06-29 02:00:00,29691.0,29641.087698418192
24757,2018-06-29 03:00:00,28338.0,28374.298742407926
24758,2018-06-29 04:00:00,27376.0,27376.210943686918
24759,2018-06-29 05:00:00,27318.0,27276.659931645965
24760,2018-06-29 06:00:00,28185.0,28179.246345599113
24761,2018-06-29 07:00:00,30251.0,30250.262209405704
24762,2018-06-29 08:00:00,33322.0,33308.6929968931
24763,2018-06-29 09:00:00,36101.0,36096.431193122815
24764,2018-06-29 10:00:00,38540.0,38579.13960313871
24765,2018-06-29 11:00:00,40893.0,40875.406559427014
24766,2018-06-29 12:00:00,42865.0,42911.09167112504
24767,2018-06-29 13:00:00,44489.0,44507.702219508734
24768,2018-06-29 14:00:00,45791.0,45830.60149990442
24769,2018-06-29 15:00:00,46826.0,46796.89789735604
24770,2018-06-29 16:00:00,47825.0,47824.1845128849
24771,2018-06-29 17:00:00,48752.0,48758.54206557492
24772,2018-06-29 18:00:00,49105.0,49063.52846627768
24773,2018-06-29 19:00:00,48321.0,48320.36410600449
24774,2018-06-29 20:00:00,46534.0,46570.09538237455
24775,2018-06-29 21:00:00,44158.0,44113.21938054819
24776,2018-06-29 22:00:00,42343.0,42357.23065904986
24777,2018-06-29 23:00:00,39099.0,39147.87557613745
24778,2018-06-30 00:00:00,35639.0,35641.74268617957
24779,2018-06-28 01:00:00,28188.0,28168.336747460726
24780,2018-06-28 02:00:00,26927.0,26935.49455199192
24781,2018-06-28 03:00:00,26191.0,26195.14373430756
24782,2018-06-28 04:00:00,25940.0,25900.515908902256
24783,2018-06-28 05:00:00,26259.0,26230.429163676192
24784,2018-06-28 06:00:00,27734.0,27750.940203811162
24785,2018-06-28 07:00:00,30063.0,30072.256066165257
24786,2018-06-28 08:00:00,32727.0,32711.43201472159
24787,2018-06-28 09:00:00,34786.0,34833.852834550285
24788,2018-06-28 10:00:00,36755.0,36769.47686484956
24789,2018-06-28 11:00:00,38665.0,38638.08081343599
24790,2018-06-28 12:00:00,40433.0,40430.118126045396
24791,2018-06-28 13:00:00,41936.0,41957.15921747559
24792,2018-06-28 14:00:00,43441.0,43458.19859182896
24793,2018-06-28 15:00:00,44429.0,44403.63286571197
24794,2018-06-28 16:00:00,45139.0,45153.78476593073
24795,2018-06-28 17:00:00,45811.0,45794.287545047264
24796,2018-06-28 18:00:00,46350.0,46345.750460823176
24797,2018-06-28 19:00:00,46021.0,46037.914956961664
24798,2018-06-28 20:00:00,44678.0,44686.099407813024
24799,2018-06-28 21:00:00,42901.0,42922.27305060608
24800,2018-06-28 22:00:00,41619.0,41607.18375299038
24801,2018-06-28 23:00:00,38478.0,38503.20005739678
24802,2018-06-29 00:00:00,34956.0,34907.56667737515
24803,2018-06-27 01:00:00,26915.0,26883.796740594837
24804,2018-06-27 02:00:00,25363.0,25410.322393101946
24805,2018-06-27 03:00:00,24404.0,24362.67272936119
24806,2018-06-27 04:00:00,23944.0,23960.19031095605
24807,2018-06-27 05:00:00,24295.0,24336.675750995837
24808,2018-06-27 06:00:00,25506.0,25541.954650753047
24809,2018-06-27 07:00:00,27710.0,27751.27554100784
24810,2018-06-27 08:00:00,29883.0,29931.390890633207
24811,2018-06-27 09:00:00,31304.0,31289.727356993422
24812,2018-06-27 10:00:00,32494.0,32477.01580478087
24813,2018-06-27 11:00:00,33678.0,33640.08619645659
24814,2018-06-27 12:00:00,34402.0,34372.14902472997
24815,2018-06-27 13:00:00,34677.0,34692.287833898445
24816,2018-06-27 14:00:00,34817.0,34800.11479316139
24817,2018-06-27 15:00:00,35005.0,34989.11475031235
24818,2018-06-27 16:00:00,35032.0,35046.5923846501
24819,2018-06-27 17:00:00,35293.0,35253.462188871745
24820,2018-06-27 18:00:00,35508.0,35463.59449244744
24821,2018-06-27 19:00:00,35357.0,35387.283959679626
24822,2018-06-27 20:00:00,34994.0,35022.98453237574
24823,2018-06-27 21:00:00,34919.0,34907.509092582084
24824,2018-06-27 22:00:00,34490.0,34499.30677221721
24825,2018-06-27 23:00:00,32423.0,32396.807937559646
24826,2018-06-28 00:00:00,30185.0,30171.763759453697
24827,2018-06-26 01:00:00,26408.0,26361.640274017267
24828,2018-06-26 02:00:00,24753.0,24730.360805939126
24829,2018-06-26 03:00:00,23722.0,23673.63793454573
24830,2018-06-26 04:00:00,23140.0,23132.407580279298
24831,2018-06-26 05:00:00,23392.0,23393.972324880473
24832,2018-06-26 06:00:00,24281.0,24280.533068148772
24833,2018-06-26 07:00:00,26312.0,26296.07110167443
24834,2018-06-26 08:00:00,28432.0,28402.69460591775
24835,2018-06-26 09:00:00,29985.0,29980.434369815077
24836,2018-06-26 10:00:00,31325.0,31361.992913935763
24837,2018-06-26 11:00:00,32775.0,32823.32299927718
24838,2018-06-26 12:00:00,34190.0,34171.2725837994
24839,2018-06-26 13:00:00,35362.0,35409.44295274417
24840,2018-06-26 14:00:00,36336.0,36329.4551511975
24841,2018-06-26 15:00:00,37159.0,37170.3272181266
24842,2018-06-26 16:00:00,38437.0,38467.37136142148
24843,2018-06-26 17:00:00,39206.0,39191.94202520395
24844,2018-06-26 18:00:00,39441.0,39411.82826169025
24845,2018-06-26 19:00:00,38707.0,38684.307643680884
24846,2018-06-26 20:00:00,37249.0,37282.86161830968
24847,2018-06-26 21:00:00,35923.0,35966.44747946509
24848,2018-06-26 22:00:00,34961.0,34923.84866748075
24849,2018-06-26 23:00:00,32196.0,32215.45124397255
24850,2018-06-27 00:00:00,29261.0,29214.49043551446
24851,2018-06-25 01:00:00,28482.0,28519.495404168716
24852,2018-06-25 02:00:00,26738.0,26773.682680206224
24853,2018-06-25 03:00:00,25605.0,25632.460282917174
24854,2018-06-25 04:00:00,25080.0,25112.438120369392
24855,2018-06-25 05:00:00,25333.0,25343.434949641494
24856,2018-06-25 06:00:00,26324.0,26288.730772965726
24857,2018-06-25 07:00:00,28487.0,28528.45579966473
24858,2018-06-25 08:00:00,31010.0,30974.10230061743
24859,2018-06-25 09:00:00,32692.0,32664.51989440567
24860,2018-06-25 10:00:00,33998.0,33991.26133633197
24861,2018-06-25 11:00:00,35215.0,35214.79632667324
24862,2018-06-25 12:00:00,36232.0,36191.63178043359
24863,2018-06-25 13:00:00,37067.0,37093.16786313368
24864,2018-06-25 14:00:00,38224.0,38187.73062004214
24865,2018-06-25 15:00:00,39105.0,39120.47598816422
24866,2018-06-25 16:00:00,39935.0,39930.198072761195
24867,2018-06-25 17:00:00,40581.0,40612.09358586844
24868,2018-06-25 18:00:00,40808.0,40787.56041196756
24869,2018-06-25 19:00:00,39879.0,39912.652694414166
24870,2018-06-25 20:00:00,38091.0,38066.225997343405
24871,2018-06-25 21:00:00,36548.0,36555.43425865875
24872,2018-06-25 22:00:00,35309.0,35307.6112364059
24873,2018-06-25 23:00:00,32289.0,32274.25764969351
24874,2018-06-26 00:00:00,29038.0,28989.177781378927
24875,2018-06-24 01:00:00,25828.0,25817.78484722777
24876,2018-06-24 02:00:00,24526.0,24487.836053321094
24877,2018-06-24 03:00:00,23650.0,23622.515737642785
24878,2018-06-24 04:00:00,23100.0,23118.83000921298
24879,2018-06-24 05:00:00,22912.0,22919.128858306856
24880,2018-06-24 06:00:00,22901.0,22903.707971794593
24881,2018-06-24 07:00:00,23245.0,23251.401678564347
24882,2018-06-24 08:00:00,24669.0,24631.00533823882
24883,2018-06-24 09:00:00,27002.0,26968.46408469624
24884,2018-06-24 10:00:00,29511.0,29515.280119111267
24885,2018-06-24 11:00:00,31952.0,31942.682772722736
24886,2018-06-24 12:00:00,34300.0,34296.32020509509
24887,2018-06-24 13:00:00,36150.0,36187.915230761246
24888,2018-06-24 14:00:00,37741.0,37709.51643197518
24889,2018-06-24 15:00:00,38805.0,38846.06982866014
24890,2018-06-24 16:00:00,39699.0,39734.74874877125
24891,2018-06-24 17:00:00,40315.0,40355.17878333967
24892,2018-06-24 18:00:00,40790.0,40804.13614930776
24893,2018-06-24 19:00:00,40563.0,40599.39353017438
24894,2018-06-24 20:00:00,39342.0,39391.11894090111
24895,2018-06-24 21:00:00,37945.0,37942.141502509025
24896,2018-06-24 22:00:00,36671.0,36707.180841423324
24897,2018-06-24 23:00:00,34024.0,34064.36928244771
24898,2018-06-25 00:00:00,31067.0,31047.976604150816
24899,2018-06-23 01:00:00,25255.0,25249.27056747575
24900,2018-06-23 02:00:00,23962.0,23969.36745220579
24901,2018-06-23 03:00:00,23201.0,23185.915629784522
24902,2018-06-23 04:00:00,22744.0,22726.214495626424
24903,2018-06-23 05:00:00,22669.0,22657.07161264871
24904,2018-06-23 06:00:00,23010.0,23002.39062340782
24905,2018-06-23 07:00:00,23516.0,23491.226976655857
24906,2018-06-23 08:00:00,24734.0,24731.33119877465
24907,2018-06-23 09:00:00,26414.0,26441.87482430361
24908,2018-06-23 10:00:00,27871.0,27883.44868451532
24909,2018-06-23 11:00:00,29050.0,29037.976385421778
24910,2018-06-23 12:00:00,29538.0,29503.619596781966
24911,2018-06-23 13:00:00,29804.0,29836.404283938908
24912,2018-06-23 14:00:00,29808.0,29809.13322696288
24913,2018-06-23 15:00:00,29867.0,29914.12402790254
24914,2018-06-23 16:00:00,30096.0,30071.26932465307
24915,2018-06-23 17:00:00,30626.0,30593.551300786472
24916,2018-06-23 18:00:00,31193.0,31143.80073011678
24917,2018-06-23 19:00:00,31295.0,31253.26235667948
24918,2018-06-23 20:00:00,31139.0,31127.54018680362
24919,2018-06-23 21:00:00,31071.0,31040.82404865621
24920,2018-06-23 22:00:00,30967.0,30920.788360777533
24921,2018-06-23 23:00:00,29512.0,29484.536774803157
24922,2018-06-24 00:00:00,27624.0,27646.875453871395
24923,2018-06-22 01:00:00,29654.0,29677.569440455198
24924,2018-06-22 02:00:00,27867.0,27831.963577117407
24925,2018-06-22 03:00:00,26814.0,26857.648940175153
24926,2018-06-22 04:00:00,26194.0,26159.903610386515
24927,2018-06-22 05:00:00,26283.0,26241.934122750405
24928,2018-06-22 06:00:00,27362.0,27328.29374500958
24929,2018-06-22 07:00:00,29217.0,29181.0520760756
24930,2018-06-22 08:00:00,31115.0,31128.17064374847
24931,2018-06-22 09:00:00,32570.0,32535.62575216064
24932,2018-06-22 10:00:00,33505.0,33518.432799459166
24933,2018-06-22 11:00:00,34164.0,34141.659830023425
24934,2018-06-22 12:00:00,34504.0,34478.840484228574
24935,2018-06-22 13:00:00,34576.0,34615.72516026732
24936,2018-06-22 14:00:00,34629.0,34600.43327188323
24937,2018-06-22 15:00:00,34389.0,34425.45845664226
24938,2018-06-22 16:00:00,34157.0,34137.35272922729
24939,2018-06-22 17:00:00,33883.0,33932.12283222806
24940,2018-06-22 18:00:00,33332.0,33380.09290212921
24941,2018-06-22 19:00:00,32390.0,32422.761183877654
24942,2018-06-22 20:00:00,31606.0,31642.808659308004
24943,2018-06-22 21:00:00,31422.0,31454.326085955363
24944,2018-06-22 22:00:00,30877.0,30889.964558306634
24945,2018-06-22 23:00:00,29196.0,29226.902279684702
24946,2018-06-23 00:00:00,27095.0,27107.828098137623
24947,2018-06-21 01:00:00,30413.0,30447.216600094736
24948,2018-06-21 02:00:00,28629.0,28672.55534175332
24949,2018-06-21 03:00:00,27522.0,27547.332079062955
24950,2018-06-21 04:00:00,26867.0,26913.46870571376
24951,2018-06-21 05:00:00,27044.0,27038.823000145094
24952,2018-06-21 06:00:00,28364.0,28406.538722972124
24953,2018-06-21 07:00:00,30481.0,30453.623120777866
24954,2018-06-21 08:00:00,32710.0,32663.136622020054
24955,2018-06-21 09:00:00,34011.0,33973.80967411221
24956,2018-06-21 10:00:00,35179.0,35145.02472814088
24957,2018-06-21 11:00:00,36351.0,36383.44265988331
24958,2018-06-21 12:00:00,37229.0,37219.10092365726
24959,2018-06-21 13:00:00,38167.0,38140.31782864897
24960,2018-06-21 14:00:00,39433.0,39464.227065931686
24961,2018-06-21 15:00:00,40603.0,40573.21241042929
24962,2018-06-21 16:00:00,41603.0,41560.78750261864
24963,2018-06-21 17:00:00,42601.0,42597.61908579699
24964,2018-06-21 18:00:00,43006.0,42962.940724859036
24965,2018-06-21 19:00:00,42317.0,42294.89375473285
24966,2018-06-21 20:00:00,40734.0,40754.033583978104
24967,2018-06-21 21:00:00,39399.0,39386.453220977775
24968,2018-06-21 22:00:00,38261.0,38219.74768577357
24969,2018-06-21 23:00:00,35435.0,35425.2993024442
24970,2018-06-22 00:00:00,32318.0,32319.314277296646
24971,2018-06-20 01:00:00,30413.0,30388.022790612413
24972,2018-06-20 02:00:00,28443.0,28410.089099613433
24973,2018-06-20 03:00:00,27105.0,27131.16744862682
24974,2018-06-20 04:00:00,26352.0,26308.783702003595
24975,2018-06-20 05:00:00,26337.0,26382.686698419053
24976,2018-06-20 06:00:00,27368.0,27318.75988037302
24977,2018-06-20 07:00:00,29491.0,29506.124208377423
24978,2018-06-20 08:00:00,31880.0,31843.360342596225
24979,2018-06-20 09:00:00,33609.0,33613.709750813
24980,2018-06-20 10:00:00,35253.0,35221.73094648944
24981,2018-06-20 11:00:00,37019.0,36972.432172066845
24982,2018-06-20 12:00:00,38858.0,38893.976628401164
24983,2018-06-20 13:00:00,40101.0,40093.39341680756
24984,2018-06-20 14:00:00,41600.0,41577.52208268199
24985,2018-06-20 15:00:00,42585.0,42629.72714189473
24986,2018-06-20 16:00:00,43138.0,43096.19900321861
24987,2018-06-20 17:00:00,43429.0,43413.85116639002
24988,2018-06-20 18:00:00,43098.0,43065.736360709554
24989,2018-06-20 19:00:00,41990.0,42039.119590931245
24990,2018-06-20 20:00:00,40967.0,40971.60195700515
24991,2018-06-20 21:00:00,40311.0,40342.222107046495
24992,2018-06-20 22:00:00,38886.0,38852.35339760637
24993,2018-06-20 23:00:00,36080.0,36060.44346169557
24994,2018-06-21 00:00:00,33077.0,33088.96046358766
24995,2018-06-19 01:00:00,35932.0,35899.80300583863
24996,2018-06-19 02:00:00,33983.0,33983.00624244389
24997,2018-06-19 03:00:00,32655.0,32698.161359677535
24998,2018-06-19 04:00:00,31866.0,31909.02523696044
24999,2018-06-19 05:00:00,31868.0,31853.48803687165
25000,2018-06-19 06:00:00,33043.0,33044.61418330894
25001,2018-06-19 07:00:00,35290.0,35259.8408263702
25002,2018-06-19 08:00:00,37708.0,37755.851635192084
25003,2018-06-19 09:00:00,39714.0,39715.987206073885
25004,2018-06-19 10:00:00,41662.0,41632.63132032777
25005,2018-06-19 11:00:00,43493.0,43527.476212822265
25006,2018-06-19 12:00:00,44735.0,44727.0374051649
25007,2018-06-19 13:00:00,45569.0,45582.61369348624
25008,2018-06-19 14:00:00,46157.0,46191.35670302317
25009,2018-06-19 15:00:00,46638.0,46618.92030114355
25010,2018-06-19 16:00:00,46827.0,46834.79050082871
25011,2018-06-19 17:00:00,46891.0,46846.6120350043
25012,2018-06-19 18:00:00,47159.0,47132.45433451142
25013,2018-06-19 19:00:00,46257.0,46220.875598658225
25014,2018-06-19 20:00:00,44675.0,44689.41907070969
25015,2018-06-19 21:00:00,42553.0,42528.4654313708
25016,2018-06-19 22:00:00,40801.0,40826.99859296806
25017,2018-06-19 23:00:00,37203.0,37229.11366071392
25018,2018-06-20 00:00:00,33557.0,33585.42437706831
25019,2018-06-18 01:00:00,30588.0,30551.26275709624
25020,2018-06-18 02:00:00,28702.0,28704.604825565733
25021,2018-06-18 03:00:00,27467.0,27484.910086642456
25022,2018-06-18 04:00:00,26762.0,26744.277440828613
25023,2018-06-18 05:00:00,26992.0,26968.00638300538
25024,2018-06-18 06:00:00,28252.0,28273.795665531634
25025,2018-06-18 07:00:00,30635.0,30620.12973785293
25026,2018-06-18 08:00:00,33723.0,33697.88794675548
25027,2018-06-18 09:00:00,36543.0,36549.29084678833
25028,2018-06-18 10:00:00,39402.0,39414.03859485205
25029,2018-06-18 11:00:00,42429.0,42456.68025180931
25030,2018-06-18 12:00:00,45148.0,45102.09298538058
25031,2018-06-18 13:00:00,47386.0,47353.448874910006
25032,2018-06-18 14:00:00,49433.0,49460.724956751874
25033,2018-06-18 15:00:00,50819.0,50822.187043475555
25034,2018-06-18 16:00:00,51818.0,51848.607468659364
25035,2018-06-18 17:00:00,52558.0,52552.85261031
25036,2018-06-18 18:00:00,52213.0,52208.93846481599
25037,2018-06-18 19:00:00,51597.0,51584.756773052555
25038,2018-06-18 20:00:00,50107.0,50126.11953079953
25039,2018-06-18 21:00:00,48437.0,48446.020693057144
25040,2018-06-18 22:00:00,46151.0,46140.27308346856
25041,2018-06-18 23:00:00,42504.0,42472.75482314806
25042,2018-06-19 00:00:00,38855.0,38805.239562008544
25043,2018-06-17 01:00:00,26785.0,26744.135037464166
25044,2018-06-17 02:00:00,24999.0,24959.783988870357
25045,2018-06-17 03:00:00,23850.0,23856.938541102896
25046,2018-06-17 04:00:00,23038.0,23063.919783943686
25047,2018-06-17 05:00:00,22671.0,22666.68802653072
25048,2018-06-17 06:00:00,22387.0,22378.425975369955
25049,2018-06-17 07:00:00,22796.0,22759.21123997298
25050,2018-06-17 08:00:00,24422.0,24462.101292221945
25051,2018-06-17 09:00:00,26916.0,26939.51998552365
25052,2018-06-17 10:00:00,29490.0,29481.69108205343
25053,2018-06-17 11:00:00,31990.0,31949.701472168235
25054,2018-06-17 12:00:00,34369.0,34403.608444109115
25055,2018-06-17 13:00:00,36307.0,36273.96324179068
25056,2018-06-17 14:00:00,37957.0,37974.338058644906
25057,2018-06-17 15:00:00,39481.0,39464.960826363866
25058,2018-06-17 16:00:00,41028.0,41063.95549227345
25059,2018-06-17 17:00:00,42269.0,42277.694521730766
25060,2018-06-17 18:00:00,42875.0,42847.739139525125
25061,2018-06-17 19:00:00,42521.0,42472.26642371129
25062,2018-06-17 20:00:00,41433.0,41404.235826283235
25063,2018-06-17 21:00:00,40364.0,40350.53361283176
25064,2018-06-17 22:00:00,39411.0,39431.83849467702
25065,2018-06-17 23:00:00,36619.0,36590.61118943332
25066,2018-06-18 00:00:00,33325.0,33301.15046018318
25067,2018-06-16 01:00:00,25130.0,25123.510018845296
25068,2018-06-16 02:00:00,23552.0,23506.292092067397
25069,2018-06-16 03:00:00,22474.0,22500.84014783905
25070,2018-06-16 04:00:00,21867.0,21824.875462561708
25071,2018-06-16 05:00:00,21644.0,21667.701871141802
25072,2018-06-16 06:00:00,21637.0,21613.79622714513
25073,2018-06-16 07:00:00,22303.0,22298.993046802385
25074,2018-06-16 08:00:00,23936.0,23927.039559640838
25075,2018-06-16 09:00:00,26015.0,25990.326150988767
25076,2018-06-16 10:00:00,27797.0,27772.571279200452
25077,2018-06-16 11:00:00,29400.0,29444.904986985275
25078,2018-06-16 12:00:00,30621.0,30601.547165512475
25079,2018-06-16 13:00:00,31671.0,31639.309220020266
25080,2018-06-16 14:00:00,32672.0,32647.0492279454
25081,2018-06-16 15:00:00,33903.0,33922.520157820116
25082,2018-06-16 16:00:00,35235.0,35215.88779583987
25083,2018-06-16 17:00:00,36529.0,36496.16057369886
25084,2018-06-16 18:00:00,37329.0,37320.44849693759
25085,2018-06-16 19:00:00,37028.0,36989.754670314556
25086,2018-06-16 20:00:00,35759.0,35748.86658484289
25087,2018-06-16 21:00:00,34660.0,34696.22207102434
25088,2018-06-16 22:00:00,33859.0,33846.29121558533
25089,2018-06-16 23:00:00,31658.0,31659.41379748095
25090,2018-06-17 00:00:00,29142.0,29170.91408598227
25091,2018-06-15 01:00:00,26626.0,26627.597493686935
25092,2018-06-15 02:00:00,24850.0,24804.738885950937
25093,2018-06-15 03:00:00,23698.0,23669.487003342045
25094,2018-06-15 04:00:00,23090.0,23129.426366435462
25095,2018-06-15 05:00:00,23161.0,23191.218518321974
25096,2018-06-15 06:00:00,24066.0,24092.066847761613
25097,2018-06-15 07:00:00,26262.0,26266.746970661323
25098,2018-06-15 08:00:00,28615.0,28600.326099520196
25099,2018-06-15 09:00:00,30000.0,30019.43841632087
25100,2018-06-15 10:00:00,31055.0,31071.335005439752
25101,2018-06-15 11:00:00,31934.0,31948.27615211871
25102,2018-06-15 12:00:00,32653.0,32653.36745746556
25103,2018-06-15 13:00:00,33384.0,33359.93895869411
25104,2018-06-15 14:00:00,34263.0,34256.5431464817
25105,2018-06-15 15:00:00,35149.0,35150.21176679814
25106,2018-06-15 16:00:00,35991.0,35962.60061862723
25107,2018-06-15 17:00:00,36720.0,36693.00557308818
25108,2018-06-15 18:00:00,36893.0,36922.184346082715
25109,2018-06-15 19:00:00,36184.0,36165.97733424556
25110,2018-06-15 20:00:00,34851.0,34898.36762563233
25111,2018-06-15 21:00:00,33428.0,33421.63973928258
25112,2018-06-15 22:00:00,32484.0,32494.875037354846
25113,2018-06-15 23:00:00,30107.0,30107.39412754551
25114,2018-06-16 00:00:00,27410.0,27409.312322490947
25115,2018-06-14 01:00:00,29047.0,29086.000605208406
25116,2018-06-14 02:00:00,27429.0,27388.301952276215
25117,2018-06-14 03:00:00,26217.0,26201.57349221689
25118,2018-06-14 04:00:00,25352.0,25330.60113145358
25119,2018-06-14 05:00:00,25320.0,25302.600440298247
25120,2018-06-14 06:00:00,26065.0,26106.25884609792
25121,2018-06-14 07:00:00,28298.0,28254.988938007104
25122,2018-06-14 08:00:00,30549.0,30527.338672583395
25123,2018-06-14 09:00:00,31815.0,31838.76804272721
25124,2018-06-14 10:00:00,32878.0,32851.87512836207
25125,2018-06-14 11:00:00,33807.0,33840.31134097989
25126,2018-06-14 12:00:00,34592.0,34574.99179069681
25127,2018-06-14 13:00:00,35323.0,35284.319292739914
25128,2018-06-14 14:00:00,36252.0,36253.92149837962
25129,2018-06-14 15:00:00,37261.0,37262.133481381316
25130,2018-06-14 16:00:00,38577.0,38530.913129333254
25131,2018-06-14 17:00:00,39727.0,39748.791138081906
25132,2018-06-14 18:00:00,40321.0,40285.17435197803
25133,2018-06-14 19:00:00,39785.0,39756.34321918481
25134,2018-06-14 20:00:00,38413.0,38419.24814262069
25135,2018-06-14 21:00:00,36816.0,36855.07806650964
25136,2018-06-14 22:00:00,35667.0,35619.06261214001
25137,2018-06-14 23:00:00,32587.0,32619.27465944987
25138,2018-06-15 00:00:00,29297.0,29322.414580939316
25139,2018-06-13 01:00:00,24466.0,24432.169214934598
25140,2018-06-13 02:00:00,23313.0,23300.304560600565
25141,2018-06-13 03:00:00,22716.0,22756.597185256247
25142,2018-06-13 04:00:00,22488.0,22452.63858930216
25143,2018-06-13 05:00:00,22903.0,22864.136075897088
25144,2018-06-13 06:00:00,24406.0,24429.521301636756
25145,2018-06-13 07:00:00,26915.0,26912.09152273768
25146,2018-06-13 08:00:00,29132.0,29110.412141365403
25147,2018-06-13 09:00:00,30450.0,30417.186512395892
25148,2018-06-13 10:00:00,31416.0,31438.22224252152
25149,2018-06-13 11:00:00,32626.0,32619.950354435452
25150,2018-06-13 12:00:00,33566.0,33539.94042530718
25151,2018-06-13 13:00:00,34313.0,34357.33844832973
25152,2018-06-13 14:00:00,35173.0,35179.10655433855
25153,2018-06-13 15:00:00,35843.0,35828.32279722281
25154,2018-06-13 16:00:00,36663.0,36684.965795366734
25155,2018-06-13 17:00:00,37337.0,37336.642698585376
25156,2018-06-13 18:00:00,38055.0,38005.94187117029
25157,2018-06-13 19:00:00,38072.0,38106.06304257573
25158,2018-06-13 20:00:00,37632.0,37588.63470993782
25159,2018-06-13 21:00:00,37539.0,37587.935350335945
25160,2018-06-13 22:00:00,37025.0,37009.9735938958
25161,2018-06-13 23:00:00,34370.0,34372.483898287166
25162,2018-06-14 00:00:00,31503.0,31552.95426263142
25163,2018-06-12 01:00:00,22918.0,22894.92041284385
25164,2018-06-12 02:00:00,21804.0,21800.266967053118
25165,2018-06-12 03:00:00,21283.0,21308.489409773065
25166,2018-06-12 04:00:00,21025.0,21021.698523850515
25167,2018-06-12 05:00:00,21397.0,21380.382199914242
25168,2018-06-12 06:00:00,22640.0,22602.063016933946
25169,2018-06-12 07:00:00,24887.0,24888.305460403662
25170,2018-06-12 08:00:00,26871.0,26876.174523292528
25171,2018-06-12 09:00:00,27842.0,27815.28229988922
25172,2018-06-12 10:00:00,28384.0,28367.389451865347
25173,2018-06-12 11:00:00,29007.0,28986.862153744212
25174,2018-06-12 12:00:00,29499.0,29491.736941309162
25175,2018-06-12 13:00:00,29996.0,30025.823829337165
25176,2018-06-12 14:00:00,30662.0,30645.25763600092
25177,2018-06-12 15:00:00,31204.0,31181.24514967848
25178,2018-06-12 16:00:00,31992.0,32025.985144085385
25179,2018-06-12 17:00:00,32803.0,32834.108570514705
25180,2018-06-12 18:00:00,33450.0,33479.32960992827
25181,2018-06-12 19:00:00,33088.0,33112.27659041253
25182,2018-06-12 20:00:00,32314.0,32352.871642253496
25183,2018-06-12 21:00:00,31913.0,31934.32259622953
25184,2018-06-12 22:00:00,31336.0,31302.93996224976
25185,2018-06-12 23:00:00,28938.0,28891.29766267155
25186,2018-06-13 00:00:00,26383.0,26351.186392149546
25187,2018-06-11 01:00:00,22795.0,22781.463823640024
25188,2018-06-11 02:00:00,21760.0,21715.293617066716
25189,2018-06-11 03:00:00,21308.0,21333.700014937913
25190,2018-06-11 04:00:00,21185.0,21199.131006952364
25191,2018-06-11 05:00:00,21662.0,21683.79981257018
25192,2018-06-11 06:00:00,23139.0,23098.57890995528
25193,2018-06-11 07:00:00,25580.0,25562.87700124143
25194,2018-06-11 08:00:00,27633.0,27628.941052747185
25195,2018-06-11 09:00:00,28677.0,28687.25925976924
25196,2018-06-11 10:00:00,29201.0,29231.277119297178
25197,2018-06-11 11:00:00,29622.0,29669.6937488748
25198,2018-06-11 12:00:00,29783.0,29741.220367576752
25199,2018-06-11 13:00:00,29852.0,29866.164418162825
25200,2018-06-11 14:00:00,29928.0,29891.485573281527
25201,2018-06-11 15:00:00,30044.0,30023.987020729357
25202,2018-06-11 16:00:00,30190.0,30217.204760946763
25203,2018-06-11 17:00:00,30567.0,30616.40985652957
25204,2018-06-11 18:00:00,30843.0,30845.648006170475
25205,2018-06-11 19:00:00,30509.0,30494.311803438315
25206,2018-06-11 20:00:00,29994.0,29965.409585861747
25207,2018-06-11 21:00:00,29858.0,29886.25327162653
25208,2018-06-11 22:00:00,29348.0,29388.371958757896
25209,2018-06-11 23:00:00,27099.0,27133.857862517623
25210,2018-06-12 00:00:00,24709.0,24709.96919464484
25211,2018-06-10 01:00:00,26775.0,26783.916358752733
25212,2018-06-10 02:00:00,25157.0,25190.662085770764
25213,2018-06-10 03:00:00,24054.0,24096.885421192343
25214,2018-06-10 04:00:00,23339.0,23382.900851646747
25215,2018-06-10 05:00:00,22972.0,22990.977858034374
25216,2018-06-10 06:00:00,22853.0,22822.168169071323
25217,2018-06-10 07:00:00,23016.0,22997.298768081175
25218,2018-06-10 08:00:00,24098.0,24074.622363608814
25219,2018-06-10 09:00:00,25703.0,25670.347571555725
25220,2018-06-10 10:00:00,27250.0,27225.075951750932
25221,2018-06-10 11:00:00,28270.0,28306.987223641263
25222,2018-06-10 12:00:00,28983.0,29010.033665226856
25223,2018-06-10 13:00:00,29338.0,29292.373681923105
25224,2018-06-10 14:00:00,29395.0,29359.77046509414
25225,2018-06-10 15:00:00,29276.0,29324.4826223034
25226,2018-06-10 16:00:00,29260.0,29232.597205862592
25227,2018-06-10 17:00:00,29273.0,29286.43930608102
25228,2018-06-10 18:00:00,29370.0,29340.5562148126
25229,2018-06-10 19:00:00,29169.0,29142.366995874254
25230,2018-06-10 20:00:00,28892.0,28891.851985567086
25231,2018-06-10 21:00:00,28915.0,28913.766336484834
25232,2018-06-10 22:00:00,28157.0,28171.617304057385
25233,2018-06-10 23:00:00,26346.0,26312.82032072811
25234,2018-06-11 00:00:00,24334.0,24310.271399923877
25235,2018-06-09 01:00:00,27325.0,27337.41480015969
25236,2018-06-09 02:00:00,25548.0,25507.74044597792
25237,2018-06-09 03:00:00,24359.0,24399.932503864864
25238,2018-06-09 04:00:00,23670.0,23637.8799855452
25239,2018-06-09 05:00:00,23332.0,23325.839526933247
25240,2018-06-09 06:00:00,23352.0,23312.86508419962
25241,2018-06-09 07:00:00,23903.0,23921.48348735085
25242,2018-06-09 08:00:00,25678.0,25660.692107719733
25243,2018-06-09 09:00:00,27947.0,27904.363932006177
25244,2018-06-09 10:00:00,29993.0,30002.263494859155
25245,2018-06-09 11:00:00,31810.0,31858.066851634267
25246,2018-06-09 12:00:00,33355.0,33392.08880583833
25247,2018-06-09 13:00:00,34553.0,34573.28939687766
25248,2018-06-09 14:00:00,35414.0,35365.26492130134
25249,2018-06-09 15:00:00,36115.0,36150.98645401514
25250,2018-06-09 16:00:00,36326.0,36365.67338660322
25251,2018-06-09 17:00:00,36229.0,36182.7997375313
25252,2018-06-09 18:00:00,35983.0,35945.238638475166
25253,2018-06-09 19:00:00,35157.0,35152.14628567093
25254,2018-06-09 20:00:00,34019.0,34009.206543082415
25255,2018-06-09 21:00:00,33453.0,33432.442150460105
25256,2018-06-09 22:00:00,32856.0,32825.79186464217
25257,2018-06-09 23:00:00,31029.0,31033.91088461712
25258,2018-06-10 00:00:00,28798.0,28825.13227537104
25259,2018-06-08 01:00:00,24533.0,24576.703937289334
25260,2018-06-08 02:00:00,23148.0,23128.11010014817
25261,2018-06-08 03:00:00,22406.0,22426.323272240923
25262,2018-06-08 04:00:00,22036.0,22064.819031740688
25263,2018-06-08 05:00:00,22266.0,22263.79596434792
25264,2018-06-08 06:00:00,23491.0,23533.109472566037
25265,2018-06-08 07:00:00,25629.0,25581.297915676143
25266,2018-06-08 08:00:00,27910.0,27950.04807055496
25267,2018-06-08 09:00:00,29329.0,29368.2502128586
25268,2018-06-08 10:00:00,30621.0,30584.699822954397
25269,2018-06-08 11:00:00,31945.0,31938.94229290077
25270,2018-06-08 12:00:00,33290.0,33291.58609792995
25271,2018-06-08 13:00:00,34548.0,34538.19739869279
25272,2018-06-08 14:00:00,36032.0,36071.55564340321
25273,2018-06-08 15:00:00,36982.0,37003.29852388094
25274,2018-06-08 16:00:00,37753.0,37715.350032046335
25275,2018-06-08 17:00:00,38340.0,38382.65084913398
25276,2018-06-08 18:00:00,38407.0,38361.6171879591
25277,2018-06-08 19:00:00,37501.0,37510.56671411584
25278,2018-06-08 20:00:00,36366.0,36368.26878249517
25279,2018-06-08 21:00:00,35678.0,35635.2406202575
25280,2018-06-08 22:00:00,34922.0,34941.584156747864
25281,2018-06-08 23:00:00,32502.0,32548.25647789339
25282,2018-06-09 00:00:00,29768.0,29763.84454107491
25283,2018-06-07 01:00:00,23418.0,23419.39005082154
25284,2018-06-07 02:00:00,22350.0,22338.38821591871
25285,2018-06-07 03:00:00,21709.0,21746.521356053163
25286,2018-06-07 04:00:00,21485.0,21527.77955982432
25287,2018-06-07 05:00:00,21790.0,21779.708661814107
25288,2018-06-07 06:00:00,23248.0,23287.08751395084
25289,2018-06-07 07:00:00,25701.0,25671.437086589252
25290,2018-06-07 08:00:00,27733.0,27728.78776896477
25291,2018-06-07 09:00:00,28670.0,28645.191807765743
25292,2018-06-07 10:00:00,29290.0,29262.390209072888
25293,2018-06-07 11:00:00,30052.0,30087.699963625946
25294,2018-06-07 12:00:00,30523.0,30544.423011582538
25295,2018-06-07 13:00:00,31072.0,31028.691085066082
25296,2018-06-07 14:00:00,31946.0,31971.741297887573
25297,2018-06-07 15:00:00,32347.0,32354.29274112309
25298,2018-06-07 16:00:00,32994.0,33022.69713940011
25299,2018-06-07 17:00:00,33648.0,33657.333265771245
25300,2018-06-07 18:00:00,33933.0,33920.7402331875
25301,2018-06-07 19:00:00,33537.0,33536.49787679476
25302,2018-06-07 20:00:00,32713.0,32677.162424594397
25303,2018-06-07 21:00:00,32341.0,32322.060891522513
25304,2018-06-07 22:00:00,31692.0,31644.23304565044
25305,2018-06-07 23:00:00,29228.0,29218.62290850209
25306,2018-06-08 00:00:00,26556.0,26515.123767275792
25307,2018-06-06 01:00:00,23817.0,23833.06186958409
25308,2018-06-06 02:00:00,22618.0,22659.25430595349
25309,2018-06-06 03:00:00,22000.0,22024.067529741325
25310,2018-06-06 04:00:00,21687.0,21657.743266005516
25311,2018-06-06 05:00:00,22036.0,22036.70817206204
25312,2018-06-06 06:00:00,23329.0,23350.196929487603
25313,2018-06-06 07:00:00,25715.0,25745.56975861889
25314,2018-06-06 08:00:00,27799.0,27777.30111811778
25315,2018-06-06 09:00:00,28670.0,28667.70795251017
25316,2018-06-06 10:00:00,29057.0,29017.433916959257
25317,2018-06-06 11:00:00,29459.0,29481.635986979272
25318,2018-06-06 12:00:00,29803.0,29796.473832892505
25319,2018-06-06 13:00:00,30343.0,30297.169122545263
25320,2018-06-06 14:00:00,30785.0,30787.942083582104
25321,2018-06-06 15:00:00,31185.0,31214.138935942177
25322,2018-06-06 16:00:00,31410.0,31364.443577478563
25323,2018-06-06 17:00:00,31566.0,31556.332657063016
25324,2018-06-06 18:00:00,31372.0,31370.186676749297
25325,2018-06-06 19:00:00,30834.0,30883.9549948567
25326,2018-06-06 20:00:00,30497.0,30468.871264130743
25327,2018-06-06 21:00:00,30731.0,30762.915640897394
25328,2018-06-06 22:00:00,29957.0,29921.592259673052
25329,2018-06-06 23:00:00,27716.0,27762.400251501138
25330,2018-06-07 00:00:00,25357.0,25337.67032930009
25331,2018-06-05 01:00:00,23615.0,23579.556389382058
25332,2018-06-05 02:00:00,22380.0,22368.17547432286
25333,2018-06-05 03:00:00,21668.0,21619.521517847777
25334,2018-06-05 04:00:00,21325.0,21285.886954669553
25335,2018-06-05 05:00:00,21654.0,21653.61493236581
25336,2018-06-05 06:00:00,22944.0,22988.062508646475
25337,2018-06-05 07:00:00,25421.0,25415.4925170906
25338,2018-06-05 08:00:00,27446.0,27462.02268111618
25339,2018-06-05 09:00:00,28518.0,28538.70758586697
25340,2018-06-05 10:00:00,28879.0,28832.65601747892
25341,2018-06-05 11:00:00,29860.0,29842.208224804042
25342,2018-06-05 12:00:00,30474.0,30523.704546993875
25343,2018-06-05 13:00:00,30827.0,30777.70068454236
25344,2018-06-05 14:00:00,31584.0,31581.01730690933
25345,2018-06-05 15:00:00,31997.0,32030.744687464296
25346,2018-06-05 16:00:00,32550.0,32528.84107382631
25347,2018-06-05 17:00:00,33048.0,33097.66289927187
25348,2018-06-05 18:00:00,33270.0,33268.6108361986
25349,2018-06-05 19:00:00,32649.0,32690.399761815097
25350,2018-06-05 20:00:00,32006.0,32008.832945170034
25351,2018-06-05 21:00:00,31792.0,31781.764286963513
25352,2018-06-05 22:00:00,30831.0,30852.009941235232
25353,2018-06-05 23:00:00,28393.0,28438.827200061747
25354,2018-06-06 00:00:00,25750.0,25737.609282392208
25355,2018-06-04 01:00:00,21844.0,21880.494161557643
25356,2018-06-04 02:00:00,21005.0,21020.961012603595
25357,2018-06-04 03:00:00,20556.0,20543.860413963932
25358,2018-06-04 04:00:00,20498.0,20453.54856410757
25359,2018-06-04 05:00:00,21008.0,20989.140319862297
25360,2018-06-04 06:00:00,22516.0,22549.12871154792
25361,2018-06-04 07:00:00,24950.0,24909.515111456076
25362,2018-06-04 08:00:00,26844.0,26851.217686398715
25363,2018-06-04 09:00:00,27730.0,27731.184013160368
25364,2018-06-04 10:00:00,28082.0,28098.164295510156
25365,2018-06-04 11:00:00,28589.0,28632.900181580724
25366,2018-06-04 12:00:00,28967.0,28992.176226235304
25367,2018-06-04 13:00:00,29089.0,29090.06208608134
25368,2018-06-04 14:00:00,29465.0,29498.035574742786
25369,2018-06-04 15:00:00,30113.0,30133.166861297592
25370,2018-06-04 16:00:00,30697.0,30736.554708443575
25371,2018-06-04 17:00:00,31244.0,31266.434837786266
25372,2018-06-04 18:00:00,31812.0,31837.30183531796
25373,2018-06-04 19:00:00,31773.0,31731.40001459003
25374,2018-06-04 20:00:00,31438.0,31388.38209194815
25375,2018-06-04 21:00:00,31293.0,31338.561957529608
25376,2018-06-04 22:00:00,30664.0,30639.20283828828
25377,2018-06-04 23:00:00,28263.0,28229.509904121467
25378,2018-06-05 00:00:00,25612.0,25577.871797752814
25379,2018-06-03 01:00:00,28077.0,28100.789104257663
25380,2018-06-03 02:00:00,26347.0,26301.63985538735
25381,2018-06-03 03:00:00,25053.0,25069.102366748422
25382,2018-06-03 04:00:00,24236.0,24243.14590537367
25383,2018-06-03 05:00:00,23691.0,23655.73017657174
25384,2018-06-03 06:00:00,23440.0,23403.544715996253
25385,2018-06-03 07:00:00,23382.0,23345.26602407734
25386,2018-06-03 08:00:00,23928.0,23903.95183761165
25387,2018-06-03 09:00:00,24971.0,24985.178937247954
25388,2018-06-03 10:00:00,25882.0,25852.688755677074
25389,2018-06-03 11:00:00,26451.0,26467.007500897453
25390,2018-06-03 12:00:00,26728.0,26775.17039244989
25391,2018-06-03 13:00:00,26840.0,26876.209690060827
25392,2018-06-03 14:00:00,26596.0,26625.807815107826
25393,2018-06-03 15:00:00,26390.0,26434.913582984504
25394,2018-06-03 16:00:00,26273.0,26284.24718232849
25395,2018-06-03 17:00:00,26556.0,26582.886365483926
25396,2018-06-03 18:00:00,26948.0,26975.392704627262
25397,2018-06-03 19:00:00,27110.0,27157.45400182963
25398,2018-06-03 20:00:00,27173.0,27187.717651074454
25399,2018-06-03 21:00:00,27413.0,27390.305637389436
25400,2018-06-03 22:00:00,26774.0,26743.56739291305
25401,2018-06-03 23:00:00,25011.0,24991.669434745094
25402,2018-06-04 00:00:00,23226.0,23252.175309055732
25403,2018-06-02 01:00:00,30347.0,30362.655352344227
25404,2018-06-02 02:00:00,28319.0,28290.925386374973
25405,2018-06-02 03:00:00,27026.0,27061.98315957816
25406,2018-06-02 04:00:00,26144.0,26192.133447726523
25407,2018-06-02 05:00:00,25691.0,25716.72103750855
25408,2018-06-02 06:00:00,25714.0,25670.21048701792
25409,2018-06-02 07:00:00,26301.0,26313.754360212268
25410,2018-06-02 08:00:00,28148.0,28191.769176641486
25411,2018-06-02 09:00:00,30713.0,30694.296380038406
25412,2018-06-02 10:00:00,33099.0,33107.54309960511
25413,2018-06-02 11:00:00,34995.0,34967.698481607236
25414,2018-06-02 12:00:00,36495.0,36533.0686347131
25415,2018-06-02 13:00:00,37836.0,37872.99807791477
25416,2018-06-02 14:00:00,38890.0,38876.4455288444
25417,2018-06-02 15:00:00,39568.0,39552.96944777924
25418,2018-06-02 16:00:00,39868.0,39818.01009159506
25419,2018-06-02 17:00:00,39576.0,39557.744734855114
25420,2018-06-02 18:00:00,38867.0,38895.14201031468
25421,2018-06-02 19:00:00,37764.0,37716.8612334026
25422,2018-06-02 20:00:00,36623.0,36593.274490610755
25423,2018-06-02 21:00:00,35944.0,35967.0268633601
25424,2018-06-02 22:00:00,35000.0,35014.79912411809
25425,2018-06-02 23:00:00,32881.0,32929.665244100484
25426,2018-06-03 00:00:00,30417.0,30406.061847777804
25427,2018-06-01 01:00:00,27496.0,27459.328038366468
25428,2018-06-01 02:00:00,26044.0,26060.47124627537
25429,2018-06-01 03:00:00,25133.0,25090.90264214325
25430,2018-06-01 04:00:00,24791.0,24752.67545454292
25431,2018-06-01 05:00:00,25098.0,25104.791901072986
25432,2018-06-01 06:00:00,26625.0,26622.197550790188
25433,2018-06-01 07:00:00,29112.0,29088.360679282137
25434,2018-06-01 08:00:00,31609.0,31606.796846061512
25435,2018-06-01 09:00:00,33182.0,33218.831994866836
25436,2018-06-01 10:00:00,34534.0,34556.49962589402
25437,2018-06-01 11:00:00,35619.0,35614.48017475853
25438,2018-06-01 12:00:00,36831.0,36812.13409352013
25439,2018-06-01 13:00:00,38167.0,38175.21852598355
25440,2018-06-01 14:00:00,39607.0,39557.286606603666
25441,2018-06-01 15:00:00,40929.0,40952.307490494524
25442,2018-06-01 16:00:00,42221.0,42251.244807886935
25443,2018-06-01 17:00:00,43453.0,43415.17467296537
25444,2018-06-01 18:00:00,43948.0,43938.26234424254
25445,2018-06-01 19:00:00,43087.0,43051.507292880626
25446,2018-06-01 20:00:00,41556.0,41600.880458787724
25447,2018-06-01 21:00:00,40427.0,40459.59883099666
25448,2018-06-01 22:00:00,39082.0,39034.00726119295
25449,2018-06-01 23:00:00,36263.0,36310.03830389231
25450,2018-06-02 00:00:00,33202.0,33166.18251491753
25451,2018-05-31 01:00:00,26102.0,26060.40054258016
25452,2018-05-31 02:00:00,24787.0,24740.26077593829
25453,2018-05-31 03:00:00,24023.0,24052.0659888923
25454,2018-05-31 04:00:00,23668.0,23710.5260856773
25455,2018-05-31 05:00:00,24023.0,23982.562328562424
25456,2018-05-31 06:00:00,25568.0,25616.3312420013
25457,2018-05-31 07:00:00,28266.0,28247.585964269714
25458,2018-05-31 08:00:00,30378.0,30395.88447580539
25459,2018-05-31 09:00:00,31448.0,31496.62657373709
25460,2018-05-31 10:00:00,32325.0,32275.849533034034
25461,2018-05-31 11:00:00,33128.0,33132.67856731704
25462,2018-05-31 12:00:00,33656.0,33671.59865493772
25463,2018-05-31 13:00:00,34094.0,34081.136160906055
25464,2018-05-31 14:00:00,34651.0,34611.997303195836
25465,2018-05-31 15:00:00,35142.0,35154.112019780856
25466,2018-05-31 16:00:00,35731.0,35685.70011664795
25467,2018-05-31 17:00:00,36538.0,36580.34384022187
25468,2018-05-31 18:00:00,36971.0,36967.206576918135
25469,2018-05-31 19:00:00,36572.0,36613.027540693976
25470,2018-05-31 20:00:00,36146.0,36179.65490665478
25471,2018-05-31 21:00:00,36015.0,35965.36414177364
25472,2018-05-31 22:00:00,34856.0,34851.92184990157
25473,2018-05-31 23:00:00,32297.0,32335.7802298223
25474,2018-06-01 00:00:00,29604.0,29591.219296984167
25475,2018-05-30 01:00:00,29022.0,29004.321885470952
25476,2018-05-30 02:00:00,27142.0,27160.558540444905
25477,2018-05-30 03:00:00,25989.0,26009.505022630434
25478,2018-05-30 04:00:00,25391.0,25405.316008581
25479,2018-05-30 05:00:00,25590.0,25576.33858794944
25480,2018-05-30 06:00:00,26921.0,26877.36254625413
25481,2018-05-30 07:00:00,29598.0,29640.30040209936
25482,2018-05-30 08:00:00,31844.0,31825.721502792036
25483,2018-05-30 09:00:00,33015.0,33044.56369930755
25484,2018-05-30 10:00:00,33986.0,33971.16750798038
25485,2018-05-30 11:00:00,34827.0,34826.47442976216
25486,2018-05-30 12:00:00,35514.0,35501.367136278044
25487,2018-05-30 13:00:00,36075.0,36033.13239187803
25488,2018-05-30 14:00:00,36698.0,36680.94471776252
25489,2018-05-30 15:00:00,37075.0,37120.56780606734
25490,2018-05-30 16:00:00,37555.0,37516.03371115862
25491,2018-05-30 17:00:00,37888.0,37893.58416152445
25492,2018-05-30 18:00:00,37741.0,37787.8406235723
25493,2018-05-30 19:00:00,36737.0,36689.051200256334
25494,2018-05-30 20:00:00,35818.0,35774.91898004782
25495,2018-05-30 21:00:00,35396.0,35436.911665298256
25496,2018-05-30 22:00:00,34089.0,34112.555960498146
25497,2018-05-30 23:00:00,31117.0,31121.53231819907
25498,2018-05-31 00:00:00,28295.0,28298.664216678953
25499,2018-05-29 01:00:00,23845.0,23892.4885880346
25500,2018-05-29 02:00:00,22691.0,22643.095393392046
25501,2018-05-29 03:00:00,22273.0,22250.047639817272
25502,2018-05-29 04:00:00,22048.0,22029.68257685436
25503,2018-05-29 05:00:00,22556.0,22517.949224368203
25504,2018-05-29 06:00:00,24287.0,24272.722459436824
25505,2018-05-29 07:00:00,27050.0,27037.041142797872
25506,2018-05-29 08:00:00,29520.0,29565.880030812423
25507,2018-05-29 09:00:00,30920.0,30914.202056485403
25508,2018-05-29 10:00:00,32117.0,32160.47727705974
25509,2018-05-29 11:00:00,33480.0,33511.00374588909
25510,2018-05-29 12:00:00,34812.0,34835.68379766329
25511,2018-05-29 13:00:00,36180.0,36163.05234870147
25512,2018-05-29 14:00:00,37603.0,37595.69774026723
25513,2018-05-29 15:00:00,38989.0,38943.456163845345
25514,2018-05-29 16:00:00,40482.0,40469.73470008092
25515,2018-05-29 17:00:00,41950.0,41987.04058936677
25516,2018-05-29 18:00:00,42689.0,42717.137909483616
25517,2018-05-29 19:00:00,42289.0,42319.83635109291
25518,2018-05-29 20:00:00,41265.0,41237.160059909766
25519,2018-05-29 21:00:00,40408.0,40379.0036644363
25520,2018-05-29 22:00:00,38919.0,38935.33419574412
25521,2018-05-29 23:00:00,35327.0,35342.126719291824
25522,2018-05-30 00:00:00,31808.0,31777.531013273405
25523,2018-05-28 01:00:00,23185.0,23206.964677672706
25524,2018-05-28 02:00:00,21970.0,21957.615087796494
25525,2018-05-28 03:00:00,21165.0,21203.680258049593
25526,2018-05-28 04:00:00,20741.0,20727.447795875174
25527,2018-05-28 05:00:00,20749.0,20721.99611852851
25528,2018-05-28 06:00:00,21043.0,21012.58659918071
25529,2018-05-28 07:00:00,21458.0,21497.819922484625
25530,2018-05-28 08:00:00,22305.0,22341.002942793628
25531,2018-05-28 09:00:00,23774.0,23766.586787528926
25532,2018-05-28 10:00:00,25172.0,25146.072107044052
25533,2018-05-28 11:00:00,26126.0,26104.454274363947
25534,2018-05-28 12:00:00,26643.0,26631.495187058947
25535,2018-05-28 13:00:00,26792.0,26746.434789602292
25536,2018-05-28 14:00:00,26919.0,26875.72927171115
25537,2018-05-28 15:00:00,27197.0,27239.74607508715
25538,2018-05-28 16:00:00,27677.0,27703.611754643567
25539,2018-05-28 17:00:00,28335.0,28366.398360416595
25540,2018-05-28 18:00:00,29045.0,29042.864397466026
25541,2018-05-28 19:00:00,29156.0,29142.497922687682
25542,2018-05-28 20:00:00,29344.0,29303.19697866799
25543,2018-05-28 21:00:00,29998.0,30003.808519810693
25544,2018-05-28 22:00:00,29575.0,29599.335871620064
25545,2018-05-28 23:00:00,27618.0,27587.591108273708
25546,2018-05-29 00:00:00,25550.0,25538.91608072101
25547,2018-05-27 01:00:00,29755.0,29797.73133932618
25548,2018-05-27 02:00:00,27978.0,28012.375065289874
25549,2018-05-27 03:00:00,26781.0,26810.829393154607
25550,2018-05-27 04:00:00,26001.0,25954.943466230892
25551,2018-05-27 05:00:00,25513.0,25479.557855633317
25552,2018-05-27 06:00:00,25328.0,25308.604098621396
25553,2018-05-27 07:00:00,25358.0,25338.364421551247
25554,2018-05-27 08:00:00,26227.0,26189.896071059607
25555,2018-05-27 09:00:00,27747.0,27725.944755912686
25556,2018-05-27 10:00:00,29270.0,29262.814450336864
25557,2018-05-27 11:00:00,30441.0,30395.930508498295
25558,2018-05-27 12:00:00,31226.0,31216.31773681913
25559,2018-05-27 13:00:00,31776.0,31775.65335417327
25560,2018-05-27 14:00:00,32000.0,31954.093458726496
25561,2018-05-27 15:00:00,31809.0,31826.419856228953
25562,2018-05-27 16:00:00,31405.0,31362.978250249907
25563,2018-05-27 17:00:00,30982.0,30996.792424932493
25564,2018-05-27 18:00:00,30543.0,30592.408334642267
25565,2018-05-27 19:00:00,29874.0,29830.06240694788
25566,2018-05-27 20:00:00,29205.0,29182.217978759163
25567,2018-05-27 21:00:00,29076.0,29038.933067075777
25568,2018-05-27 22:00:00,28422.0,28408.92312921645
25569,2018-05-27 23:00:00,26809.0,26842.526037644577
25570,2018-05-28 00:00:00,24992.0,25034.94476217126
25571,2018-05-26 01:00:00,28532.0,28565.972162512782
25572,2018-05-26 02:00:00,26750.0,26769.10675771781
25573,2018-05-26 03:00:00,25537.0,25558.721770966193
25574,2018-05-26 04:00:00,24728.0,24690.047518642998
25575,2018-05-26 05:00:00,24337.0,24311.87042796437
25576,2018-05-26 06:00:00,24340.0,24326.38967800665
25577,2018-05-26 07:00:00,24832.0,24787.013843538913
25578,2018-05-26 08:00:00,26768.0,26800.164679250316
25579,2018-05-26 09:00:00,29460.0,29435.56780504823
25580,2018-05-26 10:00:00,32148.0,32103.228974911937
25581,2018-05-26 11:00:00,34587.0,34544.308443913105
25582,2018-05-26 12:00:00,36494.0,36540.949370107555
25583,2018-05-26 13:00:00,38180.0,38221.198437724895
25584,2018-05-26 14:00:00,39524.0,39569.874182708525
25585,2018-05-26 15:00:00,40481.0,40526.670717935376
25586,2018-05-26 16:00:00,41042.0,41071.94339345812
25587,2018-05-26 17:00:00,41301.0,41278.59686486703
25588,2018-05-26 18:00:00,41061.0,41043.476926773896
25589,2018-05-26 19:00:00,40077.0,40067.20017171407
25590,2018-05-26 20:00:00,38735.0,38763.500267706084
25591,2018-05-26 21:00:00,38068.0,38110.67733793809
25592,2018-05-26 22:00:00,36939.0,36933.031020923205
25593,2018-05-26 23:00:00,34657.0,34637.14767908597
25594,2018-05-27 00:00:00,32095.0,32069.28477061446
25595,2018-05-25 01:00:00,25257.0,25232.64691052193
25596,2018-05-25 02:00:00,23724.0,23674.688423174746
25597,2018-05-25 03:00:00,22804.0,22777.41320670118
25598,2018-05-25 04:00:00,22379.0,22358.491818527087
25599,2018-05-25 05:00:00,22622.0,22649.55881253556
25600,2018-05-25 06:00:00,23750.0,23754.8528339294
25601,2018-05-25 07:00:00,26062.0,26045.10970404182
25602,2018-05-25 08:00:00,28300.0,28309.707671813212
25603,2018-05-25 09:00:00,29802.0,29830.831385708625
25604,2018-05-25 10:00:00,31221.0,31232.004692469913
25605,2018-05-25 11:00:00,32598.0,32555.0241409846
25606,2018-05-25 12:00:00,33930.0,33904.100461806614
25607,2018-05-25 13:00:00,35095.0,35073.58643352267
25608,2018-05-25 14:00:00,36468.0,36454.29332077365
25609,2018-05-25 15:00:00,37763.0,37715.46254934932
25610,2018-05-25 16:00:00,39018.0,39042.43031905405
25611,2018-05-25 17:00:00,40256.0,40253.03641073114
25612,2018-05-25 18:00:00,40831.0,40870.658167472866
25613,2018-05-25 19:00:00,40093.0,40094.76824969702
25614,2018-05-25 20:00:00,38670.0,38718.8165633592
25615,2018-05-25 21:00:00,37566.0,37586.06944528036
25616,2018-05-25 22:00:00,36522.0,36560.686708484995
25617,2018-05-25 23:00:00,33864.0,33911.32835865412
25618,2018-05-26 00:00:00,31028.0,31025.175693545803
25619,2018-05-24 01:00:00,24906.0,24919.311399967286
25620,2018-05-24 02:00:00,23469.0,23510.40374045901
25621,2018-05-24 03:00:00,22727.0,22734.530165375552
25622,2018-05-24 04:00:00,22309.0,22264.27929948096
25623,2018-05-24 05:00:00,22647.0,22666.698598157243
25624,2018-05-24 06:00:00,23937.0,23980.573558788346
25625,2018-05-24 07:00:00,26259.0,26287.11670754243
25626,2018-05-24 08:00:00,28488.0,28517.126184411776
25627,2018-05-24 09:00:00,29546.0,29503.92543051992
25628,2018-05-24 10:00:00,30261.0,30284.73867898668
25629,2018-05-24 11:00:00,31103.0,31056.225395425765
25630,2018-05-24 12:00:00,31916.0,31959.066462202023
25631,2018-05-24 13:00:00,32647.0,32688.43051356857
25632,2018-05-24 14:00:00,33753.0,33801.02794712423
25633,2018-05-24 15:00:00,34878.0,34858.31958190605
25634,2018-05-24 16:00:00,36061.0,36065.02744004558
25635,2018-05-24 17:00:00,37293.0,37300.87618711016
25636,2018-05-24 18:00:00,38013.0,38018.67254234497
25637,2018-05-24 19:00:00,37467.0,37458.216743214754
25638,2018-05-24 20:00:00,36161.0,36209.68983475621
25639,2018-05-24 21:00:00,35306.0,35344.66932849082
25640,2018-05-24 22:00:00,33914.0,33925.03515378771
25641,2018-05-24 23:00:00,30733.0,30747.773874321185
25642,2018-05-25 00:00:00,27618.0,27639.424838269173
25643,2018-05-23 01:00:00,23964.0,23974.36964996738
25644,2018-05-23 02:00:00,22967.0,22987.75211748089
25645,2018-05-23 03:00:00,22418.0,22449.64960904401
25646,2018-05-23 04:00:00,22184.0,22231.787739679945
25647,2018-05-23 05:00:00,22633.0,22667.906687511986
25648,2018-05-23 06:00:00,24249.0,24211.935307706954
25649,2018-05-23 07:00:00,26899.0,26903.63999507988
25650,2018-05-23 08:00:00,29021.0,29034.190886384415
25651,2018-05-23 09:00:00,30238.0,30214.573647277663
25652,2018-05-23 10:00:00,31071.0,31068.552255959494
25653,2018-05-23 11:00:00,31839.0,31882.269274392278
25654,2018-05-23 12:00:00,32492.0,32467.898311004315
25655,2018-05-23 13:00:00,32733.0,32714.72855362058
25656,2018-05-23 14:00:00,33121.0,33161.82887028043
25657,2018-05-23 15:00:00,33556.0,33515.43655856084
25658,2018-05-23 16:00:00,34284.0,34322.01662082231
25659,2018-05-23 17:00:00,35261.0,35241.382027322805
25660,2018-05-23 18:00:00,35885.0,35884.84357418329
25661,2018-05-23 19:00:00,35509.0,35523.284963966595
25662,2018-05-23 20:00:00,34624.0,34638.64511578046
25663,2018-05-23 21:00:00,34192.0,34239.99805560756
25664,2018-05-23 22:00:00,33097.0,33050.477408196595
25665,2018-05-23 23:00:00,30253.0,30273.3815944308
25666,2018-05-24 00:00:00,27282.0,27316.561800001797
25667,2018-05-22 01:00:00,24533.0,24541.8329113402
25668,2018-05-22 02:00:00,23206.0,23253.572467248196
25669,2018-05-22 03:00:00,22592.0,22583.766606368175
25670,2018-05-22 04:00:00,22328.0,22352.986205443078
25671,2018-05-22 05:00:00,22741.0,22759.636797683914
25672,2018-05-22 06:00:00,24198.0,24151.13629763474
25673,2018-05-22 07:00:00,26731.0,26736.27909148157
25674,2018-05-22 08:00:00,28766.0,28742.09189419391
25675,2018-05-22 09:00:00,29739.0,29741.874966029653
25676,2018-05-22 10:00:00,30208.0,30246.407435894424
25677,2018-05-22 11:00:00,30655.0,30668.012639323882
25678,2018-05-22 12:00:00,30990.0,30999.38887212517
25679,2018-05-22 13:00:00,31052.0,31069.243944272293
25680,2018-05-22 14:00:00,31285.0,31287.83175283588
25681,2018-05-22 15:00:00,31288.0,31282.779053133654
25682,2018-05-22 16:00:00,31244.0,31231.443607602683
25683,2018-05-22 17:00:00,31448.0,31468.007478034095
25684,2018-05-22 18:00:00,31537.0,31564.57328569654
25685,2018-05-22 19:00:00,31193.0,31185.323907489485
25686,2018-05-22 20:00:00,30879.0,30833.372992389388
25687,2018-05-22 21:00:00,31166.0,31170.314748242505
25688,2018-05-22 22:00:00,30324.0,30331.363056557457
25689,2018-05-22 23:00:00,27997.0,27994.89985416934
25690,2018-05-23 00:00:00,25665.0,25650.99279679224
25691,2018-05-21 01:00:00,24715.0,24754.59180182512
25692,2018-05-21 02:00:00,23278.0,23276.11170184608
25693,2018-05-21 03:00:00,22475.0,22504.896925938727
25694,2018-05-21 04:00:00,22128.0,22141.772947815534
25695,2018-05-21 05:00:00,22423.0,22451.705701774423
25696,2018-05-21 06:00:00,23830.0,23867.766686146457
25697,2018-05-21 07:00:00,26267.0,26241.334041589365
25698,2018-05-21 08:00:00,28394.0,28426.867376004702
25699,2018-05-21 09:00:00,29312.0,29334.110270151356
25700,2018-05-21 10:00:00,30033.0,30039.107289809406
25701,2018-05-21 11:00:00,30738.0,30742.49635468476
25702,2018-05-21 12:00:00,31301.0,31282.141974211714
25703,2018-05-21 13:00:00,31843.0,31847.0635634607
25704,2018-05-21 14:00:00,32614.0,32602.434956058645
25705,2018-05-21 15:00:00,33439.0,33477.880991838065
25706,2018-05-21 16:00:00,34391.0,34399.20761801784
25707,2018-05-21 17:00:00,35334.0,35313.902984929104
25708,2018-05-21 18:00:00,35778.0,35742.43743316357
25709,2018-05-21 19:00:00,35302.0,35321.39850181526
25710,2018-05-21 20:00:00,34246.0,34262.47157176696
25711,2018-05-21 21:00:00,33826.0,33812.00536021577
25712,2018-05-21 22:00:00,32564.0,32530.21729191184
25713,2018-05-21 23:00:00,29587.0,29608.617932855937
25714,2018-05-22 00:00:00,26700.0,26677.039469109663
25715,2018-05-20 01:00:00,22823.0,22859.201052041975
25716,2018-05-20 02:00:00,21831.0,21853.62295679514
25717,2018-05-20 03:00:00,21221.0,21260.239325329905
25718,2018-05-20 04:00:00,20941.0,20989.459229718595
25719,2018-05-20 05:00:00,20926.0,20910.10149852441
25720,2018-05-20 06:00:00,21189.0,21189.406310868504
25721,2018-05-20 07:00:00,21499.0,21489.37761819083
25722,2018-05-20 08:00:00,22663.0,22620.75942530767
25723,2018-05-20 09:00:00,24287.0,24277.49698459949
25724,2018-05-20 10:00:00,25714.0,25708.379707554283
25725,2018-05-20 11:00:00,26872.0,26839.33953325532
25726,2018-05-20 12:00:00,28001.0,28039.331253837994
25727,2018-05-20 13:00:00,29070.0,29049.243697107395
25728,2018-05-20 14:00:00,30067.0,30092.85803984882
25729,2018-05-20 15:00:00,30706.0,30663.62697176673
25730,2018-05-20 16:00:00,31492.0,31445.00885463845
25731,2018-05-20 17:00:00,32633.0,32682.548564963025
25732,2018-05-20 18:00:00,33523.0,33485.30182772354
25733,2018-05-20 19:00:00,33560.0,33586.58589882752
25734,2018-05-20 20:00:00,33137.0,33147.451678152625
25735,2018-05-20 21:00:00,33159.0,33154.295286100125
25736,2018-05-20 22:00:00,32270.0,32223.69206876617
25737,2018-05-20 23:00:00,29762.0,29744.862869847493
25738,2018-05-21 00:00:00,26953.0,26993.009061464232
25739,2018-05-19 01:00:00,22319.0,22359.51525623266
25740,2018-05-19 02:00:00,21359.0,21368.969858019263
25741,2018-05-19 03:00:00,20731.0,20738.46748855239
25742,2018-05-19 04:00:00,20501.0,20493.559829425667
25743,2018-05-19 05:00:00,20572.0,20599.556497032434
25744,2018-05-19 06:00:00,21130.0,21168.29447407097
25745,2018-05-19 07:00:00,21917.0,21939.750757677473
25746,2018-05-19 08:00:00,23110.0,23112.528594376807
25747,2018-05-19 09:00:00,24884.0,24897.459358824035
25748,2018-05-19 10:00:00,26310.0,26281.974068210508
25749,2018-05-19 11:00:00,26990.0,27039.12285550214
25750,2018-05-19 12:00:00,27224.0,27267.586829283355
25751,2018-05-19 13:00:00,26991.0,27036.663513254516
25752,2018-05-19 14:00:00,26597.0,26563.684649694744
25753,2018-05-19 15:00:00,26322.0,26337.27816591886
25754,2018-05-19 16:00:00,26228.0,26243.63433809362
25755,2018-05-19 17:00:00,26415.0,26400.509632612837
25756,2018-05-19 18:00:00,26605.0,26641.518014972255
25757,2018-05-19 19:00:00,26583.0,26611.234138414584
25758,2018-05-19 20:00:00,26706.0,26727.961614171254
25759,2018-05-19 21:00:00,27308.0,27260.888996825437
25760,2018-05-19 22:00:00,26951.0,27000.05627073462
25761,2018-05-19 23:00:00,25674.0,25695.837203996518
25762,2018-05-20 00:00:00,24166.0,24212.944317342997
25763,2018-05-18 01:00:00,23945.0,23903.677981773828
25764,2018-05-18 02:00:00,22897.0,22916.434944667086
25765,2018-05-18 03:00:00,22224.0,22248.481030158277
25766,2018-05-18 04:00:00,22040.0,21996.46717998524
25767,2018-05-18 05:00:00,22441.0,22397.448105611416
25768,2018-05-18 06:00:00,23983.0,24009.22660990621
25769,2018-05-18 07:00:00,26525.0,26554.767957148124
25770,2018-05-18 08:00:00,28647.0,28688.01782110577
25771,2018-05-18 09:00:00,29670.0,29697.20405775969
25772,2018-05-18 10:00:00,30232.0,30206.03713701582
25773,2018-05-18 11:00:00,30505.0,30551.87020966083
25774,2018-05-18 12:00:00,30429.0,30405.72385520531
25775,2018-05-18 13:00:00,30117.0,30139.721475862298
25776,2018-05-18 14:00:00,29891.0,29893.93751751266
25777,2018-05-18 15:00:00,29513.0,29475.230818845495
25778,2018-05-18 16:00:00,29151.0,29193.712903456053
25779,2018-05-18 17:00:00,29017.0,29025.792623699337
25780,2018-05-18 18:00:00,28755.0,28714.18160756958
25781,2018-05-18 19:00:00,28283.0,28271.335588290633
25782,2018-05-18 20:00:00,28018.0,28044.499686252697
25783,2018-05-18 21:00:00,28312.0,28323.842013900234
25784,2018-05-18 22:00:00,27459.0,27431.349528390117
25785,2018-05-18 23:00:00,25695.0,25701.94204516603
25786,2018-05-19 00:00:00,23860.0,23840.886281292176
25787,2018-05-17 01:00:00,23459.0,23461.726956216982
25788,2018-05-17 02:00:00,22474.0,22455.79679991259
25789,2018-05-17 03:00:00,21958.0,21957.62791997744
25790,2018-05-17 04:00:00,21799.0,21833.216367009976
25791,2018-05-17 05:00:00,22244.0,22215.20168222035
25792,2018-05-17 06:00:00,23882.0,23832.178897020047
25793,2018-05-17 07:00:00,26547.0,26512.499676557818
25794,2018-05-17 08:00:00,28514.0,28548.18565180503
25795,2018-05-17 09:00:00,29366.0,29357.505722965114
25796,2018-05-17 10:00:00,29939.0,29962.97594208602
25797,2018-05-17 11:00:00,30434.0,30387.07615299254
25798,2018-05-17 12:00:00,30609.0,30573.634779095308
25799,2018-05-17 13:00:00,30613.0,30619.894997636588
25800,2018-05-17 14:00:00,30728.0,30750.030373174017
25801,2018-05-17 15:00:00,30676.0,30704.788580893048
25802,2018-05-17 16:00:00,30668.0,30682.30155280542
25803,2018-05-17 17:00:00,30891.0,30916.668296363732
25804,2018-05-17 18:00:00,31119.0,31085.57522319935
25805,2018-05-17 19:00:00,30871.0,30886.817400549615
25806,2018-05-17 20:00:00,30861.0,30853.529243293884
25807,2018-05-17 21:00:00,31361.0,31402.487265766085
25808,2018-05-17 22:00:00,30421.0,30432.528469683843
25809,2018-05-17 23:00:00,28066.0,28070.166852973794
25810,2018-05-18 00:00:00,25719.0,25726.82613727461
25811,2018-05-16 01:00:00,25929.0,25962.13189077933
25812,2018-05-16 02:00:00,24496.0,24447.127384637577
25813,2018-05-16 03:00:00,23639.0,23675.026810296324
25814,2018-05-16 04:00:00,23283.0,23235.918703600073
25815,2018-05-16 05:00:00,23593.0,23601.266143444605
25816,2018-05-16 06:00:00,25148.0,25148.259294563384
25817,2018-05-16 07:00:00,27804.0,27791.03525808191
25818,2018-05-16 08:00:00,29810.0,29772.87198778116
25819,2018-05-16 09:00:00,30474.0,30436.407148258968
25820,2018-05-16 10:00:00,30789.0,30813.21586297691
25821,2018-05-16 11:00:00,31718.0,31679.349602755505
25822,2018-05-16 12:00:00,31530.0,31548.725401007734
25823,2018-05-16 13:00:00,31739.0,31788.030625822576
25824,2018-05-16 14:00:00,31779.0,31797.188782627083
25825,2018-05-16 15:00:00,31646.0,31603.521249021098
25826,2018-05-16 16:00:00,31590.0,31594.2059057204
25827,2018-05-16 17:00:00,31551.0,31584.443861977208
25828,2018-05-16 18:00:00,31515.0,31560.46105166232
25829,2018-05-16 19:00:00,31221.0,31243.76558628828
25830,2018-05-16 20:00:00,31031.0,31011.966684874616
25831,2018-05-16 21:00:00,31159.0,31134.11585783965
25832,2018-05-16 22:00:00,29973.0,30001.382027827935
25833,2018-05-16 23:00:00,27665.0,27691.031521247412
25834,2018-05-17 00:00:00,25345.0,25343.638420225812
25835,2018-05-15 01:00:00,23862.0,23820.681217570454
25836,2018-05-15 02:00:00,22839.0,22856.20374643068
25837,2018-05-15 03:00:00,22149.0,22158.044742153885
25838,2018-05-15 04:00:00,21965.0,21916.185721507056
25839,2018-05-15 05:00:00,22421.0,22435.242405249726
25840,2018-05-15 06:00:00,24096.0,24059.23781934765
25841,2018-05-15 07:00:00,26679.0,26711.583054936014
25842,2018-05-15 08:00:00,28769.0,28786.357700999542
25843,2018-05-15 09:00:00,29897.0,29852.169240744337
25844,2018-05-15 10:00:00,30976.0,30979.18258666901
25845,2018-05-15 11:00:00,32169.0,32199.538945169712
25846,2018-05-15 12:00:00,33738.0,33770.998695165006
25847,2018-05-15 13:00:00,35390.0,35348.538219470225
25848,2018-05-15 14:00:00,37210.0,37167.89031489992
25849,2018-05-15 15:00:00,38726.0,38753.499742343505
25850,2018-05-15 16:00:00,40075.0,40048.26542549051
25851,2018-05-15 17:00:00,40929.0,40938.40279064262
25852,2018-05-15 18:00:00,40417.0,40427.88442593829
25853,2018-05-15 19:00:00,38889.0,38901.98115524278
25854,2018-05-15 20:00:00,37337.0,37320.78750127395
25855,2018-05-15 21:00:00,36290.0,36243.99006699202
25856,2018-05-15 22:00:00,34071.0,34074.74818102521
25857,2018-05-15 23:00:00,30989.0,30990.500858681113
25858,2018-05-16 00:00:00,28114.0,28107.314088308536
25859,2018-05-14 01:00:00,21682.0,21659.95371523834
25860,2018-05-14 02:00:00,20862.0,20896.304357458474
25861,2018-05-14 03:00:00,20571.0,20558.00963199621
25862,2018-05-14 04:00:00,20516.0,20478.67992097811
25863,2018-05-14 05:00:00,21158.0,21183.812002222105
25864,2018-05-14 06:00:00,22912.0,22925.627904943856
25865,2018-05-14 07:00:00,25629.0,25609.915325142778
25866,2018-05-14 08:00:00,27566.0,27531.11408082416
25867,2018-05-14 09:00:00,28339.0,28332.966635161076
25868,2018-05-14 10:00:00,28612.0,28568.593498152477
25869,2018-05-14 11:00:00,28949.0,28921.275887146177
25870,2018-05-14 12:00:00,29184.0,29230.39650129831
25871,2018-05-14 13:00:00,29150.0,29115.049517890493
25872,2018-05-14 14:00:00,29423.0,29400.49800567774
25873,2018-05-14 15:00:00,29621.0,29584.897029660002
25874,2018-05-14 16:00:00,30268.0,30309.200175040318
25875,2018-05-14 17:00:00,31266.0,31308.483606000096
25876,2018-05-14 18:00:00,31974.0,31929.947030928823
25877,2018-05-14 19:00:00,31964.0,32003.82221679314
25878,2018-05-14 20:00:00,31979.0,31943.232296023452
25879,2018-05-14 21:00:00,32117.0,32106.72921013147
25880,2018-05-14 22:00:00,30744.0,30752.6294583625
25881,2018-05-14 23:00:00,28152.0,28148.241207534124
25882,2018-05-15 00:00:00,25677.0,25640.592004364462
25883,2018-05-13 01:00:00,22705.0,22734.158001004005
25884,2018-05-13 02:00:00,21513.0,21531.741597153665
25885,2018-05-13 03:00:00,20819.0,20863.120222859157
25886,2018-05-13 04:00:00,20340.0,20325.294745296622
25887,2018-05-13 05:00:00,20219.0,20212.03940549525
25888,2018-05-13 06:00:00,20463.0,20447.975148698042
25889,2018-05-13 07:00:00,20820.0,20776.298883291798
25890,2018-05-13 08:00:00,21852.0,21807.496964525322
25891,2018-05-13 09:00:00,23490.0,23516.13269032391
25892,2018-05-13 10:00:00,24744.0,24722.485857762385
25893,2018-05-13 11:00:00,25450.0,25448.71300256547
25894,2018-05-13 12:00:00,25863.0,25910.897017413532
25895,2018-05-13 13:00:00,25885.0,25836.76575620521
25896,2018-05-13 14:00:00,25580.0,25581.76545804485
25897,2018-05-13 15:00:00,25215.0,25216.822294125817
25898,2018-05-13 16:00:00,25210.0,25259.854951287653
25899,2018-05-13 17:00:00,25379.0,25412.43306482248
25900,2018-05-13 18:00:00,25688.0,25644.68017763726
25901,2018-05-13 19:00:00,25948.0,25913.710822034966
25902,2018-05-13 20:00:00,26443.0,26396.39090646274
25903,2018-05-13 21:00:00,27045.0,27014.683448264645
25904,2018-05-13 22:00:00,26322.0,26293.233177297105
25905,2018-05-13 23:00:00,24690.0,24648.988718478347
25906,2018-05-14 00:00:00,22990.0,22992.72229826559
25907,2018-05-12 01:00:00,23280.0,23327.501151634453
25908,2018-05-12 02:00:00,22043.0,22073.382432933016
25909,2018-05-12 03:00:00,21337.0,21307.33733705937
25910,2018-05-12 04:00:00,20879.0,20907.299766072207
25911,2018-05-12 05:00:00,20774.0,20822.224454916235
25912,2018-05-12 06:00:00,21142.0,21175.52311015777
25913,2018-05-12 07:00:00,21722.0,21718.867676124708
25914,2018-05-12 08:00:00,23015.0,22991.933571251768
25915,2018-05-12 09:00:00,24563.0,24587.789097996363
25916,2018-05-12 10:00:00,25678.0,25706.645060822735
25917,2018-05-12 11:00:00,26512.0,26491.683828965186
25918,2018-05-12 12:00:00,26961.0,26933.418270202223
25919,2018-05-12 13:00:00,27046.0,27063.210625210624
25920,2018-05-12 14:00:00,27366.0,27404.84299451107
25921,2018-05-12 15:00:00,27811.0,27763.071242696853
25922,2018-05-12 16:00:00,28390.0,28438.70908293158
25923,2018-05-12 17:00:00,29034.0,29003.18510372063
25924,2018-05-12 18:00:00,29850.0,29834.941856350368
25925,2018-05-12 19:00:00,29997.0,29952.292924796417
25926,2018-05-12 20:00:00,29656.0,29611.553969327662
25927,2018-05-12 21:00:00,29329.0,29306.275213392117
25928,2018-05-12 22:00:00,28105.0,28111.50188286046
25929,2018-05-12 23:00:00,26287.0,26327.108279007865
25930,2018-05-13 00:00:00,24353.0,24309.984618086466
25931,2018-05-11 01:00:00,23876.0,23880.58998378133
25932,2018-05-11 02:00:00,22650.0,22641.61340485437
25933,2018-05-11 03:00:00,21942.0,21990.926476134693
25934,2018-05-11 04:00:00,21680.0,21648.71064607742
25935,2018-05-11 05:00:00,22024.0,22010.951516399444
25936,2018-05-11 06:00:00,23463.0,23416.345846848282
25937,2018-05-11 07:00:00,25826.0,25867.423944742142
25938,2018-05-11 08:00:00,27831.0,27843.2420668393
25939,2018-05-11 09:00:00,28657.0,28665.78366112372
25940,2018-05-11 10:00:00,29145.0,29099.87305159525
25941,2018-05-11 11:00:00,29603.0,29562.899961411353
25942,2018-05-11 12:00:00,29935.0,29964.027438842302
25943,2018-05-11 13:00:00,30105.0,30109.94721174958
25944,2018-05-11 14:00:00,30512.0,30481.90095001888
25945,2018-05-11 15:00:00,30929.0,30933.981592058746
25946,2018-05-11 16:00:00,31357.0,31403.811565907177
25947,2018-05-11 17:00:00,32007.0,31967.36996175825
25948,2018-05-11 18:00:00,32055.0,32102.020630145616
25949,2018-05-11 19:00:00,31281.0,31308.508826928337
25950,2018-05-11 20:00:00,30530.0,30494.42310612561
25951,2018-05-11 21:00:00,30609.0,30640.46797719994
25952,2018-05-11 22:00:00,29523.0,29547.402105007088
25953,2018-05-11 23:00:00,27455.0,27462.392244486982
25954,2018-05-12 00:00:00,25113.0,25140.436010155416
25955,2018-05-10 01:00:00,23100.0,23064.124726769856
25956,2018-05-10 02:00:00,21907.0,21929.162276265677
25957,2018-05-10 03:00:00,21333.0,21347.092941230643
25958,2018-05-10 04:00:00,21126.0,21104.46830177891
25959,2018-05-10 05:00:00,21583.0,21602.037210611037
25960,2018-05-10 06:00:00,23096.0,23113.885093034674
25961,2018-05-10 07:00:00,25486.0,25459.903817831295
25962,2018-05-10 08:00:00,27452.0,27416.768626595865
25963,2018-05-10 09:00:00,27984.0,27970.226922430935
25964,2018-05-10 10:00:00,28364.0,28353.916163058097
25965,2018-05-10 11:00:00,28768.0,28800.415399494606
25966,2018-05-10 12:00:00,29430.0,29423.607921343824
25967,2018-05-10 13:00:00,29907.0,29930.659542706442
25968,2018-05-10 14:00:00,29990.0,29986.26990972571
25969,2018-05-10 15:00:00,30329.0,30285.712829508455
25970,2018-05-10 16:00:00,30904.0,30919.274356761704
25971,2018-05-10 17:00:00,31699.0,31738.53861646035
25972,2018-05-10 18:00:00,32272.0,32273.831898106902
25973,2018-05-10 19:00:00,31942.0,31962.205693363005
25974,2018-05-10 20:00:00,31853.0,31880.883937040107
25975,2018-05-10 21:00:00,32046.0,32042.73841008094
25976,2018-05-10 22:00:00,30896.0,30870.979922467435
25977,2018-05-10 23:00:00,28280.0,28316.007180285193
25978,2018-05-11 00:00:00,25773.0,25805.868892429822
25979,2018-05-09 01:00:00,22749.0,22784.948975951716
25980,2018-05-09 02:00:00,21721.0,21753.578259680075
25981,2018-05-09 03:00:00,21128.0,21091.31120617513
25982,2018-05-09 04:00:00,20936.0,20927.471258341076
25983,2018-05-09 05:00:00,21385.0,21354.15369668888
25984,2018-05-09 06:00:00,22957.0,22922.519141672976
25985,2018-05-09 07:00:00,25421.0,25449.149899247674
25986,2018-05-09 08:00:00,27121.0,27119.13408843272
25987,2018-05-09 09:00:00,27723.0,27682.070098835487
25988,2018-05-09 10:00:00,28041.0,28031.608756721438
25989,2018-05-09 11:00:00,28524.0,28573.329987628
25990,2018-05-09 12:00:00,28986.0,28957.238933680386
25991,2018-05-09 13:00:00,29474.0,29463.71634456732
25992,2018-05-09 14:00:00,30175.0,30184.451049450614
25993,2018-05-09 15:00:00,30502.0,30471.95884437045
25994,2018-05-09 16:00:00,31061.0,31107.775993715673
25995,2018-05-09 17:00:00,31743.0,31756.490261462735
25996,2018-05-09 18:00:00,32270.0,32242.940886939097
25997,2018-05-09 19:00:00,31896.0,31890.660326735735
25998,2018-05-09 20:00:00,31179.0,31165.089881891126
25999,2018-05-09 21:00:00,31393.0,31355.231075759326
26000,2018-05-09 22:00:00,30157.0,30135.46036928337
26001,2018-05-09 23:00:00,27526.0,27531.371797496067
26002,2018-05-10 00:00:00,24953.0,24911.81092403272
26003,2018-05-08 01:00:00,22631.0,22585.830036524
26004,2018-05-08 02:00:00,21586.0,21590.1332961841
26005,2018-05-08 03:00:00,21026.0,21019.40686893628
26006,2018-05-08 04:00:00,20869.0,20837.825532481645
26007,2018-05-08 05:00:00,21336.0,21357.274952797896
26008,2018-05-08 06:00:00,22973.0,22931.787670109003
26009,2018-05-08 07:00:00,25371.0,25348.039810978877
26010,2018-05-08 08:00:00,27070.0,27030.12938665242
26011,2018-05-08 09:00:00,27606.0,27628.76073939097
26012,2018-05-08 10:00:00,27860.0,27873.272081806663
26013,2018-05-08 11:00:00,28114.0,28082.845440289897
26014,2018-05-08 12:00:00,28450.0,28455.73682190242
26015,2018-05-08 13:00:00,28764.0,28783.647230382994
26016,2018-05-08 14:00:00,29253.0,29206.41694174028
26017,2018-05-08 15:00:00,29640.0,29656.32214003123
26018,2018-05-08 16:00:00,30168.0,30149.152276263594
26019,2018-05-08 17:00:00,30824.0,30787.524554692834
26020,2018-05-08 18:00:00,31277.0,31309.115430348425
26021,2018-05-08 19:00:00,30984.0,30994.613094803004
26022,2018-05-08 20:00:00,30483.0,30487.65329512602
26023,2018-05-08 21:00:00,30805.0,30838.64628916589
26024,2018-05-08 22:00:00,29614.0,29590.51118678872
26025,2018-05-08 23:00:00,26986.0,26937.412703359318
26026,2018-05-09 00:00:00,24533.0,24577.872722151853
26027,2018-05-07 01:00:00,21592.0,21568.276711531977
26028,2018-05-07 02:00:00,20810.0,20823.334818086034
26029,2018-05-07 03:00:00,20439.0,20486.703225062152
26030,2018-05-07 04:00:00,20327.0,20300.36221699464
26031,2018-05-07 05:00:00,20919.0,20968.27230466956
26032,2018-05-07 06:00:00,22688.0,22691.865643729565
26033,2018-05-07 07:00:00,25220.0,25265.896870533896
26034,2018-05-07 08:00:00,27035.0,26993.603949193148
26035,2018-05-07 09:00:00,27629.0,27632.102372895533
26036,2018-05-07 10:00:00,27830.0,27874.436559075624
26037,2018-05-07 11:00:00,28210.0,28175.552888585476
26038,2018-05-07 12:00:00,28321.0,28298.52069208531
26039,2018-05-07 13:00:00,28467.0,28438.24741094331
26040,2018-05-07 14:00:00,28974.0,29020.54459710171
26041,2018-05-07 15:00:00,29432.0,29408.353279164123
26042,2018-05-07 16:00:00,29895.0,29857.095561982296
26043,2018-05-07 17:00:00,30356.0,30385.680606152113
26044,2018-05-07 18:00:00,30657.0,30658.350442413066
26045,2018-05-07 19:00:00,30435.0,30443.98964571111
26046,2018-05-07 20:00:00,30159.0,30169.681426156447
26047,2018-05-07 21:00:00,30673.0,30684.300565275997
26048,2018-05-07 22:00:00,29429.0,29424.42669449194
26049,2018-05-07 23:00:00,26895.0,26942.55644178207
26050,2018-05-08 00:00:00,24448.0,24415.41087747774
26051,2018-05-06 01:00:00,22113.0,22158.786016738122
26052,2018-05-06 02:00:00,21077.0,21056.240413216154
26053,2018-05-06 03:00:00,20395.0,20363.991835672725
26054,2018-05-06 04:00:00,20017.0,20029.573257999502
26055,2018-05-06 05:00:00,19937.0,19976.184961447998
26056,2018-05-06 06:00:00,20204.0,20190.29220227306
26057,2018-05-06 07:00:00,20526.0,20483.54248564863
26058,2018-05-06 08:00:00,21447.0,21450.65339840733
26059,2018-05-06 09:00:00,22870.0,22918.51667397662
26060,2018-05-06 10:00:00,24012.0,24000.956133212327
26061,2018-05-06 11:00:00,24673.0,24624.995019777492
26062,2018-05-06 12:00:00,24998.0,24998.087629602065
26063,2018-05-06 13:00:00,25207.0,25195.37429877229
26064,2018-05-06 14:00:00,25194.0,25150.66861523042
26065,2018-05-06 15:00:00,25133.0,25170.48269940936
26066,2018-05-06 16:00:00,25236.0,25247.876449913474
26067,2018-05-06 17:00:00,25666.0,25631.420917083284
26068,2018-05-06 18:00:00,26313.0,26355.59513529817
26069,2018-05-06 19:00:00,26640.0,26647.62436068123
26070,2018-05-06 20:00:00,26881.0,26899.919589749697
26071,2018-05-06 21:00:00,27534.0,27542.341580811822
26072,2018-05-06 22:00:00,26615.0,26662.83529835713
26073,2018-05-06 23:00:00,24846.0,24885.063608868084
26074,2018-05-07 00:00:00,22981.0,22932.651943484216
26075,2018-05-05 01:00:00,27453.0,27404.459181591665
26076,2018-05-05 02:00:00,25600.0,25598.818081767713
26077,2018-05-05 03:00:00,24195.0,24176.406184206757
26078,2018-05-05 04:00:00,23310.0,23313.887321889964
26079,2018-05-05 05:00:00,22776.0,22759.835260077696
26080,2018-05-05 06:00:00,22918.0,22955.82046304255
26081,2018-05-05 07:00:00,23159.0,23125.979713863737
26082,2018-05-05 08:00:00,24027.0,23982.72777054851
26083,2018-05-05 09:00:00,25425.0,25409.291819468966
26084,2018-05-05 10:00:00,26249.0,26212.91402883976
26085,2018-05-05 11:00:00,26722.0,26731.151894963095
26086,2018-05-05 12:00:00,27149.0,27146.24924015734
26087,2018-05-05 13:00:00,27317.0,27337.796406785343
26088,2018-05-05 14:00:00,27563.0,27520.279368080926
26089,2018-05-05 15:00:00,27661.0,27686.43881168971
26090,2018-05-05 16:00:00,27610.0,27587.656571447194
26091,2018-05-05 17:00:00,27446.0,27463.14333634985
26092,2018-05-05 18:00:00,27330.0,27309.100422164975
26093,2018-05-05 19:00:00,27066.0,27099.379083008553
26094,2018-05-05 20:00:00,27028.0,27061.408945499566
26095,2018-05-05 21:00:00,27611.0,27591.630964944077
26096,2018-05-05 22:00:00,26848.0,26888.95549913004
26097,2018-05-05 23:00:00,25334.0,25316.10377744456
26098,2018-05-06 00:00:00,23572.0,23611.569342870745
26099,2018-05-04 01:00:00,28724.0,28693.314005682096
26100,2018-05-04 02:00:00,26952.0,26930.791512693773
26101,2018-05-04 03:00:00,25829.0,25867.418807847294
26102,2018-05-04 04:00:00,25211.0,25169.08227606384
26103,2018-05-04 05:00:00,25190.0,25210.178535154355
26104,2018-05-04 06:00:00,26633.0,26651.199158923868
26105,2018-05-04 07:00:00,29020.0,29067.215997572774
26106,2018-05-04 08:00:00,31121.0,31168.227695646776
26107,2018-05-04 09:00:00,32232.0,32230.04925041174
26108,2018-05-04 10:00:00,32770.0,32785.84040636899
26109,2018-05-04 11:00:00,33223.0,33188.57892123628
26110,2018-05-04 12:00:00,34125.0,34097.607717777406
26111,2018-05-04 13:00:00,35212.0,35217.84387249954
26112,2018-05-04 14:00:00,36522.0,36495.75919154985
26113,2018-05-04 15:00:00,37863.0,37834.687333061534
26114,2018-05-04 16:00:00,38851.0,38803.28412898234
26115,2018-05-04 17:00:00,39502.0,39459.33432217463
26116,2018-05-04 18:00:00,39347.0,39368.14295201368
26117,2018-05-04 19:00:00,38320.0,38271.433107655015
26118,2018-05-04 20:00:00,37269.0,37308.578148912966
26119,2018-05-04 21:00:00,37244.0,37201.866089061135
26120,2018-05-04 22:00:00,35617.0,35582.65744356063
26121,2018-05-04 23:00:00,33295.0,33279.03434218559
26122,2018-05-05 00:00:00,30118.0,30140.665593495898
26123,2018-05-03 01:00:00,25049.0,25069.07155899335
26124,2018-05-03 02:00:00,23686.0,23660.6559876995
26125,2018-05-03 03:00:00,22831.0,22813.69928062761
26126,2018-05-03 04:00:00,22599.0,22631.123177020643
26127,2018-05-03 05:00:00,22635.0,22634.677874021567
26128,2018-05-03 06:00:00,24263.0,24258.82023098591
26129,2018-05-03 07:00:00,26732.0,26745.347670071835
26130,2018-05-03 08:00:00,28772.0,28767.6847067874
26131,2018-05-03 09:00:00,29993.0,29986.400173579663
26132,2018-05-03 10:00:00,31205.0,31234.860362158994
26133,2018-05-03 11:00:00,32458.0,32501.14237359061
26134,2018-05-03 12:00:00,33988.0,33992.92647518352
26135,2018-05-03 13:00:00,35480.0,35458.93376684898
26136,2018-05-03 14:00:00,36794.0,36838.97059330455
26137,2018-05-03 15:00:00,38008.0,38028.19371525815
26138,2018-05-03 16:00:00,39293.0,39308.43237472584
26139,2018-05-03 17:00:00,40383.0,40393.66693215851
26140,2018-05-03 18:00:00,40953.0,40977.037742673085
26141,2018-05-03 19:00:00,40444.0,40471.56112556672
26142,2018-05-03 20:00:00,39382.0,39411.11827498004
26143,2018-05-03 21:00:00,39236.0,39283.58018166112
26144,2018-05-03 22:00:00,37570.0,37561.120173465526
26145,2018-05-03 23:00:00,34455.0,34429.2636123851
26146,2018-05-04 00:00:00,31335.0,31324.410293430294
26147,2018-05-02 01:00:00,22582.0,22608.6798480832
26148,2018-05-02 02:00:00,21555.0,21559.069983049892
26149,2018-05-02 03:00:00,20953.0,20989.46911645815
26150,2018-05-02 04:00:00,20767.0,20740.614184410173
26151,2018-05-02 05:00:00,21239.0,21262.70276080862
26152,2018-05-02 06:00:00,22983.0,22957.935324413367
26153,2018-05-02 07:00:00,25485.0,25514.91145905255
26154,2018-05-02 08:00:00,27167.0,27160.823056516438
26155,2018-05-02 09:00:00,27689.0,27737.94130195408
26156,2018-05-02 10:00:00,28225.0,28241.873380314504
26157,2018-05-02 11:00:00,28966.0,28990.173024775013
26158,2018-05-02 12:00:00,29636.0,29590.27240044856
26159,2018-05-02 13:00:00,30252.0,30272.30675538227
26160,2018-05-02 14:00:00,31029.0,31020.882326083465
26161,2018-05-02 15:00:00,31772.0,31754.313104037243
26162,2018-05-02 16:00:00,32605.0,32634.51959818159
26163,2018-05-02 17:00:00,33552.0,33524.863648349194
26164,2018-05-02 18:00:00,34236.0,34204.18229687246
26165,2018-05-02 19:00:00,34096.0,34081.531716504054
26166,2018-05-02 20:00:00,33736.0,33748.93496711386
26167,2018-05-02 21:00:00,34347.0,34322.7316536932
26168,2018-05-02 22:00:00,33061.0,33066.85964577982
26169,2018-05-02 23:00:00,30147.0,30135.484737166917
26170,2018-05-03 00:00:00,27300.0,27289.671462863964
26171,2018-05-01 01:00:00,22779.0,22749.311834820677
26172,2018-05-01 02:00:00,22121.0,22103.210486064352
26173,2018-05-01 03:00:00,21854.0,21831.384581574803
26174,2018-05-01 04:00:00,21971.0,21945.34391909757
26175,2018-05-01 05:00:00,22795.0,22753.07795763231
26176,2018-05-01 06:00:00,24781.0,24774.306986490177
26177,2018-05-01 07:00:00,27567.0,27541.46846439134
26178,2018-05-01 08:00:00,28633.0,28679.10188609952
26179,2018-05-01 09:00:00,28067.0,28077.170399461258
26180,2018-05-01 10:00:00,27568.0,27564.201697769644
26181,2018-05-01 11:00:00,27407.0,27390.798904150204
26182,2018-05-01 12:00:00,27239.0,27235.076542967377
26183,2018-05-01 13:00:00,27220.0,27204.146534684405
26184,2018-05-01 14:00:00,27450.0,27485.685561928967
26185,2018-05-01 15:00:00,27560.0,27535.583742413382
26186,2018-05-01 16:00:00,27881.0,27858.99644924669
26187,2018-05-01 17:00:00,28549.0,28569.96204914589
26188,2018-05-01 18:00:00,29123.0,29163.092748263047
26189,2018-05-01 19:00:00,29221.0,29239.01158959236
26190,2018-05-01 20:00:00,29294.0,29252.472865447573
26191,2018-05-01 21:00:00,30195.0,30234.898265735002
26192,2018-05-01 22:00:00,28966.0,28992.932409710298
26193,2018-05-01 23:00:00,26606.0,26579.97193761155
26194,2018-05-02 00:00:00,24312.0,24268.26074926269
26195,2018-04-30 01:00:00,22920.0,22941.74793175346
26196,2018-04-30 02:00:00,22410.0,22383.45791766232
26197,2018-04-30 03:00:00,22264.0,22266.381129321606
26198,2018-04-30 04:00:00,22395.0,22353.956130219445
26199,2018-04-30 05:00:00,23228.0,23234.8162214249
26200,2018-04-30 06:00:00,25439.0,25391.147371940355
26201,2018-04-30 07:00:00,28420.0,28423.399305631112
26202,2018-04-30 08:00:00,29958.0,29991.369536686656
26203,2018-04-30 09:00:00,29829.0,29837.074303096673
26204,2018-04-30 10:00:00,29330.0,29368.464869747855
26205,2018-04-30 11:00:00,28876.0,28880.888170768805
26206,2018-04-30 12:00:00,28569.0,28587.74306115449
26207,2018-04-30 13:00:00,28290.0,28276.626945303382
26208,2018-04-30 14:00:00,28012.0,27991.68004156394
26209,2018-04-30 15:00:00,27667.0,27650.582236698265
26210,2018-04-30 16:00:00,27382.0,27342.279765998464
26211,2018-04-30 17:00:00,27560.0,27535.43914189967
26212,2018-04-30 18:00:00,28001.0,27989.703620069322
26213,2018-04-30 19:00:00,28125.0,28109.154906246415
26214,2018-04-30 20:00:00,28520.0,28519.558917909188
26215,2018-04-30 21:00:00,29527.0,29525.82671755953
26216,2018-04-30 22:00:00,28487.0,28510.540188920026
26217,2018-04-30 23:00:00,26211.0,26200.57425950779
26218,2018-05-01 00:00:00,24199.0,24216.722383671717
26219,2018-04-29 01:00:00,21493.0,21532.06265924987
26220,2018-04-29 02:00:00,20633.0,20628.577212074284
26221,2018-04-29 03:00:00,20117.0,20122.342839619534
26222,2018-04-29 04:00:00,19953.0,19970.717767774753
26223,2018-04-29 05:00:00,20063.0,20062.410699877255
26224,2018-04-29 06:00:00,20594.0,20560.31984785318
26225,2018-04-29 07:00:00,21229.0,21208.357565052174
26226,2018-04-29 08:00:00,22233.0,22185.818662892463
26227,2018-04-29 09:00:00,23379.0,23397.359185817815
26228,2018-04-29 10:00:00,24064.0,24041.95759269864
26229,2018-04-29 11:00:00,24128.0,24160.36120680139
26230,2018-04-29 12:00:00,24168.0,24183.591222261202
26231,2018-04-29 13:00:00,24216.0,24239.6130436913
26232,2018-04-29 14:00:00,24023.0,24061.24636520876
26233,2018-04-29 15:00:00,23854.0,23846.57008258265
26234,2018-04-29 16:00:00,24025.0,23993.86113285868
26235,2018-04-29 17:00:00,24608.0,24651.551243844624
26236,2018-04-29 18:00:00,25350.0,25399.58277109858
26237,2018-04-29 19:00:00,25974.0,25945.796738772635
26238,2018-04-29 20:00:00,26848.0,26872.099079051786
26239,2018-04-29 21:00:00,28051.0,28008.227172666277
26240,2018-04-29 22:00:00,27409.0,27361.74703200088
26241,2018-04-29 23:00:00,25790.0,25807.51288031082
26242,2018-04-30 00:00:00,24068.0,24043.515931618305
26243,2018-04-28 01:00:00,22647.0,22683.78504646049
26244,2018-04-28 02:00:00,21646.0,21647.306970922473
26245,2018-04-28 03:00:00,21058.0,21086.2045445952
26246,2018-04-28 04:00:00,20853.0,20813.346781455308
26247,2018-04-28 05:00:00,21022.0,21059.4461928347
26248,2018-04-28 06:00:00,21731.0,21699.99375043346
26249,2018-04-28 07:00:00,22567.0,22573.822362344574
26250,2018-04-28 08:00:00,23732.0,23742.969041066088
26251,2018-04-28 09:00:00,24717.0,24673.59485768211
26252,2018-04-28 10:00:00,24882.0,24929.756285926902
26253,2018-04-28 11:00:00,24582.0,24562.224101845874
26254,2018-04-28 12:00:00,24322.0,24343.411427357372
26255,2018-04-28 13:00:00,24069.0,24082.16473601792
26256,2018-04-28 14:00:00,23840.0,23793.308346661834
26257,2018-04-28 15:00:00,23864.0,23900.23595899526
26258,2018-04-28 16:00:00,24086.0,24066.4432347337
26259,2018-04-28 17:00:00,24481.0,24455.905625512354
26260,2018-04-28 18:00:00,25040.0,24995.855095077528
26261,2018-04-28 19:00:00,25429.0,25404.03314760085
26262,2018-04-28 20:00:00,25867.0,25879.005949404782
26263,2018-04-28 21:00:00,26323.0,26293.086864551875
26264,2018-04-28 22:00:00,25659.0,25655.650125156673
26265,2018-04-28 23:00:00,24353.0,24382.970128207377
26266,2018-04-29 00:00:00,22804.0,22849.518698239328
26267,2018-04-27 01:00:00,22269.0,22289.049195492524
26268,2018-04-27 02:00:00,21382.0,21351.573312084343
26269,2018-04-27 03:00:00,20900.0,20888.313965724916
26270,2018-04-27 04:00:00,20867.0,20872.40498671717
26271,2018-04-27 05:00:00,21383.0,21420.140786496388
26272,2018-04-27 06:00:00,23182.0,23186.77232645877
26273,2018-04-27 07:00:00,26011.0,26010.12945543292
26274,2018-04-27 08:00:00,27731.0,27706.970883132897
26275,2018-04-27 09:00:00,28756.0,28755.960203811577
26276,2018-04-27 10:00:00,28992.0,28973.87156709063
26277,2018-04-27 11:00:00,29187.0,29193.446043509895
26278,2018-04-27 12:00:00,28762.0,28792.87143507268
26279,2018-04-27 13:00:00,28549.0,28593.57238748211
26280,2018-04-27 14:00:00,28435.0,28465.959774050945
26281,2018-04-27 15:00:00,28007.0,28039.83000432077
26282,2018-04-27 16:00:00,27725.0,27710.79922443534
26283,2018-04-27 17:00:00,27738.0,27757.55032387645
26284,2018-04-27 18:00:00,27780.0,27768.809167480922
26285,2018-04-27 19:00:00,27608.0,27560.423181293703
26286,2018-04-27 20:00:00,27704.0,27742.454308807428
26287,2018-04-27 21:00:00,28189.0,28144.229117411574
26288,2018-04-27 22:00:00,27341.0,27302.55267185322
26289,2018-04-27 23:00:00,25721.0,25672.839086092412
26290,2018-04-28 00:00:00,23895.0,23851.725700631116
26291,2018-04-26 01:00:00,22588.0,22543.901360212425
26292,2018-04-26 02:00:00,21731.0,21748.73067215237
26293,2018-04-26 03:00:00,21326.0,21361.34987550505
26294,2018-04-26 04:00:00,21296.0,21325.668811975578
26295,2018-04-26 05:00:00,21916.0,21928.628517037385
26296,2018-04-26 06:00:00,23825.0,23853.5995667625
26297,2018-04-26 07:00:00,26592.0,26587.656478074863
26298,2018-04-26 08:00:00,27966.0,28006.64059051341
26299,2018-04-26 09:00:00,27830.0,27825.990873559243
26300,2018-04-26 10:00:00,27474.0,27426.821177853006
26301,2018-04-26 11:00:00,27225.0,27245.247490763828
26302,2018-04-26 12:00:00,26944.0,26977.073486878315
26303,2018-04-26 13:00:00,26716.0,26688.457956603423
26304,2018-04-26 14:00:00,26666.0,26647.784479057565
26305,2018-04-26 15:00:00,26505.0,26524.49622577347
26306,2018-04-26 16:00:00,26633.0,26640.381723739745
26307,2018-04-26 17:00:00,26997.0,27035.99695828247
26308,2018-04-26 18:00:00,27402.0,27399.76740400849
26309,2018-04-26 19:00:00,27589.0,27606.245276908245
26310,2018-04-26 20:00:00,28016.0,27993.16373127933
26311,2018-04-26 21:00:00,29063.0,29105.94332118984
26312,2018-04-26 22:00:00,28047.0,28033.979761340255
26313,2018-04-26 23:00:00,25875.0,25878.953074340556
26314,2018-04-27 00:00:00,23786.0,23797.6482361602
26315,2018-04-25 01:00:00,22807.0,22782.427323277487
26316,2018-04-25 02:00:00,21973.0,21954.674415303343
26317,2018-04-25 03:00:00,21605.0,21605.24258400467
26318,2018-04-25 04:00:00,21532.0,21509.086309187885
26319,2018-04-25 05:00:00,22196.0,22159.015291443928
26320,2018-04-25 06:00:00,23950.0,23983.658894271462
26321,2018-04-25 07:00:00,26886.0,26868.472593229777
26322,2018-04-25 08:00:00,28619.0,28610.598548863072
26323,2018-04-25 09:00:00,29148.0,29152.716638460744
26324,2018-04-25 10:00:00,29356.0,29390.242017837478
26325,2018-04-25 11:00:00,29524.0,29488.03200771771
26326,2018-04-25 12:00:00,29416.0,29428.59539254138
26327,2018-04-25 13:00:00,29087.0,29072.10777046173
26328,2018-04-25 14:00:00,28947.0,28983.954476641542
26329,2018-04-25 15:00:00,28680.0,28696.119088731306
26330,2018-04-25 16:00:00,28536.0,28500.519131019955
26331,2018-04-25 17:00:00,28672.0,28651.693722876247
26332,2018-04-25 18:00:00,29008.0,28961.61603303402
26333,2018-04-25 19:00:00,28965.0,28992.056151181878
26334,2018-04-25 20:00:00,29338.0,29329.278906293814
26335,2018-04-25 21:00:00,29754.0,29708.867358923377
26336,2018-04-25 22:00:00,28457.0,28408.345643211767
26337,2018-04-25 23:00:00,26243.0,26288.55468205516
26338,2018-04-26 00:00:00,24107.0,24142.23363227128
26339,2018-04-24 01:00:00,22547.0,22530.444256205315
26340,2018-04-24 02:00:00,21749.0,21750.65863187251
26341,2018-04-24 03:00:00,21500.0,21507.59059625861
26342,2018-04-24 04:00:00,21501.0,21502.529023957883
26343,2018-04-24 05:00:00,22333.0,22313.80001027654
26344,2018-04-24 06:00:00,24441.0,24430.05717492212
26345,2018-04-24 07:00:00,27214.0,27182.1168718553
26346,2018-04-24 08:00:00,28530.0,28483.321474055883
26347,2018-04-24 09:00:00,28435.0,28400.472310834837
26348,2018-04-24 10:00:00,28099.0,28050.30586543789
26349,2018-04-24 11:00:00,27958.0,27951.306804377753
26350,2018-04-24 12:00:00,27768.0,27784.08928555416
26351,2018-04-24 13:00:00,27728.0,27696.09367154101
26352,2018-04-24 14:00:00,27794.0,27797.391587956343
26353,2018-04-24 15:00:00,27688.0,27670.49689799157
26354,2018-04-24 16:00:00,27749.0,27710.999339592498
26355,2018-04-24 17:00:00,28036.0,27998.758848501762
26356,2018-04-24 18:00:00,28461.0,28472.81151069424
26357,2018-04-24 19:00:00,28801.0,28762.77078375023
26358,2018-04-24 20:00:00,29457.0,29462.326029361157
26359,2018-04-24 21:00:00,29798.0,29767.06222949268
26360,2018-04-24 22:00:00,28450.0,28486.613210117073
26361,2018-04-24 23:00:00,26233.0,26187.99799478049
26362,2018-04-25 00:00:00,24340.0,24328.708668382034
26363,2018-04-23 01:00:00,22055.0,22081.150994235373
26364,2018-04-23 02:00:00,21532.0,21556.915322455414
26365,2018-04-23 03:00:00,21394.0,21358.47784587478
26366,2018-04-23 04:00:00,21558.0,21527.67250304302
26367,2018-04-23 05:00:00,22493.0,22497.632736989526
26368,2018-04-23 06:00:00,24706.0,24724.425395534614
26369,2018-04-23 07:00:00,27716.0,27741.228375492236
26370,2018-04-23 08:00:00,29043.0,29055.05484080262
26371,2018-04-23 09:00:00,28604.0,28632.311700816786
26372,2018-04-23 10:00:00,27924.0,27917.98794224685
26373,2018-04-23 11:00:00,27550.0,27556.06085909761
26374,2018-04-23 12:00:00,27217.0,27210.323221147104
26375,2018-04-23 13:00:00,27026.0,27052.094581514204
26376,2018-04-23 14:00:00,27031.0,26998.481144787056
26377,2018-04-23 15:00:00,26855.0,26830.240826651258
26378,2018-04-23 16:00:00,26845.0,26878.683326248403
26379,2018-04-23 17:00:00,27104.0,27125.43925459308
26380,2018-04-23 18:00:00,27560.0,27583.517050261144
26381,2018-04-23 19:00:00,27733.0,27692.91264696764
26382,2018-04-23 20:00:00,28360.0,28358.44058916887
26383,2018-04-23 21:00:00,29360.0,29366.43395649704
26384,2018-04-23 22:00:00,28127.0,28154.992042683745
26385,2018-04-23 23:00:00,25883.0,25875.223169908895
26386,2018-04-24 00:00:00,23854.0,23858.070963106555
26387,2018-04-22 01:00:00,23035.0,23008.83338246734
26388,2018-04-22 02:00:00,22352.0,22385.212258289183
26389,2018-04-22 03:00:00,22058.0,22099.389074325063
26390,2018-04-22 04:00:00,22004.0,22000.416167517928
26391,2018-04-22 05:00:00,22288.0,22281.724988958424
26392,2018-04-22 06:00:00,22980.0,22962.82646102512
26393,2018-04-22 07:00:00,23614.0,23590.682538806377
26394,2018-04-22 08:00:00,24129.0,24134.337706283735
26395,2018-04-22 09:00:00,24337.0,24303.87692792351
26396,2018-04-22 10:00:00,24245.0,24253.931787634054
26397,2018-04-22 11:00:00,23911.0,23917.13180322531
26398,2018-04-22 12:00:00,23553.0,23572.40658368095
26399,2018-04-22 13:00:00,23234.0,23206.57443512346
26400,2018-04-22 14:00:00,22978.0,22998.195906687284
26401,2018-04-22 15:00:00,22836.0,22787.69237400736
26402,2018-04-22 16:00:00,23010.0,23013.44276689817
26403,2018-04-22 17:00:00,23645.0,23679.40719416911
26404,2018-04-22 18:00:00,24438.0,24460.780461493716
26405,2018-04-22 19:00:00,25152.0,25187.08323177796
26406,2018-04-22 20:00:00,26030.0,25994.834627576725
26407,2018-04-22 21:00:00,27460.0,27481.889340531303
26408,2018-04-22 22:00:00,26657.0,26653.90761166951
26409,2018-04-22 23:00:00,24987.0,24969.31664822829
26410,2018-04-23 00:00:00,23231.0,23216.576300732526
26411,2018-04-21 01:00:00,25193.0,25153.19417670607
26412,2018-04-21 02:00:00,24595.0,24614.695259971064
26413,2018-04-21 03:00:00,24322.0,24335.189634016864
26414,2018-04-21 04:00:00,24416.0,24381.262119846702
26415,2018-04-21 05:00:00,24857.0,24861.42230923826
26416,2018-04-21 06:00:00,25760.0,25722.967014862683
26417,2018-04-21 07:00:00,27020.0,27001.33464599241
26418,2018-04-21 08:00:00,27628.0,27582.412249682468
26419,2018-04-21 09:00:00,27708.0,27720.107111053527
26420,2018-04-21 10:00:00,27151.0,27102.24366331772
26421,2018-04-21 11:00:00,26340.0,26316.073482438645
26422,2018-04-21 12:00:00,25561.0,25537.66963808543
26423,2018-04-21 13:00:00,24794.0,24818.835569670493
26424,2018-04-21 14:00:00,24133.0,24128.06290937343
26425,2018-04-21 15:00:00,23739.0,23746.32142230772
26426,2018-04-21 16:00:00,23635.0,23609.909287205723
26427,2018-04-21 17:00:00,24030.0,24034.762777789456
26428,2018-04-21 18:00:00,24574.0,24538.920310403395
26429,2018-04-21 19:00:00,24961.0,25010.23622236585
26430,2018-04-21 20:00:00,25888.0,25889.69734951114
26431,2018-04-21 21:00:00,27106.0,27143.93800148445
26432,2018-04-21 22:00:00,26640.0,26600.569190686827
26433,2018-04-21 23:00:00,25501.0,25510.042050426546
26434,2018-04-22 00:00:00,24160.0,24177.10497462492
26435,2018-04-20 01:00:00,26668.0,26696.895357424924
26436,2018-04-20 02:00:00,26004.0,26002.59172741831
26437,2018-04-20 03:00:00,25819.0,25772.608117210908
26438,2018-04-20 04:00:00,25917.0,25893.118874759275
26439,2018-04-20 05:00:00,26478.0,26456.061237719954
26440,2018-04-20 06:00:00,28882.0,28863.843606362687
26441,2018-04-20 07:00:00,31758.0,31717.22018926545
26442,2018-04-20 08:00:00,32739.0,32689.063389881405
26443,2018-04-20 09:00:00,31975.0,31976.968902161778
26444,2018-04-20 10:00:00,31001.0,31024.67823581501
26445,2018-04-20 11:00:00,30154.0,30127.010430509665
26446,2018-04-20 12:00:00,29352.0,29371.380527251855
26447,2018-04-20 13:00:00,28638.0,28661.11212482842
26448,2018-04-20 14:00:00,28304.0,28295.1240317505
26449,2018-04-20 15:00:00,27577.0,27579.50475897721
26450,2018-04-20 16:00:00,27116.0,27097.399773099656
26451,2018-04-20 17:00:00,27207.0,27194.522379682192
26452,2018-04-20 18:00:00,27463.0,27471.91054058825
26453,2018-04-20 19:00:00,27787.0,27773.191916173382
26454,2018-04-20 20:00:00,28587.0,28587.10886289938
26455,2018-04-20 21:00:00,29897.0,29921.37658635577
26456,2018-04-20 22:00:00,29332.0,29378.46029775065
26457,2018-04-20 23:00:00,27978.0,28017.10579813722
26458,2018-04-21 00:00:00,26428.0,26469.449843796083
26459,2018-04-19 01:00:00,24457.0,24498.12174703298
26460,2018-04-19 02:00:00,23498.0,23472.153168989786
26461,2018-04-19 03:00:00,23123.0,23167.64105342608
26462,2018-04-19 04:00:00,23187.0,23159.2364480438
26463,2018-04-19 05:00:00,23905.0,23941.4215286631
26464,2018-04-19 06:00:00,25911.0,25919.108419401582
26465,2018-04-19 07:00:00,29038.0,29071.869363227015
26466,2018-04-19 08:00:00,30595.0,30643.222599304838
26467,2018-04-19 09:00:00,30828.0,30865.57027721909
26468,2018-04-19 10:00:00,30980.0,31011.65037604098
26469,2018-04-19 11:00:00,30825.0,30795.650505659167
26470,2018-04-19 12:00:00,30881.0,30916.99066552024
26471,2018-04-19 13:00:00,30941.0,30907.575719296223
26472,2018-04-19 14:00:00,30838.0,30839.27180541262
26473,2018-04-19 15:00:00,30243.0,30243.23450653691
26474,2018-04-19 16:00:00,29957.0,29958.87411395152
26475,2018-04-19 17:00:00,30274.0,30296.31461163633
26476,2018-04-19 18:00:00,31095.0,31084.60336313195
26477,2018-04-19 19:00:00,31395.0,31390.664573103015
26478,2018-04-19 20:00:00,32178.0,32193.902076552928
26479,2018-04-19 21:00:00,33039.0,33057.23698066037
26480,2018-04-19 22:00:00,32025.0,32018.75322026649
26481,2018-04-19 23:00:00,29864.0,29819.21439178548
26482,2018-04-20 00:00:00,27914.0,27889.908630441412
26483,2018-04-18 01:00:00,26913.0,26957.401526410045
26484,2018-04-18 02:00:00,26217.0,26259.74097065624
26485,2018-04-18 03:00:00,25902.0,25916.964863251873
26486,2018-04-18 04:00:00,26026.0,25994.52371193293
26487,2018-04-18 05:00:00,26913.0,26872.57088926076
26488,2018-04-18 06:00:00,29123.0,29167.95260270214
26489,2018-04-18 07:00:00,32192.0,32229.31678027655
26490,2018-04-18 08:00:00,33169.0,33158.79278244456
26491,2018-04-18 09:00:00,32292.0,32304.960231745565
26492,2018-04-18 10:00:00,31237.0,31278.41519231161
26493,2018-04-18 11:00:00,30449.0,30412.815397462797
26494,2018-04-18 12:00:00,29785.0,29798.626251522026
26495,2018-04-18 13:00:00,28958.0,28999.948545754723
26496,2018-04-18 14:00:00,28404.0,28437.652406090612
26497,2018-04-18 15:00:00,27844.0,27822.712781390066
26498,2018-04-18 16:00:00,27502.0,27547.20471810463
26499,2018-04-18 17:00:00,27701.0,27671.316309418395
26500,2018-04-18 18:00:00,28120.0,28090.857339927734
26501,2018-04-18 19:00:00,28580.0,28539.660795535525
26502,2018-04-18 20:00:00,29509.0,29470.811841960767
26503,2018-04-18 21:00:00,30781.0,30807.16532697389
26504,2018-04-18 22:00:00,29801.0,29778.58631704997
26505,2018-04-18 23:00:00,27643.0,27679.912988646076
26506,2018-04-19 00:00:00,25722.0,25757.760521298904
26507,2018-04-17 01:00:00,25246.0,25207.648152318277
26508,2018-04-17 02:00:00,24531.0,24534.235034395257
26509,2018-04-17 03:00:00,24300.0,24323.945961734946
26510,2018-04-17 04:00:00,24439.0,24457.264186066725
26511,2018-04-17 05:00:00,25237.0,25197.367020771173
26512,2018-04-17 06:00:00,27478.0,27460.174445302502
26513,2018-04-17 07:00:00,30633.0,30644.1976394692
26514,2018-04-17 08:00:00,32075.0,32083.4336509591
26515,2018-04-17 09:00:00,31974.0,32005.402674931775
26516,2018-04-17 10:00:00,31633.0,31588.60790324046
26517,2018-04-17 11:00:00,31454.0,31452.035722544453
26518,2018-04-17 12:00:00,31314.0,31348.894875688715
26519,2018-04-17 13:00:00,31419.0,31468.365858097037
26520,2018-04-17 14:00:00,31319.0,31281.849556480796
26521,2018-04-17 15:00:00,31326.0,31340.590759210372
26522,2018-04-17 16:00:00,31337.0,31287.13312709481
26523,2018-04-17 17:00:00,31724.0,31708.952978302743
26524,2018-04-17 18:00:00,32119.0,32113.475140974482
26525,2018-04-17 19:00:00,32428.0,32412.586516304687
26526,2018-04-17 20:00:00,33281.0,33293.45092903954
26527,2018-04-17 21:00:00,33697.0,33648.53798543323
26528,2018-04-17 22:00:00,32445.0,32485.825703738712
26529,2018-04-17 23:00:00,30216.0,30197.85264723596
26530,2018-04-18 00:00:00,28274.0,28239.036169913503
26531,2018-04-16 01:00:00,24513.0,24506.319124444813
26532,2018-04-16 02:00:00,23826.0,23827.39860821225
26533,2018-04-16 03:00:00,23443.0,23398.201961397375
26534,2018-04-16 04:00:00,23417.0,23446.907995249647
26535,2018-04-16 05:00:00,24026.0,24049.744318205678
26536,2018-04-16 06:00:00,25995.0,25996.179539106248
26537,2018-04-16 07:00:00,29081.0,29049.596379735234
26538,2018-04-16 08:00:00,30914.0,30956.65812655172
26539,2018-04-16 09:00:00,31459.0,31488.417517050155
26540,2018-04-16 10:00:00,31584.0,31557.371333945008
26541,2018-04-16 11:00:00,31428.0,31451.598619845903
26542,2018-04-16 12:00:00,30955.0,30915.136501089117
26543,2018-04-16 13:00:00,30188.0,30149.84451133499
26544,2018-04-16 14:00:00,29812.0,29806.458942500773
26545,2018-04-16 15:00:00,29406.0,29426.172611712005
26546,2018-04-16 16:00:00,29322.0,29363.729838025738
26547,2018-04-16 17:00:00,29822.0,29869.09886039948
26548,2018-04-16 18:00:00,30392.0,30411.190882178973
26549,2018-04-16 19:00:00,30725.0,30753.320066754215
26550,2018-04-16 20:00:00,31399.0,31400.04446877392
26551,2018-04-16 21:00:00,31781.0,31736.591537977267
26552,2018-04-16 22:00:00,30498.0,30460.529431733135
26553,2018-04-16 23:00:00,28429.0,28476.078465703235
26554,2018-04-17 00:00:00,26571.0,26560.300100836004
26555,2018-04-15 01:00:00,22193.0,22220.187059682925
26556,2018-04-15 02:00:00,21057.0,21029.04692683032
26557,2018-04-15 03:00:00,20421.0,20424.291187886007
26558,2018-04-15 04:00:00,20022.0,19987.26893073497
26559,2018-04-15 05:00:00,19974.0,20004.872762790717
26560,2018-04-15 06:00:00,20325.0,20291.80650251462
26561,2018-04-15 07:00:00,21010.0,21030.593700884256
26562,2018-04-15 08:00:00,22018.0,21983.09096479689
26563,2018-04-15 09:00:00,23702.0,23733.86643755936
26564,2018-04-15 10:00:00,25182.0,25182.291691029735
26565,2018-04-15 11:00:00,26094.0,26085.24269448019
26566,2018-04-15 12:00:00,26553.0,26536.678215367443
26567,2018-04-15 13:00:00,26775.0,26793.77260641542
26568,2018-04-15 14:00:00,26928.0,26886.805230667036
26569,2018-04-15 15:00:00,27054.0,27089.61974845878
26570,2018-04-15 16:00:00,27296.0,27322.124454630157
26571,2018-04-15 17:00:00,27934.0,27921.294810810898
26572,2018-04-15 18:00:00,28762.0,28809.763412523534
26573,2018-04-15 19:00:00,29365.0,29398.20615179095
26574,2018-04-15 20:00:00,30180.0,30157.082065123945
26575,2018-04-15 21:00:00,30317.0,30355.77366478075
26576,2018-04-15 22:00:00,28946.0,28905.897150678324
26577,2018-04-15 23:00:00,27157.0,27175.95717251632
26578,2018-04-16 00:00:00,25392.0,25355.1343564449
26579,2018-04-14 01:00:00,22935.0,22982.592466643993
26580,2018-04-14 02:00:00,21735.0,21689.96990270813
26581,2018-04-14 03:00:00,20963.0,20936.276183284892
26582,2018-04-14 04:00:00,20551.0,20554.012925454037
26583,2018-04-14 05:00:00,20503.0,20511.396246276832
26584,2018-04-14 06:00:00,20990.0,20991.29143900165
26585,2018-04-14 07:00:00,21728.0,21752.00977021714
26586,2018-04-14 08:00:00,22803.0,22753.15549147102
26587,2018-04-14 09:00:00,24225.0,24231.38163408404
26588,2018-04-14 10:00:00,24968.0,24979.495513875092
26589,2018-04-14 11:00:00,25540.0,25510.907477866396
26590,2018-04-14 12:00:00,25915.0,25930.913672569222
26591,2018-04-14 13:00:00,26209.0,26224.398139135526
26592,2018-04-14 14:00:00,26446.0,26449.015530739536
26593,2018-04-14 15:00:00,26825.0,26800.928916797853
26594,2018-04-14 16:00:00,27329.0,27320.656339943587
26595,2018-04-14 17:00:00,28013.0,27990.2446585043
26596,2018-04-14 18:00:00,28453.0,28479.972477484393
26597,2018-04-14 19:00:00,28293.0,28304.860014129197
26598,2018-04-14 20:00:00,28322.0,28287.121355815307
26599,2018-04-14 21:00:00,28703.0,28709.761024771065
26600,2018-04-14 22:00:00,27458.0,27498.325884150843
26601,2018-04-14 23:00:00,25680.0,25713.279834844783
26602,2018-04-15 00:00:00,23783.0,23822.120473815798
26603,2018-04-13 01:00:00,22801.0,22842.700790819043
26604,2018-04-13 02:00:00,21865.0,21833.820857053564
26605,2018-04-13 03:00:00,21448.0,21469.963208565605
26606,2018-04-13 04:00:00,21320.0,21334.436342989273
26607,2018-04-13 05:00:00,21782.0,21735.338984482198
26608,2018-04-13 06:00:00,23607.0,23634.820545227463
26609,2018-04-13 07:00:00,26580.0,26550.719298660195
26610,2018-04-13 08:00:00,28212.0,28253.70089132875
26611,2018-04-13 09:00:00,28425.0,28458.52781592897
26612,2018-04-13 10:00:00,28190.0,28216.88934553617
26613,2018-04-13 11:00:00,27888.0,27907.678454300174
26614,2018-04-13 12:00:00,27609.0,27606.008163738778
26615,2018-04-13 13:00:00,27529.0,27558.784417772145
26616,2018-04-13 14:00:00,27762.0,27793.923155275515
26617,2018-04-13 15:00:00,27858.0,27817.848061941855
26618,2018-04-13 16:00:00,28055.0,28038.105795148884
26619,2018-04-13 17:00:00,28549.0,28530.66521068501
26620,2018-04-13 18:00:00,28921.0,28883.461645066487
26621,2018-04-13 19:00:00,28771.0,28818.579045613053
26622,2018-04-13 20:00:00,28939.0,28947.359445881815
26623,2018-04-13 21:00:00,29539.0,29547.9797951089
26624,2018-04-13 22:00:00,28466.0,28454.24561353524
26625,2018-04-13 23:00:00,26671.0,26697.86847247799
26626,2018-04-14 00:00:00,24620.0,24617.564989276332
26627,2018-04-12 01:00:00,25136.0,25160.224735309966
26628,2018-04-12 02:00:00,24426.0,24463.801604817418
26629,2018-04-12 03:00:00,24106.0,24121.692509397275
26630,2018-04-12 04:00:00,24122.0,24134.312568511312
26631,2018-04-12 05:00:00,24907.0,24935.691719531515
26632,2018-04-12 06:00:00,26978.0,26978.30107619024
26633,2018-04-12 07:00:00,30086.0,30117.164158412696
26634,2018-04-12 08:00:00,31401.0,31360.249883237928
26635,2018-04-12 09:00:00,30798.0,30772.192691322973
26636,2018-04-12 10:00:00,30002.0,30044.459526113485
26637,2018-04-12 11:00:00,29616.0,29583.11941672095
26638,2018-04-12 12:00:00,28977.0,28972.30649862717
26639,2018-04-12 13:00:00,28383.0,28381.07219684225
26640,2018-04-12 14:00:00,28151.0,28142.75180913561
26641,2018-04-12 15:00:00,27879.0,27915.69090269169
26642,2018-04-12 16:00:00,27504.0,27528.973605825035
26643,2018-04-12 17:00:00,27841.0,27872.02062613703
26644,2018-04-12 18:00:00,28114.0,28163.12956365764
26645,2018-04-12 19:00:00,28213.0,28260.48203898676
26646,2018-04-12 20:00:00,29095.0,29134.210533902533
26647,2018-04-12 21:00:00,29936.0,29942.563383125933
26648,2018-04-12 22:00:00,28691.0,28671.1302943734
26649,2018-04-12 23:00:00,26528.0,26550.370496066953
26650,2018-04-13 00:00:00,24338.0,24382.92763984708
26651,2018-04-11 01:00:00,26672.0,26721.022760276235
26652,2018-04-11 02:00:00,26274.0,26285.322546057774
26653,2018-04-11 03:00:00,26271.0,26291.080254369896
26654,2018-04-11 04:00:00,26538.0,26515.872790536407
26655,2018-04-11 05:00:00,27341.0,27311.15752126068
26656,2018-04-11 06:00:00,29646.0,29659.88397477319
26657,2018-04-11 07:00:00,32749.0,32721.51398526795
26658,2018-04-11 08:00:00,33822.0,33811.53457742885
26659,2018-04-11 09:00:00,33021.0,33020.25755395535
26660,2018-04-11 10:00:00,31635.0,31678.26960663202
26661,2018-04-11 11:00:00,30316.0,30363.75587539975
26662,2018-04-11 12:00:00,29629.0,29603.710233434816
26663,2018-04-11 13:00:00,29335.0,29298.19822575271
26664,2018-04-11 14:00:00,29158.0,29130.488216065176
26665,2018-04-11 15:00:00,28838.0,28839.888845203477
26666,2018-04-11 16:00:00,28475.0,28503.291425597956
26667,2018-04-11 17:00:00,28672.0,28674.199073997795
26668,2018-04-11 18:00:00,29030.0,29073.313561935403
26669,2018-04-11 19:00:00,29416.0,29429.741585733005
26670,2018-04-11 20:00:00,30630.0,30628.365440727397
26671,2018-04-11 21:00:00,31590.0,31617.02928414363
26672,2018-04-11 22:00:00,30521.0,30566.370153571243
26673,2018-04-11 23:00:00,28498.0,28481.31580860479
26674,2018-04-12 00:00:00,26573.0,26550.50002243643
26675,2018-04-10 01:00:00,26610.0,26581.335514121332
26676,2018-04-10 02:00:00,25889.0,25892.564604023424
26677,2018-04-10 03:00:00,25593.0,25589.82349176973
26678,2018-04-10 04:00:00,25687.0,25661.721357132
26679,2018-04-10 05:00:00,26504.0,26526.16652339211
26680,2018-04-10 06:00:00,28683.0,28662.754996443073
26681,2018-04-10 07:00:00,32161.0,32186.651982657088
26682,2018-04-10 08:00:00,33535.0,33568.88880840225
26683,2018-04-10 09:00:00,32948.0,32984.61725551072
26684,2018-04-10 10:00:00,31872.0,31836.646534231888
26685,2018-04-10 11:00:00,31268.0,31248.593871909703
26686,2018-04-10 12:00:00,30803.0,30805.416168631546
26687,2018-04-10 13:00:00,30142.0,30176.55848514099
26688,2018-04-10 14:00:00,29694.0,29684.10575605927
26689,2018-04-10 15:00:00,29138.0,29153.986763834484
26690,2018-04-10 16:00:00,28806.0,28801.45533516311
26691,2018-04-10 17:00:00,28961.0,28913.961478625715
26692,2018-04-10 18:00:00,29397.0,29378.63481486472
26693,2018-04-10 19:00:00,29947.0,29972.67201618347
26694,2018-04-10 20:00:00,31298.0,31321.02931085037
26695,2018-04-10 21:00:00,32509.0,32547.366293279683
26696,2018-04-10 22:00:00,31565.0,31574.288445054663
26697,2018-04-10 23:00:00,29615.0,29641.64409755735
26698,2018-04-11 00:00:00,27799.0,27790.516541568682
26699,2018-04-09 01:00:00,26692.0,26676.97010069053
26700,2018-04-09 02:00:00,26206.0,26189.98378923043
26701,2018-04-09 03:00:00,26060.0,26025.90445267431
26702,2018-04-09 04:00:00,26284.0,26277.778518166175
26703,2018-04-09 05:00:00,27198.0,27229.071194713095
26704,2018-04-09 06:00:00,29515.0,29466.214743681136
26705,2018-04-09 07:00:00,32853.0,32860.48893230363
26706,2018-04-09 08:00:00,34294.0,34261.288810553866
26707,2018-04-09 09:00:00,34155.0,34179.41802351908
26708,2018-04-09 10:00:00,33565.0,33529.0215586416
26709,2018-04-09 11:00:00,32318.0,32284.40453375236
26710,2018-04-09 12:00:00,31076.0,31030.261438954713
26711,2018-04-09 13:00:00,30541.0,30535.26708690695
26712,2018-04-09 14:00:00,30351.0,30365.75513147494
26713,2018-04-09 15:00:00,30149.0,30127.878986174415
26714,2018-04-09 16:00:00,30519.0,30473.13768525446
26715,2018-04-09 17:00:00,31292.0,31335.264647176577
26716,2018-04-09 18:00:00,32100.0,32136.051871377564
26717,2018-04-09 19:00:00,32646.0,32642.281270433887
26718,2018-04-09 20:00:00,33631.0,33663.327724588285
26719,2018-04-09 21:00:00,33774.0,33804.116574182204
26720,2018-04-09 22:00:00,32276.0,32282.1620406501
26721,2018-04-09 23:00:00,30052.0,30054.68186552993
26722,2018-04-10 00:00:00,28022.0,28037.102486941825
26723,2018-04-08 01:00:00,26151.0,26173.213036503177
26724,2018-04-08 02:00:00,25596.0,25628.0805543184
26725,2018-04-08 03:00:00,25321.0,25328.44930452017
26726,2018-04-08 04:00:00,25394.0,25418.624761904764
26727,2018-04-08 05:00:00,25741.0,25709.562763281367
26728,2018-04-08 06:00:00,26512.0,26536.612259026326
26729,2018-04-08 07:00:00,27538.0,27493.814110069878
26730,2018-04-08 08:00:00,28214.0,28229.845936518144
26731,2018-04-08 09:00:00,28450.0,28471.25033640604
26732,2018-04-08 10:00:00,28043.0,28089.75474490005
26733,2018-04-08 11:00:00,27663.0,27655.178235290994
26734,2018-04-08 12:00:00,27268.0,27229.404975681664
26735,2018-04-08 13:00:00,26835.0,26818.4636946799
26736,2018-04-08 14:00:00,26368.0,26359.919334472026
26737,2018-04-08 15:00:00,26001.0,26027.998739651666
26738,2018-04-08 16:00:00,25965.0,25933.62383003146
26739,2018-04-08 17:00:00,26539.0,26505.980765405802
26740,2018-04-08 18:00:00,27476.0,27447.978913848958
26741,2018-04-08 19:00:00,28402.0,28375.09355199132
26742,2018-04-08 20:00:00,30247.0,30289.378648882383
26743,2018-04-08 21:00:00,31615.0,31581.03622432954
26744,2018-04-08 22:00:00,30820.0,30811.299508943986
26745,2018-04-08 23:00:00,29306.0,29296.329113528496
26746,2018-04-09 00:00:00,27753.0,27715.757530413888
26747,2018-04-07 01:00:00,23868.0,23828.89701262263
26748,2018-04-07 02:00:00,22985.0,23025.979158307677
26749,2018-04-07 03:00:00,22599.0,22632.637292571722
26750,2018-04-07 04:00:00,22422.0,22465.322768325197
26751,2018-04-07 05:00:00,22764.0,22745.712342594543
26752,2018-04-07 06:00:00,23665.0,23667.6502112466
26753,2018-04-07 07:00:00,25076.0,25051.577581639016
26754,2018-04-07 08:00:00,26548.0,26537.19035955571
26755,2018-04-07 09:00:00,28196.0,28225.41562274625
26756,2018-04-07 10:00:00,29159.0,29156.627298827887
26757,2018-04-07 11:00:00,29707.0,29667.959516864124
26758,2018-04-07 12:00:00,29447.0,29397.318996035094
26759,2018-04-07 13:00:00,28779.0,28752.614263164756
26760,2018-04-07 14:00:00,27938.0,27906.320807912834
26761,2018-04-07 15:00:00,27224.0,27253.408588432587
26762,2018-04-07 16:00:00,27013.0,27029.66286488767
26763,2018-04-07 17:00:00,27317.0,27350.83073692682
26764,2018-04-07 18:00:00,28008.0,27999.876321656186
26765,2018-04-07 19:00:00,28608.0,28616.36346814906
26766,2018-04-07 20:00:00,29663.0,29654.736087363242
26767,2018-04-07 21:00:00,30278.0,30250.120092475234
26768,2018-04-07 22:00:00,29612.0,29625.09406573439
26769,2018-04-07 23:00:00,28544.0,28532.859387818855
26770,2018-04-08 00:00:00,27263.0,27237.933002017453
26771,2018-04-06 01:00:00,27125.0,27168.84713736688
26772,2018-04-06 02:00:00,26390.0,26350.781376675084
26773,2018-04-06 03:00:00,26022.0,26049.67969061436
26774,2018-04-06 04:00:00,25951.0,25955.953534209155
26775,2018-04-06 05:00:00,26571.0,26597.30363400119
26776,2018-04-06 06:00:00,28491.0,28449.987151654903
26777,2018-04-06 07:00:00,31391.0,31380.041307184347
26778,2018-04-06 08:00:00,32926.0,32955.60372851785
26779,2018-04-06 09:00:00,33234.0,33265.507823042484
26780,2018-04-06 10:00:00,32944.0,32972.89079959647
26781,2018-04-06 11:00:00,32291.0,32315.43488505207
26782,2018-04-06 12:00:00,31576.0,31563.659768346126
26783,2018-04-06 13:00:00,30678.0,30699.61945966699
26784,2018-04-06 14:00:00,29751.0,29711.94346621374
26785,2018-04-06 15:00:00,28557.0,28523.26068523329
26786,2018-04-06 16:00:00,27947.0,27950.992040527974
26787,2018-04-06 17:00:00,28044.0,28048.960639705365
26788,2018-04-06 18:00:00,28440.0,28437.178233378025
26789,2018-04-06 19:00:00,28550.0,28573.499951977046
26790,2018-04-06 20:00:00,29273.0,29279.38156049747
26791,2018-04-06 21:00:00,29536.0,29492.57005612099
26792,2018-04-06 22:00:00,28551.0,28589.719845127864
26793,2018-04-06 23:00:00,26949.0,26961.80313979111
26794,2018-04-07 00:00:00,25280.0,25319.54417957618
26795,2018-04-05 01:00:00,27067.0,27059.95099952769
26796,2018-04-05 02:00:00,26590.0,26540.183635474183
26797,2018-04-05 03:00:00,26391.0,26417.26866310173
26798,2018-04-05 04:00:00,26528.0,26534.601375334536
26799,2018-04-05 05:00:00,27387.0,27338.96555744582
26800,2018-04-05 06:00:00,29625.0,29632.261276451944
26801,2018-04-05 07:00:00,32813.0,32856.10835000713
26802,2018-04-05 08:00:00,34014.0,33984.87364772841
26803,2018-04-05 09:00:00,33367.0,33345.17506732405
26804,2018-04-05 10:00:00,32714.0,32728.951458569154
26805,2018-04-05 11:00:00,32013.0,32045.09142387677
26806,2018-04-05 12:00:00,31366.0,31380.1734224379
26807,2018-04-05 13:00:00,30667.0,30684.17034256792
26808,2018-04-05 14:00:00,30194.0,30176.66972316982
26809,2018-04-05 15:00:00,29520.0,29471.003032960984
26810,2018-04-05 16:00:00,29267.0,29300.98619816258
26811,2018-04-05 17:00:00,29410.0,29459.5244562075
26812,2018-04-05 18:00:00,29897.0,29933.641352312854
26813,2018-04-05 19:00:00,30448.0,30437.750301965403
26814,2018-04-05 20:00:00,31934.0,31919.18219934081
26815,2018-04-05 21:00:00,33026.0,33071.98680138776
26816,2018-04-05 22:00:00,32113.0,32161.83929295367
26817,2018-04-05 23:00:00,30206.0,30217.223422563027
26818,2018-04-06 00:00:00,28504.0,28505.446753069526
26819,2018-04-04 01:00:00,25618.0,25619.634225699112
26820,2018-04-04 02:00:00,24786.0,24756.180665936856
26821,2018-04-04 03:00:00,24348.0,24370.81998403263
26822,2018-04-04 04:00:00,24207.0,24174.106775063752
26823,2018-04-04 05:00:00,24833.0,24803.961896738616
26824,2018-04-04 06:00:00,26671.0,26688.416312389985
26825,2018-04-04 07:00:00,29550.0,29586.927963024737
26826,2018-04-04 08:00:00,30907.0,30923.592463242683
26827,2018-04-04 09:00:00,31008.0,31005.492773932918
26828,2018-04-04 10:00:00,30657.0,30676.52396778826
26829,2018-04-04 11:00:00,30553.0,30548.4983675728
26830,2018-04-04 12:00:00,30459.0,30474.420776178627
26831,2018-04-04 13:00:00,30658.0,30686.035916266086
26832,2018-04-04 14:00:00,30308.0,30259.46885307905
26833,2018-04-04 15:00:00,29544.0,29515.898673259824
26834,2018-04-04 16:00:00,28794.0,28814.309825827826
26835,2018-04-04 17:00:00,28680.0,28670.139314902124
26836,2018-04-04 18:00:00,29134.0,29136.21459529357
26837,2018-04-04 19:00:00,29925.0,29943.50045638435
26838,2018-04-04 20:00:00,31544.0,31546.652034629835
26839,2018-04-04 21:00:00,32732.0,32765.69358047909
26840,2018-04-04 22:00:00,31815.0,31802.915988462177
26841,2018-04-04 23:00:00,30021.0,30040.17766824093
26842,2018-04-05 00:00:00,28335.0,28327.539204118773
26843,2018-04-03 01:00:00,26347.0,26349.93070783006
26844,2018-04-03 02:00:00,25635.0,25596.37408163425
26845,2018-04-03 03:00:00,25259.0,25292.147806372286
26846,2018-04-03 04:00:00,25291.0,25272.994127296566
26847,2018-04-03 05:00:00,25940.0,25920.120539443917
26848,2018-04-03 06:00:00,27876.0,27834.876673096987
26849,2018-04-03 07:00:00,30943.0,30943.63929416749
26850,2018-04-03 08:00:00,32520.0,32511.79063155033
26851,2018-04-03 09:00:00,32979.0,32938.89377177192
26852,2018-04-03 10:00:00,33026.0,33051.15723321314
26853,2018-04-03 11:00:00,33238.0,33194.64113741108
26854,2018-04-03 12:00:00,33153.0,33117.503619184834
26855,2018-04-03 13:00:00,32946.0,32942.069773793075
26856,2018-04-03 14:00:00,32704.0,32689.77560307695
26857,2018-04-03 15:00:00,32351.0,32328.55151058505
26858,2018-04-03 16:00:00,32098.0,32104.392718526786
26859,2018-04-03 17:00:00,32199.0,32201.42901787694
26860,2018-04-03 18:00:00,32379.0,32372.24146150128
26861,2018-04-03 19:00:00,32490.0,32517.618038902034
26862,2018-04-03 20:00:00,33128.0,33127.81642560093
26863,2018-04-03 21:00:00,32862.0,32909.87959909397
26864,2018-04-03 22:00:00,31488.0,31518.181186430265
26865,2018-04-03 23:00:00,29128.0,29088.64493711703
26866,2018-04-04 00:00:00,27114.0,27091.39721994386
26867,2018-04-02 01:00:00,22845.0,22848.58771255916
26868,2018-04-02 02:00:00,22283.0,22279.888835900343
26869,2018-04-02 03:00:00,22184.0,22138.698179073574
26870,2018-04-02 04:00:00,22574.0,22576.815047924723
26871,2018-04-02 05:00:00,23682.0,23692.535643066905
26872,2018-04-02 06:00:00,25846.0,25842.336577390673
26873,2018-04-02 07:00:00,28833.0,28869.613367151338
26874,2018-04-02 08:00:00,30950.0,30955.658976080016
26875,2018-04-02 09:00:00,32100.0,32128.645619462768
26876,2018-04-02 10:00:00,32598.0,32606.682361244504
26877,2018-04-02 11:00:00,32703.0,32743.930742568595
26878,2018-04-02 12:00:00,32651.0,32622.41879460582
26879,2018-04-02 13:00:00,31969.0,32002.168033116555
26880,2018-04-02 14:00:00,31409.0,31403.799072237693
26881,2018-04-02 15:00:00,30779.0,30798.75752890695
26882,2018-04-02 16:00:00,30349.0,30355.61061236736
26883,2018-04-02 17:00:00,30358.0,30318.8854402676
26884,2018-04-02 18:00:00,30778.0,30771.658672740123
26885,2018-04-02 19:00:00,31244.0,31261.38784989993
26886,2018-04-02 20:00:00,32396.0,32435.840390284196
26887,2018-04-02 21:00:00,32800.0,32771.8459327832
26888,2018-04-02 22:00:00,31579.0,31564.518229560315
26889,2018-04-02 23:00:00,29663.0,29649.060783771773
26890,2018-04-03 00:00:00,27807.0,27809.43631741392
26891,2018-04-01 01:00:00,23687.0,23723.300526557436
26892,2018-04-01 02:00:00,22858.0,22847.5526075296
26893,2018-04-01 03:00:00,22333.0,22297.68081093466
26894,2018-04-01 04:00:00,22058.0,22058.6554002256
26895,2018-04-01 05:00:00,22093.0,22046.766825990373
26896,2018-04-01 06:00:00,22525.0,22509.445678609995
26897,2018-04-01 07:00:00,23366.0,23367.423220743385
26898,2018-04-01 08:00:00,24180.0,24181.768169944688
26899,2018-04-01 09:00:00,25359.0,25390.951939948292
26900,2018-04-01 10:00:00,26121.0,26151.11198821592
26901,2018-04-01 11:00:00,26147.0,26125.263281124466
26902,2018-04-01 12:00:00,25935.0,25915.104482899824
26903,2018-04-01 13:00:00,25271.0,25319.1664703744
26904,2018-04-01 14:00:00,24347.0,24336.14855277812
26905,2018-04-01 15:00:00,23813.0,23777.28243841961
26906,2018-04-01 16:00:00,23217.0,23232.693870900737
26907,2018-04-01 17:00:00,22984.0,22958.351502793168
26908,2018-04-01 18:00:00,23279.0,23289.338618199712
26909,2018-04-01 19:00:00,23907.0,23939.127948174686
26910,2018-04-01 20:00:00,25649.0,25616.365938645828
26911,2018-04-01 21:00:00,26788.0,26783.163403367143
26912,2018-04-01 22:00:00,26292.0,26280.294900323446
26913,2018-04-01 23:00:00,25160.0,25209.938705305973
26914,2018-04-02 00:00:00,23768.0,23789.163241276954
26915,2018-03-31 01:00:00,24245.0,24203.236861460337
26916,2018-03-31 02:00:00,23538.0,23510.859628938488
26917,2018-03-31 03:00:00,23222.0,23187.726002855044
26918,2018-03-31 04:00:00,23232.0,23183.52247254477
26919,2018-03-31 05:00:00,23625.0,23606.585149315844
26920,2018-03-31 06:00:00,24516.0,24498.445714220612
26921,2018-03-31 07:00:00,25849.0,25822.499340729493
26922,2018-03-31 08:00:00,26987.0,26992.310217692902
26923,2018-03-31 09:00:00,27441.0,27412.845009221863
26924,2018-03-31 10:00:00,27200.0,27244.106550396722
26925,2018-03-31 11:00:00,26497.0,26520.24622049345
26926,2018-03-31 12:00:00,25605.0,25567.14006593646
26927,2018-03-31 13:00:00,24774.0,24750.88610726455
26928,2018-03-31 14:00:00,24020.0,24068.24380345103
26929,2018-03-31 15:00:00,23468.0,23438.01851671331
26930,2018-03-31 16:00:00,23365.0,23326.69571903459
26931,2018-03-31 17:00:00,23756.0,23729.23176333475
26932,2018-03-31 18:00:00,24529.0,24550.385635152863
26933,2018-03-31 19:00:00,25354.0,25355.787286535047
26934,2018-03-31 20:00:00,26827.0,26783.756460250963
26935,2018-03-31 21:00:00,27834.0,27820.17851486812
26936,2018-03-31 22:00:00,27414.0,27372.66205144884
26937,2018-03-31 23:00:00,26400.0,26379.068269851516
26938,2018-04-01 00:00:00,24991.0,24958.096234947025
26939,2018-03-30 01:00:00,23209.0,23181.057438955464
26940,2018-03-30 02:00:00,22265.0,22292.816273026143
26941,2018-03-30 03:00:00,21772.0,21800.34973727603
26942,2018-03-30 04:00:00,21547.0,21570.241606268508
26943,2018-03-30 05:00:00,21942.0,21960.82489050876
26944,2018-03-30 06:00:00,23182.0,23156.51651782147
26945,2018-03-30 07:00:00,25159.0,25153.073432251993
26946,2018-03-30 08:00:00,26598.0,26594.004589824126
26947,2018-03-30 09:00:00,27597.0,27600.485807370183
26948,2018-03-30 10:00:00,28198.0,28233.63461384827
26949,2018-03-30 11:00:00,28366.0,28404.862596778163
26950,2018-03-30 12:00:00,28410.0,28381.605272396333
26951,2018-03-30 13:00:00,28035.0,28028.19940751963
26952,2018-03-30 14:00:00,27493.0,27457.802435028716
26953,2018-03-30 15:00:00,27174.0,27188.817563581993
26954,2018-03-30 16:00:00,27438.0,27445.20701839277
26955,2018-03-30 17:00:00,27583.0,27618.082678118335
26956,2018-03-30 18:00:00,27824.0,27825.88916760938
26957,2018-03-30 19:00:00,27841.0,27869.109256502063
26958,2018-03-30 20:00:00,28436.0,28417.80902953121
26959,2018-03-30 21:00:00,28818.0,28837.425346713524
26960,2018-03-30 22:00:00,28135.0,28089.0161259663
26961,2018-03-30 23:00:00,26829.0,26794.152716664932
26962,2018-03-31 00:00:00,25439.0,25433.696914421882
26963,2018-03-29 01:00:00,24988.0,25026.689406368492
26964,2018-03-29 02:00:00,24110.0,24148.511412289685
26965,2018-03-29 03:00:00,23718.0,23727.876989417073
26966,2018-03-29 04:00:00,23680.0,23642.988786077225
26967,2018-03-29 05:00:00,24282.0,24300.096554339903
26968,2018-03-29 06:00:00,26171.0,26138.68813036652
26969,2018-03-29 07:00:00,29127.0,29112.046521241187
26970,2018-03-29 08:00:00,30776.0,30757.4187327893
26971,2018-03-29 09:00:00,31041.0,31079.446574789887
26972,2018-03-29 10:00:00,30774.0,30793.35701599792
26973,2018-03-29 11:00:00,30342.0,30299.105664532428
26974,2018-03-29 12:00:00,29686.0,29720.338678301265
26975,2018-03-29 13:00:00,29290.0,29283.04011769644
26976,2018-03-29 14:00:00,28865.0,28890.47645725763
26977,2018-03-29 15:00:00,28497.0,28524.66787802762
26978,2018-03-29 16:00:00,28270.0,28319.86809445919
26979,2018-03-29 17:00:00,28337.0,28321.694420541062
26980,2018-03-29 18:00:00,28559.0,28595.444331362367
26981,2018-03-29 19:00:00,28689.0,28667.67966504995
26982,2018-03-29 20:00:00,29537.0,29586.55401437392
26983,2018-03-29 21:00:00,29667.0,29658.025122933086
26984,2018-03-29 22:00:00,28556.0,28572.01802613126
26985,2018-03-29 23:00:00,26674.0,26723.45097665064
26986,2018-03-30 00:00:00,24733.0,24703.041746463165
26987,2018-03-28 01:00:00,26884.0,26896.399976615994
26988,2018-03-28 02:00:00,26137.0,26186.837700545406
26989,2018-03-28 03:00:00,25749.0,25793.39601066084
26990,2018-03-28 04:00:00,25759.0,25731.074075374865
26991,2018-03-28 05:00:00,26506.0,26465.872516054944
26992,2018-03-28 06:00:00,28454.0,28446.60726965545
26993,2018-03-28 07:00:00,31658.0,31684.335545398902
26994,2018-03-28 08:00:00,33299.0,33327.9710394115
26995,2018-03-28 09:00:00,33253.0,33263.742795824735
26996,2018-03-28 10:00:00,32841.0,32852.488795860496
26997,2018-03-28 11:00:00,32108.0,32070.0659243739
26998,2018-03-28 12:00:00,31750.0,31744.120900965572
26999,2018-03-28 13:00:00,31130.0,31137.616836754332
27000,2018-03-28 14:00:00,30551.0,30569.359883147026
27001,2018-03-28 15:00:00,30346.0,30305.1774364339
27002,2018-03-28 16:00:00,30240.0,30259.065101278644
27003,2018-03-28 17:00:00,30429.0,30473.126880227428
27004,2018-03-28 18:00:00,30928.0,30956.6235397001
27005,2018-03-28 19:00:00,31318.0,31330.387634970542
27006,2018-03-28 20:00:00,32114.0,32073.713570020944
27007,2018-03-28 21:00:00,31982.0,32011.435647117232
27008,2018-03-28 22:00:00,30567.0,30583.295550878796
27009,2018-03-28 23:00:00,28442.0,28446.869407769307
27010,2018-03-29 00:00:00,26523.0,26553.214337101323
27011,2018-03-27 01:00:00,27562.0,27579.450216056226
27012,2018-03-27 02:00:00,27085.0,27081.969925596335
27013,2018-03-27 03:00:00,27014.0,26987.457358354794
27014,2018-03-27 04:00:00,27370.0,27370.43401709712
27015,2018-03-27 05:00:00,28425.0,28390.407071331407
27016,2018-03-27 06:00:00,30743.0,30699.019566617175
27017,2018-03-27 07:00:00,34246.0,34219.39595257884
27018,2018-03-27 08:00:00,35661.0,35647.71010857715
27019,2018-03-27 09:00:00,35113.0,35127.68053248065
27020,2018-03-27 10:00:00,33877.0,33876.93741263495
27021,2018-03-27 11:00:00,32625.0,32648.514520693836
27022,2018-03-27 12:00:00,32148.0,32171.747622746352
27023,2018-03-27 13:00:00,31683.0,31703.607512706094
27024,2018-03-27 14:00:00,31458.0,31462.747601221792
27025,2018-03-27 15:00:00,31222.0,31238.303323371085
27026,2018-03-27 16:00:00,31340.0,31387.74264332725
27027,2018-03-27 17:00:00,31989.0,32009.57814173293
27028,2018-03-27 18:00:00,32617.0,32641.248004537687
27029,2018-03-27 19:00:00,33248.0,33227.11928355201
27030,2018-03-27 20:00:00,34356.0,34353.798587786805
27031,2018-03-27 21:00:00,34004.0,33997.52063923089
27032,2018-03-27 22:00:00,32700.0,32685.347023464088
27033,2018-03-27 23:00:00,30356.0,30351.95613767724
27034,2018-03-28 00:00:00,28343.0,28352.802144097048
27035,2018-03-26 01:00:00,27355.0,27367.41994009484
27036,2018-03-26 02:00:00,26987.0,27020.95745348257
27037,2018-03-26 03:00:00,27049.0,27064.63224330985
27038,2018-03-26 04:00:00,27467.0,27503.937453323706
27039,2018-03-26 05:00:00,28574.0,28589.66130400602
27040,2018-03-26 06:00:00,31019.0,31004.00787128777
27041,2018-03-26 07:00:00,34696.0,34709.08710085528
27042,2018-03-26 08:00:00,36156.0,36178.901960556854
27043,2018-03-26 09:00:00,35077.0,35095.5654385284
27044,2018-03-26 10:00:00,33502.0,33536.99123458873
27045,2018-03-26 11:00:00,32332.0,32372.55780223463
27046,2018-03-26 12:00:00,31273.0,31256.521183694218
27047,2018-03-26 13:00:00,30443.0,30400.891986831448
27048,2018-03-26 14:00:00,29865.0,29880.641070247537
27049,2018-03-26 15:00:00,29262.0,29223.02626516766
27050,2018-03-26 16:00:00,28875.0,28913.39823968806
27051,2018-03-26 17:00:00,29052.0,29084.216457731127
27052,2018-03-26 18:00:00,29734.0,29755.3527823933
27053,2018-03-26 19:00:00,30604.0,30646.61760110999
27054,2018-03-26 20:00:00,32559.0,32597.718307984247
27055,2018-03-26 21:00:00,33388.0,33430.29334239363
27056,2018-03-26 22:00:00,32426.0,32449.54448938019
27057,2018-03-26 23:00:00,30486.0,30472.845637080718
27058,2018-03-27 00:00:00,28750.0,28704.77447567761
27059,2018-03-25 01:00:00,26577.0,26533.15605815194
27060,2018-03-25 02:00:00,26051.0,26080.314559903192
27061,2018-03-25 03:00:00,25920.0,25889.13801242673
27062,2018-03-25 04:00:00,26015.0,25996.309390619954
27063,2018-03-25 05:00:00,26395.0,26403.610663026928
27064,2018-03-25 06:00:00,27170.0,27133.109101980393
27065,2018-03-25 07:00:00,28263.0,28311.53282767267
27066,2018-03-25 08:00:00,29226.0,29257.710270407108
27067,2018-03-25 09:00:00,30186.0,30194.471080728126
27068,2018-03-25 10:00:00,30454.0,30494.845883205886
27069,2018-03-25 11:00:00,30212.0,30211.357076167762
27070,2018-03-25 12:00:00,29619.0,29658.69469108364
27071,2018-03-25 13:00:00,29182.0,29214.598019133442
27072,2018-03-25 14:00:00,28597.0,28548.408332078234
27073,2018-03-25 15:00:00,27897.0,27926.673839966123
27074,2018-03-25 16:00:00,27661.0,27689.39296375756
27075,2018-03-25 17:00:00,27985.0,27966.73804673251
27076,2018-03-25 18:00:00,28673.0,28672.304173907512
27077,2018-03-25 19:00:00,29542.0,29505.81949273608
27078,2018-03-25 20:00:00,31128.0,31144.65817234932
27079,2018-03-25 21:00:00,32066.0,32083.439313734023
27080,2018-03-25 22:00:00,31281.0,31329.14588322986
27081,2018-03-25 23:00:00,29773.0,29795.275325345057
27082,2018-03-26 00:00:00,28300.0,28294.73480599463
27083,2018-03-24 01:00:00,27736.0,27704.02731168304
27084,2018-03-24 02:00:00,27050.0,27078.771539804082
27085,2018-03-24 03:00:00,26729.0,26714.379563593062
27086,2018-03-24 04:00:00,26779.0,26823.37246717609
27087,2018-03-24 05:00:00,27176.0,27153.70884003363
27088,2018-03-24 06:00:00,28179.0,28148.660317601483
27089,2018-03-24 07:00:00,29726.0,29738.043475574257
27090,2018-03-24 08:00:00,30813.0,30854.563121641553
27091,2018-03-24 09:00:00,31095.0,31059.106742001044
27092,2018-03-24 10:00:00,30577.0,30531.134313672777
27093,2018-03-24 11:00:00,29687.0,29733.73850472748
27094,2018-03-24 12:00:00,28580.0,28543.672371494773
27095,2018-03-24 13:00:00,27568.0,27578.751966623833
27096,2018-03-24 14:00:00,26619.0,26588.90978066238
27097,2018-03-24 15:00:00,25960.0,25926.768184621164
27098,2018-03-24 16:00:00,25673.0,25638.60454140791
27099,2018-03-24 17:00:00,25937.0,25957.997024955712
27100,2018-03-24 18:00:00,26657.0,26682.962194444517
27101,2018-03-24 19:00:00,27636.0,27597.9800190622
27102,2018-03-24 20:00:00,29368.0,29331.65687134257
27103,2018-03-24 21:00:00,30135.0,30178.433083037005
27104,2018-03-24 22:00:00,29747.0,29755.885987593017
27105,2018-03-24 23:00:00,28765.0,28793.129539090518
27106,2018-03-25 00:00:00,27544.0,27502.055642330095
27107,2018-03-23 01:00:00,28116.0,28071.241219938503
27108,2018-03-23 02:00:00,27461.0,27450.619775479354
27109,2018-03-23 03:00:00,27279.0,27284.5254390302
27110,2018-03-23 04:00:00,27415.0,27402.24998197504
27111,2018-03-23 05:00:00,28241.0,28262.343249853537
27112,2018-03-23 06:00:00,30463.0,30479.948283988517
27113,2018-03-23 07:00:00,33905.0,33899.68546716427
27114,2018-03-23 08:00:00,35501.0,35458.94182650977
27115,2018-03-23 09:00:00,34888.0,34897.5526395151
27116,2018-03-23 10:00:00,33592.0,33566.18787677347
27117,2018-03-23 11:00:00,32510.0,32498.583795271996
27118,2018-03-23 12:00:00,31509.0,31460.439784315487
27119,2018-03-23 13:00:00,30595.0,30597.11081632269
27120,2018-03-23 14:00:00,30038.0,30057.899137742228
27121,2018-03-23 15:00:00,29539.0,29546.749701859528
27122,2018-03-23 16:00:00,29492.0,29517.157638964047
27123,2018-03-23 17:00:00,29857.0,29906.94156256975
27124,2018-03-23 18:00:00,30366.0,30379.256780088588
27125,2018-03-23 19:00:00,30967.0,30939.10791666147
27126,2018-03-23 20:00:00,32294.0,32301.22912893077
27127,2018-03-23 21:00:00,32705.0,32679.50745180538
27128,2018-03-23 22:00:00,31946.0,31929.0201882101
27129,2018-03-23 23:00:00,30576.0,30561.204396049812
27130,2018-03-24 00:00:00,28999.0,29000.998555936287
27131,2018-03-22 01:00:00,29127.0,29129.373191984272
27132,2018-03-22 02:00:00,28391.0,28407.731825365452
27133,2018-03-22 03:00:00,28053.0,28046.77245751355
27134,2018-03-22 04:00:00,28070.0,28038.7695228283
27135,2018-03-22 05:00:00,28734.0,28733.09871511959
27136,2018-03-22 06:00:00,30586.0,30615.64684097373
27137,2018-03-22 07:00:00,33438.0,33458.28252127606
27138,2018-03-22 08:00:00,35284.0,35245.52768667761
27139,2018-03-22 09:00:00,35916.0,35960.833519866705
27140,2018-03-22 10:00:00,35296.0,35276.582859161135
27141,2018-03-22 11:00:00,34465.0,34473.645832609174
27142,2018-03-22 12:00:00,33662.0,33615.2068013843
27143,2018-03-22 13:00:00,32840.0,32880.9476697985
27144,2018-03-22 14:00:00,32118.0,32136.35716105769
27145,2018-03-22 15:00:00,31422.0,31399.605511728907
27146,2018-03-22 16:00:00,30885.0,30903.333251691023
27147,2018-03-22 17:00:00,30895.0,30874.254715345498
27148,2018-03-22 18:00:00,31504.0,31479.972576638724
27149,2018-03-22 19:00:00,32294.0,32288.69845874702
27150,2018-03-22 20:00:00,33910.0,33920.006507792314
27151,2018-03-22 21:00:00,34388.0,34358.934637789214
27152,2018-03-22 22:00:00,33206.0,33230.29050730268
27153,2018-03-22 23:00:00,31387.0,31394.80513640182
27154,2018-03-23 00:00:00,29368.0,29318.74601547049
27155,2018-03-21 01:00:00,29654.0,29658.937588153454
27156,2018-03-21 02:00:00,28898.0,28890.091488412665
27157,2018-03-21 03:00:00,28525.0,28541.93596812671
27158,2018-03-21 04:00:00,28569.0,28608.778193652695
27159,2018-03-21 05:00:00,29247.0,29223.26493025395
27160,2018-03-21 06:00:00,30915.0,30932.368022699444
27161,2018-03-21 07:00:00,33057.0,33022.16684212349
27162,2018-03-21 08:00:00,34529.0,34487.559406551416
27163,2018-03-21 09:00:00,35532.0,35575.18284768442
27164,2018-03-21 10:00:00,36355.0,36391.22893727311
27165,2018-03-21 11:00:00,36971.0,36971.14047566596
27166,2018-03-21 12:00:00,37134.0,37097.83223938227
27167,2018-03-21 13:00:00,36822.0,36798.332286214216
27168,2018-03-21 14:00:00,36207.0,36213.737920069136
27169,2018-03-21 15:00:00,35556.0,35571.18483230697
27170,2018-03-21 16:00:00,34992.0,35011.06079368044
27171,2018-03-21 17:00:00,34966.0,34990.78136129042
27172,2018-03-21 18:00:00,35398.0,35368.98710851798
27173,2018-03-21 19:00:00,35548.0,35527.62528722526
27174,2018-03-21 20:00:00,36490.0,36441.26231180378
27175,2018-03-21 21:00:00,36122.0,36079.3985413445
27176,2018-03-21 22:00:00,34574.0,34554.94902729143
27177,2018-03-21 23:00:00,32501.0,32469.57772164528
27178,2018-03-22 00:00:00,30483.0,30482.254067057896
27179,2018-03-20 01:00:00,26862.0,26896.866161073223
27180,2018-03-20 02:00:00,26355.0,26377.298753713934
27181,2018-03-20 03:00:00,26141.0,26166.45824040181
27182,2018-03-20 04:00:00,26394.0,26404.025326886003
27183,2018-03-20 05:00:00,27258.0,27278.043675656823
27184,2018-03-20 06:00:00,29475.0,29443.0001767008
27185,2018-03-20 07:00:00,33104.0,33109.246275621255
27186,2018-03-20 08:00:00,35187.0,35194.05929986001
27187,2018-03-20 09:00:00,35432.0,35444.871050312424
27188,2018-03-20 10:00:00,35606.0,35633.92804181404
27189,2018-03-20 11:00:00,35843.0,35887.400232892775
27190,2018-03-20 12:00:00,36107.0,36128.172028113324
27191,2018-03-20 13:00:00,36120.0,36162.256531581166
27192,2018-03-20 14:00:00,36142.0,36146.991985788656
27193,2018-03-20 15:00:00,36032.0,36010.93404899541
27194,2018-03-20 16:00:00,36029.0,36044.853032563005
27195,2018-03-20 17:00:00,36374.0,36422.093619676896
27196,2018-03-20 18:00:00,36854.0,36874.97095222339
27197,2018-03-20 19:00:00,37096.0,37142.90139596706
27198,2018-03-20 20:00:00,37699.0,37651.23930952045
27199,2018-03-20 21:00:00,37080.0,37055.836081748384
27200,2018-03-20 22:00:00,35493.0,35470.36041413978
27201,2018-03-20 23:00:00,33258.0,33250.6798898941
27202,2018-03-21 00:00:00,31154.0,31107.078878933582
27203,2018-03-19 01:00:00,26309.0,26350.425342041613
27204,2018-03-19 02:00:00,25922.0,25942.707627773783
27205,2018-03-19 03:00:00,25947.0,25905.39466858687
27206,2018-03-19 04:00:00,26327.0,26294.469715991283
27207,2018-03-19 05:00:00,27379.0,27389.310652586963
27208,2018-03-19 06:00:00,29808.0,29848.850264100096
27209,2018-03-19 07:00:00,33454.0,33412.76142456615
27210,2018-03-19 08:00:00,35086.0,35079.3303504555
27211,2018-03-19 09:00:00,34225.0,34195.001336384266
27212,2018-03-19 10:00:00,32676.0,32644.03397091767
27213,2018-03-19 11:00:00,31475.0,31498.008627534527
27214,2018-03-19 12:00:00,30637.0,30669.64920872051
27215,2018-03-19 13:00:00,29905.0,29947.114497523686
27216,2018-03-19 14:00:00,29487.0,29505.398577255077
27217,2018-03-19 15:00:00,29034.0,28990.564850612882
27218,2018-03-19 16:00:00,28858.0,28843.706720917515
27219,2018-03-19 17:00:00,29126.0,29120.15570805634
27220,2018-03-19 18:00:00,29829.0,29806.588790860675
27221,2018-03-19 19:00:00,30606.0,30609.98685074221
27222,2018-03-19 20:00:00,32457.0,32430.263401887205
27223,2018-03-19 21:00:00,32884.0,32923.94289831194
27224,2018-03-19 22:00:00,31851.0,31815.349118851056
27225,2018-03-19 23:00:00,29960.0,29952.605189518854
27226,2018-03-20 00:00:00,28091.0,28053.484960305224
27227,2018-03-18 01:00:00,27523.0,27508.82526270228
27228,2018-03-18 02:00:00,26896.0,26894.478620126334
27229,2018-03-18 03:00:00,26657.0,26662.38984316722
27230,2018-03-18 04:00:00,26720.0,26703.14865194615
27231,2018-03-18 05:00:00,26986.0,27016.963421807588
27232,2018-03-18 06:00:00,27703.0,27704.541496922608
27233,2018-03-18 07:00:00,28820.0,28869.241754416453
27234,2018-03-18 08:00:00,29679.0,29641.352655814226
27235,2018-03-18 09:00:00,29934.0,29902.354484400108
27236,2018-03-18 10:00:00,29483.0,29513.179457236
27237,2018-03-18 11:00:00,28754.0,28759.426565718742
27238,2018-03-18 12:00:00,27979.0,27965.002341560154
27239,2018-03-18 13:00:00,27222.0,27213.044957859212
27240,2018-03-18 14:00:00,26560.0,26566.378797502533
27241,2018-03-18 15:00:00,25930.0,25888.577876926585
27242,2018-03-18 16:00:00,25719.0,25745.512683262597
27243,2018-03-18 17:00:00,26063.0,26057.91367230796
27244,2018-03-18 18:00:00,26880.0,26871.251419368622
27245,2018-03-18 19:00:00,27972.0,27999.319324483462
27246,2018-03-18 20:00:00,30119.0,30125.919314759187
27247,2018-03-18 21:00:00,31020.0,31045.415313996247
27248,2018-03-18 22:00:00,30345.0,30387.86360971204
27249,2018-03-18 23:00:00,28861.0,28905.583731076666
27250,2018-03-19 00:00:00,27333.0,27325.92696117256
27251,2018-03-17 01:00:00,29468.0,29424.951491894877
27252,2018-03-17 02:00:00,28754.0,28705.24915492317
27253,2018-03-17 03:00:00,28478.0,28498.523146796462
27254,2018-03-17 04:00:00,28481.0,28439.154548276198
27255,2018-03-17 05:00:00,28839.0,28828.019570049106
27256,2018-03-17 06:00:00,29702.0,29718.22637716475
27257,2018-03-17 07:00:00,31171.0,31220.838497883266
27258,2018-03-17 08:00:00,32300.0,32272.306591336725
27259,2018-03-17 09:00:00,32663.0,32613.970918005612
27260,2018-03-17 10:00:00,31995.0,31949.125226371823
27261,2018-03-17 11:00:00,31277.0,31249.330529532715
27262,2018-03-17 12:00:00,30646.0,30695.30063506156
27263,2018-03-17 13:00:00,29875.0,29832.712018765655
27264,2018-03-17 14:00:00,29345.0,29369.92652989452
27265,2018-03-17 15:00:00,29134.0,29098.993067016316
27266,2018-03-17 16:00:00,29188.0,29158.376378914898
27267,2018-03-17 17:00:00,29194.0,29152.592904030855
27268,2018-03-17 18:00:00,29357.0,29329.811160662142
27269,2018-03-17 19:00:00,29544.0,29505.552360284426
27270,2018-03-17 20:00:00,30949.0,30900.741402766304
27271,2018-03-17 21:00:00,31414.0,31443.86452553746
27272,2018-03-17 22:00:00,30951.0,30920.04929212608
27273,2018-03-17 23:00:00,29915.0,29876.860723483922
27274,2018-03-18 00:00:00,28617.0,28594.22005057348
27275,2018-03-16 01:00:00,28464.0,28489.377410693316
27276,2018-03-16 02:00:00,27781.0,27753.47890862264
27277,2018-03-16 03:00:00,27634.0,27638.190528833373
27278,2018-03-16 04:00:00,27775.0,27746.703475773033
27279,2018-03-16 05:00:00,28688.0,28676.709109498872
27280,2018-03-16 06:00:00,30713.0,30715.13352456873
27281,2018-03-16 07:00:00,34196.0,34221.78195186241
27282,2018-03-16 08:00:00,35873.0,35851.16912612449
27283,2018-03-16 09:00:00,35481.0,35475.64784502169
27284,2018-03-16 10:00:00,34607.0,34621.29110959165
27285,2018-03-16 11:00:00,33988.0,33965.52392436805
27286,2018-03-16 12:00:00,33287.0,33259.00366307564
27287,2018-03-16 13:00:00,32638.0,32644.8908132467
27288,2018-03-16 14:00:00,32192.0,32237.23944405301
27289,2018-03-16 15:00:00,31577.0,31618.007802278236
27290,2018-03-16 16:00:00,31229.0,31239.036237703203
27291,2018-03-16 17:00:00,31409.0,31401.19947972378
27292,2018-03-16 18:00:00,31813.0,31819.581273328782
27293,2018-03-16 19:00:00,32557.0,32587.199554675713
27294,2018-03-16 20:00:00,34257.0,34216.28468210888
27295,2018-03-16 21:00:00,34574.0,34602.118855009845
27296,2018-03-16 22:00:00,33763.0,33778.80195155753
27297,2018-03-16 23:00:00,32360.0,32336.90428651817
27298,2018-03-17 00:00:00,30740.0,30777.603967980674
27299,2018-03-15 01:00:00,29997.0,29954.99369180653
27300,2018-03-15 02:00:00,29227.0,29268.868369189244
27301,2018-03-15 03:00:00,28872.0,28860.792306977706
27302,2018-03-15 04:00:00,29011.0,29042.03176639286
27303,2018-03-15 05:00:00,29711.0,29676.445632210653
27304,2018-03-15 06:00:00,31847.0,31853.753165249993
27305,2018-03-15 07:00:00,35254.0,35207.34470631806
27306,2018-03-15 08:00:00,36819.0,36796.87319455363
27307,2018-03-15 09:00:00,35925.0,35957.96563236362
27308,2018-03-15 10:00:00,34400.0,34395.43540471993
27309,2018-03-15 11:00:00,33122.0,33137.9500721812
27310,2018-03-15 12:00:00,32318.0,32348.722067703482
27311,2018-03-15 13:00:00,31876.0,31879.03307354797
27312,2018-03-15 14:00:00,31689.0,31697.582543151722
27313,2018-03-15 15:00:00,31623.0,31649.634271146035
27314,2018-03-15 16:00:00,31574.0,31536.044475545168
27315,2018-03-15 17:00:00,31784.0,31741.155232578643
27316,2018-03-15 18:00:00,32182.0,32194.192293281223
27317,2018-03-15 19:00:00,32859.0,32906.50643475104
27318,2018-03-15 20:00:00,34505.0,34519.47511514145
27319,2018-03-15 21:00:00,34734.0,34754.50981082866
27320,2018-03-15 22:00:00,33649.0,33664.85510985175
27321,2018-03-15 23:00:00,31641.0,31651.569611736337
27322,2018-03-16 00:00:00,29756.0,29725.76214324022
27323,2018-03-14 01:00:00,29491.0,29525.027505178554
27324,2018-03-14 02:00:00,28865.0,28872.641296083017
27325,2018-03-14 03:00:00,28672.0,28719.836473815732
27326,2018-03-14 04:00:00,28824.0,28780.90819564997
27327,2018-03-14 05:00:00,29660.0,29639.848395542136
27328,2018-03-14 06:00:00,31912.0,31871.936155938307
27329,2018-03-14 07:00:00,35450.0,35485.91591871707
27330,2018-03-14 08:00:00,37181.0,37212.78705370995
27331,2018-03-14 09:00:00,36393.0,36420.305745786376
27332,2018-03-14 10:00:00,35138.0,35155.86056448881
27333,2018-03-14 11:00:00,34285.0,34245.65970393741
27334,2018-03-14 12:00:00,33777.0,33767.594902173085
27335,2018-03-14 13:00:00,33497.0,33517.45089256077
27336,2018-03-14 14:00:00,33357.0,33343.08416695374
27337,2018-03-14 15:00:00,33019.0,33040.78414161369
27338,2018-03-14 16:00:00,33058.0,33036.53937822896
27339,2018-03-14 17:00:00,33753.0,33757.353793384056
27340,2018-03-14 18:00:00,34839.0,34824.45334025732
27341,2018-03-14 19:00:00,35825.0,35867.1500614708
27342,2018-03-14 20:00:00,37245.0,37239.23909871627
27343,2018-03-14 21:00:00,37089.0,37067.66755353849
27344,2018-03-14 22:00:00,35847.0,35802.7010581854
27345,2018-03-14 23:00:00,33539.0,33503.545416132656
27346,2018-03-15 00:00:00,31474.0,31480.490657804196
27347,2018-03-13 01:00:00,28975.0,28995.11430289965
27348,2018-03-13 02:00:00,28271.0,28316.436791430588
27349,2018-03-13 03:00:00,28009.0,28018.680321463355
27350,2018-03-13 04:00:00,28150.0,28168.076672517614
27351,2018-03-13 05:00:00,29000.0,29011.980930465692
27352,2018-03-13 06:00:00,31144.0,31184.247914043677
27353,2018-03-13 07:00:00,34587.0,34567.244005643755
27354,2018-03-13 08:00:00,36558.0,36568.32205949734
27355,2018-03-13 09:00:00,36506.0,36551.97836855535
27356,2018-03-13 10:00:00,35887.0,35837.712830029246
27357,2018-03-13 11:00:00,35176.0,35153.09790855285
27358,2018-03-13 12:00:00,34374.0,34399.878459866704
27359,2018-03-13 13:00:00,33478.0,33474.99164345972
27360,2018-03-13 14:00:00,32871.0,32837.83819374336
27361,2018-03-13 15:00:00,32502.0,32509.16504925349
27362,2018-03-13 16:00:00,32349.0,32350.506984162734
27363,2018-03-13 17:00:00,32614.0,32609.41198952933
27364,2018-03-13 18:00:00,33433.0,33417.174519567365
27365,2018-03-13 19:00:00,34113.0,34068.2536980948
27366,2018-03-13 20:00:00,35853.0,35863.412327568134
27367,2018-03-13 21:00:00,35977.0,35978.725692146276
27368,2018-03-13 22:00:00,34860.0,34868.53596357242
27369,2018-03-13 23:00:00,32810.0,32760.244018224024
27370,2018-03-14 00:00:00,30862.0,30820.268370168833
27371,2018-03-12 01:00:00,27414.0,27380.76970223735
27372,2018-03-12 02:00:00,27018.0,27012.843869964498
27373,2018-03-12 03:00:00,26992.0,27022.789911550517
27374,2018-03-12 04:00:00,27309.0,27283.584764800034
27375,2018-03-12 05:00:00,28239.0,28269.834043690153
27376,2018-03-12 06:00:00,30534.0,30507.525445564777
27377,2018-03-12 07:00:00,34160.0,34184.90422460722
27378,2018-03-12 08:00:00,36187.0,36224.423152313386
27379,2018-03-12 09:00:00,35690.0,35721.64635254886
27380,2018-03-12 10:00:00,35094.0,35117.83827760309
27381,2018-03-12 11:00:00,34545.0,34498.84428930308
27382,2018-03-12 12:00:00,33987.0,33970.01529804243
27383,2018-03-12 13:00:00,33626.0,33595.65125045834
27384,2018-03-12 14:00:00,33256.0,33253.45876391281
27385,2018-03-12 15:00:00,32928.0,32913.428834721846
27386,2018-03-12 16:00:00,32983.0,32994.78017090149
27387,2018-03-12 17:00:00,33560.0,33566.57440970184
27388,2018-03-12 18:00:00,34357.0,34350.08543863407
27389,2018-03-12 19:00:00,35054.0,35080.741055419145
27390,2018-03-12 20:00:00,36174.0,36125.48052507137
27391,2018-03-12 21:00:00,35862.0,35898.57604730859
27392,2018-03-12 22:00:00,34470.0,34420.29504616995
27393,2018-03-12 23:00:00,32369.0,32364.2015953644
27394,2018-03-13 00:00:00,30421.0,30459.134647458977
27395,2018-03-11 01:00:00,27517.0,27508.799707852413
27396,2018-03-11 02:00:00,27012.0,27037.567006960115
27397,2018-03-11 04:00:00,26866.0,26856.29276824614
27398,2018-03-11 05:00:00,27061.0,27096.092481352483
27399,2018-03-11 06:00:00,27698.0,27747.923016415047
27400,2018-03-11 07:00:00,28767.0,28806.82936022864
27401,2018-03-11 08:00:00,29603.0,29558.574953594707
27402,2018-03-11 09:00:00,29870.0,29834.825618519226
27403,2018-03-11 10:00:00,29453.0,29457.185592207567
27404,2018-03-11 11:00:00,28870.0,28916.160133101446
27405,2018-03-11 12:00:00,28262.0,28252.63243800694
27406,2018-03-11 13:00:00,27606.0,27583.704188713065
27407,2018-03-11 14:00:00,26938.0,26984.497896258974
27408,2018-03-11 15:00:00,26298.0,26318.878573730526
27409,2018-03-11 16:00:00,26072.0,26099.04350194078
27410,2018-03-11 17:00:00,26307.0,26268.07390981651
27411,2018-03-11 18:00:00,27186.0,27162.25616033448
27412,2018-03-11 19:00:00,28500.0,28500.36251725759
27413,2018-03-11 20:00:00,30894.0,30917.64375801784
27414,2018-03-11 21:00:00,31576.0,31560.728530206197
27415,2018-03-11 22:00:00,30904.0,30874.42697673212
27416,2018-03-11 23:00:00,29440.0,29433.7155266075
27417,2018-03-12 00:00:00,27932.0,27924.429767747486
27418,2018-03-10 01:00:00,29182.0,29219.29694769277
27419,2018-03-10 02:00:00,28542.0,28585.376552183017
27420,2018-03-10 03:00:00,28240.0,28206.881461980513
27421,2018-03-10 04:00:00,28242.0,28219.949317915514
27422,2018-03-10 05:00:00,28592.0,28620.602459969487
27423,2018-03-10 06:00:00,29485.0,29459.50488178842
27424,2018-03-10 07:00:00,30599.0,30575.464450493502
27425,2018-03-10 08:00:00,31219.0,31236.66409693805
27426,2018-03-10 09:00:00,31484.0,31485.08335731618
27427,2018-03-10 10:00:00,31340.0,31360.36050605783
27428,2018-03-10 11:00:00,30850.0,30807.258498742653
27429,2018-03-10 12:00:00,30472.0,30472.42046955875
27430,2018-03-10 13:00:00,29647.0,29664.284612658103
27431,2018-03-10 14:00:00,28907.0,28904.44090930406
27432,2018-03-10 15:00:00,28402.0,28364.781639338133
27433,2018-03-10 16:00:00,28334.0,28297.388675703583
27434,2018-03-10 17:00:00,28801.0,28809.799965345712
27435,2018-03-10 18:00:00,29926.0,29890.40444124516
27436,2018-03-10 19:00:00,31886.0,31866.37652754873
27437,2018-03-10 20:00:00,32300.0,32294.11800753643
27438,2018-03-10 21:00:00,32130.0,32139.331655603684
27439,2018-03-10 22:00:00,31399.0,31375.53113666156
27440,2018-03-10 23:00:00,30226.0,30216.524732896643
27441,2018-03-11 00:00:00,29068.0,29054.782505599178
27442,2018-03-09 01:00:00,29420.0,29379.706982247
27443,2018-03-09 02:00:00,28814.0,28844.37606135725
27444,2018-03-09 03:00:00,28636.0,28660.238570792502
27445,2018-03-09 04:00:00,28793.0,28821.41284222317
27446,2018-03-09 05:00:00,29660.0,29624.732469774975
27447,2018-03-09 06:00:00,31776.0,31777.75456273067
27448,2018-03-09 07:00:00,34636.0,34619.02601478223
27449,2018-03-09 08:00:00,35595.0,35579.84975822919
27450,2018-03-09 09:00:00,34942.0,34898.58055820041
27451,2018-03-09 10:00:00,34295.0,34339.58374814701
27452,2018-03-09 11:00:00,33954.0,33997.96994098529
27453,2018-03-09 12:00:00,33361.0,33351.831711610546
27454,2018-03-09 13:00:00,32744.0,32779.44294180494
27455,2018-03-09 14:00:00,32559.0,32542.01091816546
27456,2018-03-09 15:00:00,32242.0,32247.941693046498
27457,2018-03-09 16:00:00,32189.0,32213.460527827552
27458,2018-03-09 17:00:00,32666.0,32668.306411069927
27459,2018-03-09 18:00:00,33720.0,33686.38087164043
27460,2018-03-09 19:00:00,35320.0,35307.90353846466
27461,2018-03-09 20:00:00,35415.0,35440.95035302068
27462,2018-03-09 21:00:00,34802.0,34830.08631886336
27463,2018-03-09 22:00:00,33774.0,33757.79128767933
27464,2018-03-09 23:00:00,32124.0,32128.04755619555
27465,2018-03-10 00:00:00,30454.0,30424.711804586248
27466,2018-03-08 01:00:00,27736.0,27711.108391210775
27467,2018-03-08 02:00:00,27233.0,27197.481129211475
27468,2018-03-08 03:00:00,27086.0,27079.79224529862
27469,2018-03-08 04:00:00,27276.0,27297.988520456744
27470,2018-03-08 05:00:00,28201.0,28238.91861710852
27471,2018-03-08 06:00:00,30316.0,30320.4699131174
27472,2018-03-08 07:00:00,33080.0,33095.203507610844
27473,2018-03-08 08:00:00,34224.0,34200.682224861615
27474,2018-03-08 09:00:00,33836.0,33806.20626831305
27475,2018-03-08 10:00:00,33230.0,33219.57050012294
27476,2018-03-08 11:00:00,32748.0,32753.890928264856
27477,2018-03-08 12:00:00,32294.0,32247.356182872445
27478,2018-03-08 13:00:00,31990.0,31949.210143423417
27479,2018-03-08 14:00:00,32040.0,32053.077001149377
27480,2018-03-08 15:00:00,32100.0,32069.93097925183
27481,2018-03-08 16:00:00,32146.0,32141.3358427138
27482,2018-03-08 17:00:00,32871.0,32914.65158107687
27483,2018-03-08 18:00:00,34272.0,34308.26052938075
27484,2018-03-08 19:00:00,36030.0,35986.370488171175
27485,2018-03-08 20:00:00,36238.0,36193.8707962571
27486,2018-03-08 21:00:00,35673.0,35637.52491145967
27487,2018-03-08 22:00:00,34411.0,34372.64041583653
27488,2018-03-08 23:00:00,32404.0,32379.38157491219
27489,2018-03-09 00:00:00,30647.0,30634.20668395628
27490,2018-03-07 01:00:00,28015.0,27973.294250808158
27491,2018-03-07 02:00:00,27342.0,27338.0520830398
27492,2018-03-07 03:00:00,27123.0,27125.982480166196
27493,2018-03-07 04:00:00,27173.0,27189.15954018052
27494,2018-03-07 05:00:00,27902.0,27892.633915463757
27495,2018-03-07 06:00:00,29664.0,29643.589475618228
27496,2018-03-07 07:00:00,32167.0,32181.317965944087
27497,2018-03-07 08:00:00,33512.0,33553.11961707499
27498,2018-03-07 09:00:00,34237.0,34226.649127144294
27499,2018-03-07 10:00:00,34768.0,34747.343688879904
27500,2018-03-07 11:00:00,35099.0,35120.7719476858
27501,2018-03-07 12:00:00,35167.0,35204.72741238729
27502,2018-03-07 13:00:00,35255.0,35300.98016135586
27503,2018-03-07 14:00:00,34884.0,34856.0145867906
27504,2018-03-07 15:00:00,34172.0,34152.2772329106
27505,2018-03-07 16:00:00,33638.0,33678.586084914496
27506,2018-03-07 17:00:00,33490.0,33466.99905698503
27507,2018-03-07 18:00:00,34093.0,34077.559716375465
27508,2018-03-07 19:00:00,35186.0,35199.94610824339
27509,2018-03-07 20:00:00,34790.0,34796.81374245379
27510,2018-03-07 21:00:00,33987.0,34024.78517288214
27511,2018-03-07 22:00:00,32671.0,32682.184857848988
27512,2018-03-07 23:00:00,30700.0,30698.88797818148
27513,2018-03-08 00:00:00,28986.0,28943.394745109934
27514,2018-03-06 01:00:00,28375.0,28422.50264008786
27515,2018-03-06 02:00:00,28001.0,27993.231603206503
27516,2018-03-06 03:00:00,27916.0,27923.25797058501
27517,2018-03-06 04:00:00,28244.0,28244.20287195581
27518,2018-03-06 05:00:00,29331.0,29354.796559179125
27519,2018-03-06 06:00:00,31762.0,31776.645109079964
27520,2018-03-06 07:00:00,34937.0,34921.267045815635
27521,2018-03-06 08:00:00,35598.0,35600.004283262846
27522,2018-03-06 09:00:00,34208.0,34240.603748382426
27523,2018-03-06 10:00:00,32942.0,32955.345550555234
27524,2018-03-06 11:00:00,31972.0,32017.45885300837
27525,2018-03-06 12:00:00,31158.0,31183.39443944821
27526,2018-03-06 13:00:00,30448.0,30446.518980865105
27527,2018-03-06 14:00:00,30322.0,30352.701067732996
27528,2018-03-06 15:00:00,30378.0,30372.219023061727
27529,2018-03-06 16:00:00,30849.0,30820.318921016762
27530,2018-03-06 17:00:00,31873.0,31885.970917907944
27531,2018-03-06 18:00:00,33346.0,33331.3894519377
27532,2018-03-06 19:00:00,34769.0,34721.48626336157
27533,2018-03-06 20:00:00,34704.0,34675.40747246222
27534,2018-03-06 21:00:00,33993.0,33959.7078520852
27535,2018-03-06 22:00:00,32721.0,32750.486561545167
27536,2018-03-06 23:00:00,30917.0,30939.671484218754
27537,2018-03-07 00:00:00,29141.0,29152.452406855304
27538,2018-03-05 01:00:00,27780.0,27823.433060471467
27539,2018-03-05 02:00:00,27389.0,27356.810900775065
27540,2018-03-05 03:00:00,27393.0,27359.31953616033
27541,2018-03-05 04:00:00,27685.0,27725.908381542256
27542,2018-03-05 05:00:00,28744.0,28758.688885615815
27543,2018-03-05 06:00:00,31091.0,31096.760120729752
27544,2018-03-05 07:00:00,34344.0,34367.989371611686
27545,2018-03-05 08:00:00,35073.0,35051.16713115518
27546,2018-03-05 09:00:00,33912.0,33921.48841037961
27547,2018-03-05 10:00:00,32719.0,32711.68989771905
27548,2018-03-05 11:00:00,32141.0,32121.69724305149
27549,2018-03-05 12:00:00,31578.0,31615.63116146645
27550,2018-03-05 13:00:00,31130.0,31096.066176734443
27551,2018-03-05 14:00:00,30820.0,30771.788710840487
27552,2018-03-05 15:00:00,30473.0,30458.910348651214
27553,2018-03-05 16:00:00,30511.0,30480.840457602335
27554,2018-03-05 17:00:00,31227.0,31258.10289490777
27555,2018-03-05 18:00:00,32710.0,32672.663419661163
27556,2018-03-05 19:00:00,34868.0,34911.748888731505
27557,2018-03-05 20:00:00,35208.0,35174.75375442119
27558,2018-03-05 21:00:00,34653.0,34691.92584584
27559,2018-03-05 22:00:00,33313.0,33279.837732503125
27560,2018-03-05 23:00:00,31307.0,31261.79388452339
27561,2018-03-06 00:00:00,29547.0,29545.784762077103
27562,2018-03-04 01:00:00,26464.0,26449.636857056237
27563,2018-03-04 02:00:00,25676.0,25685.783578234925
27564,2018-03-04 03:00:00,25238.0,25252.071997499002
27565,2018-03-04 04:00:00,25082.0,25125.437968932056
27566,2018-03-04 05:00:00,25257.0,25302.271789120492
27567,2018-03-04 06:00:00,25866.0,25865.497595045854
27568,2018-03-04 07:00:00,26740.0,26710.866745243668
27569,2018-03-04 08:00:00,27486.0,27460.726771801295
27570,2018-03-04 09:00:00,28302.0,28261.96949798738
27571,2018-03-04 10:00:00,28613.0,28590.98730166009
27572,2018-03-04 11:00:00,28343.0,28384.138725466924
27573,2018-03-04 12:00:00,27692.0,27678.460212927694
27574,2018-03-04 13:00:00,27200.0,27212.952061274256
27575,2018-03-04 14:00:00,26728.0,26776.12433446329
27576,2018-03-04 15:00:00,26338.0,26298.67363092224
27577,2018-03-04 16:00:00,26465.0,26492.537784551354
27578,2018-03-04 17:00:00,27499.0,27518.969039898453
27579,2018-03-04 18:00:00,29434.0,29465.904011715502
27580,2018-03-04 19:00:00,31993.0,31956.716944442836
27581,2018-03-04 20:00:00,32652.0,32652.178071808496
27582,2018-03-04 21:00:00,32447.0,32460.200082708605
27583,2018-03-04 22:00:00,31549.0,31575.00838484172
27584,2018-03-04 23:00:00,30099.0,30120.263214963812
27585,2018-03-05 00:00:00,28766.0,28773.096639550502
27586,2018-03-03 01:00:00,27251.0,27247.916781594948
27587,2018-03-03 02:00:00,26545.0,26589.1715351061
27588,2018-03-03 03:00:00,26220.0,26188.17814831947
27589,2018-03-03 04:00:00,26067.0,26037.43409555628
27590,2018-03-03 05:00:00,26359.0,26320.107307783295
27591,2018-03-03 06:00:00,27082.0,27043.26719606737
27592,2018-03-03 07:00:00,28137.0,28174.348852671534
27593,2018-03-03 08:00:00,28985.0,28995.652400125877
27594,2018-03-03 09:00:00,29713.0,29756.509142095812
27595,2018-03-03 10:00:00,29626.0,29664.68650678288
27596,2018-03-03 11:00:00,29142.0,29122.05145125604
27597,2018-03-03 12:00:00,28414.0,28428.13182544197
27598,2018-03-03 13:00:00,27819.0,27806.943771331025
27599,2018-03-03 14:00:00,27251.0,27288.6176431847
27600,2018-03-03 15:00:00,27038.0,27061.425146876234
27601,2018-03-03 16:00:00,27367.0,27329.348123050127
27602,2018-03-03 17:00:00,28181.0,28156.328834266613
27603,2018-03-03 18:00:00,29487.0,29502.757884676907
27604,2018-03-03 19:00:00,31256.0,31230.61344019342
27605,2018-03-03 20:00:00,31446.0,31449.403869149315
27606,2018-03-03 21:00:00,31119.0,31093.42536974041
27607,2018-03-03 22:00:00,30366.0,30384.252650058646
27608,2018-03-03 23:00:00,29081.0,29038.501553903836
27609,2018-03-04 00:00:00,27651.0,27673.12255736717
27610,2018-03-02 01:00:00,24846.0,24829.700823049698
27611,2018-03-02 02:00:00,24295.0,24290.3521160333
27612,2018-03-02 03:00:00,24123.0,24121.35767284223
27613,2018-03-02 04:00:00,24378.0,24347.437694080585
27614,2018-03-02 05:00:00,25262.0,25306.215912152802
27615,2018-03-02 06:00:00,27389.0,27339.01629360398
27616,2018-03-02 07:00:00,30603.0,30590.27480064587
27617,2018-03-02 08:00:00,32597.0,32559.853032092182
27618,2018-03-02 09:00:00,33689.0,33674.992464944975
27619,2018-03-02 10:00:00,34080.0,34040.39468568686
27620,2018-03-02 11:00:00,34282.0,34269.87067638333
27621,2018-03-02 12:00:00,34149.0,34118.38794967474
27622,2018-03-02 13:00:00,33964.0,33969.37849997517
27623,2018-03-02 14:00:00,33887.0,33838.19572901405
27624,2018-03-02 15:00:00,33415.0,33415.60977708034
27625,2018-03-02 16:00:00,32973.0,32951.276256091485
27626,2018-03-02 17:00:00,33000.0,32982.14584062304
27627,2018-03-02 18:00:00,33759.0,33744.46809478926
27628,2018-03-02 19:00:00,34516.0,34531.272043539
27629,2018-03-02 20:00:00,34045.0,34070.77723351507
27630,2018-03-02 21:00:00,33138.0,33120.97044041635
27631,2018-03-02 22:00:00,31871.0,31913.499188737143
27632,2018-03-02 23:00:00,30185.0,30209.623695416863
27633,2018-03-03 00:00:00,28531.0,28521.38373872998
27634,2018-03-01 01:00:00,24163.0,24122.78033621386
27635,2018-03-01 02:00:00,23535.0,23541.034007884224
27636,2018-03-01 03:00:00,23274.0,23285.37653477275
27637,2018-03-01 04:00:00,23376.0,23339.63063194927
27638,2018-03-01 05:00:00,24134.0,24169.202447285188
27639,2018-03-01 06:00:00,26292.0,26280.142820421985
27640,2018-03-01 07:00:00,29531.0,29496.23701242327
27641,2018-03-01 08:00:00,30904.0,30906.08787489707
27642,2018-03-01 09:00:00,30836.0,30828.204045236802
27643,2018-03-01 10:00:00,30637.0,30651.215743745943
27644,2018-03-01 11:00:00,30377.0,30344.257086895886
27645,2018-03-01 12:00:00,30154.0,30106.07636692085
27646,2018-03-01 13:00:00,29736.0,29733.64622437087
27647,2018-03-01 14:00:00,29776.0,29741.719832772764
27648,2018-03-01 15:00:00,29875.0,29840.64479796698
27649,2018-03-01 16:00:00,29994.0,30011.79251399167
27650,2018-03-01 17:00:00,30752.0,30727.877092375966
27651,2018-03-01 18:00:00,31912.0,31945.998872074204
27652,2018-03-01 19:00:00,32630.0,32631.473998375135
27653,2018-03-01 20:00:00,32241.0,32251.80807312194
27654,2018-03-01 21:00:00,31536.0,31518.09057895216
27655,2018-03-01 22:00:00,30082.0,30054.38149250418
27656,2018-03-01 23:00:00,28042.0,28007.89674421291
27657,2018-03-02 00:00:00,26148.0,26168.708195474854
27658,2018-02-28 01:00:00,26102.0,26120.91295178173
27659,2018-02-28 02:00:00,25488.0,25487.26767659662
27660,2018-02-28 03:00:00,25289.0,25317.130919144787
27661,2018-02-28 04:00:00,25405.0,25435.25919848337
27662,2018-02-28 05:00:00,26246.0,26240.21796568922
27663,2018-02-28 06:00:00,28414.0,28429.11548862395
27664,2018-02-28 07:00:00,31657.0,31698.21047804168
27665,2018-02-28 08:00:00,32821.0,32779.145056616486
27666,2018-02-28 09:00:00,32155.0,32106.212916861186
27667,2018-02-28 10:00:00,30899.0,30896.336159289258
27668,2018-02-28 11:00:00,29765.0,29748.1739592919
27669,2018-02-28 12:00:00,28986.0,28944.700664168773
27670,2018-02-28 13:00:00,28389.0,28353.97687106667
27671,2018-02-28 14:00:00,28190.0,28165.749879208506
27672,2018-02-28 15:00:00,28063.0,28022.93960901494
27673,2018-02-28 16:00:00,28387.0,28368.907960747118
27674,2018-02-28 17:00:00,29043.0,29006.27999256587
27675,2018-02-28 18:00:00,30214.0,30226.469397090594
27676,2018-02-28 19:00:00,31800.0,31819.662363396877
27677,2018-02-28 20:00:00,31683.0,31710.549001426567
27678,2018-02-28 21:00:00,30861.0,30897.97659795848
27679,2018-02-28 22:00:00,29480.0,29430.30978370224
27680,2018-02-28 23:00:00,27326.0,27293.639917667453
27681,2018-03-01 00:00:00,25496.0,25527.46581199696
27682,2018-02-27 01:00:00,27004.0,26957.048885224725
27683,2018-02-27 02:00:00,26498.0,26514.544128694895
27684,2018-02-27 03:00:00,26419.0,26387.075678262037
27685,2018-02-27 04:00:00,26677.0,26677.642733169407
27686,2018-02-27 05:00:00,27717.0,27763.230611419836
27687,2018-02-27 06:00:00,30110.0,30124.86983657355
27688,2018-02-27 07:00:00,33527.0,33513.82212568764
27689,2018-02-27 08:00:00,34325.0,34343.9004004122
27690,2018-02-27 09:00:00,32740.0,32690.556203837004
27691,2018-02-27 10:00:00,31014.0,31059.049861698866
27692,2018-02-27 11:00:00,29935.0,29919.44460426888
27693,2018-02-27 12:00:00,29157.0,29205.011630994824
27694,2018-02-27 13:00:00,28539.0,28556.641426425544
27695,2018-02-27 14:00:00,28239.0,28217.735089068046
27696,2018-02-27 15:00:00,27999.0,28010.526688523834
27697,2018-02-27 16:00:00,28166.0,28154.02494833623
27698,2018-02-27 17:00:00,28897.0,28911.27973032773
27699,2018-02-27 18:00:00,30354.0,30383.066065835224
27700,2018-02-27 19:00:00,32394.0,32391.079592404367
27701,2018-02-27 20:00:00,32650.0,32622.211720097217
27702,2018-02-27 21:00:00,32172.0,32220.145311818666
27703,2018-02-27 22:00:00,30949.0,30940.26469273525
27704,2018-02-27 23:00:00,28992.0,28959.63878743553
27705,2018-02-28 00:00:00,27301.0,27324.921332905295
27706,2018-02-26 01:00:00,24391.0,24406.52794235853
27707,2018-02-26 02:00:00,23792.0,23823.659647521992
27708,2018-02-26 03:00:00,23555.0,23505.167622878816
27709,2018-02-26 04:00:00,23616.0,23600.73146526846
27710,2018-02-26 05:00:00,24485.0,24466.452989364592
27711,2018-02-26 06:00:00,26618.0,26660.383780804328
27712,2018-02-26 07:00:00,29935.0,29919.966826798827
27713,2018-02-26 08:00:00,31573.0,31575.72309841926
27714,2018-02-26 09:00:00,31916.0,31866.35252271121
27715,2018-02-26 10:00:00,31992.0,32022.814709970793
27716,2018-02-26 11:00:00,31780.0,31741.39787563093
27717,2018-02-26 12:00:00,31308.0,31346.233246288037
27718,2018-02-26 13:00:00,30737.0,30760.51092800564
27719,2018-02-26 14:00:00,30230.0,30235.63900087834
27720,2018-02-26 15:00:00,30004.0,30028.90860983332
27721,2018-02-26 16:00:00,30041.0,30070.289024837537
27722,2018-02-26 17:00:00,30621.0,30646.174104524573
27723,2018-02-26 18:00:00,31750.0,31766.08968732254
27724,2018-02-26 19:00:00,33431.0,33469.068996544665
27725,2018-02-26 20:00:00,33579.0,33571.302268450716
27726,2018-02-26 21:00:00,33084.0,33090.616699054335
27727,2018-02-26 22:00:00,31871.0,31917.938021481485
27728,2018-02-26 23:00:00,29895.0,29882.224666581627
27729,2018-02-27 00:00:00,28183.0,28208.091698672783
27730,2018-02-25 01:00:00,24539.0,24528.18053045834
27731,2018-02-25 02:00:00,23816.0,23813.017114708466
27732,2018-02-25 03:00:00,23360.0,23343.56333914003
27733,2018-02-25 04:00:00,23190.0,23155.307621527034
27734,2018-02-25 05:00:00,23345.0,23392.22032399238
27735,2018-02-25 06:00:00,23855.0,23849.730565345602
27736,2018-02-25 07:00:00,24810.0,24787.934737381172
27737,2018-02-25 08:00:00,25725.0,25739.628321077842
27738,2018-02-25 09:00:00,27102.0,27063.093007880525
27739,2018-02-25 10:00:00,28189.0,28193.340677843775
27740,2018-02-25 11:00:00,28796.0,28803.411712971047
27741,2018-02-25 12:00:00,28957.0,28926.595462057896
27742,2018-02-25 13:00:00,28934.0,28979.961425610705
27743,2018-02-25 14:00:00,28739.0,28748.46785592186
27744,2018-02-25 15:00:00,28462.0,28434.261715137087
27745,2018-02-25 16:00:00,28436.0,28469.34397830878
27746,2018-02-25 17:00:00,28962.0,28942.703770373082
27747,2018-02-25 18:00:00,30122.0,30144.990937866125
27748,2018-02-25 19:00:00,31237.0,31249.837447040813
27749,2018-02-25 20:00:00,31022.0,30987.96829467352
27750,2018-02-25 21:00:00,30320.0,30279.44755772577
27751,2018-02-25 22:00:00,28989.0,28999.751182755717
27752,2018-02-25 23:00:00,27238.0,27254.830198564865
27753,2018-02-26 00:00:00,25560.0,25523.10579781739
27754,2018-02-24 01:00:00,25835.0,25802.27161673473
27755,2018-02-24 02:00:00,24885.0,24840.00903484529
27756,2018-02-24 03:00:00,24302.0,24265.44985775923
27757,2018-02-24 04:00:00,24036.0,24044.807692560735
27758,2018-02-24 05:00:00,24160.0,24130.063573466057
27759,2018-02-24 06:00:00,24791.0,24769.866147303004
27760,2018-02-24 07:00:00,25854.0,25859.52507907453
27761,2018-02-24 08:00:00,26736.0,26727.41443350546
27762,2018-02-24 09:00:00,27818.0,27852.522362890402
27763,2018-02-24 10:00:00,28413.0,28420.1061160591
27764,2018-02-24 11:00:00,28970.0,28933.206518662864
27765,2018-02-24 12:00:00,29089.0,29077.432010980352
27766,2018-02-24 13:00:00,28897.0,28872.87634713342
27767,2018-02-24 14:00:00,28745.0,28720.898436220454
27768,2018-02-24 15:00:00,28482.0,28457.64679630742
27769,2018-02-24 16:00:00,28486.0,28477.8378408375
27770,2018-02-24 17:00:00,28921.0,28884.206530978576
27771,2018-02-24 18:00:00,29755.0,29730.2391859868
27772,2018-02-24 19:00:00,30427.0,30447.14665016608
27773,2018-02-24 20:00:00,29990.0,30022.74413083457
27774,2018-02-24 21:00:00,29378.0,29329.375519946418
27775,2018-02-24 22:00:00,28467.0,28425.345617646606
27776,2018-02-24 23:00:00,27135.0,27170.50472418356
27777,2018-02-25 00:00:00,25760.0,25731.46541030994
27778,2018-02-23 01:00:00,26418.0,26399.217607134062
27779,2018-02-23 02:00:00,25598.0,25581.708785099912
27780,2018-02-23 03:00:00,25298.0,25334.5876342439
27781,2018-02-23 04:00:00,25397.0,25363.275750085173
27782,2018-02-23 05:00:00,26050.0,26081.253927880578
27783,2018-02-23 06:00:00,28158.0,28154.769149311807
27784,2018-02-23 07:00:00,31374.0,31402.316748495887
27785,2018-02-23 08:00:00,33114.0,33132.805262873546
27786,2018-02-23 09:00:00,33576.0,33599.210004318054
27787,2018-02-23 10:00:00,33713.0,33674.38466696941
27788,2018-02-23 11:00:00,33763.0,33743.87778583942
27789,2018-02-23 12:00:00,33514.0,33486.71613398966
27790,2018-02-23 13:00:00,33185.0,33147.59215745776
27791,2018-02-23 14:00:00,32939.0,32952.923427594775
27792,2018-02-23 15:00:00,32615.0,32634.513164815216
27793,2018-02-23 16:00:00,32566.0,32530.1480670665
27794,2018-02-23 17:00:00,32925.0,32951.85084426361
27795,2018-02-23 18:00:00,33719.0,33697.682660557075
27796,2018-02-23 19:00:00,34011.0,33998.679652273044
27797,2018-02-23 20:00:00,33243.0,33292.32546089242
27798,2018-02-23 21:00:00,32300.0,32269.198535424373
27799,2018-02-23 22:00:00,30997.0,30958.812073710666
27800,2018-02-23 23:00:00,29215.0,29191.850928992633
27801,2018-02-24 00:00:00,27316.0,27359.180526987668
27802,2018-02-22 01:00:00,23120.0,23082.00499988539
27803,2018-02-22 02:00:00,22241.0,22252.594395761935
27804,2018-02-22 03:00:00,21697.0,21726.308266376152
27805,2018-02-22 04:00:00,21639.0,21681.23704431247
27806,2018-02-22 05:00:00,22244.0,22241.803152035147
27807,2018-02-22 06:00:00,24077.0,24072.769020510957
27808,2018-02-22 07:00:00,27415.0,27447.760828366067
27809,2018-02-22 08:00:00,29337.0,29306.583855807105
27810,2018-02-22 09:00:00,30019.0,30015.215794477033
27811,2018-02-22 10:00:00,30465.0,30478.773255794807
27812,2018-02-22 11:00:00,30836.0,30856.009319032142
27813,2018-02-22 12:00:00,31009.0,30970.1845919661
27814,2018-02-22 13:00:00,31060.0,31096.716247874847
27815,2018-02-22 14:00:00,31183.0,31214.824768173523
27816,2018-02-22 15:00:00,31287.0,31268.70492219569
27817,2018-02-22 16:00:00,31627.0,31624.638107917708
27818,2018-02-22 17:00:00,32431.0,32419.404065589642
27819,2018-02-22 18:00:00,33546.0,33594.10986781512
27820,2018-02-22 19:00:00,34250.0,34258.39917390107
27821,2018-02-22 20:00:00,33950.0,33927.046471949354
27822,2018-02-22 21:00:00,33169.0,33193.594721216396
27823,2018-02-22 22:00:00,31733.0,31765.164111365153
27824,2018-02-22 23:00:00,29669.0,29691.61289572014
27825,2018-02-23 00:00:00,27776.0,27734.352102782905
27826,2018-02-21 01:00:00,23205.0,23183.773564747407
27827,2018-02-21 02:00:00,22453.0,22439.2436568485
27828,2018-02-21 03:00:00,22039.0,22010.687426673736
27829,2018-02-21 04:00:00,21981.0,21979.134831646967
27830,2018-02-21 05:00:00,22615.0,22596.949818776804
27831,2018-02-21 06:00:00,24492.0,24445.64616491303
27832,2018-02-21 07:00:00,27643.0,27658.204994797263
27833,2018-02-21 08:00:00,29136.0,29129.596747478376
27834,2018-02-21 09:00:00,29279.0,29231.810934220754
27835,2018-02-21 10:00:00,29211.0,29254.28986172144
27836,2018-02-21 11:00:00,28750.0,28765.103601156672
27837,2018-02-21 12:00:00,28595.0,28552.39458028161
27838,2018-02-21 13:00:00,28648.0,28686.939675625435
27839,2018-02-21 14:00:00,28904.0,28896.086115743252
27840,2018-02-21 15:00:00,29116.0,29089.9604543858
27841,2018-02-21 16:00:00,29408.0,29362.600693525856
27842,2018-02-21 17:00:00,30091.0,30115.48220752496
27843,2018-02-21 18:00:00,31019.0,31065.932107307337
27844,2018-02-21 19:00:00,32214.0,32182.53135433271
27845,2018-02-21 20:00:00,31775.0,31766.6914677476
27846,2018-02-21 21:00:00,30755.0,30728.751003344376
27847,2018-02-21 22:00:00,29000.0,29007.246996760172
27848,2018-02-21 23:00:00,26719.0,26756.129657489666
27849,2018-02-22 00:00:00,24617.0,24580.069740008064
27850,2018-02-20 01:00:00,25608.0,25587.82101052509
27851,2018-02-20 02:00:00,24789.0,24755.465922178693
27852,2018-02-20 03:00:00,24367.0,24339.86742736634
27853,2018-02-20 04:00:00,24304.0,24266.9929751865
27854,2018-02-20 05:00:00,24982.0,24995.463152998196
27855,2018-02-20 06:00:00,26866.0,26820.350035820313
27856,2018-02-20 07:00:00,29980.0,30002.898166470415
27857,2018-02-20 08:00:00,31297.0,31261.21246073396
27858,2018-02-20 09:00:00,31238.0,31214.66781786658
27859,2018-02-20 10:00:00,30646.0,30630.528050053435
27860,2018-02-20 11:00:00,30187.0,30175.10523835582
27861,2018-02-20 12:00:00,29477.0,29444.29239574512
27862,2018-02-20 13:00:00,28637.0,28635.88125958122
27863,2018-02-20 14:00:00,28438.0,28477.476589061967
27864,2018-02-20 15:00:00,28419.0,28414.872610267266
27865,2018-02-20 16:00:00,28633.0,28585.785336055185
27866,2018-02-20 17:00:00,29209.0,29195.34017181737
27867,2018-02-20 18:00:00,30271.0,30261.31422596192
27868,2018-02-20 19:00:00,31753.0,31731.33456480827
27869,2018-02-20 20:00:00,31431.0,31410.597311672453
27870,2018-02-20 21:00:00,30486.0,30455.89257975636
27871,2018-02-20 22:00:00,28855.0,28900.667639375737
27872,2018-02-20 23:00:00,26720.0,26722.944411788827
27873,2018-02-21 00:00:00,24692.0,24695.676077408276
27874,2018-02-19 01:00:00,27940.0,27932.56035018406
27875,2018-02-19 02:00:00,27450.0,27461.691927554497
27876,2018-02-19 03:00:00,27222.0,27214.32669907392
27877,2018-02-19 04:00:00,27270.0,27288.896433189104
27878,2018-02-19 05:00:00,27878.0,27836.82126675408
27879,2018-02-19 06:00:00,29425.0,29377.968015851362
27880,2018-02-19 07:00:00,31463.0,31469.24264541419
27881,2018-02-19 08:00:00,32662.0,32685.40958600564
27882,2018-02-19 09:00:00,33025.0,33041.90139986636
27883,2018-02-19 10:00:00,32984.0,32973.864334399885
27884,2018-02-19 11:00:00,33175.0,33125.32167733197
27885,2018-02-19 12:00:00,33369.0,33331.08087458147
27886,2018-02-19 13:00:00,33205.0,33194.203069275114
27887,2018-02-19 14:00:00,33046.0,33062.435665647645
27888,2018-02-19 15:00:00,32794.0,32775.204512791395
27889,2018-02-19 16:00:00,32737.0,32740.159939073725
27890,2018-02-19 17:00:00,33152.0,33119.55248679247
27891,2018-02-19 18:00:00,34356.0,34322.95653045727
27892,2018-02-19 19:00:00,34852.0,34876.27736117323
27893,2018-02-19 20:00:00,34241.0,34234.83954648122
27894,2018-02-19 21:00:00,33154.0,33198.903577597244
27895,2018-02-19 22:00:00,31389.0,31360.13021114683
27896,2018-02-19 23:00:00,29164.0,29158.77620769546
27897,2018-02-20 00:00:00,27114.0,27082.8286536704
27898,2018-02-18 01:00:00,28120.0,28095.595459045322
27899,2018-02-18 02:00:00,27296.0,27310.005806812376
27900,2018-02-18 03:00:00,26842.0,26882.963012512402
27901,2018-02-18 04:00:00,26701.0,26663.842625362493
27902,2018-02-18 05:00:00,26922.0,26884.958536316648
27903,2018-02-18 06:00:00,27615.0,27660.246452150765
27904,2018-02-18 07:00:00,28585.0,28608.627619896193
27905,2018-02-18 08:00:00,29164.0,29145.282348545294
27906,2018-02-18 09:00:00,29711.0,29701.693296960686
27907,2018-02-18 10:00:00,29836.0,29864.889789204062
27908,2018-02-18 11:00:00,29480.0,29499.882141079284
27909,2018-02-18 12:00:00,28822.0,28832.951570780937
27910,2018-02-18 13:00:00,28146.0,28182.471767348827
27911,2018-02-18 14:00:00,27456.0,27437.24091969523
27912,2018-02-18 15:00:00,26978.0,26949.125618635437
27913,2018-02-18 16:00:00,26998.0,26988.978410890737
27914,2018-02-18 17:00:00,27939.0,27889.746923180537
27915,2018-02-18 18:00:00,29899.0,29899.72863639725
27916,2018-02-18 19:00:00,32022.0,32008.523198922223
27917,2018-02-18 20:00:00,32228.0,32191.193102091318
27918,2018-02-18 21:00:00,31944.0,31981.548585365537
27919,2018-02-18 22:00:00,31228.0,31197.44147542811
27920,2018-02-18 23:00:00,29984.0,30004.596435815805
27921,2018-02-19 00:00:00,28793.0,28813.572280013548
27922,2018-02-17 01:00:00,27015.0,26969.259002038627
27923,2018-02-17 02:00:00,26460.0,26452.764144079294
27924,2018-02-17 03:00:00,26252.0,26249.63753959341
27925,2018-02-17 04:00:00,26449.0,26480.752275662933
27926,2018-02-17 05:00:00,27004.0,27016.444254492537
27927,2018-02-17 06:00:00,28089.0,28045.332298918624
27928,2018-02-17 07:00:00,29605.0,29599.877009004696
27929,2018-02-17 08:00:00,30625.0,30605.085465180673
27930,2018-02-17 09:00:00,30923.0,30890.094792292188
27931,2018-02-17 10:00:00,30550.0,30527.60428879714
27932,2018-02-17 11:00:00,29943.0,29977.02220332319
27933,2018-02-17 12:00:00,29231.0,29242.999818230077
27934,2018-02-17 13:00:00,29099.0,29092.54237535355
27935,2018-02-17 14:00:00,30009.0,30031.048731190887
27936,2018-02-17 15:00:00,30706.0,30752.822245612115
27937,2018-02-17 16:00:00,31324.0,31366.716531040427
27938,2018-02-17 17:00:00,32493.0,32452.6855332815
27939,2018-02-17 18:00:00,34057.0,34040.227927358574
27940,2018-02-17 19:00:00,34848.0,34829.31274469755
27941,2018-02-17 20:00:00,34569.0,34574.3847188764
27942,2018-02-17 21:00:00,33893.0,33852.041342300414
27943,2018-02-17 22:00:00,32747.0,32789.17184786615
27944,2018-02-17 23:00:00,31161.0,31189.252790735696
27945,2018-02-18 00:00:00,29493.0,29455.27680644734
27946,2018-02-16 01:00:00,23927.0,23902.426851422286
27947,2018-02-16 02:00:00,23073.0,23037.306360028073
27948,2018-02-16 03:00:00,22578.0,22575.76558693356
27949,2018-02-16 04:00:00,22556.0,22595.012194664203
27950,2018-02-16 05:00:00,23088.0,23102.46268795977
27951,2018-02-16 06:00:00,24678.0,24688.55265904267
27952,2018-02-16 07:00:00,27515.0,27472.449132092795
27953,2018-02-16 08:00:00,29296.0,29336.629447612664
27954,2018-02-16 09:00:00,29855.0,29833.075644725188
27955,2018-02-16 10:00:00,30086.0,30126.013442477288
27956,2018-02-16 11:00:00,30164.0,30159.402704717737
27957,2018-02-16 12:00:00,30102.0,30104.878001205358
27958,2018-02-16 13:00:00,29974.0,29984.4999458198
27959,2018-02-16 14:00:00,30030.0,30008.85095438707
27960,2018-02-16 15:00:00,30059.0,30092.555579334876
27961,2018-02-16 16:00:00,30079.0,30124.83494033056
27962,2018-02-16 17:00:00,30618.0,30596.349756990618
27963,2018-02-16 18:00:00,31830.0,31780.01405284797
27964,2018-02-16 19:00:00,32420.0,32422.561290555324
27965,2018-02-16 20:00:00,32079.0,32088.284932863025
27966,2018-02-16 21:00:00,31556.0,31512.349091926724
27967,2018-02-16 22:00:00,30696.0,30713.289497400503
27968,2018-02-16 23:00:00,29398.0,29377.206614608152
27969,2018-02-17 00:00:00,28029.0,28074.866679052884
27970,2018-02-15 01:00:00,25980.0,26008.141486994402
27971,2018-02-15 02:00:00,25162.0,25119.258147121265
27972,2018-02-15 03:00:00,24731.0,24776.436901507368
27973,2018-02-15 04:00:00,24686.0,24658.722881896556
27974,2018-02-15 05:00:00,25354.0,25383.832723545143
27975,2018-02-15 06:00:00,27262.0,27276.32802952074
27976,2018-02-15 07:00:00,30424.0,30427.62996493763
27977,2018-02-15 08:00:00,31802.0,31845.266358223227
27978,2018-02-15 09:00:00,31720.0,31730.587535381917
27979,2018-02-15 10:00:00,31390.0,31425.872341143076
27980,2018-02-15 11:00:00,31056.0,31088.76981363711
27981,2018-02-15 12:00:00,30707.0,30724.217527117722
27982,2018-02-15 13:00:00,30442.0,30441.036696777584
27983,2018-02-15 14:00:00,29943.0,29902.81555183875
27984,2018-02-15 15:00:00,29572.0,29537.399484120866
27985,2018-02-15 16:00:00,29398.0,29401.28082807726
27986,2018-02-15 17:00:00,29669.0,29652.220626756363
27987,2018-02-15 18:00:00,31074.0,31044.784748710426
27988,2018-02-15 19:00:00,32135.0,32181.70866956484
27989,2018-02-15 20:00:00,31772.0,31807.861142110476
27990,2018-02-15 21:00:00,30882.0,30875.028412947424
27991,2018-02-15 22:00:00,29394.0,29431.108951011396
27992,2018-02-15 23:00:00,27376.0,27331.94617921181
27993,2018-02-16 00:00:00,25438.0,25397.922744260886
27994,2018-02-14 01:00:00,28793.0,28837.80383344906
27995,2018-02-14 02:00:00,28070.0,28088.879908568968
27996,2018-02-14 03:00:00,27789.0,27815.431097461795
27997,2018-02-14 04:00:00,27910.0,27943.289043351728
27998,2018-02-14 05:00:00,28679.0,28634.322383453775
27999,2018-02-14 06:00:00,30857.0,30878.781774739262
28000,2018-02-14 07:00:00,34195.0,34180.680013003
28001,2018-02-14 08:00:00,35419.0,35450.80007775318
28002,2018-02-14 09:00:00,34699.0,34687.768902426134
28003,2018-02-14 10:00:00,33482.0,33508.76142581525
28004,2018-02-14 11:00:00,32621.0,32661.129088877453
28005,2018-02-14 12:00:00,31842.0,31825.929059910253
28006,2018-02-14 13:00:00,31153.0,31149.93650421295
28007,2018-02-14 14:00:00,30839.0,30842.742433901698
28008,2018-02-14 15:00:00,30606.0,30624.784245049956
28009,2018-02-14 16:00:00,30769.0,30803.410522140948
28010,2018-02-14 17:00:00,31579.0,31550.038998116794
28011,2018-02-14 18:00:00,33303.0,33347.563906928604
28012,2018-02-14 19:00:00,34248.0,34276.55821332209
28013,2018-02-14 20:00:00,33723.0,33686.953439917794
28014,2018-02-14 21:00:00,32894.0,32877.58397632355
28015,2018-02-14 22:00:00,31480.0,31455.136293952044
28016,2018-02-14 23:00:00,29354.0,29319.902237794122
28017,2018-02-15 00:00:00,27390.0,27404.473334979735
28018,2018-02-13 01:00:00,29033.0,28989.57938622472
28019,2018-02-13 02:00:00,28599.0,28608.87707685322
28020,2018-02-13 03:00:00,28574.0,28606.771234530886
28021,2018-02-13 04:00:00,28891.0,28877.189453947074
28022,2018-02-13 05:00:00,30013.0,30011.96736910289
28023,2018-02-13 06:00:00,32493.0,32457.414268860786
28024,2018-02-13 07:00:00,36110.0,36132.04095191134
28025,2018-02-13 08:00:00,37417.0,37457.87460707875
28026,2018-02-13 09:00:00,36171.0,36194.27622613331
28027,2018-02-13 10:00:00,34771.0,34733.29926416452
28028,2018-02-13 11:00:00,33734.0,33718.54603955721
28029,2018-02-13 12:00:00,32841.0,32808.3199388894
28030,2018-02-13 13:00:00,32075.0,32083.94350306737
28031,2018-02-13 14:00:00,31705.0,31727.25040574274
28032,2018-02-13 15:00:00,31677.0,31724.531383992573
28033,2018-02-13 16:00:00,32391.0,32391.2917204369
28034,2018-02-13 17:00:00,33736.0,33749.727623922714
28035,2018-02-13 18:00:00,35810.0,35770.657482999646
28036,2018-02-13 19:00:00,37134.0,37099.525346987706
28037,2018-02-13 20:00:00,36811.0,36784.1694645952
28038,2018-02-13 21:00:00,36078.0,36033.4330299806
28039,2018-02-13 22:00:00,34484.0,34474.81761988584
28040,2018-02-13 23:00:00,32277.0,32322.119041806152
28041,2018-02-14 00:00:00,30254.0,30269.291800240124
28042,2018-02-12 01:00:00,23986.0,23979.603307420726
28043,2018-02-12 02:00:00,23197.0,23196.387971112625
28044,2018-02-12 03:00:00,22871.0,22835.662524668187
28045,2018-02-12 04:00:00,22929.0,22888.674074227252
28046,2018-02-12 05:00:00,23751.0,23726.902973497035
28047,2018-02-12 06:00:00,25945.0,25925.649549126516
28048,2018-02-12 07:00:00,29602.0,29564.284773454227
28049,2018-02-12 08:00:00,31813.0,31832.14066909214
28050,2018-02-12 09:00:00,32458.0,32500.317635137282
28051,2018-02-12 10:00:00,32862.0,32829.43855005074
28052,2018-02-12 11:00:00,33219.0,33252.81292595387
28053,2018-02-12 12:00:00,33252.0,33231.83237100521
28054,2018-02-12 13:00:00,32454.0,32464.689804367867
28055,2018-02-12 14:00:00,31382.0,31340.869858464615
28056,2018-02-12 15:00:00,30524.0,30497.92995137862
28057,2018-02-12 16:00:00,30713.0,30678.80794874644
28058,2018-02-12 17:00:00,31601.0,31567.1277927189
28059,2018-02-12 18:00:00,33745.0,33788.3465814013
28060,2018-02-12 19:00:00,35481.0,35467.3843063411
28061,2018-02-12 20:00:00,35517.0,35486.608439994554
28062,2018-02-12 21:00:00,35013.0,34980.129298675
28063,2018-02-12 22:00:00,33901.0,33918.29297315076
28064,2018-02-12 23:00:00,31957.0,31978.848817912865
28065,2018-02-13 00:00:00,30098.0,30145.975735820626
28066,2018-02-11 01:00:00,25692.0,25704.607908263246
28067,2018-02-11 02:00:00,24842.0,24837.88061068474
28068,2018-02-11 03:00:00,24303.0,24275.4147330399
28069,2018-02-11 04:00:00,24083.0,24036.93345510197
28070,2018-02-11 05:00:00,24150.0,24188.078694390315
28071,2018-02-11 06:00:00,24640.0,24668.885493019163
28072,2018-02-11 07:00:00,25602.0,25631.616673944252
28073,2018-02-11 08:00:00,26503.0,26485.205236918195
28074,2018-02-11 09:00:00,27773.0,27758.75912818896
28075,2018-02-11 10:00:00,28876.0,28904.36463319964
28076,2018-02-11 11:00:00,29490.0,29508.756591379406
28077,2018-02-11 12:00:00,29798.0,29812.960703843226
28078,2018-02-11 13:00:00,29818.0,29823.469462234356
28079,2018-02-11 14:00:00,29590.0,29576.83630737048
28080,2018-02-11 15:00:00,29220.0,29244.12600726379
28081,2018-02-11 16:00:00,29091.0,29077.090792146395
28082,2018-02-11 17:00:00,29583.0,29606.47024581099
28083,2018-02-11 18:00:00,30962.0,30931.042577625725
28084,2018-02-11 19:00:00,31620.0,31629.045815484344
28085,2018-02-11 20:00:00,31145.0,31130.73214881415
28086,2018-02-11 21:00:00,30272.0,30304.857777825906
28087,2018-02-11 22:00:00,28853.0,28854.86946338075
28088,2018-02-11 23:00:00,27094.0,27106.401495075967
28089,2018-02-12 00:00:00,25302.0,25260.325714037204
28090,2018-02-10 01:00:00,29278.0,29277.523987656386
28091,2018-02-10 02:00:00,28409.0,28437.07318165446
28092,2018-02-10 03:00:00,27947.0,27982.99869073732
28093,2018-02-10 04:00:00,27798.0,27820.116966225254
28094,2018-02-10 05:00:00,28016.0,28007.85732715225
28095,2018-02-10 06:00:00,28686.0,28661.747625111744
28096,2018-02-10 07:00:00,29853.0,29841.915138480046
28097,2018-02-10 08:00:00,30712.0,30718.159923945113
28098,2018-02-10 09:00:00,31597.0,31547.580062206212
28099,2018-02-10 10:00:00,31833.0,31874.200743871017
28100,2018-02-10 11:00:00,31829.0,31813.37179033972
28101,2018-02-10 12:00:00,31680.0,31709.680711899124
28102,2018-02-10 13:00:00,31493.0,31496.447545711744
28103,2018-02-10 14:00:00,31251.0,31267.21887781875
28104,2018-02-10 15:00:00,30970.0,30995.94976560751
28105,2018-02-10 16:00:00,30860.0,30838.79098998171
28106,2018-02-10 17:00:00,31376.0,31386.608307817063
28107,2018-02-10 18:00:00,32539.0,32564.16454491145
28108,2018-02-10 19:00:00,32732.0,32759.092643156353
28109,2018-02-10 20:00:00,32111.0,32102.60032612261
28110,2018-02-10 21:00:00,31305.0,31327.851512774218
28111,2018-02-10 22:00:00,30173.0,30153.190019698683
28112,2018-02-10 23:00:00,28714.0,28676.426612609306
28113,2018-02-11 00:00:00,27078.0,27039.292078181512
28114,2018-02-09 01:00:00,32798.0,32798.57021781756
28115,2018-02-09 02:00:00,32327.0,32315.326012093697
28116,2018-02-09 03:00:00,32247.0,32220.24486337036
28117,2018-02-09 04:00:00,32515.0,32504.11785220114
28118,2018-02-09 05:00:00,33440.0,33431.18433250627
28119,2018-02-09 06:00:00,35642.0,35647.35731575101
28120,2018-02-09 07:00:00,38975.0,38930.79213545673
28121,2018-02-09 08:00:00,40261.0,40301.80210121282
28122,2018-02-09 09:00:00,39538.0,39525.22011649195
28123,2018-02-09 10:00:00,38214.0,38225.53791508498
28124,2018-02-09 11:00:00,36913.0,36893.64004154263
28125,2018-02-09 12:00:00,35958.0,35984.16759201333
28126,2018-02-09 13:00:00,35459.0,35454.869670185224
28127,2018-02-09 14:00:00,34957.0,34939.17951381786
28128,2018-02-09 15:00:00,34608.0,34654.38080771312
28129,2018-02-09 16:00:00,34581.0,34617.52069449811
28130,2018-02-09 17:00:00,35244.0,35212.032869189265
28131,2018-02-09 18:00:00,36730.0,36750.064007248526
28132,2018-02-09 19:00:00,37297.0,37322.431900467134
28133,2018-02-09 20:00:00,36609.0,36562.4556870954
28134,2018-02-09 21:00:00,35697.0,35743.09637033858
28135,2018-02-09 22:00:00,34466.0,34439.29723591975
28136,2018-02-09 23:00:00,32648.0,32688.837403078855
28137,2018-02-10 00:00:00,30759.0,30774.407053161904
28138,2018-02-08 01:00:00,30409.0,30410.210941982816
28139,2018-02-08 02:00:00,29989.0,30017.583788747834
28140,2018-02-08 03:00:00,29989.0,30006.502740121057
28141,2018-02-08 04:00:00,30442.0,30466.024811108033
28142,2018-02-08 05:00:00,31578.0,31613.79058435556
28143,2018-02-08 06:00:00,34006.0,34003.118184514366
28144,2018-02-08 07:00:00,37407.0,37399.57292971427
28145,2018-02-08 08:00:00,39102.0,39141.97778120732
28146,2018-02-08 09:00:00,38642.0,38671.78560928177
28147,2018-02-08 10:00:00,37271.0,37222.924528107855
28148,2018-02-08 11:00:00,36094.0,36109.38185085663
28149,2018-02-08 12:00:00,35222.0,35262.39045566381
28150,2018-02-08 13:00:00,34479.0,34497.35833004493
28151,2018-02-08 14:00:00,34156.0,34161.344073476495
28152,2018-02-08 15:00:00,33936.0,33903.589025150526
28153,2018-02-08 16:00:00,34392.0,34437.057800612245
28154,2018-02-08 17:00:00,35635.0,35647.63496230136
28155,2018-02-08 18:00:00,37957.0,37917.10261964305
28156,2018-02-08 19:00:00,39608.0,39650.76442841965
28157,2018-02-08 20:00:00,39555.0,39556.66053470958
28158,2018-02-08 21:00:00,39012.0,38977.72251553063
28159,2018-02-08 22:00:00,37731.0,37703.65337506982
28160,2018-02-08 23:00:00,35666.0,35712.78113532205
28161,2018-02-09 00:00:00,33919.0,33912.66331248832
28162,2018-02-07 01:00:00,31511.0,31502.967413307397
28163,2018-02-07 02:00:00,30876.0,30874.616819668292
28164,2018-02-07 03:00:00,30557.0,30577.052038562964
28165,2018-02-07 04:00:00,30613.0,30599.502014446443
28166,2018-02-07 05:00:00,31259.0,31251.104274291964
28167,2018-02-07 06:00:00,33046.0,33070.61183163173
28168,2018-02-07 07:00:00,35822.0,35818.119678963754
28169,2018-02-07 08:00:00,37515.0,37536.35723865567
28170,2018-02-07 09:00:00,38207.0,38253.22175242251
28171,2018-02-07 10:00:00,38464.0,38510.25251358004
28172,2018-02-07 11:00:00,38643.0,38637.70064664435
28173,2018-02-07 12:00:00,38677.0,38650.42215400345
28174,2018-02-07 13:00:00,38631.0,38606.1232677382
28175,2018-02-07 14:00:00,38383.0,38414.922197001535
28176,2018-02-07 15:00:00,37927.0,37884.97201148382
28177,2018-02-07 16:00:00,37592.0,37546.04140944914
28178,2018-02-07 17:00:00,37856.0,37874.14170199286
28179,2018-02-07 18:00:00,38944.0,38985.011333695045
28180,2018-02-07 19:00:00,38885.0,38858.080311802754
28181,2018-02-07 20:00:00,38033.0,37988.457567674086
28182,2018-02-07 21:00:00,36994.0,37033.52875795786
28183,2018-02-07 22:00:00,35344.0,35329.41600511667
28184,2018-02-07 23:00:00,33287.0,33291.97208460328
28185,2018-02-08 00:00:00,31517.0,31550.62474322069
28186,2018-02-06 01:00:00,32545.0,32520.00032538006
28187,2018-02-06 02:00:00,31900.0,31910.12216240146
28188,2018-02-06 03:00:00,31530.0,31579.1509774613
28189,2018-02-06 04:00:00,31572.0,31596.130959196547
28190,2018-02-06 05:00:00,32345.0,32334.734061191775
28191,2018-02-06 06:00:00,34446.0,34472.80183697192
28192,2018-02-06 07:00:00,37736.0,37688.177277262184
28193,2018-02-06 08:00:00,39080.0,39051.53399261714
28194,2018-02-06 09:00:00,38809.0,38833.467840355224
28195,2018-02-06 10:00:00,38393.0,38369.22359891463
28196,2018-02-06 11:00:00,37927.0,37889.61136160953
28197,2018-02-06 12:00:00,36970.0,36949.330418361475
28198,2018-02-06 13:00:00,35940.0,35907.133480215445
28199,2018-02-06 14:00:00,35602.0,35594.06459298723
28200,2018-02-06 15:00:00,34974.0,34936.45408120909
28201,2018-02-06 16:00:00,34873.0,34906.77038920351
28202,2018-02-06 17:00:00,35629.0,35656.997547538
28203,2018-02-06 18:00:00,37632.0,37612.697230380996
28204,2018-02-06 19:00:00,38938.0,38939.99269418997
28205,2018-02-06 20:00:00,38729.0,38764.50347970953
28206,2018-02-06 21:00:00,38103.0,38145.90220619103
28207,2018-02-06 22:00:00,36696.0,36655.10872155725
28208,2018-02-06 23:00:00,34633.0,34655.20205805344
28209,2018-02-07 00:00:00,32728.0,32691.54593752478
28210,2018-02-05 01:00:00,29188.0,29140.003370208367
28211,2018-02-05 02:00:00,28354.0,28311.894452871526
28212,2018-02-05 03:00:00,28086.0,28093.588018504826
28213,2018-02-05 04:00:00,28318.0,28305.711586044963
28214,2018-02-05 05:00:00,29163.0,29124.867504084872
28215,2018-02-05 06:00:00,31286.0,31283.432673311385
28216,2018-02-05 07:00:00,34473.0,34473.82311115199
28217,2018-02-05 08:00:00,36368.0,36396.739496762326
28218,2018-02-05 09:00:00,36803.0,36819.36619661755
28219,2018-02-05 10:00:00,36226.0,36222.596665442965
28220,2018-02-05 11:00:00,35502.0,35484.43363481764
28221,2018-02-05 12:00:00,34837.0,34787.20085445621
28222,2018-02-05 13:00:00,34388.0,34421.20417511574
28223,2018-02-05 14:00:00,33980.0,33956.69853966311
28224,2018-02-05 15:00:00,33719.0,33690.321857705014
28225,2018-02-05 16:00:00,34015.0,34038.46008185161
28226,2018-02-05 17:00:00,35332.0,35289.164930121115
28227,2018-02-05 18:00:00,38075.0,38051.26185902483
28228,2018-02-05 19:00:00,39794.0,39787.50583850147
28229,2018-02-05 20:00:00,39769.0,39763.15827562814
28230,2018-02-05 21:00:00,39260.0,39225.78478581103
28231,2018-02-05 22:00:00,37820.0,37774.012086198905
28232,2018-02-05 23:00:00,35627.0,35624.053385123596
28233,2018-02-06 00:00:00,33810.0,33795.74640918345
28234,2018-02-04 01:00:00,31049.0,31027.48493468411
28235,2018-02-04 02:00:00,30100.0,30077.06288626253
28236,2018-02-04 03:00:00,29521.0,29521.41767968361
28237,2018-02-04 04:00:00,29255.0,29207.166536701247
28238,2018-02-04 05:00:00,29297.0,29257.608231107508
28239,2018-02-04 06:00:00,29771.0,29753.52040847269
28240,2018-02-04 07:00:00,30658.0,30655.981443526834
28241,2018-02-04 08:00:00,31422.0,31441.382728520377
28242,2018-02-04 09:00:00,32351.0,32330.310697760076
28243,2018-02-04 10:00:00,33222.0,33238.70449335884
28244,2018-02-04 11:00:00,33729.0,33717.71500539
28245,2018-02-04 12:00:00,34131.0,34158.472050160366
28246,2018-02-04 13:00:00,34357.0,34355.06188378067
28247,2018-02-04 14:00:00,34474.0,34478.13903847309
28248,2018-02-04 15:00:00,34634.0,34627.507029775516
28249,2018-02-04 16:00:00,34950.0,34913.2892759028
28250,2018-02-04 17:00:00,35763.0,35730.1167121513
28251,2018-02-04 18:00:00,36952.0,36942.0494574016
28252,2018-02-04 19:00:00,36155.0,36114.88195174976
28253,2018-02-04 20:00:00,34768.0,34732.01914728418
28254,2018-02-04 21:00:00,33940.0,33952.373510956
28255,2018-02-04 22:00:00,32823.0,32836.32416896021
28256,2018-02-04 23:00:00,31579.0,31541.743651604025
28257,2018-02-05 00:00:00,30532.0,30567.381848222856
28258,2018-02-03 01:00:00,35180.0,35215.67255988697
28259,2018-02-03 02:00:00,34493.0,34480.97293693062
28260,2018-02-03 03:00:00,34191.0,34190.79612152883
28261,2018-02-03 04:00:00,34277.0,34307.15458493444
28262,2018-02-03 05:00:00,34677.0,34703.27070408318
28263,2018-02-03 06:00:00,35663.0,35649.27480524976
28264,2018-02-03 07:00:00,37206.0,37187.70975322307
28265,2018-02-03 08:00:00,38198.0,38214.43422332007
28266,2018-02-03 09:00:00,38172.0,38158.35197251471
28267,2018-02-03 10:00:00,37257.0,37275.945094749215
28268,2018-02-03 11:00:00,36228.0,36190.96258809684
28269,2018-02-03 12:00:00,35219.0,35236.20390062768
28270,2018-02-03 13:00:00,34089.0,34117.51460740032
28271,2018-02-03 14:00:00,33065.0,33105.46048496738
28272,2018-02-03 15:00:00,32613.0,32608.618295445256
28273,2018-02-03 16:00:00,32836.0,32842.030405687154
28274,2018-02-03 17:00:00,34009.0,33987.89102672385
28275,2018-02-03 18:00:00,36363.0,36328.049417837574
28276,2018-02-03 19:00:00,37640.0,37607.31097915195
28277,2018-02-03 20:00:00,37400.0,37434.45735188942
28278,2018-02-03 21:00:00,36871.0,36875.14742888668
28279,2018-02-03 22:00:00,35774.0,35761.631011025405
28280,2018-02-03 23:00:00,34167.0,34203.39499639185
28281,2018-02-04 00:00:00,32435.0,32396.37999385084
28282,2018-02-02 01:00:00,27990.0,27999.423167253914
28283,2018-02-02 02:00:00,27410.0,27439.075106653512
28284,2018-02-02 03:00:00,27233.0,27195.491768728272
28285,2018-02-02 04:00:00,27380.0,27342.054785766042
28286,2018-02-02 05:00:00,28420.0,28373.33739049301
28287,2018-02-02 06:00:00,30977.0,31021.1959469194
28288,2018-02-02 07:00:00,34590.0,34609.218132852715
28289,2018-02-02 08:00:00,36938.0,36895.143997071515
28290,2018-02-02 09:00:00,37175.0,37192.12578259544
28291,2018-02-02 10:00:00,36707.0,36687.361190028605
28292,2018-02-02 11:00:00,36691.0,36651.933336173795
28293,2018-02-02 12:00:00,36703.0,36752.22200084774
28294,2018-02-02 13:00:00,36622.0,36589.98830203211
28295,2018-02-02 14:00:00,36569.0,36598.854001296335
28296,2018-02-02 15:00:00,36696.0,36734.14039365312
28297,2018-02-02 16:00:00,37298.0,37301.032785762465
28298,2018-02-02 17:00:00,38771.0,38818.60028568806
28299,2018-02-02 18:00:00,41135.0,41096.98672607675
28300,2018-02-02 19:00:00,42138.0,42184.08697162991
28301,2018-02-02 20:00:00,41745.0,41702.06590992413
28302,2018-02-02 21:00:00,41134.0,41131.73399389689
28303,2018-02-02 22:00:00,40000.0,40035.502700370016
28304,2018-02-02 23:00:00,38251.0,38256.31916045457
28305,2018-02-03 00:00:00,36544.0,36552.34600416704
28306,2018-02-01 01:00:00,30843.0,30809.098429147
28307,2018-02-01 02:00:00,29981.0,30029.43476459035
28308,2018-02-01 03:00:00,29591.0,29564.112485213944
28309,2018-02-01 04:00:00,29629.0,29664.89295841664
28310,2018-02-01 05:00:00,30282.0,30327.655563101624
28311,2018-02-01 06:00:00,32318.0,32296.07782723088
28312,2018-02-01 07:00:00,35491.0,35514.05143213054
28313,2018-02-01 08:00:00,36966.0,36924.03740220586
28314,2018-02-01 09:00:00,36674.0,36698.14453107033
28315,2018-02-01 10:00:00,36123.0,36121.43367456864
28316,2018-02-01 11:00:00,35537.0,35498.79347800528
28317,2018-02-01 12:00:00,34859.0,34898.46414197628
28318,2018-02-01 13:00:00,34174.0,34191.885931069824
28319,2018-02-01 14:00:00,33644.0,33610.85905180443
28320,2018-02-01 15:00:00,33391.0,33394.28072042359
28321,2018-02-01 16:00:00,33426.0,33408.587187824916
28322,2018-02-01 17:00:00,34231.0,34252.05635088203
28323,2018-02-01 18:00:00,35970.0,35982.74621905988
28324,2018-02-01 19:00:00,36247.0,36215.95446351218
28325,2018-02-01 20:00:00,35772.0,35746.21122921441
28326,2018-02-01 21:00:00,34793.0,34813.45441341513
28327,2018-02-01 22:00:00,33252.0,33269.51619566759
28328,2018-02-01 23:00:00,31116.0,31097.224401603828
28329,2018-02-02 00:00:00,29278.0,29275.824110310103
28330,2018-01-31 01:00:00,34213.0,34209.71954438695
28331,2018-01-31 02:00:00,33657.0,33619.44422663658
28332,2018-01-31 03:00:00,33657.0,33669.10577347565
28333,2018-01-31 04:00:00,33930.0,33906.443723461125
28334,2018-01-31 05:00:00,34973.0,34968.989658517705
28335,2018-01-31 06:00:00,37332.0,37289.176078461656
28336,2018-01-31 07:00:00,40854.0,40865.404246179045
28337,2018-01-31 08:00:00,42096.0,42129.95989948478
28338,2018-01-31 09:00:00,40987.0,40993.95929492304
28339,2018-01-31 10:00:00,39357.0,39366.6808088058
28340,2018-01-31 11:00:00,37947.0,37964.33075270483
28341,2018-01-31 12:00:00,36750.0,36719.633673950695
28342,2018-01-31 13:00:00,35809.0,35765.879024683694
28343,2018-01-31 14:00:00,35379.0,35414.39996817004
28344,2018-01-31 15:00:00,35363.0,35397.660783136984
28345,2018-01-31 16:00:00,36044.0,36048.4643129132
28346,2018-01-31 17:00:00,37309.0,37278.70702307063
28347,2018-01-31 18:00:00,39636.0,39667.72443327218
28348,2018-01-31 19:00:00,40510.0,40482.02449820564
28349,2018-01-31 20:00:00,40054.0,40090.091549421944
28350,2018-01-31 21:00:00,39104.0,39096.37682122955
28351,2018-01-31 22:00:00,37331.0,37286.74895020568
28352,2018-01-31 23:00:00,34651.0,34682.68738730314
28353,2018-02-01 00:00:00,32461.0,32467.06273077225
28354,2018-01-30 01:00:00,27942.0,27923.835810948072
28355,2018-01-30 02:00:00,27386.0,27381.293199339467
28356,2018-01-30 03:00:00,27256.0,27294.619985248744
28357,2018-01-30 04:00:00,27530.0,27500.31558914699
28358,2018-01-30 05:00:00,28442.0,28402.378917491755
28359,2018-01-30 06:00:00,30673.0,30701.47900866058
28360,2018-01-30 07:00:00,34121.0,34133.16847428599
28361,2018-01-30 08:00:00,36029.0,36065.99694541583
28362,2018-01-30 09:00:00,36345.0,36326.340758098355
28363,2018-01-30 10:00:00,36380.0,36386.125196802765
28364,2018-01-30 11:00:00,36455.0,36409.24211060325
28365,2018-01-30 12:00:00,36468.0,36502.667769511856
28366,2018-01-30 13:00:00,36432.0,36401.11836645207
28367,2018-01-30 14:00:00,36417.0,36378.46188026056
28368,2018-01-30 15:00:00,36340.0,36338.45522514943
28369,2018-01-30 16:00:00,36540.0,36564.49137212595
28370,2018-01-30 17:00:00,37722.0,37692.97674332284
28371,2018-01-30 18:00:00,40242.0,40215.34722242031
28372,2018-01-30 19:00:00,41335.0,41316.55941058418
28373,2018-01-30 20:00:00,41237.0,41268.10917109607
28374,2018-01-30 21:00:00,40661.0,40685.7354394183
28375,2018-01-30 22:00:00,39152.0,39128.98548248994
28376,2018-01-30 23:00:00,37159.0,37134.51335585709
28377,2018-01-31 00:00:00,35380.0,35420.6437241057
28378,2018-01-29 01:00:00,25397.0,25408.481685296767
28379,2018-01-29 02:00:00,24863.0,24835.49816494522
28380,2018-01-29 03:00:00,24736.0,24700.03831690012
28381,2018-01-29 04:00:00,24999.0,24955.61544187579
28382,2018-01-29 05:00:00,26010.0,25984.635137764184
28383,2018-01-29 06:00:00,28316.0,28338.00304793158
28384,2018-01-29 07:00:00,31896.0,31883.165612756828
28385,2018-01-29 08:00:00,33926.0,33972.502618691586
28386,2018-01-29 09:00:00,33973.0,33955.425749958275
28387,2018-01-29 10:00:00,33694.0,33659.020091245504
28388,2018-01-29 11:00:00,33392.0,33359.65938821636
28389,2018-01-29 12:00:00,33038.0,33036.84537617737
28390,2018-01-29 13:00:00,32881.0,32924.74581255506
28391,2018-01-29 14:00:00,33010.0,33050.0279984974
28392,2018-01-29 15:00:00,33011.0,32979.331622618774
28393,2018-01-29 16:00:00,33246.0,33271.448340331066
28394,2018-01-29 17:00:00,34127.0,34152.23792406668
28395,2018-01-29 18:00:00,36002.0,35968.53021254382
28396,2018-01-29 19:00:00,36344.0,36323.8195947421
28397,2018-01-29 20:00:00,35879.0,35836.60386072159
28398,2018-01-29 21:00:00,34984.0,34941.48592006748
28399,2018-01-29 22:00:00,33327.0,33321.21050370002
28400,2018-01-29 23:00:00,31107.0,31105.402452679235
28401,2018-01-30 00:00:00,29229.0,29182.274488746403
28402,2018-01-28 01:00:00,24484.0,24530.622882695505
28403,2018-01-28 02:00:00,23606.0,23604.63097989977
28404,2018-01-28 03:00:00,23142.0,23170.784018963168
28405,2018-01-28 04:00:00,22901.0,22914.49322141004
28406,2018-01-28 05:00:00,22974.0,22985.93123891053
28407,2018-01-28 06:00:00,23477.0,23457.313294571108
28408,2018-01-28 07:00:00,24357.0,24395.711189831934
28409,2018-01-28 08:00:00,25443.0,25422.97377217561
28410,2018-01-28 09:00:00,26725.0,26770.150936364458
28411,2018-01-28 10:00:00,27877.0,27830.941549236475
28412,2018-01-28 11:00:00,28566.0,28527.469911525215
28413,2018-01-28 12:00:00,28919.0,28941.656695028363
28414,2018-01-28 13:00:00,28882.0,28892.8697520104
28415,2018-01-28 14:00:00,28606.0,28627.70642274472
28416,2018-01-28 15:00:00,28524.0,28538.161507206896
28417,2018-01-28 16:00:00,28708.0,28710.720403624324
28418,2018-01-28 17:00:00,29596.0,29549.118756214924
28419,2018-01-28 18:00:00,31559.0,31589.89126250859
28420,2018-01-28 19:00:00,32029.0,32030.014765857704
28421,2018-01-28 20:00:00,31668.0,31628.58150661377
28422,2018-01-28 21:00:00,30921.0,30890.24880522763
28423,2018-01-28 22:00:00,29721.0,29737.20030794912
28424,2018-01-28 23:00:00,28039.0,27996.70129157276
28425,2018-01-29 00:00:00,26494.0,26530.948171420696
28426,2018-01-27 01:00:00,29918.0,29947.073568880478
28427,2018-01-27 02:00:00,29200.0,29180.631992190018
28428,2018-01-27 03:00:00,28864.0,28902.351162770537
28429,2018-01-27 04:00:00,28853.0,28891.51762321396
28430,2018-01-27 05:00:00,29156.0,29189.78422888628
28431,2018-01-27 06:00:00,29992.0,29972.765545902243
28432,2018-01-27 07:00:00,31301.0,31316.586230951074
28433,2018-01-27 08:00:00,32361.0,32356.142289522773
28434,2018-01-27 09:00:00,32625.0,32628.888331894308
28435,2018-01-27 10:00:00,31815.0,31805.968984250714
28436,2018-01-27 11:00:00,30806.0,30756.398809773284
28437,2018-01-27 12:00:00,29800.0,29750.997507982815
28438,2018-01-27 13:00:00,28780.0,28807.284867291135
28439,2018-01-27 14:00:00,28082.0,28126.638382237375
28440,2018-01-27 15:00:00,27820.0,27792.960576590725
28441,2018-01-27 16:00:00,28107.0,28111.432056114558
28442,2018-01-27 17:00:00,28930.0,28910.604036839213
28443,2018-01-27 18:00:00,30796.0,30793.754462103803
28444,2018-01-27 19:00:00,31146.0,31107.814955799764
28445,2018-01-27 20:00:00,30609.0,30631.5407390718
28446,2018-01-27 21:00:00,29904.0,29905.62525992045
28447,2018-01-27 22:00:00,28830.0,28810.87240283603
28448,2018-01-27 23:00:00,27414.0,27430.356864019257
28449,2018-01-28 00:00:00,25833.0,25834.12438594414
28450,2018-01-26 01:00:00,31850.0,31840.42831845986
28451,2018-01-26 02:00:00,31421.0,31424.319550256525
28452,2018-01-26 03:00:00,31374.0,31419.367725153876
28453,2018-01-26 04:00:00,31700.0,31656.928073190593
28454,2018-01-26 05:00:00,32745.0,32787.397927732134
28455,2018-01-26 06:00:00,34980.0,34942.63331799734
28456,2018-01-26 07:00:00,38515.0,38485.63710110902
28457,2018-01-26 08:00:00,39985.0,40032.918054589674
28458,2018-01-26 09:00:00,38968.0,38999.00456795386
28459,2018-01-26 10:00:00,36849.0,36834.17140914488
28460,2018-01-26 11:00:00,35323.0,35313.47215940813
28461,2018-01-26 12:00:00,34032.0,34011.911502634954
28462,2018-01-26 13:00:00,32916.0,32888.517091445734
28463,2018-01-26 14:00:00,32313.0,32269.087698571515
28464,2018-01-26 15:00:00,31974.0,31927.366941699882
28465,2018-01-26 16:00:00,32154.0,32154.159762884206
28466,2018-01-26 17:00:00,33317.0,33320.010548856
28467,2018-01-26 18:00:00,35660.0,35686.15626530091
28468,2018-01-26 19:00:00,36492.0,36451.512699090184
28469,2018-01-26 20:00:00,36141.0,36142.471262884275
28470,2018-01-26 21:00:00,35519.0,35561.446100321176
28471,2018-01-26 22:00:00,34474.0,34509.26592525399
28472,2018-01-26 23:00:00,32796.0,32799.456907608575
28473,2018-01-27 00:00:00,31142.0,31105.363428603476
28474,2018-01-25 01:00:00,29840.0,29805.605061902294
28475,2018-01-25 02:00:00,29298.0,29295.733763706092
28476,2018-01-25 03:00:00,29214.0,29225.735411163223
28477,2018-01-25 04:00:00,29502.0,29549.861710417907
28478,2018-01-25 05:00:00,30469.0,30502.129259729303
28479,2018-01-25 06:00:00,32762.0,32753.43681015594
28480,2018-01-25 07:00:00,36434.0,36419.016714555255
28481,2018-01-25 08:00:00,38127.0,38078.34870044414
28482,2018-01-25 09:00:00,37416.0,37366.771508872276
28483,2018-01-25 10:00:00,36169.0,36166.443909781396
28484,2018-01-25 11:00:00,35217.0,35173.928674803654
28485,2018-01-25 12:00:00,34396.0,34361.63611092419
28486,2018-01-25 13:00:00,33706.0,33754.03784164748
28487,2018-01-25 14:00:00,33339.0,33360.72437890444
28488,2018-01-25 15:00:00,33135.0,33130.22511491092
28489,2018-01-25 16:00:00,33524.0,33559.78825553752
28490,2018-01-25 17:00:00,34988.0,34955.74152054405
28491,2018-01-25 18:00:00,37631.0,37619.93170878689
28492,2018-01-25 19:00:00,38762.0,38741.47506666503
28493,2018-01-25 20:00:00,38651.0,38700.54632664032
28494,2018-01-25 21:00:00,38057.0,38097.110358531536
28495,2018-01-25 22:00:00,36782.0,36784.60837599528
28496,2018-01-25 23:00:00,34805.0,34797.40395745546
28497,2018-01-26 00:00:00,33021.0,33070.81096024573
28498,2018-01-24 01:00:00,26322.0,26292.633035520128
28499,2018-01-24 02:00:00,25717.0,25707.788527833305
28500,2018-01-24 03:00:00,25453.0,25474.176868272774
28501,2018-01-24 04:00:00,25646.0,25666.383363487468
28502,2018-01-24 05:00:00,26534.0,26541.424440126902
28503,2018-01-24 06:00:00,28743.0,28788.18897946378
28504,2018-01-24 07:00:00,32203.0,32177.676728839353
28505,2018-01-24 08:00:00,34090.0,34096.86283282794
28506,2018-01-24 09:00:00,34242.0,34273.047794516904
28507,2018-01-24 10:00:00,34113.0,34086.24619091032
28508,2018-01-24 11:00:00,33713.0,33750.11486382146
28509,2018-01-24 12:00:00,33039.0,33052.91276899384
28510,2018-01-24 13:00:00,32552.0,32540.107057966095
28511,2018-01-24 14:00:00,32500.0,32514.76921874274
28512,2018-01-24 15:00:00,32634.0,32676.80621987364
28513,2018-01-24 16:00:00,33297.0,33345.81756448771
28514,2018-01-24 17:00:00,34688.0,34666.14342212255
28515,2018-01-24 18:00:00,36982.0,37022.90743090738
28516,2018-01-24 19:00:00,37569.0,37522.8586313291
28517,2018-01-24 20:00:00,37313.0,37263.727369401284
28518,2018-01-24 21:00:00,36650.0,36660.161671884096
28519,2018-01-24 22:00:00,35167.0,35165.16456890763
28520,2018-01-24 23:00:00,32918.0,32914.9183041114
28521,2018-01-25 00:00:00,31040.0,31013.406628248023
28522,2018-01-23 01:00:00,25625.0,25634.746138914576
28523,2018-01-23 02:00:00,24831.0,24782.694331071896
28524,2018-01-23 03:00:00,24496.0,24489.38123374393
28525,2018-01-23 04:00:00,24497.0,24483.693726691712
28526,2018-01-23 05:00:00,25164.0,25133.30535903083
28527,2018-01-23 06:00:00,27135.0,27136.07447319237
28528,2018-01-23 07:00:00,30303.0,30322.02589421075
28529,2018-01-23 08:00:00,32189.0,32220.296862623414
28530,2018-01-23 09:00:00,32172.0,32168.224966307273
28531,2018-01-23 10:00:00,32071.0,32044.988994858064
28532,2018-01-23 11:00:00,31744.0,31714.989623297177
28533,2018-01-23 12:00:00,31222.0,31229.918498286654
28534,2018-01-23 13:00:00,30520.0,30508.925312487914
28535,2018-01-23 14:00:00,29955.0,29936.755626011713
28536,2018-01-23 15:00:00,29939.0,29941.297550914613
28537,2018-01-23 16:00:00,30228.0,30233.64231676396
28538,2018-01-23 17:00:00,31198.0,31171.382842650248
28539,2018-01-23 18:00:00,33134.0,33121.8302983868
28540,2018-01-23 19:00:00,33849.0,33869.77003778273
28541,2018-01-23 20:00:00,33497.0,33485.73982848768
28542,2018-01-23 21:00:00,32878.0,32872.41014082479
28543,2018-01-23 22:00:00,31476.0,31490.0027335806
28544,2018-01-23 23:00:00,29441.0,29410.080456800613
28545,2018-01-24 00:00:00,27630.0,27666.679433403915
28546,2018-01-22 01:00:00,25390.0,25373.83997143367
28547,2018-01-22 02:00:00,24737.0,24755.765562477394
28548,2018-01-22 03:00:00,24447.0,24426.72083950849
28549,2018-01-22 04:00:00,24504.0,24518.814271137086
28550,2018-01-22 05:00:00,25324.0,25301.73440722728
28551,2018-01-22 06:00:00,27403.0,27427.80499274319
28552,2018-01-22 07:00:00,30857.0,30817.48539306979
28553,2018-01-22 08:00:00,32625.0,32605.748625357857
28554,2018-01-22 09:00:00,32629.0,32635.750612840257
28555,2018-01-22 10:00:00,32322.0,32335.318881545827
28556,2018-01-22 11:00:00,31880.0,31843.816929365905
28557,2018-01-22 12:00:00,31238.0,31219.95341447133
28558,2018-01-22 13:00:00,30809.0,30769.17883871072
28559,2018-01-22 14:00:00,30555.0,30588.43466482489
28560,2018-01-22 15:00:00,30292.0,30340.36601835203
28561,2018-01-22 16:00:00,30347.0,30325.380110513604
28562,2018-01-22 17:00:00,31281.0,31279.31148268531
28563,2018-01-22 18:00:00,33527.0,33527.65268448768
28564,2018-01-22 19:00:00,33969.0,33935.44505467599
28565,2018-01-22 20:00:00,33512.0,33528.761162799026
28566,2018-01-22 21:00:00,32614.0,32615.67815833527
28567,2018-01-22 22:00:00,31075.0,31076.385296366236
28568,2018-01-22 23:00:00,28954.0,28909.85813531818
28569,2018-01-23 00:00:00,27008.0,26965.9919358519
28570,2018-01-21 01:00:00,27529.0,27575.429133289188
28571,2018-01-21 02:00:00,26943.0,26986.971078003113
28572,2018-01-21 03:00:00,26683.0,26634.82279765918
28573,2018-01-21 04:00:00,26606.0,26610.045908123502
28574,2018-01-21 05:00:00,26873.0,26829.4848997534
28575,2018-01-21 06:00:00,27552.0,27581.314710429288
28576,2018-01-21 07:00:00,28557.0,28511.925498589648
28577,2018-01-21 08:00:00,29346.0,29350.93131160647
28578,2018-01-21 09:00:00,30061.0,30072.927067302826
28579,2018-01-21 10:00:00,30142.0,30101.605571642693
28580,2018-01-21 11:00:00,29708.0,29717.43718479377
28581,2018-01-21 12:00:00,29365.0,29409.16775862668
28582,2018-01-21 13:00:00,28876.0,28835.73416133654
28583,2018-01-21 14:00:00,28496.0,28514.466749779254
28584,2018-01-21 15:00:00,28460.0,28437.125320030704
28585,2018-01-21 16:00:00,28724.0,28701.361613107827
28586,2018-01-21 17:00:00,29863.0,29867.412578812986
28587,2018-01-21 18:00:00,31909.0,31951.784296669426
28588,2018-01-21 19:00:00,32569.0,32542.072236811448
28589,2018-01-21 20:00:00,31916.0,31965.33339126581
28590,2018-01-21 21:00:00,31294.0,31253.145171344502
28591,2018-01-21 22:00:00,30009.0,30053.017893753135
28592,2018-01-21 23:00:00,28503.0,28454.784415044385
28593,2018-01-22 00:00:00,26638.0,26604.217609105104
28594,2018-01-20 01:00:00,30374.0,30421.638613515315
28595,2018-01-20 02:00:00,29622.0,29598.6119664484
28596,2018-01-20 03:00:00,29291.0,29241.710199053607
28597,2018-01-20 04:00:00,29215.0,29253.50659133453
28598,2018-01-20 05:00:00,29534.0,29575.397318483643
28599,2018-01-20 06:00:00,30314.0,30338.4412865576
28600,2018-01-20 07:00:00,31545.0,31588.955555463865
28601,2018-01-20 08:00:00,32548.0,32524.567164198274
28602,2018-01-20 09:00:00,32843.0,32857.53024698248
28603,2018-01-20 10:00:00,32158.0,32182.234886046794
28604,2018-01-20 11:00:00,31204.0,31251.360424315713
28605,2018-01-20 12:00:00,30316.0,30355.814387041963
28606,2018-01-20 13:00:00,29454.0,29409.906335942374
28607,2018-01-20 14:00:00,28704.0,28687.90496755323
28608,2018-01-20 15:00:00,28357.0,28368.512162141655
28609,2018-01-20 16:00:00,28528.0,28563.53862943115
28610,2018-01-20 17:00:00,29452.0,29429.965979724486
28611,2018-01-20 18:00:00,31758.0,31708.80518860265
28612,2018-01-20 19:00:00,32459.0,32427.695828981497
28613,2018-01-20 20:00:00,32203.0,32195.533906602144
28614,2018-01-20 21:00:00,31841.0,31797.114776790833
28615,2018-01-20 22:00:00,31135.0,31089.232775391538
28616,2018-01-20 23:00:00,29896.0,29886.161825082643
28617,2018-01-21 00:00:00,28611.0,28625.787559351647
28618,2018-01-19 01:00:00,33447.0,33468.05052434359
28619,2018-01-19 02:00:00,32892.0,32895.28029702095
28620,2018-01-19 03:00:00,32731.0,32724.587335094737
28621,2018-01-19 04:00:00,33016.0,32967.88498255818
28622,2018-01-19 05:00:00,33958.0,33934.258973665215
28623,2018-01-19 06:00:00,36087.0,36103.987484250385
28624,2018-01-19 07:00:00,39489.0,39483.95553347985
28625,2018-01-19 08:00:00,40942.0,40918.41236284902
28626,2018-01-19 09:00:00,39991.0,39963.94173170862
28627,2018-01-19 10:00:00,38326.0,38277.726530324544
28628,2018-01-19 11:00:00,36796.0,36828.50640256083
28629,2018-01-19 12:00:00,35409.0,35446.80493310538
28630,2018-01-19 13:00:00,34340.0,34326.56715399596
28631,2018-01-19 14:00:00,33618.0,33638.125847463714
28632,2018-01-19 15:00:00,33130.0,33086.49618910744
28633,2018-01-19 16:00:00,33146.0,33184.87337623217
28634,2018-01-19 17:00:00,34080.0,34120.678355011994
28635,2018-01-19 18:00:00,36415.0,36380.68417757025
28636,2018-01-19 19:00:00,37048.0,37076.060716301625
28637,2018-01-19 20:00:00,36695.0,36692.32454413137
28638,2018-01-19 21:00:00,36063.0,36081.10201457086
28639,2018-01-19 22:00:00,35004.0,35001.46874171744
28640,2018-01-19 23:00:00,33352.0,33309.86616464417
28641,2018-01-20 00:00:00,31755.0,31789.004116865188
28642,2018-01-18 01:00:00,35767.0,35725.57376415005
28643,2018-01-18 02:00:00,35391.0,35377.01520982577
28644,2018-01-18 03:00:00,35352.0,35400.59591676178
28645,2018-01-18 04:00:00,35752.0,35744.66841299938
28646,2018-01-18 05:00:00,36565.0,36597.02908674426
28647,2018-01-18 06:00:00,38726.0,38692.89237670303
28648,2018-01-18 07:00:00,42087.0,42120.006525244426
28649,2018-01-18 08:00:00,43679.0,43675.1214238429
28650,2018-01-18 09:00:00,42726.0,42726.993034047184
28651,2018-01-18 10:00:00,41061.0,41107.865457269836
28652,2018-01-18 11:00:00,39603.0,39641.61374649759
28653,2018-01-18 12:00:00,38375.0,38359.777177023636
28654,2018-01-18 13:00:00,37209.0,37253.94073519874
28655,2018-01-18 14:00:00,36476.0,36436.312127550096
28656,2018-01-18 15:00:00,35941.0,35893.61859858403
28657,2018-01-18 16:00:00,36098.0,36101.26385245471
28658,2018-01-18 17:00:00,37408.0,37434.98972506183
28659,2018-01-18 18:00:00,39950.0,39922.09400426176
28660,2018-01-18 19:00:00,40719.0,40677.02947555165
28661,2018-01-18 20:00:00,40486.0,40520.55083394089
28662,2018-01-18 21:00:00,39889.0,39937.631688299254
28663,2018-01-18 22:00:00,38552.0,38571.431614175504
28664,2018-01-18 23:00:00,36489.0,36536.52642310547
28665,2018-01-19 00:00:00,34651.0,34684.267637839745
28666,2018-01-17 01:00:00,30673.0,30648.185227460493
28667,2018-01-17 02:00:00,30038.0,29998.97815017318
28668,2018-01-17 03:00:00,29809.0,29839.89224428478
28669,2018-01-17 04:00:00,29997.0,30012.959845832076
28670,2018-01-17 05:00:00,31001.0,31032.2888802685
28671,2018-01-17 06:00:00,33156.0,33177.836867702965
28672,2018-01-17 07:00:00,36292.0,36292.515805162846
28673,2018-01-17 08:00:00,38367.0,38411.08247351727
28674,2018-01-17 09:00:00,39041.0,39066.35596125987
28675,2018-01-17 10:00:00,39466.0,39416.852397097005
28676,2018-01-17 11:00:00,39774.0,39794.425958831736
28677,2018-01-17 12:00:00,39834.0,39838.41414617398
28678,2018-01-17 13:00:00,39630.0,39593.82989648461
28679,2018-01-17 14:00:00,39457.0,39450.512694830206
28680,2018-01-17 15:00:00,39297.0,39299.41685333349
28681,2018-01-17 16:00:00,39514.0,39510.845443090686
28682,2018-01-17 17:00:00,40527.0,40520.43782613326
28683,2018-01-17 18:00:00,42926.0,42939.11833604449
28684,2018-01-17 19:00:00,43373.0,43388.859946026256
28685,2018-01-17 20:00:00,43004.0,43023.75264305546
28686,2018-01-17 21:00:00,42200.0,42226.14375996121
28687,2018-01-17 22:00:00,40717.0,40750.314944361504
28688,2018-01-17 23:00:00,38629.0,38636.41673654711
28689,2018-01-18 00:00:00,36813.0,36770.292876660635
28690,2018-01-16 01:00:00,32737.0,32723.476130270537
28691,2018-01-16 02:00:00,32110.0,32060.379114867243
28692,2018-01-16 03:00:00,31779.0,31788.520728897995
28693,2018-01-16 04:00:00,31885.0,31932.50556822147
28694,2018-01-16 05:00:00,32736.0,32768.70849327804
28695,2018-01-16 06:00:00,34782.0,34780.623370738635
28696,2018-01-16 07:00:00,38028.0,38048.81946070581
28697,2018-01-16 08:00:00,39711.0,39735.18781440478
28698,2018-01-16 09:00:00,39529.0,39538.48364152344
28699,2018-01-16 10:00:00,38906.0,38944.558324857004
28700,2018-01-16 11:00:00,37992.0,37974.184072115524
28701,2018-01-16 12:00:00,37006.0,37023.33833005527
28702,2018-01-16 13:00:00,36087.0,36043.464830365585
28703,2018-01-16 14:00:00,35621.0,35584.824973285955
28704,2018-01-16 15:00:00,35476.0,35519.84574490324
28705,2018-01-16 16:00:00,35734.0,35738.307334069665
28706,2018-01-16 17:00:00,36946.0,36971.43832948024
28707,2018-01-16 18:00:00,39275.0,39311.92875528953
28708,2018-01-16 19:00:00,39543.0,39586.41358641173
28709,2018-01-16 20:00:00,39073.0,39031.97520824345
28710,2018-01-16 21:00:00,38197.0,38217.182706562184
28711,2018-01-16 22:00:00,36476.0,36488.98444913901
28712,2018-01-16 23:00:00,34184.0,34194.01355856744
28713,2018-01-17 00:00:00,32107.0,32071.543002250433
28714,2018-01-15 01:00:00,35725.0,35752.31934484685
28715,2018-01-15 02:00:00,35288.0,35269.55804462972
28716,2018-01-15 03:00:00,35242.0,35214.220091683936
28717,2018-01-15 04:00:00,35464.0,35484.727201601054
28718,2018-01-15 05:00:00,36286.0,36257.53571492918
28719,2018-01-15 06:00:00,38086.0,38085.87337550033
28720,2018-01-15 07:00:00,40321.0,40302.75225964081
28721,2018-01-15 08:00:00,41806.0,41838.34777614806
28722,2018-01-15 09:00:00,42175.0,42220.4374680357
28723,2018-01-15 10:00:00,42039.0,42071.461979000494
28724,2018-01-15 11:00:00,41519.0,41508.688263665754
28725,2018-01-15 12:00:00,40997.0,40963.27900757475
28726,2018-01-15 13:00:00,40388.0,40407.83720486307
28727,2018-01-15 14:00:00,39833.0,39873.36964395369
28728,2018-01-15 15:00:00,39223.0,39213.14668467284
28729,2018-01-15 16:00:00,39197.0,39151.077336648916
28730,2018-01-15 17:00:00,40239.0,40201.43523402711
28731,2018-01-15 18:00:00,42219.0,42207.266366150805
28732,2018-01-15 19:00:00,42249.0,42248.92769869027
28733,2018-01-15 20:00:00,41567.0,41546.056450729484
28734,2018-01-15 21:00:00,40555.0,40553.74973068322
28735,2018-01-15 22:00:00,38773.0,38818.88003575661
28736,2018-01-15 23:00:00,36323.0,36280.70438424571
28737,2018-01-16 00:00:00,34227.0,34257.35095091174
28738,2018-01-14 01:00:00,34052.0,34047.53275029525
28739,2018-01-14 02:00:00,33677.0,33692.36919461329
28740,2018-01-14 03:00:00,33514.0,33560.93732378466
28741,2018-01-14 04:00:00,33779.0,33774.95557311628
28742,2018-01-14 05:00:00,34261.0,34220.60317356935
28743,2018-01-14 06:00:00,35154.0,35186.791234458295
28744,2018-01-14 07:00:00,36506.0,36482.471317448624
28745,2018-01-14 08:00:00,37509.0,37549.52123086134
28746,2018-01-14 09:00:00,38157.0,38115.193861300584
28747,2018-01-14 10:00:00,37769.0,37741.79845676146
28748,2018-01-14 11:00:00,37041.0,37087.806923627344
28749,2018-01-14 12:00:00,36218.0,36256.02592537514
28750,2018-01-14 13:00:00,35524.0,35495.88261652704
28751,2018-01-14 14:00:00,34919.0,34946.646506316945
28752,2018-01-14 15:00:00,34772.0,34730.62926557561
28753,2018-01-14 16:00:00,35327.0,35292.78544065564
28754,2018-01-14 17:00:00,37183.0,37151.22786019486
28755,2018-01-14 18:00:00,40314.0,40268.31850868989
28756,2018-01-14 19:00:00,41045.0,41043.45835204526
28757,2018-01-14 20:00:00,40864.0,40853.06492456516
28758,2018-01-14 21:00:00,40534.0,40542.95921550185
28759,2018-01-14 22:00:00,39634.0,39652.87201169083
28760,2018-01-14 23:00:00,38126.0,38135.53404283031
28761,2018-01-15 00:00:00,36672.0,36649.84712353442
28762,2018-01-13 01:00:00,24287.0,24245.263771736005
28763,2018-01-13 02:00:00,23486.0,23509.201902375225
28764,2018-01-13 03:00:00,23011.0,22991.911885642385
28765,2018-01-13 04:00:00,22909.0,22883.70559767126
28766,2018-01-13 05:00:00,23219.0,23238.050665634626
28767,2018-01-13 06:00:00,24194.0,24188.187642402077
28768,2018-01-13 07:00:00,25983.0,25953.452108942154
28769,2018-01-13 08:00:00,28120.0,28146.654621874146
28770,2018-01-13 09:00:00,30236.0,30266.637921560523
28771,2018-01-13 10:00:00,31832.0,31880.52869273445
28772,2018-01-13 11:00:00,32378.0,32374.798729881666
28773,2018-01-13 12:00:00,32213.0,32166.667221806016
28774,2018-01-13 13:00:00,31797.0,31798.72563800863
28775,2018-01-13 14:00:00,31539.0,31491.32551367597
28776,2018-01-13 15:00:00,31612.0,31656.75852597712
28777,2018-01-13 16:00:00,32436.0,32403.481291403932
28778,2018-01-13 17:00:00,34347.0,34389.53963645925
28779,2018-01-13 18:00:00,36839.0,36884.00202307341
28780,2018-01-13 19:00:00,37773.0,37800.54567287521
28781,2018-01-13 20:00:00,37651.0,37609.73071089941
28782,2018-01-13 21:00:00,37814.0,37819.836478355144
28783,2018-01-13 22:00:00,37173.0,37158.42637726258
28784,2018-01-13 23:00:00,36178.0,36210.02133648062
28785,2018-01-14 00:00:00,34999.0,34979.22144642251
28786,2018-01-12 01:00:00,25663.0,25658.12541863076
28787,2018-01-12 02:00:00,24661.0,24668.36914986677
28788,2018-01-12 03:00:00,24174.0,24127.532181300623
28789,2018-01-12 04:00:00,24094.0,24104.888095428727
28790,2018-01-12 05:00:00,24465.0,24449.42640692155
28791,2018-01-12 06:00:00,26088.0,26090.91772243909
28792,2018-01-12 07:00:00,29162.0,29124.48295843563
28793,2018-01-12 08:00:00,31037.0,31020.582088475956
28794,2018-01-12 09:00:00,31251.0,31259.17987237214
28795,2018-01-12 10:00:00,31396.0,31403.158000081745
28796,2018-01-12 11:00:00,31684.0,31649.796186144176
28797,2018-01-12 12:00:00,31657.0,31648.46970666279
28798,2018-01-12 13:00:00,31388.0,31389.950257985434
28799,2018-01-12 14:00:00,31114.0,31072.12250607076
28800,2018-01-12 15:00:00,30765.0,30774.937198464566
28801,2018-01-12 16:00:00,30563.0,30536.171925255963
28802,2018-01-12 17:00:00,31364.0,31406.02077367417
28803,2018-01-12 18:00:00,32599.0,32575.854387058076
28804,2018-01-12 19:00:00,32187.0,32215.73598512173
28805,2018-01-12 20:00:00,31384.0,31392.21603410676
28806,2018-01-12 21:00:00,30396.0,30414.53470111181
28807,2018-01-12 22:00:00,29162.0,29202.176204140564
28808,2018-01-12 23:00:00,27555.0,27589.781334943014
28809,2018-01-13 00:00:00,25757.0,25719.774508279876
28810,2018-01-11 01:00:00,29017.0,29060.374444166766
28811,2018-01-11 02:00:00,28187.0,28150.867403362397
28812,2018-01-11 03:00:00,27795.0,27776.638934140356
28813,2018-01-11 04:00:00,27793.0,27795.313341731362
28814,2018-01-11 05:00:00,28512.0,28555.33494982921
28815,2018-01-11 06:00:00,30470.0,30482.718589587672
28816,2018-01-11 07:00:00,33645.0,33682.49510950369
28817,2018-01-11 08:00:00,35235.0,35279.17209598132
28818,2018-01-11 09:00:00,34868.0,34892.848467128824
28819,2018-01-11 10:00:00,34204.0,34202.19070511842
28820,2018-01-11 11:00:00,33362.0,33350.801406395454
28821,2018-01-11 12:00:00,32728.0,32705.51687622815
28822,2018-01-11 13:00:00,31971.0,31971.65927228698
28823,2018-01-11 14:00:00,31512.0,31466.803624929213
28824,2018-01-11 15:00:00,31207.0,31179.814868492496
28825,2018-01-11 16:00:00,31242.0,31227.833106621503
28826,2018-01-11 17:00:00,32224.0,32259.338066432923
28827,2018-01-11 18:00:00,34429.0,34416.610572515005
28828,2018-01-11 19:00:00,34537.0,34510.95238897979
28829,2018-01-11 20:00:00,34045.0,34073.26924164934
28830,2018-01-11 21:00:00,33204.0,33248.315910315156
28831,2018-01-11 22:00:00,31601.0,31628.47840085042
28832,2018-01-11 23:00:00,29356.0,29318.57699127286
28833,2018-01-12 00:00:00,27256.0,27238.03303100618
28834,2018-01-10 01:00:00,31748.0,31758.289216387308
28835,2018-01-10 02:00:00,31277.0,31246.60154435068
28836,2018-01-10 03:00:00,31229.0,31242.65806961889
28837,2018-01-10 04:00:00,31481.0,31454.60277865874
28838,2018-01-10 05:00:00,32374.0,32378.271116286778
28839,2018-01-10 06:00:00,34680.0,34700.67613872105
28840,2018-01-10 07:00:00,38257.0,38285.68126821339
28841,2018-01-10 08:00:00,39887.0,39917.05586271811
28842,2018-01-10 09:00:00,39115.0,39142.47568927893
28843,2018-01-10 10:00:00,37469.0,37432.71015629967
28844,2018-01-10 11:00:00,36121.0,36169.932328634684
28845,2018-01-10 12:00:00,35186.0,35213.215274854316
28846,2018-01-10 13:00:00,34554.0,34514.41329694705
28847,2018-01-10 14:00:00,34346.0,34365.75671265925
28848,2018-01-10 15:00:00,34436.0,34433.000116020776
28849,2018-01-10 16:00:00,34871.0,34863.79652279628
28850,2018-01-10 17:00:00,36115.0,36132.661382577135
28851,2018-01-10 18:00:00,38266.0,38232.78958357876
28852,2018-01-10 19:00:00,38330.0,38379.94291821097
28853,2018-01-10 20:00:00,37819.0,37823.448475256584
28854,2018-01-10 21:00:00,36877.0,36886.46352307645
28855,2018-01-10 22:00:00,35196.0,35188.51934048758
28856,2018-01-10 23:00:00,32791.0,32801.5921206782
28857,2018-01-11 00:00:00,30501.0,30517.40121502773
28858,2018-01-09 01:00:00,32542.0,32526.549554147976
28859,2018-01-09 02:00:00,31723.0,31719.20847783262
28860,2018-01-09 03:00:00,31519.0,31494.559656766054
28861,2018-01-09 04:00:00,31773.0,31800.195206840286
28862,2018-01-09 05:00:00,32658.0,32681.737410181304
28863,2018-01-09 06:00:00,34755.0,34786.0933937318
28864,2018-01-09 07:00:00,37838.0,37858.28326440836
28865,2018-01-09 08:00:00,39453.0,39405.010163231236
28866,2018-01-09 09:00:00,39082.0,39051.11481647565
28867,2018-01-09 10:00:00,37433.0,37421.861289951914
28868,2018-01-09 11:00:00,36088.0,36061.418507882445
28869,2018-01-09 12:00:00,35048.0,35051.16985804873
28870,2018-01-09 13:00:00,34261.0,34300.811960536674
28871,2018-01-09 14:00:00,33700.0,33723.80519829
28872,2018-01-09 15:00:00,33336.0,33312.65468411973
28873,2018-01-09 16:00:00,33653.0,33642.75695047229
28874,2018-01-09 17:00:00,35024.0,34979.195223366616
28875,2018-01-09 18:00:00,37868.0,37818.62387809834
28876,2018-01-09 19:00:00,38506.0,38498.51341571217
28877,2018-01-09 20:00:00,38422.0,38444.793612736015
28878,2018-01-09 21:00:00,37926.0,37962.08082513802
28879,2018-01-09 22:00:00,36713.0,36706.14761469956
28880,2018-01-09 23:00:00,34699.0,34667.02541892983
28881,2018-01-10 00:00:00,32948.0,32924.13745700251
28882,2018-01-08 01:00:00,37750.0,37744.54771296944
28883,2018-01-08 02:00:00,36931.0,36945.95882571394
28884,2018-01-08 03:00:00,36735.0,36739.283115350394
28885,2018-01-08 04:00:00,36815.0,36849.061487704006
28886,2018-01-08 05:00:00,37520.0,37471.852116339185
28887,2018-01-08 06:00:00,39490.0,39539.21267966752
28888,2018-01-08 07:00:00,42657.0,42699.92062085352
28889,2018-01-08 08:00:00,44098.0,44062.96355532638
28890,2018-01-08 09:00:00,43482.0,43436.81672226078
28891,2018-01-08 10:00:00,42715.0,42726.765608640206
28892,2018-01-08 11:00:00,41781.0,41803.14038563476
28893,2018-01-08 12:00:00,41002.0,40999.52755915031
28894,2018-01-08 13:00:00,40429.0,40406.82654911014
28895,2018-01-08 14:00:00,40210.0,40223.91538348053
28896,2018-01-08 15:00:00,40200.0,40213.58366396693
28897,2018-01-08 16:00:00,40385.0,40349.83321991176
28898,2018-01-08 17:00:00,41525.0,41554.948617065274
28899,2018-01-08 18:00:00,43487.0,43511.95108520247
28900,2018-01-08 19:00:00,43078.0,43036.48261805134
28901,2018-01-08 20:00:00,42112.0,42108.246308030386
28902,2018-01-08 21:00:00,40797.0,40786.34107276867
28903,2018-01-08 22:00:00,38819.0,38815.247199937876
28904,2018-01-08 23:00:00,36287.0,36283.12932046118
28905,2018-01-09 00:00:00,34077.0,34079.40483920589
28906,2018-01-07 01:00:00,41612.0,41589.720415101576
28907,2018-01-07 02:00:00,40902.0,40898.96349288608
28908,2018-01-07 03:00:00,40664.0,40623.949460670214
28909,2018-01-07 04:00:00,40720.0,40687.66879804097
28910,2018-01-07 05:00:00,41035.0,40993.80321697224
28911,2018-01-07 06:00:00,41834.0,41802.61745953
28912,2018-01-07 07:00:00,42860.0,42810.43309254906
28913,2018-01-07 08:00:00,43844.0,43797.78307535619
28914,2018-01-07 09:00:00,44011.0,44040.6634465544
28915,2018-01-07 10:00:00,43108.0,43077.91273056692
28916,2018-01-07 11:00:00,42073.0,42074.99898585369
28917,2018-01-07 12:00:00,41093.0,41080.036950472015
28918,2018-01-07 13:00:00,40208.0,40190.902895244624
28919,2018-01-07 14:00:00,39512.0,39547.71012158033
28920,2018-01-07 15:00:00,39432.0,39430.6227711183
28921,2018-01-07 16:00:00,40224.0,40225.680510707716
28922,2018-01-07 17:00:00,42185.0,42180.91064268025
28923,2018-01-07 18:00:00,45080.0,45056.89381799622
28924,2018-01-07 19:00:00,45461.0,45479.32515320711
28925,2018-01-07 20:00:00,45034.0,44988.717956200606
28926,2018-01-07 21:00:00,44434.0,44412.147367113575
28927,2018-01-07 22:00:00,42933.0,42949.151624997954
28928,2018-01-07 23:00:00,40797.0,40750.34171510426
28929,2018-01-08 00:00:00,38911.0,38863.57077740853
28930,2018-01-06 01:00:00,41535.0,41522.2765150609
28931,2018-01-06 02:00:00,40834.0,40809.11784061483
28932,2018-01-06 03:00:00,40540.0,40560.09605460515
28933,2018-01-06 04:00:00,40534.0,40559.59429441465
28934,2018-01-06 05:00:00,40909.0,40862.62397158063
28935,2018-01-06 06:00:00,41765.0,41758.63942051922
28936,2018-01-06 07:00:00,43089.0,43133.32148585863
28937,2018-01-06 08:00:00,44231.0,44212.29628452266
28938,2018-01-06 09:00:00,44657.0,44626.695798693116
28939,2018-01-06 10:00:00,44457.0,44459.129785955476
28940,2018-01-06 11:00:00,43912.0,43907.091470363914
28941,2018-01-06 12:00:00,43298.0,43269.95100766399
28942,2018-01-06 13:00:00,42589.0,42561.6769414344
28943,2018-01-06 14:00:00,42103.0,42121.670682869095
28944,2018-01-06 15:00:00,41940.0,41922.2919945544
28945,2018-01-06 16:00:00,42542.0,42590.60281801093
28946,2018-01-06 17:00:00,44516.0,44494.97997209697
28947,2018-01-06 18:00:00,47372.0,47376.78893177142
28948,2018-01-06 19:00:00,47714.0,47671.31242310352
28949,2018-01-06 20:00:00,47287.0,47290.88245000688
28950,2018-01-06 21:00:00,46860.0,46856.06094238812
28951,2018-01-06 22:00:00,45795.0,45779.93473270833
28952,2018-01-06 23:00:00,44320.0,44312.962450204446
28953,2018-01-07 00:00:00,42777.0,42744.84666440601
28954,2018-01-05 01:00:00,39667.0,39699.02305292558
28955,2018-01-05 02:00:00,39270.0,39312.179218739155
28956,2018-01-05 03:00:00,39249.0,39282.74964088625
28957,2018-01-05 04:00:00,39548.0,39578.48708280624
28958,2018-01-05 05:00:00,40385.0,40389.8384205338
28959,2018-01-05 06:00:00,42160.0,42143.36478004019
28960,2018-01-05 07:00:00,44660.0,44627.19365553512
28961,2018-01-05 08:00:00,46307.0,46338.97459213805
28962,2018-01-05 09:00:00,46537.0,46491.34612005703
28963,2018-01-05 10:00:00,46010.0,45978.10127405009
28964,2018-01-05 11:00:00,45360.0,45350.173221977944
28965,2018-01-05 12:00:00,44687.0,44656.46224646941
28966,2018-01-05 13:00:00,44097.0,44105.29945097506
28967,2018-01-05 14:00:00,43615.0,43637.41681381044
28968,2018-01-05 15:00:00,43368.0,43408.909049577494
28969,2018-01-05 16:00:00,43930.0,43901.04431648913
28970,2018-01-05 17:00:00,45917.0,45894.961436223784
28971,2018-01-05 18:00:00,48945.0,48966.673120712345
28972,2018-01-05 19:00:00,49021.0,48992.70441910343
28973,2018-01-05 20:00:00,48445.0,48433.38218151871
28974,2018-01-05 21:00:00,47788.0,47813.34625460776
28975,2018-01-05 22:00:00,46496.0,46483.58411410605
28976,2018-01-05 23:00:00,44661.0,44625.63135277175
28977,2018-01-06 00:00:00,42779.0,42755.94592577705
28978,2018-01-04 01:00:00,34494.0,34452.0861027451
28979,2018-01-04 02:00:00,33875.0,33892.41691544038
28980,2018-01-04 03:00:00,33689.0,33643.58281035654
28981,2018-01-04 04:00:00,34014.0,34021.405485884934
28982,2018-01-04 05:00:00,34950.0,34995.005103571166
28983,2018-01-04 06:00:00,36900.0,36935.98735239627
28984,2018-01-04 07:00:00,39460.0,39417.29411037621
28985,2018-01-04 08:00:00,41243.0,41264.44830737622
28986,2018-01-04 09:00:00,42221.0,42240.00962472851
28987,2018-01-04 10:00:00,43053.0,43032.83866120393
28988,2018-01-04 11:00:00,43789.0,43749.932265812975
28989,2018-01-04 12:00:00,44047.0,44082.407343864994
28990,2018-01-04 13:00:00,43714.0,43719.43046266366
28991,2018-01-04 14:00:00,43595.0,43614.84121495234
28992,2018-01-04 15:00:00,43123.0,43118.78044382657
28993,2018-01-04 16:00:00,42912.0,42884.23578636809
28994,2018-01-04 17:00:00,43831.0,43807.03484268704
28995,2018-01-04 18:00:00,46456.0,46459.48265756401
28996,2018-01-04 19:00:00,46484.0,46457.454427579745
28997,2018-01-04 20:00:00,45896.0,45885.867563351705
28998,2018-01-04 21:00:00,45377.0,45334.440428531874
28999,2018-01-04 22:00:00,44092.0,44141.55048799093
29000,2018-01-04 23:00:00,42257.0,42268.668337660274
29001,2018-01-05 00:00:00,40624.0,40588.60566019868
29002,2018-01-03 01:00:00,38011.0,37974.01083245229
29003,2018-01-03 02:00:00,37534.0,37532.32847170044
29004,2018-01-03 03:00:00,37485.0,37437.47656970369
29005,2018-01-03 04:00:00,37864.0,37855.203722349055
29006,2018-01-03 05:00:00,38960.0,39004.491550977844
29007,2018-01-03 06:00:00,41303.0,41335.33597511101
29008,2018-01-03 07:00:00,44802.0,44844.9959138731
29009,2018-01-03 08:00:00,46432.0,46393.11131820724
29010,2018-01-03 09:00:00,45542.0,45529.081041091624
29011,2018-01-03 10:00:00,43472.0,43477.499749268805
29012,2018-01-03 11:00:00,41762.0,41784.02688370468
29013,2018-01-03 12:00:00,40644.0,40633.24552265879
29014,2018-01-03 13:00:00,39561.0,39542.89503889824
29015,2018-01-03 14:00:00,38709.0,38689.50646971255
29016,2018-01-03 15:00:00,38092.0,38120.94545168822
29017,2018-01-03 16:00:00,38594.0,38582.18211045657
29018,2018-01-03 17:00:00,40576.0,40527.631277605076
29019,2018-01-03 18:00:00,43373.0,43400.0215376395
29020,2018-01-03 19:00:00,43683.0,43649.13350403308
29021,2018-01-03 20:00:00,43308.0,43320.8211138672
29022,2018-01-03 21:00:00,42440.0,42392.94648745828
29023,2018-01-03 22:00:00,40661.0,40649.69856563354
29024,2018-01-03 23:00:00,38207.0,38202.59321222981
29025,2018-01-04 00:00:00,36088.0,36135.308266353335
29026,2018-01-02 01:00:00,37679.0,37637.81701466838
29027,2018-01-02 02:00:00,37160.0,37185.15161813561
29028,2018-01-02 03:00:00,37063.0,37109.47513632472
29029,2018-01-02 04:00:00,37401.0,37378.69092133993
29030,2018-01-02 05:00:00,38255.0,38227.56517047011
29031,2018-01-02 06:00:00,40408.0,40453.20685061754
29032,2018-01-02 07:00:00,43508.0,43506.955869057376
29033,2018-01-02 08:00:00,45012.0,45044.258841323106
29034,2018-01-02 09:00:00,44491.0,44520.46301690362
29035,2018-01-02 10:00:00,43736.0,43718.60019860295
29036,2018-01-02 11:00:00,42747.0,42715.74732398758
29037,2018-01-02 12:00:00,41745.0,41765.2889966346
29038,2018-01-02 13:00:00,40849.0,40849.13031315968
29039,2018-01-02 14:00:00,40240.0,40239.04993689118
29040,2018-01-02 15:00:00,39817.0,39821.62064398931
29041,2018-01-02 16:00:00,40291.0,40243.56524798729
29042,2018-01-02 17:00:00,42219.0,42169.506763883765
29043,2018-01-02 18:00:00,45537.0,45518.41170643137
29044,2018-01-02 19:00:00,46050.0,46032.368542847486
29045,2018-01-02 20:00:00,45787.0,45808.87314812772
29046,2018-01-02 21:00:00,45209.0,45191.56660607266
29047,2018-01-02 22:00:00,43663.0,43648.955296306805
29048,2018-01-02 23:00:00,41581.0,41585.95459041233
29049,2018-01-03 00:00:00,39451.0,39460.16089639016
29050,2018-01-01 01:00:00,38925.0,38908.32922166503
29051,2018-01-01 02:00:00,38298.0,38303.810531103765
29052,2018-01-01 03:00:00,37808.0,37819.78187893101
29053,2018-01-01 04:00:00,37742.0,37718.12447710873
29054,2018-01-01 05:00:00,38049.0,38022.57455999937
29055,2018-01-01 06:00:00,38821.0,38860.043417311885
29056,2018-01-01 07:00:00,39762.0,39776.745000953684
29057,2018-01-01 08:00:00,40154.0,40135.10731788484
29058,2018-01-01 09:00:00,40309.0,40314.07684916267
29059,2018-01-01 10:00:00,39884.0,39904.74068256126
29060,2018-01-01 11:00:00,39544.0,39496.262925101066
29061,2018-01-01 12:00:00,39270.0,39311.98324562934
29062,2018-01-01 13:00:00,38987.0,39008.72308181586
29063,2018-01-01 14:00:00,38726.0,38715.2254138728
29064,2018-01-01 15:00:00,38737.0,38780.22627449536
29065,2018-01-01 16:00:00,39337.0,39292.584776632095
29066,2018-01-01 17:00:00,41213.0,41238.41816069559
29067,2018-01-01 18:00:00,44147.0,44149.628773600314
29068,2018-01-01 19:00:00,44343.0,44359.4789480387
29069,2018-01-01 20:00:00,44284.0,44281.13906843941
29070,2018-01-01 21:00:00,43751.0,43715.723076620045
29071,2018-01-01 22:00:00,42402.0,42378.07927802294
29072,2018-01-01 23:00:00,40164.0,40160.30436189199
29073,2018-01-02 00:00:00,38608.0,38649.88402637744
